[{"propertyCode": "93169921", "thumbnail": "https://img3.idealista.com/blur/WEB_LISTING/0/id.pro.es.image.master/b7/29/7c/856054786.jpg", "externalReference": "V7347", "numPhotos": 94, "price": 980000.0, "propertyType": "chalet", "operation": "sale", "size": 452.0, "exterior": false, "rooms": 5, "bathrooms": 4, "address": "La Floresta - Les Planes", "province": "Barcelona", "municipality": "Sant Cugat del Vall\u00e8s", "district": "La Floresta - Les Planes", "country": "es", "latitude": 41.44627, "longitude": 2.07569, "showAddress": false, "url": "https://www.idealista.com/inmueble/93169921/", "distance": "1144", "hasVideo": true, "status": "good", "newDevelopment": false, "parkingSpace": {"hasParkingSpace": true, "isParkingSpaceIncludedInPrice": true}, "priceByArea": 2168.0, "detailedType": {"typology": "chalet", "subTypology": "independantHouse"}, "suggestedTexts": {"subtitle": "La Floresta - Les Planes, Sant Cugat del Vall\u00e8s", "title": "Casa independiente"}, "hasPlan": true, "has3DTour": true, "has360": false, "hasStaging": false, "topNewDevelopment": false}, {"propertyCode": "91552084", "thumbnail": "https://img3.idealista.com/blur/WEB_LISTING/0/id.pro.es.image.master/db/f8/39/817336784.jpg", "externalReference": "v7260", "numPhotos": 41, "floor": "3", "price": 429000.0, "propertyType": "flat", "operation": "sale", "size": 97.0, "exterior": true, "rooms": 3, "bathrooms": 2, "address": "josep puig i cadafalch", "province": "Barcelona", "municipality": "Sant Cugat del Vall\u00e8s", "district": "Torreblanca", "country": "es", "latitude": 41.4728802, "longitude": 2.0913423, "showAddress": false, "url": "https://www.idealista.com/inmueble/91552084/", "distance": "2114", "hasVideo": true, "status": "good", "newDevelopment": false, "hasLift": true, "parkingSpace": {"hasParkingSpace": true, "isParkingSpaceIncludedInPrice": true}, "priceByArea": 4423.0, "detailedType": {"typology": "flat"}, "suggestedTexts": {"subtitle": "Torreblanca, Sant Cugat del Vall\u00e8s", "title": "Piso en josep puig i cadafalch"}, "hasPlan": true, "has3DTour": true, "has360": false, "hasStaging": false, "topNewDevelopment": false}, {"propertyCode": "93064705", "thumbnail": "https://img3.idealista.com/blur/WEB_LISTING/0/id.pro.es.image.master/99/56/37/853647155.jpg", "externalReference": "v7344", "numPhotos": 54, "floor": "1", "price": 545000.0, "propertyType": "flat", "operation": "sale", "size": 129.0, "exterior": true, "rooms": 4, "bathrooms": 2, "address": "Sant Dom\u00e8nec", "province": "Barcelona", "municipality": "Sant Cugat del Vall\u00e8s", "district": "Sant Dom\u00e8nec", "country": "es", "latitude": 41.4778391, "longitude": 2.0764996, "showAddress": false, "url": "https://www.idealista.com/inmueble/93064705/", "distance": "2408", "hasVideo": true, "status": "good", "newDevelopment": false, "hasLift": true, "priceByArea": 4225.0, "detailedType": {"typology": "flat"}, "suggestedTexts": {"subtitle": "Sant Dom\u00e8nec, Sant Cugat del Vall\u00e8s", "title": "Piso"}, "hasPlan": true, "has3DTour": true, "has360": false, "hasStaging": false, "topNewDevelopment": false}, {"propertyCode": "91726397", "thumbnail": "https://img3.idealista.com/blur/WEB_LISTING/0/id.pro.es.image.master/de/aa/3f/821835186.jpg", "externalReference": "v7274", "numPhotos": 33, "floor": "bj", "price": 365000.0, "propertyType": "flat", "operation": "sale", "size": 74.0, "exterior": true, "rooms": 2, "bathrooms": 1, "address": "Can Matas", "province": "Barcelona", "municipality": "Sant Cugat del Vall\u00e8s", "district": "Can Matas", "country": "es", "latitude": 41.4727231, "longitude": 2.0641898, "showAddress": false, "url": "https://www.idealista.com/inmueble/91726397/", "distance": "2207", "hasVideo": true, "status": "good", "newDevelopment": false, "hasLift": true, "parkingSpace": {"hasParkingSpace": true, "isParkingSpaceIncludedInPrice": true}, "priceByArea": 4932.0, "detailedType": {"typology": "flat"}, "suggestedTexts": {"subtitle": "Can Matas, Sant Cugat del Vall\u00e8s", "title": "Piso"}, "hasPlan": true, "has3DTour": true, "has360": false, "hasStaging": false, "topNewDevelopment": false}, {"propertyCode": "39650907", "thumbnail": "https://img3.idealista.com/blur/WEB_LISTING/0/id.pro.es.image.master/e9/98/93/849541815.jpg", "externalReference": "01283", "numPhotos": 35, "floor": "2", "price": 650000.0, "propertyType": "duplex", "operation": "sale", "size": 163.0, "exterior": true, "rooms": 4, "bathrooms": 2, "address": "Calle de V\u00edctor Catal\u00e0", "province": "Barcelona", "municipality": "Sant Cugat del Vall\u00e8s", "district": "Sant Dom\u00e8nec", "country": "es", "latitude": 41.4782839, "longitude": 2.0706207, "showAddress": false, "url": "https://www.idealista.com/inmueble/39650907/", "distance": "2546", "hasVideo": true, "status": "good", "newDevelopment": false, "hasLift": true, "parkingSpace": {"hasParkingSpace": true, "isParkingSpaceIncludedInPrice": true}, "priceByArea": 3988.0, "detailedType": {"typology": "flat", "subTypology": "duplex"}, "suggestedTexts": {"subtitle": "Sant Dom\u00e8nec, Sant Cugat del Vall\u00e8s", "title": "D\u00faplex en Calle de V\u00edctor Catal\u00e0"}, "hasPlan": true, "has3DTour": true, "has360": true, "hasStaging": false, "topNewDevelopment": false}, {"propertyCode": "92877956", "thumbnail": "https://img3.idealista.com/blur/WEB_LISTING/0/id.pro.es.image.master/f9/dc/e9/851129446.jpg", "numPhotos": 42, "floor": "3", "price": 650000.0, "propertyType": "flat", "operation": "sale", "size": 154.0, "exterior": true, "rooms": 4, "bathrooms": 3, "address": "PAU CASALS", "province": "Barcelona", "municipality": "Sant Cugat del Vall\u00e8s", "district": "Torreblanca", "country": "es", "latitude": 41.4718769, "longitude": 2.0943056, "showAddress": false, "url": "https://www.idealista.com/inmueble/92877956/", "distance": "2153", "hasVideo": true, "status": "good", "newDevelopment": false, "hasLift": true, "parkingSpace": {"hasParkingSpace": true, "isParkingSpaceIncludedInPrice": true}, "priceByArea": 4221.0, "detailedType": {"typology": "flat"}, "suggestedTexts": {"subtitle": "Torreblanca, Sant Cugat del Vall\u00e8s", "title": "Piso en PAU CASALS"}, "hasPlan": true, "has3DTour": false, "has360": true, "hasStaging": false, "topNewDevelopment": false}, {"propertyCode": "90420675", "thumbnail": "https://img3.idealista.com/blur/WEB_LISTING/0/id.pro.es.image.master/c3/0d/e9/832529703.jpg", "externalReference": "W-02J79L", "numPhotos": 61, "floor": "bj", "price": 1180000.0, "propertyType": "chalet", "operation": "sale", "size": 300.0, "exterior": false, "rooms": 5, "bathrooms": 5, "address": "Eixample", "province": "Barcelona", "municipality": "Sant Cugat del Vall\u00e8s", "district": "Eixample", "country": "es", "latitude": 41.4689446, "longitude": 2.0843837, "showAddress": false, "url": "https://www.idealista.com/inmueble/90420675/", "distance": "1479", "hasVideo": false, "status": "good", "newDevelopment": false, "parkingSpace": {"hasParkingSpace": true, "isParkingSpaceIncludedInPrice": true}, "priceByArea": 3933.0, "detailedType": {"typology": "chalet", "subTypology": "semidetachedHouse"}, "suggestedTexts": {"subtitle": "Eixample, Sant Cugat del Vall\u00e8s", "title": "Chalet pareado"}, "hasPlan": true, "has3DTour": false, "has360": true, "hasStaging": false, "topNewDevelopment": false}, {"propertyCode": "91700700", "thumbnail": "https://img3.idealista.com/blur/WEB_LISTING/0/id.pro.es.image.master/2e/c5/ae/821146570.jpg", "externalReference": "VSC2010012-1", "numPhotos": 47, "price": 1090000.0, "propertyType": "chalet", "operation": "sale", "size": 320.0, "exterior": false, "rooms": 4, "bathrooms": 3, "address": "Calle de Verdi", "province": "Barcelona", "municipality": "Sant Cugat del Vall\u00e8s", "district": "Eixample", "country": "es", "latitude": 41.466069, "longitude": 2.0823066, "showAddress": false, "url": "https://www.idealista.com/inmueble/91700700/", "distance": "1124", "hasVideo": true, "status": "good", "newDevelopment": false, "parkingSpace": {"hasParkingSpace": true, "isParkingSpaceIncludedInPrice": true}, "priceByArea": 3406.0, "detailedType": {"typology": "chalet"}, "suggestedTexts": {"subtitle": "Eixample, Sant Cugat del Vall\u00e8s", "title": "Chalet en Calle de Verdi"}, "hasPlan": true, "has3DTour": false, "has360": true, "hasStaging": false, "topNewDevelopment": false}, {"propertyCode": "88280007", "thumbnail": "https://img3.idealista.com/blur/WEB_LISTING/0/id.pro.es.image.master/a2/6a/b1/769213857.jpg", "externalReference": "GVVPSCB02D", "numPhotos": 33, "floor": "3", "price": 755000.0, "propertyType": "flat", "operation": "sale", "size": 117.0, "exterior": true, "rooms": 3, "bathrooms": 2, "address": "Calle de Valldoreix", "province": "Barcelona", "municipality": "Sant Cugat del Vall\u00e8s", "district": "Centre - Estaci\u00f3", "country": "es", "latitude": 41.469282, "longitude": 2.0812232, "showAddress": false, "url": "https://www.idealista.com/inmueble/88280007/", "distance": "1459", "hasVideo": true, "status": "good", "newDevelopment": false, "hasLift": true, "parkingSpace": {"hasParkingSpace": true, "isParkingSpaceIncludedInPrice": true}, "priceByArea": 6453.0, "detailedType": {"typology": "flat"}, "suggestedTexts": {"subtitle": "Centre - Estaci\u00f3, Sant Cugat del Vall\u00e8s", "title": "Piso en Calle de Valldoreix"}, "hasPlan": true, "has3DTour": false, "has360": true, "hasStaging": false, "topNewDevelopment": false}, {"propertyCode": "92189153", "thumbnail": "https://img3.idealista.com/blur/WEB_LISTING/0/id.pro.es.image.master/e9/c6/73/848884355.jpg", "externalReference": "00164", "numPhotos": 34, "floor": "2", "price": 609900.0, "propertyType": "flat", "operation": "sale", "size": 147.0, "exterior": true, "rooms": 4, "bathrooms": 2, "address": "Parc Central - Colomer", "province": "Barcelona", "municipality": "Sant Cugat del Vall\u00e8s", "district": "Parc Central - Colomer", "country": "es", "latitude": 41.4770696, "longitude": 2.0723863, "showAddress": false, "url": "https://www.idealista.com/inmueble/92189153/", "distance": "2378", "hasVideo": false, "status": "good", "newDevelopment": false, "hasLift": true, "parkingSpace": {"hasParkingSpace": true, "isParkingSpaceIncludedInPrice": true}, "priceByArea": 4149.0, "detailedType": {"typology": "flat"}, "suggestedTexts": {"subtitle": "Parc Central - Colomer, Sant Cugat del Vall\u00e8s", "title": "Piso"}, "hasPlan": true, "has3DTour": false, "has360": true, "hasStaging": false, "topNewDevelopment": false}, {"propertyCode": "85122263", "thumbnail": "https://img3.idealista.com/blur/WEB_LISTING/0/id.pro.es.image.master/78/66/9c/755940168.jpg", "externalReference": "W-02FD4V", "numPhotos": 31, "price": 570000.0, "propertyType": "chalet", "operation": "sale", "size": 265.0, "exterior": false, "rooms": 3, "bathrooms": 3, "address": "La Floresta - Les Planes", "province": "Barcelona", "municipality": "Sant Cugat del Vall\u00e8s", "district": "La Floresta - Les Planes", "country": "es", "latitude": 41.4392438, "longitude": 2.0845078, "showAddress": false, "url": "https://www.idealista.com/inmueble/85122263/", "distance": "1946", "hasVideo": false, "status": "good", "newDevelopment": false, "parkingSpace": {"hasParkingSpace": true, "isParkingSpaceIncludedInPrice": true}, "priceByArea": 2151.0, "detailedType": {"typology": "chalet", "subTypology": "independantHouse"}, "suggestedTexts": {"subtitle": "La Floresta - Les Planes, Sant Cugat del Vall\u00e8s", "title": "Casa independiente"}, "hasPlan": false, "has3DTour": false, "has360": true, "hasStaging": false, "topNewDevelopment": false}, {"propertyCode": "91671800", "thumbnail": "https://img3.idealista.com/blur/WEB_LISTING/0/id.pro.es.image.master/20/69/16/820920177.jpg", "externalReference": "V7271", "numPhotos": 46, "floor": "2", "price": 395000.0, "propertyType": "flat", "operation": "sale", "size": 81.0, "exterior": true, "rooms": 2, "bathrooms": 2, "address": "josep tarradellas", "province": "Barcelona", "municipality": "Sant Cugat del Vall\u00e8s", "district": "Can Matas", "country": "es", "latitude": 41.47064, "longitude": 2.0536886, "showAddress": false, "url": "https://www.idealista.com/inmueble/91671800/", "distance": "2647", "hasVideo": true, "status": "good", "newDevelopment": false, "hasLift": true, "parkingSpace": {"hasParkingSpace": true, "isParkingSpaceIncludedInPrice": true}, "priceByArea": 4877.0, "detailedType": {"typology": "flat"}, "suggestedTexts": {"subtitle": "Can Matas, Sant Cugat del Vall\u00e8s", "title": "Piso en josep tarradellas"}, "hasPlan": true, "has3DTour": true, "has360": false, "hasStaging": false, "topNewDevelopment": false}, {"propertyCode": "93132445", "thumbnail": "https://img3.idealista.com/blur/WEB_LISTING/0/id.pro.es.image.master/e8/69/7e/855252178.jpg", "externalReference": "01916", "numPhotos": 8, "floor": "2", "price": 495000.0, "propertyType": "duplex", "operation": "sale", "size": 106.0, "exterior": true, "rooms": 3, "bathrooms": 2, "address": "Orient", "province": "Barcelona", "municipality": "Sant Cugat del Vall\u00e8s", "district": "Sant Francesc-El Coll", "country": "es", "latitude": 41.4741414, "longitude": 2.0922571, "showAddress": false, "url": "https://www.idealista.com/inmueble/93132445/", "distance": "2274", "hasVideo": false, "status": "good", "newDevelopment": false, "hasLift": true, "priceByArea": 4670.0, "detailedType": {"typology": "flat", "subTypology": "duplex"}, "suggestedTexts": {"subtitle": "Sant Francesc-El Coll, Sant Cugat del Vall\u00e8s", "title": "D\u00faplex en Orient"}, "hasPlan": true, "has3DTour": false, "has360": false, "hasStaging": false, "topNewDevelopment": false}, {"propertyCode": "91220993", "thumbnail": "https://img3.idealista.com/blur/WEB_LISTING/0/id.pro.es.image.master/c6/fc/c8/809466560.jpg", "externalReference": "V7249", "numPhotos": 53, "floor": "2", "price": 495000.0, "propertyType": "duplex", "operation": "sale", "size": 110.0, "exterior": true, "rooms": 3, "bathrooms": 2, "address": "Parc Central - Colomer", "province": "Barcelona", "municipality": "Sant Cugat del Vall\u00e8s", "district": "Parc Central - Colomer", "country": "es", "latitude": 41.4743801, "longitude": 2.0697122, "showAddress": false, "url": "https://www.idealista.com/inmueble/91220993/", "distance": "2158", "hasVideo": true, "status": "good", "newDevelopment": false, "hasLift": true, "parkingSpace": {"hasParkingSpace": true, "isParkingSpaceIncludedInPrice": true}, "priceByArea": 4500.0, "detailedType": {"typology": "flat", "subTypology": "duplex"}, "suggestedTexts": {"subtitle": "Parc Central - Colomer, Sant Cugat del Vall\u00e8s", "title": "D\u00faplex"}, "hasPlan": true, "has3DTour": true, "has360": false, "hasStaging": false, "topNewDevelopment": false}, {"propertyCode": "92813886", "thumbnail": "https://img3.idealista.com/blur/WEB_LISTING/0/id.pro.es.image.master/c8/d2/25/848755666.jpg", "externalReference": "v7338", "numPhotos": 55, "price": 449000.0, "propertyType": "chalet", "operation": "sale", "size": 125.0, "exterior": false, "rooms": 3, "bathrooms": 2, "address": "La Floresta - Les Planes", "province": "Barcelona", "municipality": "Sant Cugat del Vall\u00e8s", "district": "La Floresta - Les Planes", "country": "es", "latitude": 41.44726, "longitude": 2.07853, "showAddress": false, "url": "https://www.idealista.com/inmueble/92813886/", "distance": "1001", "hasVideo": true, "status": "good", "newDevelopment": false, "parkingSpace": {"hasParkingSpace": true, "isParkingSpaceIncludedInPrice": true}, "priceByArea": 3592.0, "detailedType": {"typology": "chalet", "subTypology": "semidetachedHouse"}, "suggestedTexts": {"subtitle": "La Floresta - Les Planes, Sant Cugat del Vall\u00e8s", "title": "Chalet pareado"}, "hasPlan": true, "has3DTour": true, "has360": false, "hasStaging": false, "topNewDevelopment": false}, {"propertyCode": "93182566", "thumbnail": "https://img3.idealista.com/blur/WEB_LISTING/0/id.pro.es.image.master/99/cb/cb/856373357.jpg", "externalReference": "v7348", "numPhotos": 60, "price": 698000.0, "propertyType": "chalet", "operation": "sale", "size": 126.0, "exterior": false, "rooms": 3, "bathrooms": 2, "address": "Golf", "province": "Barcelona", "municipality": "Sant Cugat del Vall\u00e8s", "district": "Golf", "country": "es", "latitude": 41.4538018, "longitude": 2.0850001, "showAddress": false, "url": "https://www.idealista.com/inmueble/93182566/", "distance": "569", "hasVideo": true, "status": "good", "newDevelopment": false, "parkingSpace": {"hasParkingSpace": true, "isParkingSpaceIncludedInPrice": true}, "priceByArea": 5540.0, "detailedType": {"typology": "chalet", "subTypology": "independantHouse"}, "suggestedTexts": {"subtitle": "Golf, Sant Cugat del Vall\u00e8s", "title": "Casa independiente"}, "hasPlan": false, "has3DTour": true, "has360": false, "hasStaging": false, "topNewDevelopment": false}, {"propertyCode": "93180929", "thumbnail": "https://img3.idealista.com/blur/WEB_LISTING/0/id.pro.es.image.master/dd/2d/2a/856331344.jpg", "externalReference": "10706", "numPhotos": 46, "price": 820000.0, "propertyType": "chalet", "operation": "sale", "size": 224.0, "exterior": false, "rooms": 4, "bathrooms": 3, "address": "Arxius", "province": "Barcelona", "municipality": "Sant Cugat del Vall\u00e8s", "district": "Arxius", "country": "es", "latitude": 41.4686859, "longitude": 2.0742353, "showAddress": false, "url": "https://www.idealista.com/inmueble/93180929/", "distance": "1437", "hasVideo": false, "status": "good", "newDevelopment": false, "parkingSpace": {"hasParkingSpace": true, "isParkingSpaceIncludedInPrice": true}, "priceByArea": 3661.0, "detailedType": {"typology": "chalet", "subTypology": "terracedHouse"}, "suggestedTexts": {"subtitle": "Arxius, Sant Cugat del Vall\u00e8s", "title": "Chalet adosado"}, "hasPlan": true, "has3DTour": true, "has360": false, "hasStaging": false, "topNewDevelopment": false}, {"propertyCode": "92718679", "thumbnail": "https://img3.idealista.com/blur/WEB_LISTING/0/id.pro.es.image.master/6e/a8/f2/849908642.jpg", "externalReference": "9536", "numPhotos": 33, "price": 725000.0, "propertyType": "chalet", "operation": "sale", "size": 215.0, "exterior": false, "rooms": 5, "bathrooms": 3, "address": "Avenida de Madrid", "province": "Barcelona", "municipality": "Sant Cugat del Vall\u00e8s", "district": "Mirasol", "country": "es", "latitude": 41.4672928, "longitude": 2.0490107, "showAddress": false, "url": "https://www.idealista.com/inmueble/92718679/", "distance": "2784", "hasVideo": true, "status": "good", "newDevelopment": false, "parkingSpace": {"hasParkingSpace": true, "isParkingSpaceIncludedInPrice": true}, "priceByArea": 3372.0, "detailedType": {"typology": "chalet"}, "suggestedTexts": {"subtitle": "Mirasol, Sant Cugat del Vall\u00e8s", "title": "Chalet en Avenida de Madrid"}, "hasPlan": true, "has3DTour": false, "has360": false, "hasStaging": false, "topNewDevelopment": false}, {"propertyCode": "92361502", "thumbnail": "https://img3.idealista.com/blur/WEB_LISTING/0/id.pro.es.image.master/81/ff/07/837925148.jpg", "externalReference": "v7301", "numPhotos": 31, "price": 660000.0, "propertyType": "chalet", "operation": "sale", "size": 171.0, "exterior": false, "rooms": 4, "bathrooms": 3, "address": "pompeu fabra", "province": "Barcelona", "municipality": "Sant Cugat del Vall\u00e8s", "district": "Mirasol", "country": "es", "latitude": 41.4701307, "longitude": 2.0503444, "showAddress": false, "url": "https://www.idealista.com/inmueble/92361502/", "distance": "2842", "hasVideo": true, "status": "good", "newDevelopment": false, "priceByArea": 3860.0, "detailedType": {"typology": "chalet", "subTypology": "terracedHouse"}, "suggestedTexts": {"subtitle": "Mirasol, Sant Cugat del Vall\u00e8s", "title": "Chalet adosado en pompeu fabra"}, "hasPlan": false, "has3DTour": false, "has360": false, "hasStaging": false, "topNewDevelopment": false}, {"propertyCode": "89401651", "thumbnail": "https://img3.idealista.com/blur/WEB_LISTING/0/id.pro.es.image.master/ef/8a/61/826104373.jpg", "externalReference": "v7157", "numPhotos": 34, "floor": "2", "price": 895000.0, "propertyType": "flat", "operation": "sale", "size": 160.0, "exterior": true, "rooms": 4, "bathrooms": 3, "address": "Arxius", "province": "Barcelona", "municipality": "Sant Cugat del Vall\u00e8s", "district": "Arxius", "country": "es", "latitude": 41.468377, "longitude": 2.0741096, "showAddress": false, "url": "https://www.idealista.com/inmueble/89401651/", "distance": "1407", "hasVideo": true, "status": "good", "newDevelopment": false, "hasLift": true, "parkingSpace": {"hasParkingSpace": true, "isParkingSpaceIncludedInPrice": true}, "priceByArea": 5594.0, "detailedType": {"typology": "flat"}, "suggestedTexts": {"subtitle": "Arxius, Sant Cugat del Vall\u00e8s", "title": "Piso"}, "hasPlan": true, "has3DTour": false, "has360": false, "hasStaging": false, "topNewDevelopment": false}, {"propertyCode": "91451364", "thumbnail": "https://img3.idealista.com/blur/WEB_LISTING/0/id.pro.es.image.master/a9/4d/8b/814921032.jpg", "externalReference": "RT23", "numPhotos": 28, "floor": "2", "price": 530000.0, "propertyType": "penthouse", "operation": "sale", "size": 166.0, "exterior": true, "rooms": 3, "bathrooms": 2, "address": "Crist\u00f2for Colom", "province": "Barcelona", "municipality": "Sant Cugat del Vall\u00e8s", "district": "Centre - Estaci\u00f3", "country": "es", "latitude": 41.4728741, "longitude": 2.0787685, "showAddress": false, "url": "https://www.idealista.com/inmueble/91451364/", "distance": "1847", "hasVideo": false, "status": "good", "newDevelopment": false, "hasLift": true, "parkingSpace": {"hasParkingSpace": true, "isParkingSpaceIncludedInPrice": false, "parkingSpacePrice": 16000.0}, "priceByArea": 3193.0, "detailedType": {"typology": "flat", "subTypology": "penthouse"}, "suggestedTexts": {"subtitle": "Centre - Estaci\u00f3, Sant Cugat del Vall\u00e8s", "title": "\u00c1tico en Crist\u00f2for Colom"}, "hasPlan": true, "has3DTour": false, "has360": false, "hasStaging": false, "topNewDevelopment": false}, {"propertyCode": "91441240", "thumbnail": "https://img3.idealista.com/blur/WEB_LISTING/0/id.pro.es.image.master/78/75/fc/814658425.jpg", "externalReference": "W-02K28K", "numPhotos": 32, "floor": "2", "price": 265000.0, "propertyType": "flat", "operation": "sale", "size": 60.0, "exterior": false, "rooms": 2, "bathrooms": 1, "address": "Sant Dom\u00e8nec", "province": "Barcelona", "municipality": "Sant Cugat del Vall\u00e8s", "district": "Sant Dom\u00e8nec", "country": "es", "latitude": 41.4758912, "longitude": 2.0783078, "showAddress": false, "url": "https://www.idealista.com/inmueble/91441240/", "distance": "2183", "hasVideo": false, "status": "good", "newDevelopment": false, "hasLift": false, "parkingSpace": {"hasParkingSpace": true, "isParkingSpaceIncludedInPrice": true}, "priceByArea": 4417.0, "detailedType": {"typology": "flat"}, "suggestedTexts": {"subtitle": "Sant Dom\u00e8nec, Sant Cugat del Vall\u00e8s", "title": "Piso"}, "hasPlan": true, "has3DTour": false, "has360": false, "hasStaging": false, "topNewDevelopment": false}, {"propertyCode": "90210373", "thumbnail": "https://img3.idealista.com/blur/WEB_LISTING/0/id.pro.es.image.master/56/95/5f/785506695.jpg", "externalReference": "W-02JA7L", "numPhotos": 28, "floor": "2", "price": 290000.0, "propertyType": "flat", "operation": "sale", "size": 74.0, "exterior": false, "rooms": 3, "bathrooms": 1, "address": "Sant Dom\u00e8nec", "province": "Barcelona", "municipality": "Sant Cugat del Vall\u00e8s", "district": "Sant Dom\u00e8nec", "country": "es", "latitude": 41.4740548, "longitude": 2.08124, "showAddress": false, "url": "https://www.idealista.com/inmueble/90210373/", "distance": "1987", "hasVideo": false, "status": "good", "newDevelopment": false, "hasLift": true, "priceByArea": 3919.0, "detailedType": {"typology": "flat"}, "suggestedTexts": {"subtitle": "Sant Dom\u00e8nec, Sant Cugat del Vall\u00e8s", "title": "Piso"}, "hasPlan": true, "has3DTour": false, "has360": false, "hasStaging": false, "topNewDevelopment": false}, {"propertyCode": "89153757", "thumbnail": "https://img3.idealista.com/blur/WEB_LISTING/0/id.pro.es.image.master/00/c3/55/764768894.jpg", "externalReference": "W-02AKT9", "numPhotos": 32, "price": 390000.0, "propertyType": "chalet", "operation": "sale", "size": 122.0, "exterior": false, "rooms": 2, "bathrooms": 1, "address": "Valldoreix", "province": "Barcelona", "municipality": "Sant Cugat del Vall\u00e8s", "district": "Valldoreix", "country": "es", "latitude": 41.4543411, "longitude": 2.0627937, "showAddress": false, "url": "https://www.idealista.com/inmueble/89153757/", "distance": "1367", "hasVideo": false, "status": "renew", "newDevelopment": false, "priceByArea": 3197.0, "detailedType": {"typology": "chalet", "subTypology": "independantHouse"}, "suggestedTexts": {"subtitle": "Valldoreix, Sant Cugat del Vall\u00e8s", "title": "Casa independiente"}, "hasPlan": true, "has3DTour": false, "has360": false, "hasStaging": false, "topNewDevelopment": false}, {"propertyCode": "88028329", "thumbnail": "https://img3.idealista.com/blur/WEB_LISTING/0/id.pro.es.image.master/a8/3a/1f/736805906.jpg", "externalReference": "v7046", "numPhotos": 19, "price": 599000.0, "propertyType": "chalet", "operation": "sale", "size": 275.0, "exterior": false, "rooms": 4, "bathrooms": 3, "address": "La Floresta - Les Planes", "province": "Barcelona", "municipality": "Sant Cugat del Vall\u00e8s", "district": "La Floresta - Les Planes", "country": "es", "latitude": 41.44042, "longitude": 2.08671, "showAddress": false, "url": "https://www.idealista.com/inmueble/88028329/", "distance": "1874", "hasVideo": true, "status": "good", "newDevelopment": false, "parkingSpace": {"hasParkingSpace": true, "isParkingSpaceIncludedInPrice": true}, "priceByArea": 2178.0, "detailedType": {"typology": "chalet", "subTypology": "independantHouse"}, "suggestedTexts": {"subtitle": "La Floresta - Les Planes, Sant Cugat del Vall\u00e8s", "title": "Casa independiente"}, "hasPlan": true, "has3DTour": false, "has360": false, "hasStaging": false, "topNewDevelopment": false}, {"propertyCode": "92248016", "thumbnail": "https://img3.idealista.com/blur/WEB_LISTING/0/id.pro.es.image.master/32/96/fa/834708151.jpg", "externalReference": "VSC2012006", "numPhotos": 41, "price": 2800000.0, "propertyType": "chalet", "operation": "sale", "size": 569.0, "exterior": false, "rooms": 5, "bathrooms": 7, "address": "Calle de Ferran Soldevila", "province": "Barcelona", "municipality": "Sant Cugat del Vall\u00e8s", "district": "Arxius", "country": "es", "latitude": 41.4664996, "longitude": 2.069539, "showAddress": false, "url": "https://www.idealista.com/inmueble/92248016/", "distance": "1385", "hasVideo": true, "status": "good", "newDevelopment": false, "parkingSpace": {"hasParkingSpace": true, "isParkingSpaceIncludedInPrice": true}, "priceByArea": 4921.0, "detailedType": {"typology": "chalet"}, "suggestedTexts": {"subtitle": "Arxius, Sant Cugat del Vall\u00e8s", "title": "Chalet en Calle de Ferran Soldevila"}, "hasPlan": true, "has3DTour": false, "has360": false, "hasStaging": false, "topNewDevelopment": false}, {"propertyCode": "91836842", "thumbnail": "https://img3.idealista.com/blur/WEB_LISTING/0/id.pro.es.image.master/79/63/98/824701639.jpg", "externalReference": "VSC2011005", "numPhotos": 40, "price": 1380000.0, "propertyType": "chalet", "operation": "sale", "size": 342.0, "exterior": false, "rooms": 4, "bathrooms": 3, "address": "Calle de Sant Josep", "province": "Barcelona", "municipality": "Sant Cugat del Vall\u00e8s", "district": "Eixample", "country": "es", "latitude": 41.4627405, "longitude": 2.0893883, "showAddress": false, "url": "https://www.idealista.com/inmueble/91836842/", "distance": "1125", "hasVideo": true, "status": "good", "newDevelopment": false, "parkingSpace": {"hasParkingSpace": true, "isParkingSpaceIncludedInPrice": true}, "priceByArea": 4035.0, "detailedType": {"typology": "chalet"}, "suggestedTexts": {"subtitle": "Eixample, Sant Cugat del Vall\u00e8s", "title": "Chalet en Calle de Sant Josep"}, "hasPlan": true, "has3DTour": false, "has360": false, "hasStaging": false, "topNewDevelopment": false}, {"propertyCode": "91784755", "thumbnail": "https://img3.idealista.com/blur/WEB_LISTING/0/id.pro.es.image.master/c2/f1/03/823217695.jpg", "externalReference": "VSC2002001-5", "numPhotos": 32, "price": 1175000.0, "propertyType": "chalet", "operation": "sale", "size": 1314.0, "exterior": false, "rooms": 5, "bathrooms": 4, "address": "Calle d'Estap\u00e9", "province": "Barcelona", "municipality": "Sant Cugat del Vall\u00e8s", "district": "Sant Dom\u00e8nec", "country": "es", "latitude": 41.4785622, "longitude": 2.0762325, "showAddress": false, "url": "https://www.idealista.com/inmueble/91784755/", "distance": "2490", "hasVideo": true, "status": "good", "newDevelopment": false, "parkingSpace": {"hasParkingSpace": true, "isParkingSpaceIncludedInPrice": true}, "priceByArea": 894.0, "detailedType": {"typology": "chalet"}, "suggestedTexts": {"subtitle": "Sant Dom\u00e8nec, Sant Cugat del Vall\u00e8s", "title": "Chalet en Calle d'Estap\u00e9"}, "hasPlan": true, "has3DTour": false, "has360": false, "hasStaging": false, "topNewDevelopment": false}, {"propertyCode": "91700694", "thumbnail": "https://img3.idealista.com/blur/WEB_LISTING/0/id.pro.es.image.master/49/c7/8a/821146362.jpg", "externalReference": "VSC2010007-1", "numPhotos": 39, "price": 1425000.0, "propertyType": "chalet", "operation": "sale", "size": 614.0, "exterior": false, "rooms": 6, "bathrooms": 6, "address": "Calle de Vill\u00e0", "province": "Barcelona", "municipality": "Sant Cugat del Vall\u00e8s", "district": "Golf", "country": "es", "latitude": 41.4623287, "longitude": 2.0730443, "showAddress": false, "url": "https://www.idealista.com/inmueble/91700694/", "distance": "837", "hasVideo": true, "status": "good", "newDevelopment": false, "parkingSpace": {"hasParkingSpace": true, "isParkingSpaceIncludedInPrice": true}, "priceByArea": 2321.0, "detailedType": {"typology": "chalet"}, "suggestedTexts": {"subtitle": "Golf, Sant Cugat del Vall\u00e8s", "title": "Chalet en Calle de Vill\u00e0"}, "hasPlan": true, "has3DTour": false, "has360": false, "hasStaging": false, "topNewDevelopment": false}, {"propertyCode": "91152704", "thumbnail": "https://img3.idealista.com/blur/WEB_LISTING/0/id.pro.es.image.master/24/ae/90/820013264.jpg", "externalReference": "VSC2001006-5", "numPhotos": 58, "price": 1800000.0, "propertyType": "chalet", "operation": "sale", "size": 635.0, "exterior": false, "rooms": 6, "bathrooms": 4, "address": "Calle del Tur\u00f3", "province": "Barcelona", "municipality": "Sant Cugat del Vall\u00e8s", "district": "La Floresta - Les Planes", "country": "es", "latitude": 41.4492269, "longitude": 2.0832857, "showAddress": false, "url": "https://www.idealista.com/inmueble/91152704/", "distance": "859", "hasVideo": true, "status": "good", "newDevelopment": false, "parkingSpace": {"hasParkingSpace": true, "isParkingSpaceIncludedInPrice": true}, "priceByArea": 2835.0, "detailedType": {"typology": "chalet"}, "suggestedTexts": {"subtitle": "La Floresta - Les Planes, Sant Cugat del Vall\u00e8s", "title": "Chalet en Calle del Tur\u00f3"}, "hasPlan": true, "has3DTour": false, "has360": false, "hasStaging": false, "topNewDevelopment": false}, {"propertyCode": "90461192", "thumbnail": "https://img3.idealista.com/blur/WEB_LISTING/0/id.pro.es.image.master/5f/da/86/790910152.jpg", "externalReference": "VSC2006005-4", "numPhotos": 52, "price": 2200000.0, "propertyType": "chalet", "operation": "sale", "size": 1050.0, "exterior": false, "rooms": 6, "bathrooms": 6, "address": "Calle de l'Oce\u00e0 Glacial", "province": "Barcelona", "municipality": "Sant Cugat del Vall\u00e8s", "district": "Golf", "country": "es", "latitude": 41.4559742, "longitude": 2.0751854, "showAddress": false, "url": "https://www.idealista.com/inmueble/90461192/", "distance": "320", "hasVideo": true, "status": "good", "newDevelopment": false, "parkingSpace": {"hasParkingSpace": true, "isParkingSpaceIncludedInPrice": true}, "priceByArea": 2095.0, "detailedType": {"typology": "chalet"}, "suggestedTexts": {"subtitle": "Golf, Sant Cugat del Vall\u00e8s", "title": "Chalet en Calle de l'Oce\u00e0 Glacial"}, "hasPlan": true, "has3DTour": false, "has360": false, "hasStaging": false, "topNewDevelopment": false}, {"propertyCode": "92486421", "thumbnail": "https://img3.idealista.com/blur/WEB_LISTING/0/id.pro.es.image.master/36/49/8a/840861304.jpg", "externalReference": "10436", "numPhotos": 51, "price": 660000.0, "propertyType": "chalet", "operation": "sale", "size": 172.0, "exterior": false, "rooms": 4, "bathrooms": 3, "address": "Mirasol", "province": "Barcelona", "municipality": "Sant Cugat del Vall\u00e8s", "district": "Mirasol", "country": "es", "latitude": 41.4718819, "longitude": 2.0493932, "showAddress": false, "url": "https://www.idealista.com/inmueble/92486421/", "distance": "3017", "hasVideo": true, "status": "good", "newDevelopment": false, "parkingSpace": {"hasParkingSpace": true, "isParkingSpaceIncludedInPrice": true}, "priceByArea": 3837.0, "detailedType": {"typology": "chalet"}, "suggestedTexts": {"subtitle": "Mirasol, Sant Cugat del Vall\u00e8s", "title": "Chalet"}, "hasPlan": true, "has3DTour": true, "has360": false, "hasStaging": false, "topNewDevelopment": false}, {"propertyCode": "89034383", "thumbnail": "https://img3.idealista.com/blur/WEB_LISTING/0/id.pro.es.image.master/0f/0d/e9/761571169.jpg", "externalReference": "CASA00035", "numPhotos": 124, "price": 975000.0, "propertyType": "chalet", "operation": "sale", "size": 468.0, "exterior": false, "rooms": 6, "bathrooms": 4, "address": "Calle de les Ones, 39 -15", "province": "Barcelona", "municipality": "Sant Cugat del Vall\u00e8s", "district": "Golf", "country": "es", "latitude": 41.4550834, "longitude": 2.0853114, "showAddress": true, "url": "https://www.idealista.com/inmueble/89034383/", "distance": "541", "hasVideo": true, "status": "good", "newDevelopment": false, "parkingSpace": {"hasParkingSpace": true, "isParkingSpaceIncludedInPrice": true}, "priceByArea": 2083.0, "detailedType": {"typology": "chalet", "subTypology": "independantHouse"}, "suggestedTexts": {"subtitle": "Golf, Sant Cugat del Vall\u00e8s", "title": "Casa independiente en Calle de les Ones, 39 -15"}, "hasPlan": true, "has3DTour": true, "has360": false, "hasStaging": false, "topNewDevelopment": false}, {"propertyCode": "92608832", "thumbnail": "https://img3.idealista.com/blur/WEB_LISTING/0/id.pro.es.image.master/74/ce/fb/843911889.jpg", "externalReference": "01900", "numPhotos": 37, "price": 495000.0, "propertyType": "chalet", "operation": "sale", "size": 117.0, "exterior": false, "rooms": 3, "bathrooms": 2, "address": "ca n'Enric", "province": "Barcelona", "municipality": "Sant Cugat del Vall\u00e8s", "district": "Valldoreix", "country": "es", "latitude": 41.4524357, "longitude": 2.0604369, "showAddress": false, "url": "https://www.idealista.com/inmueble/92608832/", "distance": "1605", "hasVideo": false, "status": "good", "newDevelopment": false, "priceByArea": 4231.0, "detailedType": {"typology": "chalet", "subTypology": "independantHouse"}, "suggestedTexts": {"subtitle": "Valldoreix, Sant Cugat del Vall\u00e8s", "title": "Casa independiente en ca n'Enric"}, "hasPlan": false, "has3DTour": false, "has360": false, "hasStaging": false, "topNewDevelopment": false}, {"propertyCode": "93071499", "thumbnail": "https://img3.idealista.com/blur/WEB_LISTING/0/id.pro.es.image.master/21/22/18/853796637.jpg", "externalReference": "10573", "numPhotos": 50, "floor": "3", "price": 595000.0, "propertyType": "penthouse", "operation": "sale", "size": 130.0, "exterior": true, "rooms": 4, "bathrooms": 2, "address": "Arxius", "province": "Barcelona", "municipality": "Sant Cugat del Vall\u00e8s", "district": "Arxius", "country": "es", "latitude": 41.4663651, "longitude": 2.0637786, "showAddress": false, "url": "https://www.idealista.com/inmueble/93071499/", "distance": "1694", "hasVideo": false, "status": "good", "newDevelopment": false, "hasLift": true, "parkingSpace": {"hasParkingSpace": true, "isParkingSpaceIncludedInPrice": true}, "priceByArea": 4577.0, "detailedType": {"typology": "flat", "subTypology": "penthouse"}, "suggestedTexts": {"subtitle": "Arxius, Sant Cugat del Vall\u00e8s", "title": "\u00c1tico"}, "hasPlan": true, "has3DTour": true, "has360": false, "hasStaging": false, "topNewDevelopment": false}, {"propertyCode": "92742965", "thumbnail": "https://img3.idealista.com/blur/WEB_LISTING/0/id.pro.es.image.master/31/6d/8c/847027879.jpg", "externalReference": "VSC2102003", "numPhotos": 38, "price": 725000.0, "propertyType": "chalet", "operation": "sale", "size": 176.0, "exterior": false, "rooms": 5, "bathrooms": 3, "address": "Avenida de Madrid", "province": "Barcelona", "municipality": "Sant Cugat del Vall\u00e8s", "district": "Mirasol", "country": "es", "latitude": 41.4664928, "longitude": 2.0474107, "showAddress": false, "url": "https://www.idealista.com/inmueble/92742965/", "distance": "2868", "hasVideo": true, "status": "good", "newDevelopment": false, "priceByArea": 4119.0, "detailedType": {"typology": "chalet"}, "suggestedTexts": {"subtitle": "Mirasol, Sant Cugat del Vall\u00e8s", "title": "Chalet en Avenida de Madrid"}, "hasPlan": false, "has3DTour": false, "has360": false, "hasStaging": false, "topNewDevelopment": false}, {"propertyCode": "82648179", "thumbnail": "https://img3.idealista.com/blur/WEB_LISTING/0/id.pro.es.image.master/7b/bf/48/609288049.jpg", "numPhotos": 49, "price": 1400000.0, "propertyType": "chalet", "operation": "sale", "size": 403.0, "exterior": false, "rooms": 6, "bathrooms": 4, "address": "Valldoreix", "province": "Barcelona", "municipality": "Sant Cugat del Vall\u00e8s", "district": "Valldoreix", "country": "es", "latitude": 41.4651447, "longitude": 2.0583864, "showAddress": false, "url": "https://www.idealista.com/inmueble/82648179/", "distance": "1982", "hasVideo": false, "status": "good", "newDevelopment": false, "parkingSpace": {"hasParkingSpace": true, "isParkingSpaceIncludedInPrice": true}, "priceByArea": 3474.0, "detailedType": {"typology": "chalet", "subTypology": "independantHouse"}, "suggestedTexts": {"subtitle": "Valldoreix, Sant Cugat del Vall\u00e8s", "title": "Casa independiente"}, "hasPlan": true, "has3DTour": false, "has360": false, "hasStaging": false, "topNewDevelopment": false}, {"propertyCode": "93163389", "thumbnail": "https://img3.idealista.com/blur/WEB_LISTING/0/id.pro.es.image.master/33/94/83/855894267.jpg", "externalReference": "IM-2921", "numPhotos": 14, "price": 1750000.0, "propertyType": "chalet", "operation": "sale", "size": 336.0, "exterior": false, "rooms": 5, "bathrooms": 4, "address": "Calle Or", "province": "Barcelona", "municipality": "Sant Cugat del Vall\u00e8s", "district": "Can Matas", "country": "es", "latitude": 41.47122, "longitude": 2.06178, "showAddress": false, "url": "https://www.idealista.com/inmueble/93163389/", "distance": "2197", "hasVideo": false, "status": "good", "newDevelopment": false, "priceByArea": 5208.0, "detailedType": {"typology": "chalet", "subTypology": "independantHouse"}, "suggestedTexts": {"subtitle": "Can Matas, Sant Cugat del Vall\u00e8s", "title": "Casa independiente en Calle Or"}, "hasPlan": true, "has3DTour": false, "has360": false, "hasStaging": false, "topNewDevelopment": false}, {"propertyCode": "90342819", "thumbnail": "https://img3.idealista.com/blur/WEB_LISTING/0/id.pro.es.image.master/5c/e5/5b/788581879.jpg", "externalReference": "MAW21-25", "numPhotos": 35, "floor": "1", "price": 435000.0, "propertyType": "flat", "operation": "sale", "size": 123.0, "exterior": true, "rooms": 3, "bathrooms": 2, "address": "Calle d'Isidre Margenat", "province": "Barcelona", "municipality": "Sant Cugat del Vall\u00e8s", "district": "Can Matas", "country": "es", "latitude": 41.4728, "longitude": 2.06561, "showAddress": false, "url": "https://www.idealista.com/inmueble/90342819/", "distance": "2151", "hasVideo": true, "status": "good", "newDevelopment": false, "hasLift": true, "parkingSpace": {"hasParkingSpace": true, "isParkingSpaceIncludedInPrice": true}, "priceByArea": 3537.0, "detailedType": {"typology": "flat"}, "suggestedTexts": {"subtitle": "Can Matas, Sant Cugat del Vall\u00e8s", "title": "Piso en Calle d'Isidre Margenat"}, "hasPlan": true, "has3DTour": false, "has360": false, "hasStaging": false, "topNewDevelopment": false}, {"propertyCode": "87533753", "thumbnail": "https://img3.idealista.com/blur/WEB_LISTING/0/id.pro.es.image.master/0d/6e/7b/724031262.jpg", "externalReference": "PISO0044", "numPhotos": 92, "floor": "2", "price": 460000.0, "propertyType": "flat", "operation": "sale", "size": 111.0, "exterior": true, "rooms": 4, "bathrooms": 2, "address": "BV-1462", "province": "Barcelona", "municipality": "Sant Cugat del Vall\u00e8s", "district": "Parc Central - Colomer", "country": "es", "latitude": 41.4757571, "longitude": 2.0687498, "showAddress": false, "url": "https://www.idealista.com/inmueble/87533753/", "distance": "2330", "hasVideo": true, "status": "good", "newDevelopment": false, "hasLift": true, "parkingSpace": {"hasParkingSpace": true, "isParkingSpaceIncludedInPrice": true}, "priceByArea": 4144.0, "detailedType": {"typology": "flat"}, "suggestedTexts": {"subtitle": "Parc Central - Colomer, Sant Cugat del Vall\u00e8s", "title": "Piso en BV-1462"}, "hasPlan": true, "has3DTour": true, "has360": false, "hasStaging": false, "topNewDevelopment": false}, {"propertyCode": "92713087", "thumbnail": "https://img3.idealista.com/blur/WEB_LISTING/0/id.pro.es.image.master/1e/ca/a7/846271190.jpg", "externalReference": "8839", "numPhotos": 48, "price": 535000.0, "propertyType": "flat", "operation": "sale", "size": 131.0, "exterior": true, "rooms": 3, "bathrooms": 2, "address": "Arxius", "province": "Barcelona", "municipality": "Sant Cugat del Vall\u00e8s", "district": "Arxius", "country": "es", "latitude": 41.4689651, "longitude": 2.0662786, "showAddress": false, "url": "https://www.idealista.com/inmueble/92713087/", "distance": "1766", "hasVideo": true, "status": "good", "newDevelopment": false, "hasLift": true, "parkingSpace": {"hasParkingSpace": true, "isParkingSpaceIncludedInPrice": true}, "priceByArea": 4084.0, "detailedType": {"typology": "flat"}, "suggestedTexts": {"subtitle": "Arxius, Sant Cugat del Vall\u00e8s", "title": "Piso"}, "hasPlan": true, "has3DTour": true, "has360": false, "hasStaging": false, "topNewDevelopment": false}, {"propertyCode": "92713068", "thumbnail": "https://img3.idealista.com/blur/WEB_LISTING/0/id.pro.es.image.master/8e/40/70/846270687.jpg", "externalReference": "10371", "numPhotos": 34, "price": 630000.0, "propertyType": "chalet", "operation": "sale", "size": 150.0, "exterior": false, "rooms": 5, "bathrooms": 2, "address": "Mirasol", "province": "Barcelona", "municipality": "Sant Cugat del Vall\u00e8s", "district": "Mirasol", "country": "es", "latitude": 41.4652441, "longitude": 2.0597371, "showAddress": false, "url": "https://www.idealista.com/inmueble/92713068/", "distance": "1891", "hasVideo": true, "status": "good", "newDevelopment": false, "parkingSpace": {"hasParkingSpace": true, "isParkingSpaceIncludedInPrice": true}, "priceByArea": 4200.0, "detailedType": {"typology": "chalet"}, "suggestedTexts": {"subtitle": "Mirasol, Sant Cugat del Vall\u00e8s", "title": "Chalet"}, "hasPlan": true, "has3DTour": true, "has360": false, "hasStaging": false, "topNewDevelopment": false}, {"propertyCode": "92606986", "thumbnail": "https://img3.idealista.com/blur/WEB_LISTING/0/id.pro.es.image.master/d7/84/c0/843857561.jpg", "externalReference": "VSC2101002", "numPhotos": 50, "price": 2565000.0, "propertyType": "chalet", "operation": "sale", "size": 540.0, "exterior": false, "rooms": 7, "bathrooms": 6, "address": "Golf", "province": "Barcelona", "municipality": "Sant Cugat del Vall\u00e8s", "district": "Golf", "country": "es", "latitude": 41.4597204, "longitude": 2.0854806, "showAddress": false, "url": "https://www.idealista.com/inmueble/92606986/", "distance": "662", "hasVideo": true, "status": "good", "newDevelopment": false, "parkingSpace": {"hasParkingSpace": true, "isParkingSpaceIncludedInPrice": true}, "priceByArea": 4750.0, "detailedType": {"typology": "chalet"}, "suggestedTexts": {"subtitle": "Golf, Sant Cugat del Vall\u00e8s", "title": "Chalet"}, "hasPlan": true, "has3DTour": false, "has360": false, "hasStaging": false, "topNewDevelopment": false}, {"propertyCode": "92486439", "thumbnail": "https://img3.idealista.com/blur/WEB_LISTING/0/id.pro.es.image.master/ae/ab/cf/840861542.jpg", "externalReference": "10405", "numPhotos": 35, "floor": "1", "price": 469000.0, "propertyType": "flat", "operation": "sale", "size": 110.0, "exterior": true, "rooms": 3, "bathrooms": 2, "address": "Can Matas", "province": "Barcelona", "municipality": "Sant Cugat del Vall\u00e8s", "district": "Can Matas", "country": "es", "latitude": 41.4730822, "longitude": 2.0579628, "showAddress": false, "url": "https://www.idealista.com/inmueble/92486439/", "distance": "2563", "hasVideo": true, "status": "good", "newDevelopment": false, "hasLift": true, "parkingSpace": {"hasParkingSpace": true, "isParkingSpaceIncludedInPrice": true}, "priceByArea": 4264.0, "detailedType": {"typology": "flat"}, "suggestedTexts": {"subtitle": "Can Matas, Sant Cugat del Vall\u00e8s", "title": "Piso"}, "hasPlan": true, "has3DTour": true, "has360": false, "hasStaging": false, "topNewDevelopment": false}, {"propertyCode": "92442950", "thumbnail": "https://img3.idealista.com/blur/WEB_LISTING/0/id.pro.es.image.master/29/9d/22/840517025.jpg", "externalReference": "10329", "numPhotos": 66, "price": 2800000.0, "propertyType": "chalet", "operation": "sale", "size": 569.0, "exterior": false, "rooms": 6, "bathrooms": 6, "address": "Arxius", "province": "Barcelona", "municipality": "Sant Cugat del Vall\u00e8s", "district": "Arxius", "country": "es", "latitude": 41.4680996, "longitude": 2.067239, "showAddress": false, "url": "https://www.idealista.com/inmueble/92442950/", "distance": "1641", "hasVideo": true, "status": "good", "newDevelopment": false, "parkingSpace": {"hasParkingSpace": true, "isParkingSpaceIncludedInPrice": true}, "priceByArea": 4921.0, "detailedType": {"typology": "chalet"}, "suggestedTexts": {"subtitle": "Arxius, Sant Cugat del Vall\u00e8s", "title": "Chalet"}, "hasPlan": true, "has3DTour": true, "has360": false, "hasStaging": false, "topNewDevelopment": false}, {"propertyCode": "92356491", "thumbnail": "https://img3.idealista.com/blur/WEB_LISTING/0/id.pro.es.image.master/44/39/58/853796457.jpg", "externalReference": "10366", "numPhotos": 51, "price": 595000.0, "propertyType": "flat", "operation": "sale", "size": 130.0, "exterior": true, "rooms": 4, "bathrooms": 3, "address": "Arxius", "province": "Barcelona", "municipality": "Sant Cugat del Vall\u00e8s", "district": "Arxius", "country": "es", "latitude": 41.4661722, "longitude": 2.0744658, "showAddress": false, "url": "https://www.idealista.com/inmueble/92356491/", "distance": "1165", "hasVideo": true, "status": "good", "newDevelopment": false, "hasLift": true, "parkingSpace": {"hasParkingSpace": true, "isParkingSpaceIncludedInPrice": true}, "priceByArea": 4577.0, "detailedType": {"typology": "flat"}, "suggestedTexts": {"subtitle": "Arxius, Sant Cugat del Vall\u00e8s", "title": "Piso"}, "hasPlan": true, "has3DTour": true, "has360": false, "hasStaging": false, "topNewDevelopment": false}, {"propertyCode": "92117395", "thumbnail": "https://img3.idealista.com/blur/WEB_LISTING/0/id.pro.es.image.master/85/7c/19/833087942.jpg", "externalReference": "10283", "numPhotos": 54, "price": 840000.0, "propertyType": "chalet", "operation": "sale", "size": 363.0, "exterior": false, "rooms": 5, "bathrooms": 5, "address": "Golf", "province": "Barcelona", "municipality": "Sant Cugat del Vall\u00e8s", "district": "Golf", "country": "es", "latitude": 41.4570836, "longitude": 2.0695816, "showAddress": false, "url": "https://www.idealista.com/inmueble/92117395/", "distance": "790", "hasVideo": true, "status": "good", "newDevelopment": false, "parkingSpace": {"hasParkingSpace": true, "isParkingSpaceIncludedInPrice": true}, "priceByArea": 2314.0, "detailedType": {"typology": "chalet", "subTypology": "independantHouse"}, "suggestedTexts": {"subtitle": "Golf, Sant Cugat del Vall\u00e8s", "title": "Casa independiente"}, "hasPlan": true, "has3DTour": true, "has360": false, "hasStaging": false, "topNewDevelopment": false}, {"propertyCode": "91876867", "thumbnail": "https://img3.idealista.com/blur/WEB_LISTING/0/id.pro.es.image.master/f3/70/c9/825416543.jpg", "externalReference": "VSC2009014-2", "numPhotos": 44, "price": 1285000.0, "propertyType": "chalet", "operation": "sale", "size": 411.0, "exterior": false, "rooms": 5, "bathrooms": 4, "address": "Golf", "province": "Barcelona", "municipality": "Sant Cugat del Vall\u00e8s", "district": "Golf", "country": "es", "latitude": 41.4642858, "longitude": 2.0782842, "showAddress": false, "url": "https://www.idealista.com/inmueble/91876867/", "distance": "894", "hasVideo": true, "status": "good", "newDevelopment": false, "parkingSpace": {"hasParkingSpace": true, "isParkingSpaceIncludedInPrice": true}, "priceByArea": 3127.0, "detailedType": {"typology": "chalet"}, "suggestedTexts": {"subtitle": "Golf, Sant Cugat del Vall\u00e8s", "title": "Chalet"}, "hasPlan": true, "has3DTour": false, "has360": false, "hasStaging": false, "topNewDevelopment": false}, {"propertyCode": "91835727", "thumbnail": "https://img3.idealista.com/blur/WEB_LISTING/0/id.pro.es.image.master/13/07/d4/824427352.jpg", "externalReference": "VSC2011003", "numPhotos": 49, "price": 1375000.0, "propertyType": "chalet", "operation": "sale", "size": 445.0, "exterior": false, "rooms": 4, "bathrooms": 4, "address": "La Floresta - Les Planes", "province": "Barcelona", "municipality": "Sant Cugat del Vall\u00e8s", "district": "La Floresta - Les Planes", "country": "es", "latitude": 41.442387, "longitude": 2.0800514, "showAddress": false, "url": "https://www.idealista.com/inmueble/91835727/", "distance": "1545", "hasVideo": true, "status": "good", "newDevelopment": false, "parkingSpace": {"hasParkingSpace": true, "isParkingSpaceIncludedInPrice": true}, "priceByArea": 3090.0, "detailedType": {"typology": "chalet"}, "suggestedTexts": {"subtitle": "La Floresta - Les Planes, Sant Cugat del Vall\u00e8s", "title": "Chalet"}, "hasPlan": true, "has3DTour": false, "has360": false, "hasStaging": false, "topNewDevelopment": false}, {"propertyCode": "91784793", "thumbnail": "https://img3.idealista.com/blur/WEB_LISTING/0/id.pro.es.image.master/13/9a/e3/823218035.jpg", "externalReference": "VSC2003002-5", "numPhotos": 32, "price": 1990000.0, "propertyType": "chalet", "operation": "sale", "size": 785.0, "exterior": false, "rooms": 9, "bathrooms": 7, "address": "Can Matas", "province": "Barcelona", "municipality": "Sant Cugat del Vall\u00e8s", "district": "Can Matas", "country": "es", "latitude": 41.4718127, "longitude": 2.0635986, "showAddress": false, "url": "https://www.idealista.com/inmueble/91784793/", "distance": "2153", "hasVideo": true, "status": "good", "newDevelopment": false, "parkingSpace": {"hasParkingSpace": true, "isParkingSpaceIncludedInPrice": true}, "priceByArea": 2535.0, "detailedType": {"typology": "chalet"}, "suggestedTexts": {"subtitle": "Can Matas, Sant Cugat del Vall\u00e8s", "title": "Chalet"}, "hasPlan": true, "has3DTour": false, "has360": false, "hasStaging": false, "topNewDevelopment": false}]