[{"propertyCode": "89706442", "thumbnail": "https://img3.idealista.com/blur/WEB_LISTING/0/id.pro.es.image.master/8d/de/e1/774571617.jpg", "externalReference": "W-02IFY9", "numPhotos": 41, "floor": "5", "price": 495000.0, "propertyType": "flat", "operation": "sale", "size": 126.0, "exterior": false, "rooms": 4, "bathrooms": 2, "address": "barrio El Camp d'En Grassot i Gr\u00e0cia Nova", "province": "Barcelona", "municipality": "Barcelona", "district": "Gr\u00e0cia", "country": "es", "neighborhood": "El Camp d'En Grassot i Gr\u00e0cia Nova", "latitude": 41.4115467, "longitude": 2.1617976, "showAddress": false, "url": "https://www.idealista.com/inmueble/89706442/", "distance": "609", "hasVideo": false, "status": "good", "newDevelopment": false, "hasLift": true, "priceByArea": 3929.0, "detailedType": {"typology": "flat"}, "suggestedTexts": {"subtitle": "El Camp d'En Grassot i Gr\u00e0cia Nova, Barcelona", "title": "Piso"}, "hasPlan": true, "has3DTour": true, "has360": false, "hasStaging": false, "topNewDevelopment": false}, {"propertyCode": "88509600", "thumbnail": "https://img3.idealista.com/blur/WEB_LISTING/0/id.pro.es.image.master/71/6c/b3/755905184.jpg", "externalReference": "W-02I2GZ", "numPhotos": 25, "floor": "1", "price": 430000.0, "propertyType": "chalet", "operation": "sale", "size": 110.0, "exterior": false, "rooms": 3, "bathrooms": 2, "address": "barrio Can Bar\u00f3", "province": "Barcelona", "municipality": "Barcelona", "district": "Horta Guinard\u00f3", "country": "es", "neighborhood": "Can Bar\u00f3", "latitude": 41.4157407, "longitude": 2.1638352, "showAddress": false, "url": "https://www.idealista.com/inmueble/88509600/", "distance": "223", "hasVideo": false, "status": "good", "newDevelopment": false, "priceByArea": 3909.0, "detailedType": {"typology": "chalet", "subTypology": "terracedHouse"}, "suggestedTexts": {"subtitle": "Can Bar\u00f3, Barcelona", "title": "Chalet adosado"}, "hasPlan": true, "has3DTour": true, "has360": false, "hasStaging": false, "topNewDevelopment": false}, {"propertyCode": "92493153", "thumbnail": "https://img3.idealista.com/blur/WEB_LISTING/0/id.pro.es.image.master/cc/7e/86/855823851.jpg", "externalReference": "GV613", "numPhotos": 19, "floor": "7", "price": 388000.0, "propertyType": "flat", "operation": "sale", "size": 101.0, "exterior": true, "rooms": 2, "bathrooms": 1, "address": "Calle de Pi i Margall", "province": "Barcelona", "municipality": "Barcelona", "district": "Gr\u00e0cia", "country": "es", "neighborhood": "El Camp d'En Grassot i Gr\u00e0cia Nova", "latitude": 41.4097522, "longitude": 2.1649057, "showAddress": false, "url": "https://www.idealista.com/inmueble/92493153/", "distance": "849", "hasVideo": true, "status": "good", "newDevelopment": false, "hasLift": true, "priceByArea": 3842.0, "detailedType": {"typology": "flat"}, "suggestedTexts": {"subtitle": "El Camp d'En Grassot i Gr\u00e0cia Nova, Barcelona", "title": "Piso en Calle de Pi i Margall"}, "hasPlan": true, "has3DTour": false, "has360": true, "hasStaging": false, "topNewDevelopment": false}, {"propertyCode": "92057260", "thumbnail": "https://img3.idealista.com/blur/WEB_LISTING/0/id.pro.es.image.master/df/32/87/829778545.jpg", "externalReference": "Pza Sanllehy - vda", "numPhotos": 53, "price": 775000.0, "propertyType": "chalet", "operation": "sale", "size": 250.0, "exterior": false, "rooms": 4, "bathrooms": 4, "address": "Calle de Miquel dels Sants Oliver", "province": "Barcelona", "municipality": "Barcelona", "district": "Horta Guinard\u00f3", "country": "es", "neighborhood": "Can Bar\u00f3", "latitude": 41.4157488, "longitude": 2.1596228, "showAddress": false, "url": "https://www.idealista.com/inmueble/92057260/", "distance": "229", "hasVideo": true, "status": "good", "newDevelopment": false, "parkingSpace": {"hasParkingSpace": true, "isParkingSpaceIncludedInPrice": true}, "priceByArea": 3100.0, "detailedType": {"typology": "chalet", "subTypology": "semidetachedHouse"}, "suggestedTexts": {"subtitle": "Can Bar\u00f3, Barcelona", "title": "Chalet pareado en Calle de Miquel dels Sants Oliver"}, "hasPlan": true, "has3DTour": false, "has360": true, "hasStaging": false, "topNewDevelopment": false}, {"propertyCode": "93132138", "thumbnail": "https://img3.idealista.com/blur/WEB_LISTING/0/id.pro.es.image.master/64/7e/c5/855243592.jpg", "externalReference": "VB2103004", "numPhotos": 32, "price": 660000.0, "propertyType": "chalet", "operation": "sale", "size": 125.0, "exterior": false, "rooms": 2, "bathrooms": 2, "address": "barrio El Camp d'En Grassot i Gr\u00e0cia Nova", "province": "Barcelona", "municipality": "Barcelona", "district": "Gr\u00e0cia", "country": "es", "neighborhood": "El Camp d'En Grassot i Gr\u00e0cia Nova", "latitude": 41.4113114, "longitude": 2.1627086, "showAddress": false, "url": "https://www.idealista.com/inmueble/93132138/", "distance": "640", "hasVideo": true, "status": "good", "newDevelopment": false, "priceByArea": 5280.0, "detailedType": {"typology": "chalet"}, "suggestedTexts": {"subtitle": "El Camp d'En Grassot i Gr\u00e0cia Nova, Barcelona", "title": "Chalet"}, "hasPlan": true, "has3DTour": false, "has360": false, "hasStaging": false, "topNewDevelopment": false}, {"propertyCode": "91405658", "thumbnail": "https://img3.idealista.com/blur/WEB_LISTING/0/id.pro.es.image.master/56/ff/ab/848904128.jpg", "externalReference": "242862", "numPhotos": 24, "floor": "1", "price": 250000.0, "propertyType": "flat", "operation": "sale", "size": 85.0, "exterior": true, "rooms": 3, "bathrooms": 1, "address": "barrio El Guinard\u00f3", "province": "Barcelona", "municipality": "Barcelona", "district": "Horta Guinard\u00f3", "country": "es", "neighborhood": "El Guinard\u00f3", "latitude": 41.4190609, "longitude": 2.1713175, "showAddress": false, "url": "https://www.idealista.com/inmueble/91405658/", "distance": "826", "hasVideo": false, "status": "good", "newDevelopment": false, "hasLift": true, "priceByArea": 2941.0, "detailedType": {"typology": "flat"}, "suggestedTexts": {"subtitle": "El Guinard\u00f3, Barcelona", "title": "Piso"}, "hasPlan": true, "has3DTour": false, "has360": false, "hasStaging": false, "topNewDevelopment": false}, {"propertyCode": "92816084", "thumbnail": "https://img3.idealista.com/blur/WEB_LISTING/0/id.pro.es.image.master/08/25/c9/848820420.jpg", "externalReference": "019-21", "numPhotos": 19, "floor": "1", "price": 368000.0, "propertyType": "flat", "operation": "sale", "size": 85.0, "exterior": true, "rooms": 3, "bathrooms": 2, "address": "Calle de les Cam\u00e8lies", "province": "Barcelona", "municipality": "Barcelona", "district": "Horta Guinard\u00f3", "country": "es", "neighborhood": "El Baix Guinard\u00f3", "latitude": 41.4117876, "longitude": 2.1643701, "showAddress": false, "url": "https://www.idealista.com/inmueble/92816084/", "distance": "621", "hasVideo": false, "status": "good", "newDevelopment": false, "hasLift": true, "priceByArea": 4329.0, "detailedType": {"typology": "flat"}, "suggestedTexts": {"subtitle": "El Baix Guinard\u00f3, Barcelona", "title": "Piso en Calle de les Cam\u00e8lies"}, "hasPlan": false, "has3DTour": false, "has360": false, "hasStaging": false, "topNewDevelopment": false}, {"propertyCode": "92773926", "thumbnail": "https://img3.idealista.com/blur/WEB_LISTING/0/id.pro.es.image.master/c1/bd/3e/847799675.jpg", "externalReference": "v59", "numPhotos": 42, "floor": "5", "price": 335000.0, "propertyType": "flat", "operation": "sale", "size": 90.0, "exterior": true, "rooms": 4, "bathrooms": 2, "address": "Calle de Pi i Margall, 77", "province": "Barcelona", "municipality": "Barcelona", "district": "Gr\u00e0cia", "country": "es", "neighborhood": "El Camp d'En Grassot i Gr\u00e0cia Nova", "latitude": 41.4099759, "longitude": 2.1640507, "showAddress": true, "url": "https://www.idealista.com/inmueble/92773926/", "distance": "806", "hasVideo": true, "status": "good", "newDevelopment": false, "hasLift": true, "priceByArea": 3722.0, "detailedType": {"typology": "flat"}, "suggestedTexts": {"subtitle": "El Camp d'En Grassot i Gr\u00e0cia Nova, Barcelona", "title": "Piso en Calle de Pi i Margall, 77"}, "hasPlan": false, "has3DTour": false, "has360": true, "hasStaging": false, "topNewDevelopment": false}, {"propertyCode": "92655102", "thumbnail": "https://img3.idealista.com/blur/WEB_LISTING/0/id.pro.es.image.master/8d/2a/56/844969766.jpg", "externalReference": "VB2102001", "numPhotos": 58, "price": 1900000.0, "propertyType": "chalet", "operation": "sale", "size": 582.0, "exterior": false, "rooms": 3, "bathrooms": 7, "address": "barrio El Camp d'En Grassot i Gr\u00e0cia Nova", "province": "Barcelona", "municipality": "Barcelona", "district": "Gr\u00e0cia", "country": "es", "neighborhood": "El Camp d'En Grassot i Gr\u00e0cia Nova", "latitude": 41.4115314, "longitude": 2.1640907, "showAddress": false, "url": "https://www.idealista.com/inmueble/92655102/", "distance": "640", "hasVideo": true, "status": "good", "newDevelopment": false, "parkingSpace": {"hasParkingSpace": true, "isParkingSpaceIncludedInPrice": true}, "priceByArea": 3265.0, "detailedType": {"typology": "chalet"}, "suggestedTexts": {"subtitle": "El Camp d'En Grassot i Gr\u00e0cia Nova, Barcelona", "title": "Chalet"}, "hasPlan": true, "has3DTour": false, "has360": false, "hasStaging": false, "topNewDevelopment": false}, {"propertyCode": "92139064", "thumbnail": "https://img3.idealista.com/blur/WEB_LISTING/0/id.pro.es.image.master/87/e9/34/831920390.jpg", "externalReference": "W-02FZQR", "numPhotos": 30, "price": 480000.0, "propertyType": "chalet", "operation": "sale", "size": 207.0, "exterior": false, "rooms": 4, "bathrooms": 2, "address": "barrio El Carmel", "province": "Barcelona", "municipality": "Barcelona", "district": "Horta Guinard\u00f3", "country": "es", "neighborhood": "El Carmel", "latitude": 41.419505, "longitude": 2.1532501, "showAddress": false, "url": "https://www.idealista.com/inmueble/92139064/", "distance": "762", "hasVideo": false, "status": "renew", "newDevelopment": false, "parkingSpace": {"hasParkingSpace": true, "isParkingSpaceIncludedInPrice": true}, "priceByArea": 2319.0, "detailedType": {"typology": "chalet", "subTypology": "independantHouse"}, "suggestedTexts": {"subtitle": "El Carmel, Barcelona", "title": "Casa independiente"}, "hasPlan": true, "has3DTour": false, "has360": false, "hasStaging": false, "topNewDevelopment": false}, {"propertyCode": "91730038", "thumbnail": "https://img3.idealista.com/blur/WEB_LISTING/0/id.pro.es.image.master/0a/fc/15/821871515.jpg", "externalReference": "CLK00/UV/2020/000283", "numPhotos": 21, "price": 144000.0, "propertyType": "flat", "operation": "sale", "size": 69.0, "exterior": true, "rooms": 3, "bathrooms": 1, "address": "Calle de la Conca de Tremp", "province": "Barcelona", "municipality": "Barcelona", "district": "Horta Guinard\u00f3", "country": "es", "neighborhood": "El Carmel", "latitude": 41.4225715, "longitude": 2.1566563, "showAddress": false, "url": "https://www.idealista.com/inmueble/91730038/", "distance": "750", "hasVideo": false, "status": "good", "newDevelopment": false, "hasLift": true, "priceByArea": 2087.0, "detailedType": {"typology": "flat"}, "suggestedTexts": {"subtitle": "El Carmel, Barcelona", "title": "Piso en Calle de la Conca de Tremp"}, "hasPlan": false, "has3DTour": false, "has360": false, "hasStaging": false, "topNewDevelopment": false}, {"propertyCode": "91394499", "thumbnail": "https://img3.idealista.com/blur/WEB_LISTING/0/id.pro.es.image.master/18/11/ff/813555413.jpg", "externalReference": "W-02JUQK", "numPhotos": 27, "floor": "1", "price": 210000.0, "propertyType": "flat", "operation": "sale", "size": 63.0, "exterior": false, "rooms": 3, "bathrooms": 1, "address": "barrio Can Bar\u00f3", "province": "Barcelona", "municipality": "Barcelona", "district": "Horta Guinard\u00f3", "country": "es", "neighborhood": "Can Bar\u00f3", "latitude": 41.417384, "longitude": 2.1607676, "showAddress": false, "url": "https://www.idealista.com/inmueble/91394499/", "distance": "93", "hasVideo": false, "status": "good", "newDevelopment": false, "hasLift": true, "priceByArea": 3333.0, "detailedType": {"typology": "flat"}, "suggestedTexts": {"subtitle": "Can Bar\u00f3, Barcelona", "title": "Piso"}, "hasPlan": true, "has3DTour": false, "has360": false, "hasStaging": false, "topNewDevelopment": false}, {"propertyCode": "90552513", "thumbnail": "https://img3.idealista.com/blur/WEB_LISTING/0/id.pro.es.image.master/04/b8/21/836973160.jpg", "externalReference": "W-02J8CQ", "numPhotos": 40, "floor": "6", "price": 349000.0, "propertyType": "penthouse", "operation": "sale", "size": 93.0, "exterior": false, "rooms": 2, "bathrooms": 2, "address": "barrio Can Bar\u00f3", "province": "Barcelona", "municipality": "Barcelona", "district": "Horta Guinard\u00f3", "country": "es", "neighborhood": "Can Bar\u00f3", "latitude": 41.4166076, "longitude": 2.1604742, "showAddress": false, "url": "https://www.idealista.com/inmueble/90552513/", "distance": "118", "hasVideo": false, "status": "good", "newDevelopment": false, "hasLift": false, "priceByArea": 3753.0, "detailedType": {"typology": "flat", "subTypology": "penthouse"}, "suggestedTexts": {"subtitle": "Can Bar\u00f3, Barcelona", "title": "\u00c1tico"}, "hasPlan": true, "has3DTour": false, "has360": false, "hasStaging": false, "topNewDevelopment": false}, {"propertyCode": "89447341", "thumbnail": "https://img3.idealista.com/blur/WEB_LISTING/0/id.pro.es.image.master/a1/62/ec/771644190.jpg", "externalReference": "W-02ITJX", "numPhotos": 34, "floor": "8", "price": 495000.0, "propertyType": "penthouse", "operation": "sale", "size": 116.0, "exterior": false, "rooms": 3, "bathrooms": 2, "address": "barrio Can Bar\u00f3", "province": "Barcelona", "municipality": "Barcelona", "district": "Horta Guinard\u00f3", "country": "es", "neighborhood": "Can Bar\u00f3", "latitude": 41.4136736, "longitude": 2.1622082, "showAddress": false, "url": "https://www.idealista.com/inmueble/89447341/", "distance": "374", "hasVideo": false, "status": "good", "newDevelopment": false, "hasLift": true, "parkingSpace": {"hasParkingSpace": true, "isParkingSpaceIncludedInPrice": true}, "priceByArea": 4267.0, "detailedType": {"typology": "flat", "subTypology": "penthouse"}, "suggestedTexts": {"subtitle": "Can Bar\u00f3, Barcelona", "title": "\u00c1tico"}, "hasPlan": true, "has3DTour": false, "has360": false, "hasStaging": false, "topNewDevelopment": false}, {"propertyCode": "92959266", "thumbnail": "https://img3.idealista.com/blur/WEB_LISTING/0/id.pro.es.image.master/6d/b9/21/852035644.jpg", "externalReference": "RM24", "numPhotos": 32, "floor": "bj", "price": 850000.0, "propertyType": "duplex", "operation": "sale", "size": 222.0, "exterior": true, "rooms": 3, "bathrooms": 3, "address": "Rambla de Mercedes, 24", "province": "Barcelona", "municipality": "Barcelona", "district": "Gr\u00e0cia", "country": "es", "neighborhood": "La Salut", "latitude": 41.412369, "longitude": 2.1546071, "showAddress": true, "url": "https://www.idealista.com/inmueble/92959266/", "distance": "791", "hasVideo": false, "status": "good", "newDevelopment": false, "hasLift": true, "priceByArea": 3829.0, "detailedType": {"typology": "flat", "subTypology": "duplex"}, "suggestedTexts": {"subtitle": "La Salut, Barcelona", "title": "D\u00faplex en Rambla de Mercedes, 24"}, "hasPlan": true, "has3DTour": false, "has360": false, "hasStaging": false, "topNewDevelopment": false}, {"propertyCode": "92638029", "thumbnail": "https://img3.idealista.com/blur/WEB_LISTING/0/id.pro.es.image.master/09/0a/3d/844546004.jpg", "externalReference": "3708", "numPhotos": 20, "floor": "1", "price": 279000.0, "propertyType": "flat", "operation": "sale", "size": 67.0, "exterior": true, "rooms": 3, "bathrooms": 1, "address": "Calle de les Cam\u00e8lies", "province": "Barcelona", "municipality": "Barcelona", "district": "Horta Guinard\u00f3", "country": "es", "neighborhood": "El Baix Guinard\u00f3", "latitude": 41.4121286, "longitude": 2.1647618, "showAddress": false, "url": "https://www.idealista.com/inmueble/92638029/", "distance": "598", "hasVideo": false, "status": "good", "newDevelopment": false, "hasLift": true, "priceByArea": 4164.0, "detailedType": {"typology": "flat"}, "suggestedTexts": {"subtitle": "El Baix Guinard\u00f3, Barcelona", "title": "Piso en Calle de les Cam\u00e8lies"}, "hasPlan": true, "has3DTour": false, "has360": false, "hasStaging": false, "topNewDevelopment": false}, {"propertyCode": "92341629", "thumbnail": "https://img3.idealista.com/blur/WEB_LISTING/0/id.pro.es.image.master/ff/5f/1e/852213841.jpg", "externalReference": "244345", "numPhotos": 23, "floor": "bj", "price": 470000.0, "propertyType": "flat", "operation": "sale", "size": 140.0, "exterior": true, "rooms": 3, "bathrooms": 2, "address": "barrio El Camp d'En Grassot i Gr\u00e0cia Nova", "province": "Barcelona", "municipality": "Barcelona", "district": "Gr\u00e0cia", "country": "es", "neighborhood": "El Camp d'En Grassot i Gr\u00e0cia Nova", "latitude": 41.4103984, "longitude": 2.159495, "showAddress": false, "url": "https://www.idealista.com/inmueble/92341629/", "distance": "761", "hasVideo": false, "status": "good", "newDevelopment": false, "hasLift": true, "priceByArea": 3357.0, "detailedType": {"typology": "flat"}, "suggestedTexts": {"subtitle": "El Camp d'En Grassot i Gr\u00e0cia Nova, Barcelona", "title": "Piso"}, "hasPlan": false, "has3DTour": false, "has360": false, "hasStaging": false, "topNewDevelopment": false}, {"propertyCode": "91251297", "thumbnail": "https://img3.idealista.com/blur/WEB_LISTING/0/id.pro.es.image.master/1e/15/ac/810238029.jpg", "numPhotos": 38, "floor": "en", "price": 136000.0, "propertyType": "flat", "operation": "sale", "size": 58.0, "exterior": true, "rooms": 2, "bathrooms": 1, "address": "Penyal", "province": "Barcelona", "municipality": "Barcelona", "district": "Horta Guinard\u00f3", "country": "es", "neighborhood": "La Font d'En Fargues", "latitude": 41.4207391, "longitude": 2.1638506, "showAddress": false, "url": "https://www.idealista.com/inmueble/91251297/", "distance": "447", "hasVideo": false, "status": "good", "newDevelopment": false, "hasLift": false, "priceByArea": 2345.0, "detailedType": {"typology": "flat"}, "suggestedTexts": {"subtitle": "La Font d'En Fargues, Barcelona", "title": "Piso en Penyal"}, "hasPlan": true, "has3DTour": false, "has360": false, "hasStaging": false, "topNewDevelopment": false}, {"propertyCode": "92111424", "thumbnail": "https://img3.idealista.com/blur/WEB_LISTING/0/id.pro.es.image.master/45/54/34/853382956.jpg", "externalReference": "W-02HNSJ", "numPhotos": 29, "price": 1350000.0, "propertyType": "chalet", "operation": "sale", "size": 325.0, "exterior": false, "rooms": 15, "bathrooms": 4, "address": "barrio El Camp d'En Grassot i Gr\u00e0cia Nova", "province": "Barcelona", "municipality": "Barcelona", "district": "Gr\u00e0cia", "country": "es", "neighborhood": "El Camp d'En Grassot i Gr\u00e0cia Nova", "latitude": 41.4115447, "longitude": 2.1582008, "showAddress": false, "url": "https://www.idealista.com/inmueble/92111424/", "distance": "678", "hasVideo": false, "status": "good", "newDevelopment": false, "priceByArea": 4154.0, "detailedType": {"typology": "chalet", "subTypology": "independantHouse"}, "suggestedTexts": {"subtitle": "El Camp d'En Grassot i Gr\u00e0cia Nova, Barcelona", "title": "Casa independiente"}, "hasPlan": false, "has3DTour": false, "has360": false, "hasStaging": false, "topNewDevelopment": false}, {"propertyCode": "92770534", "thumbnail": "https://img3.idealista.com/blur/WEB_LISTING/0/id.pro.es.image.master/fe/0f/91/847723701.jpg", "externalReference": "JV-RES-1036-019-21", "numPhotos": 19, "floor": "1", "price": 368000.0, "propertyType": "flat", "operation": "sale", "size": 112.0, "exterior": true, "rooms": 3, "bathrooms": 2, "address": "Calle de les Cam\u00e8lies", "province": "Barcelona", "municipality": "Barcelona", "district": "Horta Guinard\u00f3", "country": "es", "neighborhood": "El Baix Guinard\u00f3", "latitude": 41.4114876, "longitude": 2.1608701, "showAddress": false, "url": "https://www.idealista.com/inmueble/92770534/", "distance": "620", "hasVideo": true, "status": "good", "newDevelopment": false, "hasLift": true, "priceByArea": 3286.0, "detailedType": {"typology": "flat"}, "suggestedTexts": {"subtitle": "El Baix Guinard\u00f3, Barcelona", "title": "Piso en Calle de les Cam\u00e8lies"}, "hasPlan": false, "has3DTour": false, "has360": false, "hasStaging": false, "topNewDevelopment": false}, {"propertyCode": "93074043", "thumbnail": "https://img3.idealista.com/blur/WEB_LISTING/0/id.pro.es.image.master/f7/f5/c1/853873152.jpg", "externalReference": "247186", "numPhotos": 14, "floor": "bj", "price": 485000.0, "propertyType": "flat", "operation": "sale", "size": 120.0, "exterior": true, "rooms": 4, "bathrooms": 2, "address": "barrio El Baix Guinard\u00f3", "province": "Barcelona", "municipality": "Barcelona", "district": "Horta Guinard\u00f3", "country": "es", "neighborhood": "El Baix Guinard\u00f3", "latitude": 41.4159901, "longitude": 2.1655896, "showAddress": false, "url": "https://www.idealista.com/inmueble/93074043/", "distance": "337", "hasVideo": false, "status": "good", "newDevelopment": false, "hasLift": true, "priceByArea": 4042.0, "detailedType": {"typology": "flat"}, "suggestedTexts": {"subtitle": "El Baix Guinard\u00f3, Barcelona", "title": "Piso"}, "hasPlan": false, "has3DTour": false, "has360": false, "hasStaging": false, "topNewDevelopment": false}, {"propertyCode": "91573828", "thumbnail": "https://img3.idealista.com/blur/WEB_LISTING/0/id.pro.es.image.master/69/11/15/817921439.jpg", "externalReference": "Ramon Rocafull", "numPhotos": 15, "floor": "st", "price": 94500.0, "propertyType": "flat", "operation": "sale", "size": 64.0, "exterior": false, "rooms": 2, "bathrooms": 1, "address": "Calle de Ramon Rocafull", "province": "Barcelona", "municipality": "Barcelona", "district": "Horta Guinard\u00f3", "country": "es", "neighborhood": "El Carmel", "latitude": 41.4216273, "longitude": 2.1567479, "showAddress": false, "url": "https://www.idealista.com/inmueble/91573828/", "distance": "661", "hasVideo": false, "status": "good", "newDevelopment": false, "hasLift": true, "priceByArea": 1477.0, "detailedType": {"typology": "flat"}, "suggestedTexts": {"subtitle": "El Carmel, Barcelona", "title": "Piso en Calle de Ramon Rocafull"}, "hasPlan": false, "has3DTour": false, "has360": false, "hasStaging": false, "topNewDevelopment": false}, {"propertyCode": "92809204", "thumbnail": "https://img3.idealista.com/blur/WEB_LISTING/0/id.pro.es.image.master/4a/74/4b/850459211.jpg", "externalReference": "_amunt", "numPhotos": 20, "floor": "2", "price": 243000.0, "propertyType": "flat", "operation": "sale", "size": 53.0, "exterior": true, "rooms": 3, "bathrooms": 1, "address": "Paseo amunt", "province": "Barcelona", "municipality": "Barcelona", "district": "Gr\u00e0cia", "country": "es", "neighborhood": "El Camp d'En Grassot i Gr\u00e0cia Nova", "latitude": 41.4097469, "longitude": 2.1629643, "showAddress": false, "url": "https://www.idealista.com/inmueble/92809204/", "distance": "815", "hasVideo": false, "status": "good", "newDevelopment": false, "hasLift": true, "priceByArea": 4585.0, "detailedType": {"typology": "flat"}, "suggestedTexts": {"subtitle": "El Camp d'En Grassot i Gr\u00e0cia Nova, Barcelona", "title": "Piso en Paseo amunt"}, "hasPlan": false, "has3DTour": false, "has360": false, "hasStaging": false, "topNewDevelopment": false}, {"propertyCode": "91786243", "thumbnail": "https://img3.idealista.com/blur/WEB_LISTING/0/id.pro.es.image.master/87/fb/f8/823483130.jpg", "numPhotos": 30, "floor": "1", "price": 450000.0, "propertyType": "flat", "operation": "sale", "size": 275.0, "exterior": true, "rooms": 4, "bathrooms": 2, "address": "pedrell", "province": "Barcelona", "municipality": "Barcelona", "district": "Horta Guinard\u00f3", "country": "es", "neighborhood": "La Font d'En Fargues", "latitude": 41.4223869, "longitude": 2.1596476, "showAddress": false, "url": "https://www.idealista.com/inmueble/91786243/", "distance": "621", "hasVideo": false, "status": "good", "newDevelopment": false, "hasLift": true, "parkingSpace": {"hasParkingSpace": true, "isParkingSpaceIncludedInPrice": false, "parkingSpacePrice": 25000.0}, "priceByArea": 1636.0, "detailedType": {"typology": "flat"}, "suggestedTexts": {"subtitle": "La Font d'En Fargues, Barcelona", "title": "Piso en pedrell"}, "hasPlan": false, "has3DTour": false, "has360": false, "hasStaging": false, "topNewDevelopment": false}, {"propertyCode": "90587973", "thumbnail": "https://img3.idealista.com/blur/WEB_LISTING/0/id.pro.es.image.master/b8/39/89/793814896.jpg", "externalReference": "008-5896", "numPhotos": 24, "floor": "4", "price": 139000.0, "propertyType": "penthouse", "operation": "sale", "size": 60.0, "exterior": true, "rooms": 3, "bathrooms": 1, "address": "del Dr. Bov\u00e9", "province": "Barcelona", "municipality": "Barcelona", "district": "Horta Guinard\u00f3", "country": "es", "neighborhood": "El Carmel", "latitude": 41.4200982, "longitude": 2.1608533, "showAddress": false, "url": "https://www.idealista.com/inmueble/90587973/", "distance": "350", "hasVideo": false, "status": "good", "newDevelopment": false, "hasLift": false, "priceByArea": 2317.0, "detailedType": {"typology": "flat", "subTypology": "penthouse"}, "suggestedTexts": {"subtitle": "El Carmel, Barcelona", "title": "\u00c1tico en del Dr. Bov\u00e9"}, "hasPlan": false, "has3DTour": false, "has360": false, "hasStaging": false, "topNewDevelopment": false}, {"propertyCode": "92482202", "thumbnail": "https://img3.idealista.com/blur/WEB_LISTING/0/id.pro.es.image.master/b8/08/42/840760211.jpg", "externalReference": "_rosaliadecastro", "numPhotos": 13, "floor": "2", "price": 220000.0, "propertyType": "flat", "operation": "sale", "size": 80.0, "exterior": true, "rooms": 3, "bathrooms": 1, "address": "Calle de Rosal\u00eda de Castro", "province": "Barcelona", "municipality": "Barcelona", "district": "Horta Guinard\u00f3", "country": "es", "neighborhood": "El Baix Guinard\u00f3", "latitude": 41.4122938, "longitude": 2.1697089, "showAddress": false, "url": "https://www.idealista.com/inmueble/92482202/", "distance": "845", "hasVideo": false, "status": "good", "newDevelopment": false, "hasLift": false, "priceByArea": 2750.0, "detailedType": {"typology": "flat"}, "suggestedTexts": {"subtitle": "El Baix Guinard\u00f3, Barcelona", "title": "Piso en Calle de Rosal\u00eda de Castro"}, "hasPlan": false, "has3DTour": false, "has360": false, "hasStaging": false, "topNewDevelopment": false}, {"propertyCode": "92349545", "thumbnail": "https://img3.idealista.com/blur/WEB_LISTING/0/id.pro.es.image.master/81/e6/fc/837624276.jpg", "numPhotos": 18, "floor": "1", "price": 195000.0, "propertyType": "flat", "operation": "sale", "size": 55.0, "exterior": true, "rooms": 2, "bathrooms": 1, "address": "Calle de Sales i Ferr\u00e9, 75", "province": "Barcelona", "municipality": "Barcelona", "district": "Horta Guinard\u00f3", "country": "es", "neighborhood": "El Guinard\u00f3", "latitude": 41.4205972, "longitude": 2.1708113, "showAddress": true, "url": "https://www.idealista.com/inmueble/92349545/", "distance": "851", "hasVideo": true, "status": "good", "newDevelopment": false, "hasLift": false, "priceByArea": 3545.0, "detailedType": {"typology": "flat"}, "suggestedTexts": {"subtitle": "El Guinard\u00f3, Barcelona", "title": "Piso en Calle de Sales i Ferr\u00e9, 75"}, "hasPlan": false, "has3DTour": false, "has360": false, "hasStaging": false, "topNewDevelopment": false}, {"propertyCode": "87524225", "thumbnail": "https://img3.idealista.com/blur/WEB_LISTING/0/id.pro.es.image.master/8f/1d/4f/780730362.jpg", "externalReference": "60492482", "numPhotos": 14, "price": 536500.0, "propertyType": "flat", "operation": "sale", "size": 106.0, "exterior": false, "rooms": 3, "bathrooms": 2, "address": "Travessera de Dalt, 97", "province": "Barcelona", "municipality": "Barcelona", "district": "Gr\u00e0cia", "country": "es", "neighborhood": "La Salut", "latitude": 41.4112249, "longitude": 2.1573078, "showAddress": true, "url": "https://www.idealista.com/obra-nueva/87524225/", "distance": "745", "hasVideo": false, "status": "newdevelopment", "newDevelopment": true, "parkingSpace": {"hasParkingSpace": true, "isParkingSpaceIncludedInPrice": true}, "newDevelopmentFinished": false, "priceByArea": 5061.0, "detailedType": {"typology": "flat"}, "suggestedTexts": {"subtitle": "La Salut, Barcelona", "title": "Piso en Travessera de Dalt, 97"}, "hasPlan": false, "has3DTour": false, "has360": false, "hasStaging": false, "topNewDevelopment": false}, {"propertyCode": "86767977", "thumbnail": "https://img3.idealista.com/blur/WEB_LISTING/0/id.pro.es.image.master/21/c2/e4/710096240.jpg", "numPhotos": 24, "floor": "1", "price": 470000.0, "propertyType": "flat", "operation": "sale", "size": 104.0, "exterior": true, "rooms": 3, "bathrooms": 2, "address": "Calle MARTI", "province": "Barcelona", "municipality": "Barcelona", "district": "Gr\u00e0cia", "country": "es", "neighborhood": "El Camp d'En Grassot i Gr\u00e0cia Nova", "latitude": 41.4098654, "longitude": 2.1591392, "showAddress": false, "url": "https://www.idealista.com/inmueble/86767977/", "distance": "826", "hasVideo": true, "status": "good", "newDevelopment": false, "hasLift": true, "parkingSpace": {"hasParkingSpace": true, "isParkingSpaceIncludedInPrice": true}, "priceByArea": 4519.0, "detailedType": {"typology": "flat"}, "suggestedTexts": {"subtitle": "El Camp d'En Grassot i Gr\u00e0cia Nova, Barcelona", "title": "Piso en Calle MARTI"}, "hasPlan": true, "has3DTour": false, "has360": true, "hasStaging": false, "topNewDevelopment": false}, {"propertyCode": "91406399", "thumbnail": "https://img3.idealista.com/blur/WEB_LISTING/0/id.pro.es.image.master/74/8a/2e/813844108.jpg", "externalReference": "0068-00884", "numPhotos": 30, "floor": "2", "price": 397000.0, "propertyType": "flat", "operation": "sale", "size": 98.0, "exterior": true, "rooms": 3, "bathrooms": 2, "address": "Calle del Doctor Bov\u00e9", "province": "Barcelona", "municipality": "Barcelona", "district": "Horta Guinard\u00f3", "country": "es", "neighborhood": "El Carmel", "latitude": 41.4231342, "longitude": 2.1625539, "showAddress": false, "url": "https://www.idealista.com/inmueble/91406399/", "distance": "681", "hasVideo": false, "status": "good", "newDevelopment": false, "hasLift": true, "parkingSpace": {"hasParkingSpace": true, "isParkingSpaceIncludedInPrice": true}, "priceByArea": 4051.0, "detailedType": {"typology": "flat"}, "suggestedTexts": {"subtitle": "El Carmel, Barcelona", "title": "Piso en Calle del Doctor Bov\u00e9"}, "hasPlan": true, "has3DTour": false, "has360": true, "hasStaging": false, "topNewDevelopment": false}, {"propertyCode": "90016751", "thumbnail": "https://img3.idealista.com/blur/WEB_LISTING/0/id.pro.es.image.master/6d/17/29/781626566.jpg", "externalReference": "269452", "numPhotos": 32, "price": 300000.0, "propertyType": "flat", "operation": "sale", "size": 85.0, "exterior": true, "rooms": 3, "bathrooms": 1, "address": "Calle de Praga, 18", "province": "Barcelona", "municipality": "Barcelona", "district": "Horta Guinard\u00f3", "country": "es", "neighborhood": "El Baix Guinard\u00f3", "latitude": 41.41337, "longitude": 2.1638099, "showAddress": true, "url": "https://www.idealista.com/inmueble/90016751/", "distance": "440", "hasVideo": true, "status": "good", "newDevelopment": false, "hasLift": true, "priceByArea": 3529.0, "detailedType": {"typology": "flat"}, "suggestedTexts": {"subtitle": "El Baix Guinard\u00f3, Barcelona", "title": "Piso en Calle de Praga, 18"}, "hasPlan": false, "has3DTour": false, "has360": true, "hasStaging": false, "topNewDevelopment": false}, {"propertyCode": "93197142", "thumbnail": "https://img3.idealista.com/blur/WEB_LISTING/0/id.pro.es.image.master/5d/25/d7/856759877.jpg", "externalReference": "A21-02", "numPhotos": 27, "floor": "2", "price": 240000.0, "propertyType": "flat", "operation": "sale", "size": 62.0, "exterior": true, "rooms": 2, "bathrooms": 1, "address": "Calle de Ramiro de Maeztu", "province": "Barcelona", "municipality": "Barcelona", "district": "Gr\u00e0cia", "country": "es", "neighborhood": "La Salut", "latitude": 41.4154896, "longitude": 2.1558354, "showAddress": false, "url": "https://www.idealista.com/inmueble/93197142/", "distance": "524", "hasVideo": false, "status": "good", "newDevelopment": false, "hasLift": false, "priceByArea": 3871.0, "detailedType": {"typology": "flat"}, "suggestedTexts": {"subtitle": "La Salut, Barcelona", "title": "Piso en Calle de Ramiro de Maeztu"}, "hasPlan": false, "has3DTour": false, "has360": false, "hasStaging": false, "topNewDevelopment": false}, {"propertyCode": "93132486", "thumbnail": "https://img3.idealista.com/blur/WEB_LISTING/0/id.pro.es.image.master/df/de/3e/855253178.jpg", "externalReference": "VB2103005", "numPhotos": 32, "floor": "5", "price": 310000.0, "propertyType": "flat", "operation": "sale", "size": 86.0, "exterior": false, "rooms": 3, "bathrooms": 1, "address": "barrio El Baix Guinard\u00f3", "province": "Barcelona", "municipality": "Barcelona", "district": "Horta Guinard\u00f3", "country": "es", "neighborhood": "El Baix Guinard\u00f3", "latitude": 41.4121498, "longitude": 2.1639359, "showAddress": false, "url": "https://www.idealista.com/inmueble/93132486/", "distance": "571", "hasVideo": true, "status": "renew", "newDevelopment": false, "hasLift": true, "priceByArea": 3605.0, "detailedType": {"typology": "flat"}, "suggestedTexts": {"subtitle": "El Baix Guinard\u00f3, Barcelona", "title": "Piso"}, "hasPlan": true, "has3DTour": false, "has360": false, "hasStaging": false, "topNewDevelopment": false}, {"propertyCode": "93126186", "thumbnail": "https://img3.idealista.com/blur/WEB_LISTING/0/id.pro.es.image.master/78/65/92/855095640.jpg", "externalReference": "BAR-2411749", "numPhotos": 29, "floor": "2", "price": 243000.0, "propertyType": "flat", "operation": "sale", "size": 60.0, "exterior": true, "rooms": 3, "bathrooms": 1, "address": "Paseo d'Amunt", "province": "Barcelona", "municipality": "Barcelona", "district": "Gr\u00e0cia", "country": "es", "neighborhood": "El Camp d'En Grassot i Gr\u00e0cia Nova", "latitude": 41.4095461, "longitude": 2.1597154, "showAddress": false, "url": "https://www.idealista.com/inmueble/93126186/", "distance": "849", "hasVideo": false, "status": "good", "newDevelopment": false, "hasLift": true, "priceByArea": 4050.0, "detailedType": {"typology": "flat"}, "suggestedTexts": {"subtitle": "El Camp d'En Grassot i Gr\u00e0cia Nova, Barcelona", "title": "Piso en Paseo d'Amunt"}, "hasPlan": true, "has3DTour": false, "has360": false, "hasStaging": false, "topNewDevelopment": false}, {"propertyCode": "92908213", "thumbnail": "https://img3.idealista.com/blur/WEB_LISTING/0/id.pro.es.image.master/b5/10/58/850802217.jpg", "externalReference": "194314", "numPhotos": 31, "floor": "1", "price": 279900.0, "propertyType": "flat", "operation": "sale", "size": 96.0, "exterior": true, "rooms": 3, "bathrooms": 1, "address": "Calle de Montserrat de Casanovas, 217", "province": "Barcelona", "municipality": "Barcelona", "district": "Horta Guinard\u00f3", "country": "es", "neighborhood": "El Carmel", "latitude": 41.4218411, "longitude": 2.1596197, "showAddress": true, "url": "https://www.idealista.com/inmueble/92908213/", "distance": "564", "hasVideo": true, "status": "good", "newDevelopment": false, "hasLift": true, "priceByArea": 2916.0, "detailedType": {"typology": "flat"}, "suggestedTexts": {"subtitle": "El Carmel, Barcelona", "title": "Piso en Calle de Montserrat de Casanovas, 217"}, "hasPlan": true, "has3DTour": false, "has360": false, "hasStaging": false, "topNewDevelopment": false}, {"propertyCode": "93127213", "thumbnail": "https://img3.idealista.com/blur/WEB_LISTING/0/id.pro.es.image.master/1d/62/3e/855121027.jpg", "externalReference": "CHV731", "numPhotos": 21, "floor": "1", "price": 279000.0, "propertyType": "flat", "operation": "sale", "size": 67.0, "exterior": true, "rooms": 3, "bathrooms": 1, "address": "Calle de les Cam\u00e8lies", "province": "Barcelona", "municipality": "Barcelona", "district": "Horta Guinard\u00f3", "country": "es", "neighborhood": "El Baix Guinard\u00f3", "latitude": 41.4125286, "longitude": 2.1652618, "showAddress": false, "url": "https://www.idealista.com/inmueble/93127213/", "distance": "578", "hasVideo": true, "status": "good", "newDevelopment": false, "hasLift": true, "priceByArea": 4164.0, "detailedType": {"typology": "flat"}, "suggestedTexts": {"subtitle": "El Baix Guinard\u00f3, Barcelona", "title": "Piso en Calle de les Cam\u00e8lies"}, "hasPlan": true, "has3DTour": false, "has360": false, "hasStaging": false, "topNewDevelopment": false}, {"propertyCode": "91316984", "thumbnail": "https://img3.idealista.com/blur/WEB_LISTING/0/id.pro.es.image.master/27/cf/86/811797943.jpg", "externalReference": "114146", "numPhotos": 23, "floor": "4", "price": 198000.0, "propertyType": "flat", "operation": "sale", "size": 40.0, "exterior": true, "rooms": 1, "bathrooms": 1, "address": "barrio El Baix Guinard\u00f3", "province": "Barcelona", "municipality": "Barcelona", "district": "Horta Guinard\u00f3", "country": "es", "neighborhood": "El Baix Guinard\u00f3", "latitude": 41.4133965, "longitude": 2.1707862, "showAddress": false, "url": "https://www.idealista.com/inmueble/91316984/", "distance": "852", "hasVideo": false, "status": "good", "newDevelopment": false, "hasLift": true, "priceByArea": 4950.0, "detailedType": {"typology": "flat"}, "suggestedTexts": {"subtitle": "El Baix Guinard\u00f3, Barcelona", "title": "Piso"}, "hasPlan": true, "has3DTour": false, "has360": false, "hasStaging": false, "topNewDevelopment": false}, {"propertyCode": "85097689", "thumbnail": "https://img3.idealista.com/blur/WEB_LISTING/0/id.pro.es.image.master/e6/7b/96/755899334.jpg", "externalReference": "W-02FFBR", "numPhotos": 31, "floor": "bj", "price": 239000.0, "propertyType": "flat", "operation": "sale", "size": 72.0, "exterior": false, "rooms": 2, "bathrooms": 1, "address": "barrio Can Bar\u00f3", "province": "Barcelona", "municipality": "Barcelona", "district": "Horta Guinard\u00f3", "country": "es", "neighborhood": "Can Bar\u00f3", "latitude": 41.4149511, "longitude": 2.1599368, "showAddress": false, "url": "https://www.idealista.com/inmueble/85097689/", "distance": "277", "hasVideo": false, "status": "good", "newDevelopment": false, "hasLift": false, "priceByArea": 3319.0, "detailedType": {"typology": "flat"}, "suggestedTexts": {"subtitle": "Can Bar\u00f3, Barcelona", "title": "Piso"}, "hasPlan": true, "has3DTour": false, "has360": false, "hasStaging": false, "topNewDevelopment": false}, {"propertyCode": "92132969", "thumbnail": "https://img3.idealista.com/blur/WEB_LISTING/0/id.pro.es.image.master/d0/1e/c3/831791224.jpg", "externalReference": "313820", "numPhotos": 26, "price": 160000.0, "propertyType": "flat", "operation": "sale", "size": 88.0, "exterior": true, "rooms": 3, "bathrooms": 1, "address": "Calle del Passarell, 63", "province": "Barcelona", "municipality": "Barcelona", "district": "Horta Guinard\u00f3", "country": "es", "neighborhood": "El Carmel", "latitude": 41.420985, "longitude": 2.1591425, "showAddress": true, "url": "https://www.idealista.com/inmueble/92132969/", "distance": "491", "hasVideo": true, "status": "good", "newDevelopment": false, "hasLift": false, "priceByArea": 1818.0, "detailedType": {"typology": "flat"}, "suggestedTexts": {"subtitle": "El Carmel, Barcelona", "title": "Piso en Calle del Passarell, 63"}, "hasPlan": true, "has3DTour": false, "has360": false, "hasStaging": false, "topNewDevelopment": false}, {"propertyCode": "91556760", "thumbnail": "https://img3.idealista.com/blur/WEB_LISTING/0/id.pro.es.image.master/eb/d0/a9/817413636.jpg", "externalReference": "300106", "numPhotos": 23, "floor": "3", "price": 353000.0, "propertyType": "flat", "operation": "sale", "size": 71.0, "exterior": true, "rooms": 2, "bathrooms": 2, "address": "Ronda del Guinard\u00f3 s/n", "province": "Barcelona", "municipality": "Barcelona", "district": "Horta Guinard\u00f3", "country": "es", "neighborhood": "El Baix Guinard\u00f3", "latitude": 41.4128496, "longitude": 2.1680045, "showAddress": true, "url": "https://www.idealista.com/inmueble/91556760/", "distance": "696", "hasVideo": true, "status": "good", "newDevelopment": false, "hasLift": true, "priceByArea": 4972.0, "detailedType": {"typology": "flat"}, "suggestedTexts": {"subtitle": "El Baix Guinard\u00f3, Barcelona", "title": "Piso en Ronda del Guinard\u00f3 s/n"}, "hasPlan": true, "has3DTour": false, "has360": false, "hasStaging": false, "topNewDevelopment": false}, {"propertyCode": "93128741", "thumbnail": "https://img3.idealista.com/blur/WEB_LISTING/0/id.pro.es.image.master/b3/c5/51/855157030.jpg", "externalReference": "0100", "numPhotos": 32, "floor": "5", "price": 310000.0, "propertyType": "flat", "operation": "sale", "size": 86.0, "exterior": true, "rooms": 3, "bathrooms": 1, "address": "Calle de Praga", "province": "Barcelona", "municipality": "Barcelona", "district": "Horta Guinard\u00f3", "country": "es", "neighborhood": "El Baix Guinard\u00f3", "latitude": 41.4132498, "longitude": 2.1621359, "showAddress": false, "url": "https://www.idealista.com/inmueble/93128741/", "distance": "421", "hasVideo": false, "status": "good", "newDevelopment": false, "hasLift": true, "priceByArea": 3605.0, "detailedType": {"typology": "flat"}, "suggestedTexts": {"subtitle": "El Baix Guinard\u00f3, Barcelona", "title": "Piso en Calle de Praga"}, "hasPlan": true, "has3DTour": false, "has360": false, "hasStaging": false, "topNewDevelopment": false}, {"propertyCode": "93070399", "thumbnail": "https://img3.idealista.com/blur/WEB_LISTING/0/id.pro.es.image.master/50/47/52/853758849.jpg", "externalReference": "BAR-8082940", "numPhotos": 38, "floor": "2", "price": 485000.0, "propertyType": "flat", "operation": "sale", "size": 140.0, "exterior": true, "rooms": 4, "bathrooms": 2, "address": "Avenida de la Mare de D\u00e9u de Montserrat", "province": "Barcelona", "municipality": "Barcelona", "district": "Horta Guinard\u00f3", "country": "es", "neighborhood": "Can Bar\u00f3", "latitude": 41.4150024, "longitude": 2.1642231, "showAddress": false, "url": "https://www.idealista.com/inmueble/93070399/", "distance": "303", "hasVideo": false, "status": "good", "newDevelopment": false, "hasLift": true, "priceByArea": 3464.0, "detailedType": {"typology": "flat"}, "suggestedTexts": {"subtitle": "Can Bar\u00f3, Barcelona", "title": "Piso en Avenida de la Mare de D\u00e9u de Montserrat"}, "hasPlan": true, "has3DTour": false, "has360": false, "hasStaging": false, "topNewDevelopment": false}, {"propertyCode": "92156570", "thumbnail": "https://img3.idealista.com/blur/WEB_LISTING/0/id.pro.es.image.master/13/ab/99/832310092.jpg", "externalReference": "project-1128", "numPhotos": 32, "floor": "4", "price": 240000.0, "propertyType": "flat", "operation": "sale", "size": 77.0, "exterior": true, "rooms": 3, "bathrooms": 1, "address": "Avenida de la Mare de D\u00e9u de Montserrat", "province": "Barcelona", "municipality": "Barcelona", "district": "Horta Guinard\u00f3", "country": "es", "neighborhood": "El Guinard\u00f3", "latitude": 41.4160771, "longitude": 2.1706281, "showAddress": false, "url": "https://www.idealista.com/inmueble/92156570/", "distance": "745", "hasVideo": true, "status": "good", "newDevelopment": false, "hasLift": true, "priceByArea": 3117.0, "detailedType": {"typology": "flat"}, "suggestedTexts": {"subtitle": "El Guinard\u00f3, Barcelona", "title": "Piso en Avenida de la Mare de D\u00e9u de Montserrat"}, "hasPlan": true, "has3DTour": false, "has360": false, "hasStaging": false, "topNewDevelopment": false}, {"propertyCode": "91517664", "thumbnail": "https://img3.idealista.com/blur/WEB_LISTING/0/id.pro.es.image.master/84/ac/33/816463285.jpg", "externalReference": "CASA GRACIA", "numPhotos": 32, "price": 430000.0, "propertyType": "chalet", "operation": "sale", "size": 150.0, "exterior": false, "rooms": 3, "bathrooms": 2, "address": "Passatge de Bismarck", "province": "Barcelona", "municipality": "Barcelona", "district": "Horta Guinard\u00f3", "country": "es", "neighborhood": "Can Bar\u00f3", "latitude": 41.4140228, "longitude": 2.1610523, "showAddress": false, "url": "https://www.idealista.com/inmueble/91517664/", "distance": "339", "hasVideo": true, "status": "good", "newDevelopment": false, "priceByArea": 2867.0, "detailedType": {"typology": "chalet", "subTypology": "semidetachedHouse"}, "suggestedTexts": {"subtitle": "Can Bar\u00f3, Barcelona", "title": "Chalet pareado en Passatge de Bismarck"}, "hasPlan": true, "has3DTour": false, "has360": false, "hasStaging": false, "topNewDevelopment": false}, {"propertyCode": "90339872", "thumbnail": "https://img3.idealista.com/blur/WEB_LISTING/0/id.pro.es.image.master/31/56/b3/788508145.jpg", "externalReference": "RDA.GUINARDO VENTA", "numPhotos": 34, "floor": "1", "price": 229000.0, "propertyType": "flat", "operation": "sale", "size": 75.0, "exterior": true, "rooms": 3, "bathrooms": 1, "address": "Ronda del Guinard\u00f3", "province": "Barcelona", "municipality": "Barcelona", "district": "Horta Guinard\u00f3", "country": "es", "neighborhood": "El Baix Guinard\u00f3", "latitude": 41.410054, "longitude": 2.1655175, "showAddress": false, "url": "https://www.idealista.com/inmueble/90339872/", "distance": "835", "hasVideo": true, "status": "good", "newDevelopment": false, "hasLift": true, "priceByArea": 3053.0, "detailedType": {"typology": "flat"}, "suggestedTexts": {"subtitle": "El Baix Guinard\u00f3, Barcelona", "title": "Piso en Ronda del Guinard\u00f3"}, "hasPlan": true, "has3DTour": false, "has360": false, "hasStaging": false, "topNewDevelopment": false}, {"propertyCode": "93131345", "thumbnail": "https://img3.idealista.com/blur/WEB_LISTING/0/id.pro.es.image.master/74/35/08/855224448.jpg", "externalReference": "1854", "numPhotos": 9, "floor": "bj", "price": 219000.0, "propertyType": "flat", "operation": "sale", "size": 92.0, "exterior": true, "rooms": 3, "bathrooms": 1, "address": "Calle de Llorens i Barba", "province": "Barcelona", "municipality": "Barcelona", "district": "Horta Guinard\u00f3", "country": "es", "neighborhood": "El Baix Guinard\u00f3", "latitude": 41.412525, "longitude": 2.1687392, "showAddress": false, "url": "https://www.idealista.com/inmueble/93131345/", "distance": "766", "hasVideo": true, "status": "good", "newDevelopment": false, "hasLift": true, "priceByArea": 2380.0, "detailedType": {"typology": "flat"}, "suggestedTexts": {"subtitle": "El Baix Guinard\u00f3, Barcelona", "title": "Piso en Calle de Llorens i Barba"}, "hasPlan": true, "has3DTour": false, "has360": false, "hasStaging": false, "topNewDevelopment": false}, {"propertyCode": "92596814", "thumbnail": "https://img3.idealista.com/blur/WEB_LISTING/0/id.pro.es.image.master/f7/e6/6b/843595961.jpg", "numPhotos": 26, "floor": "1", "price": 198000.0, "propertyType": "flat", "operation": "sale", "size": 85.0, "exterior": true, "rooms": 3, "bathrooms": 1, "address": "Calle de Vars\u00f2via", "province": "Barcelona", "municipality": "Barcelona", "district": "Horta Guinard\u00f3", "country": "es", "neighborhood": "El Guinard\u00f3", "latitude": 41.4190848, "longitude": 2.1710953, "showAddress": false, "url": "https://www.idealista.com/inmueble/92596814/", "distance": "809", "hasVideo": true, "status": "good", "newDevelopment": false, "hasLift": false, "priceByArea": 2329.0, "detailedType": {"typology": "flat"}, "suggestedTexts": {"subtitle": "El Guinard\u00f3, Barcelona", "title": "Piso en Calle de Vars\u00f2via"}, "hasPlan": true, "has3DTour": false, "has360": false, "hasStaging": false, "topNewDevelopment": false}, {"propertyCode": "92422163", "thumbnail": "https://img3.idealista.com/blur/WEB_LISTING/0/id.pro.es.image.master/e0/3f/3f/839271809.jpg", "externalReference": "V0224K", "numPhotos": 26, "floor": "2", "price": 460000.0, "propertyType": "flat", "operation": "sale", "size": 115.0, "exterior": true, "rooms": 4, "bathrooms": 2, "address": "Traves\u00eda de Dalt", "province": "Barcelona", "municipality": "Barcelona", "district": "Gr\u00e0cia", "country": "es", "neighborhood": "La Salut", "latitude": 41.4121022, "longitude": 2.1585794, "showAddress": false, "url": "https://www.idealista.com/inmueble/92422163/", "distance": "609", "hasVideo": false, "status": "good", "newDevelopment": false, "hasLift": true, "priceByArea": 4000.0, "detailedType": {"typology": "flat"}, "suggestedTexts": {"subtitle": "La Salut, Barcelona", "title": "Piso en Traves\u00eda de Dalt"}, "hasPlan": true, "has3DTour": false, "has360": false, "hasStaging": false, "topNewDevelopment": false}, {"propertyCode": "91305578", "thumbnail": "https://img3.idealista.com/blur/WEB_LISTING/0/id.pro.es.image.master/27/cb/59/811535501.jpg", "externalReference": "1788", "numPhotos": 14, "floor": "1", "price": 170000.0, "propertyType": "flat", "operation": "sale", "size": 59.0, "exterior": false, "rooms": 3, "bathrooms": 1, "address": "calderon de la barca", "province": "Barcelona", "municipality": "Barcelona", "district": "Horta Guinard\u00f3", "country": "es", "neighborhood": "El Carmel", "latitude": 41.422576, "longitude": 2.1548668, "showAddress": false, "url": "https://www.idealista.com/inmueble/91305578/", "distance": "844", "hasVideo": true, "status": "good", "newDevelopment": false, "hasLift": false, "priceByArea": 2881.0, "detailedType": {"typology": "flat"}, "suggestedTexts": {"subtitle": "El Carmel, Barcelona", "title": "Piso en calderon de la barca"}, "hasPlan": true, "has3DTour": false, "has360": false, "hasStaging": false, "topNewDevelopment": false}, {"propertyCode": "87573968", "thumbnail": "https://img3.idealista.com/blur/WEB_LISTING/0/id.pro.es.image.master/fc/c4/21/725215516.jpg", "externalReference": "4143", "numPhotos": 15, "price": 249000.0, "propertyType": "flat", "operation": "sale", "size": 75.0, "exterior": true, "rooms": 3, "bathrooms": 1, "address": "Calle de Padilla", "province": "Barcelona", "municipality": "Barcelona", "district": "Horta Guinard\u00f3", "country": "es", "neighborhood": "El Baix Guinard\u00f3", "latitude": 41.4125772, "longitude": 2.170107, "showAddress": false, "url": "https://www.idealista.com/inmueble/87573968/", "distance": "852", "hasVideo": false, "status": "good", "newDevelopment": false, "hasLift": true, "priceByArea": 3320.0, "detailedType": {"typology": "flat"}, "suggestedTexts": {"subtitle": "El Baix Guinard\u00f3, Barcelona", "title": "Piso en Calle de Padilla"}, "hasPlan": true, "has3DTour": false, "has360": false, "hasStaging": false, "topNewDevelopment": false}]