[{"propertyCode": "92228558", "thumbnail": "https://img3.idealista.com/blur/WEB_LISTING/0/id.pro.es.image.master/8d/4c/bd/834217811.jpg", "externalReference": "4399", "numPhotos": 32, "floor": "7", "price": 490000.0, "propertyType": "flat", "operation": "sale", "size": 125.0, "exterior": true, "rooms": 4, "bathrooms": 2, "address": "Gran Via de Carles III", "province": "Barcelona", "municipality": "Barcelona", "district": "Les Corts", "country": "es", "neighborhood": "La Maternitat i Sant Ramon", "latitude": 41.3848586, "longitude": 2.1255646, "showAddress": false, "url": "https://www.idealista.com/inmueble/92228558/", "distance": "751", "hasVideo": true, "status": "renew", "newDevelopment": false, "hasLift": true, "priceByArea": 3920.0, "detailedType": {"typology": "flat"}, "suggestedTexts": {"subtitle": "La Maternitat i Sant Ramon, Barcelona", "title": "Piso en Gran Via de Carles III"}, "hasPlan": true, "has3DTour": false, "has360": true, "hasStaging": false, "topNewDevelopment": false}, {"propertyCode": "92108611", "thumbnail": "https://img3.idealista.com/blur/WEB_LISTING/0/id.pro.es.image.master/8b/43/21/835989983.jpg", "externalReference": "VB2012017", "numPhotos": 27, "floor": "3", "price": 410000.0, "propertyType": "flat", "operation": "sale", "size": 98.0, "exterior": true, "rooms": 4, "bathrooms": 2, "address": "barrio La Maternitat i Sant Ramon", "province": "Barcelona", "municipality": "Barcelona", "district": "Les Corts", "country": "es", "neighborhood": "La Maternitat i Sant Ramon", "latitude": 41.3784791, "longitude": 2.1234518, "showAddress": false, "url": "https://www.idealista.com/inmueble/92108611/", "distance": "375", "hasVideo": true, "status": "good", "newDevelopment": false, "hasLift": true, "priceByArea": 4184.0, "detailedType": {"typology": "flat"}, "suggestedTexts": {"subtitle": "La Maternitat i Sant Ramon, Barcelona", "title": "Piso"}, "hasPlan": true, "has3DTour": false, "has360": true, "hasStaging": false, "topNewDevelopment": false}, {"propertyCode": "92002091", "thumbnail": "https://img3.idealista.com/blur/WEB_LISTING/0/id.pro.es.image.master/bf/8e/86/828369627.jpg", "externalReference": "v40", "numPhotos": 30, "floor": "3", "price": 410000.0, "propertyType": "flat", "operation": "sale", "size": 101.0, "exterior": true, "rooms": 4, "bathrooms": 2, "address": "Calle Benavent, 8", "province": "Barcelona", "municipality": "Barcelona", "district": "Les Corts", "country": "es", "neighborhood": "La Maternitat i Sant Ramon", "latitude": 41.3779791, "longitude": 2.1254518, "showAddress": true, "url": "https://www.idealista.com/inmueble/92002091/", "distance": "549", "hasVideo": true, "status": "good", "newDevelopment": false, "hasLift": true, "priceByArea": 4059.0, "detailedType": {"typology": "flat"}, "suggestedTexts": {"subtitle": "La Maternitat i Sant Ramon, Barcelona", "title": "Piso en Calle Benavent, 8"}, "hasPlan": true, "has3DTour": false, "has360": true, "hasStaging": false, "topNewDevelopment": false}, {"propertyCode": "92811075", "thumbnail": "https://img3.idealista.com/blur/WEB_LISTING/0/id.pro.es.image.master/94/86/92/848677750.jpg", "externalReference": "GVVSA38", "numPhotos": 27, "floor": "2", "price": 695000.0, "propertyType": "flat", "operation": "sale", "size": 146.0, "exterior": true, "rooms": 4, "bathrooms": 3, "address": "Calle de Sabino Arana", "province": "Barcelona", "municipality": "Barcelona", "district": "Les Corts", "country": "es", "neighborhood": "La Maternitat i Sant Ramon", "latitude": 41.3844759, "longitude": 2.1230717, "showAddress": false, "url": "https://www.idealista.com/inmueble/92811075/", "distance": "590", "hasVideo": true, "status": "good", "newDevelopment": false, "hasLift": true, "priceByArea": 4760.0, "detailedType": {"typology": "flat"}, "suggestedTexts": {"subtitle": "La Maternitat i Sant Ramon, Barcelona", "title": "Piso en Calle de Sabino Arana"}, "hasPlan": true, "has3DTour": false, "has360": true, "hasStaging": false, "topNewDevelopment": false}, {"propertyCode": "91903585", "thumbnail": "https://img3.idealista.com/blur/WEB_LISTING/0/id.pro.es.image.master/2d/db/44/826096760.jpg", "externalReference": "CB_BCN_0376_V", "numPhotos": 33, "floor": "9", "price": 475000.0, "propertyType": "penthouse", "operation": "sale", "size": 124.0, "exterior": true, "rooms": 3, "bathrooms": 2, "address": "Calle del Comandant Ben\u00edtez", "province": "Barcelona", "municipality": "Barcelona", "district": "Les Corts", "country": "es", "neighborhood": "La Maternitat i Sant Ramon", "latitude": 41.3799546, "longitude": 2.1285386, "showAddress": false, "url": "https://www.idealista.com/inmueble/91903585/", "distance": "762", "hasVideo": true, "status": "good", "newDevelopment": false, "hasLift": true, "priceByArea": 3831.0, "detailedType": {"typology": "flat", "subTypology": "penthouse"}, "suggestedTexts": {"subtitle": "La Maternitat i Sant Ramon, Barcelona", "title": "\u00c1tico en Calle del Comandant Ben\u00edtez"}, "hasPlan": true, "has3DTour": false, "has360": true, "hasStaging": false, "topNewDevelopment": false}, {"propertyCode": "92604975", "thumbnail": "https://img3.idealista.com/blur/WEB_LISTING/0/id.pro.es.image.master/7d/5f/22/843807498.jpg", "externalReference": "VB2101034", "numPhotos": 19, "floor": "5", "price": 199000.0, "propertyType": "flat", "operation": "sale", "size": 48.0, "exterior": true, "rooms": 2, "bathrooms": 1, "address": "barrio Sants - Badal", "province": "Barcelona", "municipality": "Barcelona", "district": "Sants-Montju\u00efc", "country": "es", "neighborhood": "Sants - Badal", "latitude": 41.3764138, "longitude": 2.1240547, "showAddress": false, "url": "https://www.idealista.com/inmueble/92604975/", "distance": "551", "hasVideo": true, "status": "renew", "newDevelopment": false, "hasLift": true, "priceByArea": 4146.0, "detailedType": {"typology": "flat"}, "suggestedTexts": {"subtitle": "Sants - Badal, Barcelona", "title": "Piso"}, "hasPlan": true, "has3DTour": false, "has360": true, "hasStaging": false, "topNewDevelopment": false}, {"propertyCode": "89805610", "thumbnail": "https://img3.idealista.com/blur/WEB_LISTING/0/id.pro.es.image.master/e4/86/0c/777444095.jpg", "externalReference": "729-20V", "numPhotos": 29, "floor": "bj", "price": 490000.0, "propertyType": "duplex", "operation": "sale", "size": 170.0, "exterior": true, "rooms": 3, "bathrooms": 3, "address": "Carretera de Collblanc", "province": "Barcelona", "municipality": "Barcelona", "district": "Les Corts", "country": "es", "neighborhood": "La Maternitat i Sant Ramon", "latitude": 41.3745411, "longitude": 2.1135981, "showAddress": false, "url": "https://www.idealista.com/inmueble/89805610/", "distance": "770", "hasVideo": false, "status": "good", "newDevelopment": false, "hasLift": true, "priceByArea": 2882.0, "detailedType": {"typology": "flat", "subTypology": "duplex"}, "suggestedTexts": {"subtitle": "La Maternitat i Sant Ramon, Barcelona", "title": "D\u00faplex en Carretera de Collblanc"}, "hasPlan": false, "has3DTour": false, "has360": true, "hasStaging": false, "topNewDevelopment": false}, {"propertyCode": "92775766", "thumbnail": "https://img3.idealista.com/blur/WEB_LISTING/0/id.pro.es.image.master/c0/33/f5/847840861.jpg", "externalReference": "0105-679-924-V", "numPhotos": 24, "floor": "6", "price": 433000.0, "propertyType": "flat", "operation": "sale", "size": 120.0, "exterior": true, "rooms": 3, "bathrooms": 2, "address": "Avenida de Madrid", "province": "Barcelona", "municipality": "Barcelona", "district": "Sants-Montju\u00efc", "country": "es", "neighborhood": "Sants - Badal", "latitude": 41.3755234, "longitude": 2.1263978, "showAddress": false, "url": "https://www.idealista.com/inmueble/92775766/", "distance": "762", "hasVideo": true, "status": "good", "newDevelopment": false, "hasLift": true, "priceByArea": 3608.0, "detailedType": {"typology": "flat"}, "suggestedTexts": {"subtitle": "Sants - Badal, Barcelona", "title": "Piso en Avenida de Madrid"}, "hasPlan": true, "has3DTour": false, "has360": false, "hasStaging": false, "topNewDevelopment": false}, {"propertyCode": "92742590", "thumbnail": "https://img3.idealista.com/blur/WEB_LISTING/0/id.pro.es.image.master/84/18/11/847017420.jpg", "externalReference": "CB_BCN_0411_V", "numPhotos": 24, "floor": "1", "price": 162000.0, "propertyType": "flat", "operation": "sale", "size": 80.0, "exterior": true, "rooms": 4, "bathrooms": 1, "address": "Calle Dos de Maig", "province": "Barcelona", "municipality": "Hospitalet de Llobregat", "district": "Collblanc", "country": "es", "neighborhood": "Collblanc", "latitude": 41.3753714, "longitude": 2.1167981, "showAddress": false, "url": "https://www.idealista.com/inmueble/92742590/", "distance": "552", "hasVideo": true, "status": "renew", "newDevelopment": false, "hasLift": false, "priceByArea": 2025.0, "detailedType": {"typology": "flat"}, "suggestedTexts": {"subtitle": "Collblanc, Hospitalet de Llobregat", "title": "Piso en Calle Dos de Maig"}, "hasPlan": true, "has3DTour": true, "has360": false, "hasStaging": false, "topNewDevelopment": false}, {"propertyCode": "92706675", "thumbnail": "https://img3.idealista.com/blur/WEB_LISTING/0/id.pro.es.image.master/77/87/94/846113429.jpg", "externalReference": "VB2102007", "numPhotos": 30, "floor": "4", "price": 1100000.0, "propertyType": "flat", "operation": "sale", "size": 178.0, "exterior": true, "rooms": 5, "bathrooms": 3, "address": "Avenida Diagonal", "province": "Barcelona", "municipality": "Barcelona", "district": "Les Corts", "country": "es", "neighborhood": "Pedralbes", "latitude": 41.3847942, "longitude": 2.1117112, "showAddress": false, "url": "https://www.idealista.com/inmueble/92706675/", "distance": "838", "hasVideo": true, "status": "good", "newDevelopment": false, "hasLift": true, "parkingSpace": {"hasParkingSpace": true, "isParkingSpaceIncludedInPrice": true}, "priceByArea": 6180.0, "detailedType": {"typology": "flat"}, "suggestedTexts": {"subtitle": "Pedralbes, Barcelona", "title": "Piso en Avenida Diagonal"}, "hasPlan": true, "has3DTour": false, "has360": false, "hasStaging": false, "topNewDevelopment": false}, {"propertyCode": "93170341", "thumbnail": "https://img3.idealista.com/blur/WEB_LISTING/0/id.pro.es.image.master/fb/5f/25/856071155.jpg", "externalReference": "CB_BCN_0448_V", "numPhotos": 25, "floor": "6", "price": 300000.0, "propertyType": "flat", "operation": "sale", "size": 83.0, "exterior": true, "rooms": 4, "bathrooms": 2, "address": "Calle del Tenor Masini", "province": "Barcelona", "municipality": "Barcelona", "district": "Sants-Montju\u00efc", "country": "es", "neighborhood": "Sants", "latitude": 41.3788714, "longitude": 2.1294036, "showAddress": false, "url": "https://www.idealista.com/inmueble/93170341/", "distance": "843", "hasVideo": true, "status": "good", "newDevelopment": false, "hasLift": true, "priceByArea": 3614.0, "detailedType": {"typology": "flat"}, "suggestedTexts": {"subtitle": "Sants, Barcelona", "title": "Piso en Calle del Tenor Masini"}, "hasPlan": true, "has3DTour": false, "has360": false, "hasStaging": false, "topNewDevelopment": false}, {"propertyCode": "93135069", "thumbnail": "https://img3.idealista.com/blur/WEB_LISTING/0/id.pro.es.image.master/32/53/74/855314268.jpg", "externalReference": "4688", "numPhotos": 26, "floor": "9", "price": 620000.0, "propertyType": "penthouse", "operation": "sale", "size": 109.0, "exterior": true, "rooms": 3, "bathrooms": 2, "address": "Gran Via de Carles III", "province": "Barcelona", "municipality": "Barcelona", "district": "Les Corts", "country": "es", "neighborhood": "La Maternitat i Sant Ramon", "latitude": 41.3825586, "longitude": 2.1255646, "showAddress": false, "url": "https://www.idealista.com/inmueble/93135069/", "distance": "591", "hasVideo": false, "status": "good", "newDevelopment": false, "hasLift": true, "priceByArea": 5688.0, "detailedType": {"typology": "flat", "subTypology": "penthouse"}, "suggestedTexts": {"subtitle": "La Maternitat i Sant Ramon, Barcelona", "title": "\u00c1tico en Gran Via de Carles III"}, "hasPlan": false, "has3DTour": false, "has360": false, "hasStaging": false, "topNewDevelopment": false}, {"propertyCode": "91561354", "thumbnail": "https://img3.idealista.com/blur/WEB_LISTING/0/id.pro.es.image.master/27/cb/e4/817510035.jpg", "externalReference": "W-02D6M9", "numPhotos": 26, "floor": "3", "price": 399000.0, "propertyType": "flat", "operation": "sale", "size": 117.0, "exterior": false, "rooms": 3, "bathrooms": 2, "address": "barrio La Maternitat i Sant Ramon", "province": "Barcelona", "municipality": "Barcelona", "district": "Les Corts", "country": "es", "neighborhood": "La Maternitat i Sant Ramon", "latitude": 41.3780895, "longitude": 2.1173664, "showAddress": false, "url": "https://www.idealista.com/inmueble/91561354/", "distance": "266", "hasVideo": false, "status": "good", "newDevelopment": false, "hasLift": true, "priceByArea": 3410.0, "detailedType": {"typology": "flat"}, "suggestedTexts": {"subtitle": "La Maternitat i Sant Ramon, Barcelona", "title": "Piso"}, "hasPlan": true, "has3DTour": false, "has360": false, "hasStaging": false, "topNewDevelopment": false}, {"propertyCode": "91094188", "thumbnail": "https://img3.idealista.com/blur/WEB_LISTING/0/id.pro.es.image.master/62/1b/f4/806621965.jpg", "externalReference": "W-02I1QN", "numPhotos": 28, "floor": "1", "price": 295000.0, "propertyType": "flat", "operation": "sale", "size": 80.0, "exterior": false, "rooms": 3, "bathrooms": 2, "address": "barrio La Maternitat i Sant Ramon", "province": "Barcelona", "municipality": "Barcelona", "district": "Les Corts", "country": "es", "neighborhood": "La Maternitat i Sant Ramon", "latitude": 41.3785883, "longitude": 2.1233407, "showAddress": false, "url": "https://www.idealista.com/inmueble/91094188/", "distance": "361", "hasVideo": false, "status": "good", "newDevelopment": false, "hasLift": true, "priceByArea": 3688.0, "detailedType": {"typology": "flat"}, "suggestedTexts": {"subtitle": "La Maternitat i Sant Ramon, Barcelona", "title": "Piso"}, "hasPlan": true, "has3DTour": false, "has360": false, "hasStaging": false, "topNewDevelopment": false}, {"propertyCode": "93104835", "thumbnail": "https://img3.idealista.com/blur/WEB_LISTING/0/id.pro.es.image.master/4b/d7/51/854610679.jpg", "externalReference": "CARDENAL REIG / COLL", "numPhotos": 27, "floor": "bj", "price": 298000.0, "propertyType": "flat", "operation": "sale", "size": 80.0, "exterior": true, "rooms": 3, "bathrooms": 2, "address": "CARDENAL REIG, 31", "province": "Barcelona", "municipality": "Barcelona", "district": "Les Corts", "country": "es", "neighborhood": "La Maternitat i Sant Ramon", "latitude": 41.3781439, "longitude": 2.1153391, "showAddress": true, "url": "https://www.idealista.com/inmueble/93104835/", "distance": "392", "hasVideo": true, "status": "good", "newDevelopment": false, "hasLift": true, "priceByArea": 3725.0, "detailedType": {"typology": "flat"}, "suggestedTexts": {"subtitle": "La Maternitat i Sant Ramon, Barcelona", "title": "Piso en CARDENAL REIG, 31"}, "hasPlan": false, "has3DTour": false, "has360": false, "hasStaging": false, "topNewDevelopment": false}, {"propertyCode": "92479519", "thumbnail": "https://img3.idealista.com/blur/WEB_LISTING/0/id.pro.es.image.master/0a/3f/58/856506202.jpg", "externalReference": "245887", "numPhotos": 20, "floor": "1", "price": 195000.0, "propertyType": "flat", "operation": "sale", "size": 62.0, "exterior": true, "rooms": 2, "bathrooms": 1, "address": "barrio Sants - Badal", "province": "Barcelona", "municipality": "Barcelona", "district": "Sants-Montju\u00efc", "country": "es", "neighborhood": "Sants - Badal", "latitude": 41.3779113, "longitude": 2.1255687, "showAddress": false, "url": "https://www.idealista.com/inmueble/92479519/", "distance": "561", "hasVideo": false, "status": "good", "newDevelopment": false, "hasLift": true, "priceByArea": 3145.0, "detailedType": {"typology": "flat"}, "suggestedTexts": {"subtitle": "Sants - Badal, Barcelona", "title": "Piso"}, "hasPlan": true, "has3DTour": false, "has360": false, "hasStaging": false, "topNewDevelopment": false}, {"propertyCode": "93112341", "thumbnail": "https://img3.idealista.com/blur/WEB_LISTING/0/id.pro.es.image.master/6e/84/d7/854783114.jpg", "numPhotos": 25, "floor": "1", "price": 489000.0, "propertyType": "flat", "operation": "sale", "size": 118.0, "exterior": true, "rooms": 4, "bathrooms": 2, "address": "Avenida de Madrid s/n", "province": "Barcelona", "municipality": "Barcelona", "district": "Les Corts", "country": "es", "neighborhood": "Les Corts", "latitude": 41.3793697, "longitude": 2.1291354, "showAddress": true, "url": "https://www.idealista.com/inmueble/93112341/", "distance": "814", "hasVideo": false, "status": "good", "newDevelopment": false, "hasLift": true, "priceByArea": 4144.0, "detailedType": {"typology": "flat"}, "suggestedTexts": {"subtitle": "Les Corts, Barcelona", "title": "Piso en Avenida de Madrid s/n"}, "hasPlan": false, "has3DTour": false, "has360": false, "hasStaging": false, "topNewDevelopment": false}, {"propertyCode": "92962742", "thumbnail": "https://img3.idealista.com/blur/WEB_LISTING/0/id.pro.es.image.master/0f/fe/56/852124019.jpg", "externalReference": "0109-679-224-V", "numPhotos": 25, "floor": "1", "price": 283000.0, "propertyType": "flat", "operation": "sale", "size": 77.0, "exterior": true, "rooms": 3, "bathrooms": 1, "address": "Calle d'Em\u00e8rita Augusta", "province": "Barcelona", "municipality": "Barcelona", "district": "Les Corts", "country": "es", "neighborhood": "La Maternitat i Sant Ramon", "latitude": 41.3786525, "longitude": 2.1277291, "showAddress": false, "url": "https://www.idealista.com/inmueble/92962742/", "distance": "709", "hasVideo": true, "status": "renew", "newDevelopment": false, "hasLift": true, "priceByArea": 3675.0, "detailedType": {"typology": "flat"}, "suggestedTexts": {"subtitle": "La Maternitat i Sant Ramon, Barcelona", "title": "Piso en Calle d'Em\u00e8rita Augusta"}, "hasPlan": true, "has3DTour": false, "has360": false, "hasStaging": false, "topNewDevelopment": false}, {"propertyCode": "92957827", "thumbnail": "https://img3.idealista.com/blur/WEB_LISTING/0/id.pro.es.image.master/67/0a/69/851998857.jpg", "externalReference": "CB_BCN_0434_V", "numPhotos": 33, "floor": "6", "price": 720000.0, "propertyType": "flat", "operation": "sale", "size": 190.0, "exterior": true, "rooms": 5, "bathrooms": 3, "address": "Calle d'Em\u00e8rita Augusta", "province": "Barcelona", "municipality": "Barcelona", "district": "Les Corts", "country": "es", "neighborhood": "La Maternitat i Sant Ramon", "latitude": 41.3773888, "longitude": 2.1252041, "showAddress": false, "url": "https://www.idealista.com/inmueble/92957827/", "distance": "561", "hasVideo": true, "status": "good", "newDevelopment": false, "hasLift": true, "priceByArea": 3789.0, "detailedType": {"typology": "flat"}, "suggestedTexts": {"subtitle": "La Maternitat i Sant Ramon, Barcelona", "title": "Piso en Calle d'Em\u00e8rita Augusta"}, "hasPlan": true, "has3DTour": false, "has360": false, "hasStaging": false, "topNewDevelopment": false}, {"propertyCode": "92807156", "thumbnail": "https://img3.idealista.com/blur/WEB_LISTING/0/id.pro.es.image.master/cd/e5/24/848587794.jpg", "externalReference": "0104-655-935-V", "numPhotos": 27, "floor": "bj", "price": 298500.0, "propertyType": "flat", "operation": "sale", "size": 77.0, "exterior": false, "rooms": 4, "bathrooms": 2, "address": "Calle del Comandant Ben\u00edtez", "province": "Barcelona", "municipality": "Barcelona", "district": "Les Corts", "country": "es", "neighborhood": "La Maternitat i Sant Ramon", "latitude": 41.3804659, "longitude": 2.127825, "showAddress": false, "url": "https://www.idealista.com/inmueble/92807156/", "distance": "705", "hasVideo": true, "status": "good", "newDevelopment": false, "hasLift": true, "priceByArea": 3877.0, "detailedType": {"typology": "flat"}, "suggestedTexts": {"subtitle": "La Maternitat i Sant Ramon, Barcelona", "title": "Piso en Calle del Comandant Ben\u00edtez"}, "hasPlan": true, "has3DTour": true, "has360": false, "hasStaging": false, "topNewDevelopment": false}, {"propertyCode": "92759121", "thumbnail": "https://img3.idealista.com/blur/WEB_LISTING/0/id.pro.es.image.master/40/d1/12/847454846.jpg", "externalReference": "CB_BCN_0424_V", "numPhotos": 23, "floor": "1", "price": 378500.0, "propertyType": "flat", "operation": "sale", "size": 106.0, "exterior": true, "rooms": 4, "bathrooms": 2, "address": "Avenida de Madrid", "province": "Barcelona", "municipality": "Barcelona", "district": "Les Corts", "country": "es", "neighborhood": "La Maternitat i Sant Ramon", "latitude": 41.379582, "longitude": 2.1281851, "showAddress": false, "url": "https://www.idealista.com/inmueble/92759121/", "distance": "734", "hasVideo": true, "status": "good", "newDevelopment": false, "hasLift": true, "priceByArea": 3571.0, "detailedType": {"typology": "flat"}, "suggestedTexts": {"subtitle": "La Maternitat i Sant Ramon, Barcelona", "title": "Piso en Avenida de Madrid"}, "hasPlan": true, "has3DTour": true, "has360": false, "hasStaging": false, "topNewDevelopment": false}, {"propertyCode": "92329758", "thumbnail": "https://img3.idealista.com/blur/WEB_LISTING/0/id.pro.es.image.master/33/f9/ee/842141424.jpg", "externalReference": "220973", "numPhotos": 14, "floor": "1", "price": 595000.0, "propertyType": "flat", "operation": "sale", "size": 138.0, "exterior": true, "rooms": 3, "bathrooms": 2, "address": "barrio Les Corts", "province": "Barcelona", "municipality": "Barcelona", "district": "Les Corts", "country": "es", "neighborhood": "Les Corts", "latitude": 41.3841492, "longitude": 2.1271823, "showAddress": false, "url": "https://www.idealista.com/inmueble/92329758/", "distance": "800", "hasVideo": false, "status": "good", "newDevelopment": false, "hasLift": true, "priceByArea": 4312.0, "detailedType": {"typology": "flat"}, "suggestedTexts": {"subtitle": "Les Corts, Barcelona", "title": "Piso"}, "hasPlan": true, "has3DTour": false, "has360": false, "hasStaging": false, "topNewDevelopment": false}, {"propertyCode": "92452950", "thumbnail": "https://img3.idealista.com/blur/WEB_LISTING/0/id.pro.es.image.master/4f/e6/fd/854718734.jpg", "externalReference": "CB_BCN_0408_V", "numPhotos": 27, "floor": "bj", "price": 145000.0, "propertyType": "flat", "operation": "sale", "size": 52.0, "exterior": false, "rooms": 2, "bathrooms": 2, "address": "Calle del Comandant Ben\u00edtez", "province": "Barcelona", "municipality": "Barcelona", "district": "Les Corts", "country": "es", "neighborhood": "La Maternitat i Sant Ramon", "latitude": 41.378424, "longitude": 2.1273001, "showAddress": false, "url": "https://www.idealista.com/inmueble/92452950/", "distance": "680", "hasVideo": true, "status": "renew", "newDevelopment": false, "hasLift": false, "priceByArea": 2788.0, "detailedType": {"typology": "flat"}, "suggestedTexts": {"subtitle": "La Maternitat i Sant Ramon, Barcelona", "title": "Piso en Calle del Comandant Ben\u00edtez"}, "hasPlan": true, "has3DTour": false, "has360": false, "hasStaging": false, "topNewDevelopment": false}, {"propertyCode": "91627605", "thumbnail": "https://img3.idealista.com/blur/WEB_LISTING/0/id.pro.es.image.master/c6/b4/d7/819395339.jpg", "externalReference": "CB_BCN_0361_V", "numPhotos": 21, "floor": "bj", "price": 199000.0, "propertyType": "flat", "operation": "sale", "size": 41.0, "exterior": true, "rooms": 1, "bathrooms": 1, "address": "Calle de Juan de Sada", "province": "Barcelona", "municipality": "Barcelona", "district": "Sants-Montju\u00efc", "country": "es", "neighborhood": "Sants - Badal", "latitude": 41.3773638, "longitude": 2.1289425, "showAddress": false, "url": "https://www.idealista.com/inmueble/91627605/", "distance": "846", "hasVideo": true, "status": "good", "newDevelopment": false, "hasLift": false, "priceByArea": 4854.0, "detailedType": {"typology": "flat"}, "suggestedTexts": {"subtitle": "Sants - Badal, Barcelona", "title": "Piso en Calle de Juan de Sada"}, "hasPlan": true, "has3DTour": false, "has360": false, "hasStaging": false, "topNewDevelopment": false}, {"propertyCode": "91996613", "thumbnail": "https://img3.idealista.com/blur/WEB_LISTING/0/id.pro.es.image.master/b2/e2/dc/835798882.jpg", "externalReference": "4313", "numPhotos": 29, "floor": "3", "price": 410000.0, "propertyType": "flat", "operation": "sale", "size": 101.0, "exterior": false, "rooms": 4, "bathrooms": 2, "address": "Calle de Benavent", "province": "Barcelona", "municipality": "Barcelona", "district": "Les Corts", "country": "es", "neighborhood": "La Maternitat i Sant Ramon", "latitude": 41.3760791, "longitude": 2.1261518, "showAddress": false, "url": "https://www.idealista.com/inmueble/91996613/", "distance": "708", "hasVideo": false, "status": "good", "newDevelopment": false, "hasLift": true, "priceByArea": 4059.0, "detailedType": {"typology": "flat"}, "suggestedTexts": {"subtitle": "La Maternitat i Sant Ramon, Barcelona", "title": "Piso en Calle de Benavent"}, "hasPlan": false, "has3DTour": false, "has360": false, "hasStaging": false, "topNewDevelopment": false}, {"propertyCode": "92584682", "thumbnail": "https://img3.idealista.com/blur/WEB_LISTING/0/id.pro.es.image.master/3f/8e/0e/843878194.jpg", "externalReference": "S-30370", "numPhotos": 39, "floor": "en", "price": 355000.0, "propertyType": "flat", "operation": "sale", "size": 79.0, "exterior": true, "rooms": 2, "bathrooms": 1, "address": "Calle de la Pobla de Lillet", "province": "Barcelona", "municipality": "Barcelona", "district": "Les Corts", "country": "es", "neighborhood": "Les Corts", "latitude": 41.3806321, "longitude": 2.128766, "showAddress": false, "url": "https://www.idealista.com/inmueble/92584682/", "distance": "785", "hasVideo": false, "status": "good", "newDevelopment": false, "hasLift": true, "priceByArea": 4494.0, "detailedType": {"typology": "flat"}, "suggestedTexts": {"subtitle": "Les Corts, Barcelona", "title": "Piso en Calle de la Pobla de Lillet"}, "hasPlan": true, "has3DTour": false, "has360": false, "hasStaging": false, "topNewDevelopment": false}, {"propertyCode": "92522783", "thumbnail": "https://img3.idealista.com/blur/WEB_LISTING/0/id.pro.es.image.master/ea/cf/d1/841687297.jpg", "externalReference": "S-30609", "numPhotos": 33, "floor": "1", "price": 439000.0, "propertyType": "duplex", "operation": "sale", "size": 149.0, "exterior": true, "rooms": 5, "bathrooms": 3, "address": "Calle del Pintor Pahissa", "province": "Barcelona", "municipality": "Barcelona", "district": "Les Corts", "country": "es", "neighborhood": "La Maternitat i Sant Ramon", "latitude": 41.3772613, "longitude": 2.122286, "showAddress": false, "url": "https://www.idealista.com/inmueble/92522783/", "distance": "382", "hasVideo": false, "status": "good", "newDevelopment": false, "hasLift": true, "priceByArea": 2946.0, "detailedType": {"typology": "flat", "subTypology": "duplex"}, "suggestedTexts": {"subtitle": "La Maternitat i Sant Ramon, Barcelona", "title": "D\u00faplex en Calle del Pintor Pahissa"}, "hasPlan": true, "has3DTour": true, "has360": false, "hasStaging": false, "topNewDevelopment": false}, {"propertyCode": "92066182", "thumbnail": "https://img3.idealista.com/blur/WEB_LISTING/0/id.pro.es.image.master/79/35/99/830033481.jpg", "externalReference": "JS2011-064JS", "numPhotos": 20, "floor": "4", "price": 188000.0, "propertyType": "flat", "operation": "sale", "size": 37.0, "exterior": true, "rooms": 1, "bathrooms": 1, "address": "SANTS", "province": "Barcelona", "municipality": "Barcelona", "district": "Sants-Montju\u00efc", "country": "es", "neighborhood": "Sants - Badal", "latitude": 41.3769124, "longitude": 2.1254448, "showAddress": false, "url": "https://www.idealista.com/inmueble/92066182/", "distance": "606", "hasVideo": true, "status": "good", "newDevelopment": false, "hasLift": true, "priceByArea": 5081.0, "detailedType": {"typology": "flat"}, "suggestedTexts": {"subtitle": "Sants - Badal, Barcelona", "title": "Piso en SANTS"}, "hasPlan": false, "has3DTour": false, "has360": false, "hasStaging": false, "topNewDevelopment": false}, {"propertyCode": "92749662", "thumbnail": "https://img3.idealista.com/blur/WEB_LISTING/0/id.pro.es.image.master/47/75/cc/847192072.jpg", "externalReference": "TANDEM-RIERA", "numPhotos": 20, "floor": "8", "price": 275000.0, "propertyType": "flat", "operation": "sale", "size": 70.0, "exterior": true, "rooms": 4, "bathrooms": 1, "address": "Riera blanca", "province": "Barcelona", "municipality": "Barcelona", "district": "Les Corts", "country": "es", "neighborhood": "La Maternitat i Sant Ramon", "latitude": 41.3767203, "longitude": 2.1233422, "showAddress": false, "url": "https://www.idealista.com/inmueble/92749662/", "distance": "486", "hasVideo": false, "status": "renew", "newDevelopment": false, "hasLift": true, "priceByArea": 3929.0, "detailedType": {"typology": "flat"}, "suggestedTexts": {"subtitle": "La Maternitat i Sant Ramon, Barcelona", "title": "Piso en Riera blanca"}, "hasPlan": true, "has3DTour": false, "has360": false, "hasStaging": false, "topNewDevelopment": false}, {"propertyCode": "91405551", "thumbnail": "https://img3.idealista.com/blur/WEB_LISTING/0/id.pro.es.image.master/7f/17/c6/856663155.jpg", "externalReference": "00002", "numPhotos": 20, "floor": "4", "price": 310000.0, "propertyType": "flat", "operation": "sale", "size": 71.0, "exterior": false, "rooms": 4, "bathrooms": 1, "address": "Calle de Felipe de Paz", "province": "Barcelona", "municipality": "Barcelona", "district": "Les Corts", "country": "es", "neighborhood": "La Maternitat i Sant Ramon", "latitude": 41.3778461, "longitude": 2.1253702, "showAddress": false, "url": "https://www.idealista.com/inmueble/91405551/", "distance": "549", "hasVideo": false, "status": "good", "newDevelopment": false, "hasLift": true, "priceByArea": 4366.0, "detailedType": {"typology": "flat"}, "suggestedTexts": {"subtitle": "La Maternitat i Sant Ramon, Barcelona", "title": "Piso en Calle de Felipe de Paz"}, "hasPlan": false, "has3DTour": false, "has360": false, "hasStaging": false, "topNewDevelopment": false}, {"propertyCode": "91894276", "thumbnail": "https://img3.idealista.com/blur/WEB_LISTING/0/id.pro.es.image.master/9f/f8/ae/825839974.jpg", "externalReference": "CB_BCN_0381_V", "numPhotos": 15, "floor": "1", "price": 275000.0, "propertyType": "flat", "operation": "sale", "size": 80.0, "exterior": true, "rooms": 4, "bathrooms": 1, "address": "Calle del Comandant Ben\u00edtez", "province": "Barcelona", "municipality": "Barcelona", "district": "Les Corts", "country": "es", "neighborhood": "La Maternitat i Sant Ramon", "latitude": 41.3810855, "longitude": 2.12744, "showAddress": false, "url": "https://www.idealista.com/inmueble/91894276/", "distance": "682", "hasVideo": true, "status": "good", "newDevelopment": false, "hasLift": true, "priceByArea": 3438.0, "detailedType": {"typology": "flat"}, "suggestedTexts": {"subtitle": "La Maternitat i Sant Ramon, Barcelona", "title": "Piso en Calle del Comandant Ben\u00edtez"}, "hasPlan": true, "has3DTour": false, "has360": false, "hasStaging": false, "topNewDevelopment": false}, {"propertyCode": "92329745", "thumbnail": "https://img3.idealista.com/blur/WEB_LISTING/0/id.pro.es.image.master/4b/a5/a1/843348956.jpg", "externalReference": "220970", "numPhotos": 13, "floor": "1", "price": 385000.0, "propertyType": "flat", "operation": "sale", "size": 88.0, "exterior": true, "rooms": 2, "bathrooms": 2, "address": "barrio La Maternitat i Sant Ramon", "province": "Barcelona", "municipality": "Barcelona", "district": "Les Corts", "country": "es", "neighborhood": "La Maternitat i Sant Ramon", "latitude": 41.3774721, "longitude": 2.1278128, "showAddress": false, "url": "https://www.idealista.com/inmueble/92329745/", "distance": "753", "hasVideo": false, "status": "good", "newDevelopment": false, "hasLift": true, "priceByArea": 4375.0, "detailedType": {"typology": "flat"}, "suggestedTexts": {"subtitle": "La Maternitat i Sant Ramon, Barcelona", "title": "Piso"}, "hasPlan": true, "has3DTour": false, "has360": false, "hasStaging": false, "topNewDevelopment": false}, {"propertyCode": "87055436", "thumbnail": "https://img3.idealista.com/blur/WEB_LISTING/0/id.pro.es.image.master/ca/c4/32/848301690.jpg", "externalReference": "1167", "numPhotos": 19, "floor": "1", "price": 190000.0, "propertyType": "flat", "operation": "sale", "size": 54.0, "exterior": true, "rooms": 3, "bathrooms": 1, "address": "Calle de la Riera Blanca, 57", "province": "Barcelona", "municipality": "Barcelona", "district": "Sants-Montju\u00efc", "country": "es", "neighborhood": "Sants - Badal", "latitude": 41.3735319, "longitude": 2.1245069, "showAddress": true, "url": "https://www.idealista.com/inmueble/87055436/", "distance": "829", "hasVideo": false, "status": "good", "newDevelopment": false, "hasLift": true, "priceByArea": 3519.0, "detailedType": {"typology": "flat"}, "suggestedTexts": {"subtitle": "Sants - Badal, Barcelona", "title": "Piso en Calle de la Riera Blanca, 57"}, "hasPlan": false, "has3DTour": false, "has360": false, "hasStaging": false, "topNewDevelopment": false}, {"propertyCode": "91831920", "thumbnail": "https://img3.idealista.com/blur/WEB_LISTING/0/id.pro.es.image.master/92/79/7b/801735869.jpg", "externalReference": "AABBE", "numPhotos": 18, "floor": "3", "price": 410000.0, "propertyType": "flat", "operation": "sale", "size": 101.0, "exterior": true, "rooms": 4, "bathrooms": 2, "address": "Calle Benavent", "province": "Barcelona", "municipality": "Barcelona", "district": "Les Corts", "country": "es", "neighborhood": "La Maternitat i Sant Ramon", "latitude": 41.3786791, "longitude": 2.1269518, "showAddress": false, "url": "https://www.idealista.com/inmueble/91831920/", "distance": "645", "hasVideo": true, "status": "good", "newDevelopment": false, "hasLift": true, "priceByArea": 4059.0, "detailedType": {"typology": "flat"}, "suggestedTexts": {"subtitle": "La Maternitat i Sant Ramon, Barcelona", "title": "Piso en Calle Benavent"}, "hasPlan": true, "has3DTour": false, "has360": false, "hasStaging": false, "topNewDevelopment": false}, {"propertyCode": "92748845", "thumbnail": "https://img3.idealista.com/blur/WEB_LISTING/0/id.pro.es.image.master/55/da/0b/847173717.jpg", "externalReference": "elena185badal", "numPhotos": 21, "floor": "4", "price": 185000.0, "propertyType": "flat", "operation": "sale", "size": 65.0, "exterior": true, "rooms": 3, "bathrooms": 1, "address": "Calle de Ventura Plaja", "province": "Barcelona", "municipality": "Barcelona", "district": "Sants-Montju\u00efc", "country": "es", "neighborhood": "Sants - Badal", "latitude": 41.375269, "longitude": 2.1268666, "showAddress": false, "url": "https://www.idealista.com/inmueble/92748845/", "distance": "810", "hasVideo": true, "status": "renew", "newDevelopment": false, "hasLift": true, "priceByArea": 2846.0, "detailedType": {"typology": "flat"}, "suggestedTexts": {"subtitle": "Sants - Badal, Barcelona", "title": "Piso en Calle de Ventura Plaja"}, "hasPlan": false, "has3DTour": false, "has360": false, "hasStaging": false, "topNewDevelopment": false}, {"propertyCode": "92673915", "thumbnail": "https://img3.idealista.com/blur/WEB_LISTING/0/id.pro.es.image.master/6d/a0/c1/856063433.jpg", "externalReference": "10019-Y", "numPhotos": 25, "floor": "9", "price": 450000.0, "propertyType": "penthouse", "operation": "sale", "size": 95.0, "exterior": true, "rooms": 3, "bathrooms": 1, "address": "barrio La Maternitat i Sant Ramon", "province": "Barcelona", "municipality": "Barcelona", "district": "Les Corts", "country": "es", "neighborhood": "La Maternitat i Sant Ramon", "latitude": 41.380787, "longitude": 2.1271531, "showAddress": false, "url": "https://www.idealista.com/inmueble/92673915/", "distance": "653", "hasVideo": false, "status": "good", "newDevelopment": false, "hasLift": true, "priceByArea": 4737.0, "detailedType": {"typology": "flat", "subTypology": "penthouse"}, "suggestedTexts": {"subtitle": "La Maternitat i Sant Ramon, Barcelona", "title": "\u00c1tico"}, "hasPlan": false, "has3DTour": false, "has360": false, "hasStaging": false, "topNewDevelopment": false}, {"propertyCode": "91698053", "thumbnail": "https://img3.idealista.com/blur/WEB_LISTING/0/id.pro.es.image.master/b5/14/40/848436253.jpg", "externalReference": "00071", "numPhotos": 36, "floor": "2", "price": 199000.0, "propertyType": "flat", "operation": "sale", "size": 103.0, "exterior": false, "rooms": 3, "bathrooms": 1, "address": "barrio Collblanc", "province": "Barcelona", "municipality": "Hospitalet de Llobregat", "district": "Collblanc", "country": "es", "neighborhood": "Collblanc", "latitude": 41.3724082, "longitude": 2.1210596, "showAddress": false, "url": "https://www.idealista.com/inmueble/91698053/", "distance": "848", "hasVideo": false, "status": "good", "newDevelopment": false, "hasLift": false, "priceByArea": 1932.0, "detailedType": {"typology": "flat"}, "suggestedTexts": {"subtitle": "Collblanc, Hospitalet de Llobregat", "title": "Piso"}, "hasPlan": false, "has3DTour": false, "has360": false, "hasStaging": false, "topNewDevelopment": false}, {"propertyCode": "91543861", "thumbnail": "https://img3.idealista.com/blur/WEB_LISTING/0/id.pro.es.image.master/0d/d4/b8/835512932.jpg", "externalReference": "2-ST044", "numPhotos": 22, "floor": "2", "price": 279000.0, "propertyType": "flat", "operation": "sale", "size": 67.0, "exterior": true, "rooms": 2, "bathrooms": 1, "address": "Calle de Portbou", "province": "Barcelona", "municipality": "Barcelona", "district": "Sants-Montju\u00efc", "country": "es", "neighborhood": "Sants - Badal", "latitude": 41.3778445, "longitude": 2.1264747, "showAddress": false, "url": "https://www.idealista.com/inmueble/91543861/", "distance": "634", "hasVideo": false, "status": "good", "newDevelopment": false, "hasLift": true, "priceByArea": 4164.0, "detailedType": {"typology": "flat"}, "suggestedTexts": {"subtitle": "Sants - Badal, Barcelona", "title": "Piso en Calle de Portbou"}, "hasPlan": true, "has3DTour": false, "has360": true, "hasStaging": false, "topNewDevelopment": false}, {"propertyCode": "89956886", "thumbnail": "https://img3.idealista.com/blur/WEB_LISTING/0/id.pro.es.image.master/09/c9/82/780158192.jpg", "externalReference": "263641", "numPhotos": 24, "floor": "5", "price": 380000.0, "propertyType": "flat", "operation": "sale", "size": 101.0, "exterior": true, "rooms": 3, "bathrooms": 2, "address": "Carretera de Collblanc, 119", "province": "Barcelona", "municipality": "Hospitalet de Llobregat", "district": "Collblanc", "country": "es", "neighborhood": "Collblanc", "latitude": 41.3757211, "longitude": 2.1137183, "showAddress": true, "url": "https://www.idealista.com/inmueble/89956886/", "distance": "666", "hasVideo": true, "status": "good", "newDevelopment": false, "hasLift": true, "parkingSpace": {"hasParkingSpace": true, "isParkingSpaceIncludedInPrice": false, "parkingSpacePrice": 20000.0}, "priceByArea": 3762.0, "detailedType": {"typology": "flat"}, "suggestedTexts": {"subtitle": "Collblanc, Hospitalet de Llobregat", "title": "Piso en Carretera de Collblanc, 119"}, "hasPlan": true, "has3DTour": false, "has360": true, "hasStaging": false, "topNewDevelopment": false}, {"propertyCode": "93205512", "thumbnail": "https://img3.idealista.com/blur/WEB_LISTING/0/id.pro.es.image.master/e2/22/b3/856950990.jpg", "externalReference": "MARTINBADAL", "numPhotos": 34, "floor": "1", "price": 236000.0, "propertyType": "flat", "operation": "sale", "size": 67.0, "exterior": false, "rooms": 3, "bathrooms": 1, "address": "Calle de Portbou", "province": "Barcelona", "municipality": "Barcelona", "district": "Sants-Montju\u00efc", "country": "es", "neighborhood": "Sants - Badal", "latitude": 41.3747547, "longitude": 2.1251179, "showAddress": false, "url": "https://www.idealista.com/inmueble/93205512/", "distance": "748", "hasVideo": true, "status": "good", "newDevelopment": false, "hasLift": true, "priceByArea": 3522.0, "detailedType": {"typology": "flat"}, "suggestedTexts": {"subtitle": "Sants - Badal, Barcelona", "title": "Piso en Calle de Portbou"}, "hasPlan": true, "has3DTour": false, "has360": false, "hasStaging": false, "topNewDevelopment": false}, {"propertyCode": "91712542", "thumbnail": "https://img3.idealista.com/blur/WEB_LISTING/0/id.pro.es.image.master/b8/34/41/821443886.jpg", "externalReference": "50010", "numPhotos": 11, "floor": "3", "price": 350000.0, "propertyType": "flat", "operation": "sale", "size": 88.0, "exterior": true, "rooms": 2, "bathrooms": 1, "address": "barrio Les Corts", "province": "Barcelona", "municipality": "Barcelona", "district": "Les Corts", "country": "es", "neighborhood": "Les Corts", "latitude": 41.380583, "longitude": 2.12815, "showAddress": false, "url": "https://www.idealista.com/inmueble/91712542/", "distance": "733", "hasVideo": false, "status": "renew", "newDevelopment": false, "hasLift": true, "priceByArea": 3977.0, "detailedType": {"typology": "flat"}, "suggestedTexts": {"subtitle": "Les Corts, Barcelona", "title": "Piso"}, "hasPlan": false, "has3DTour": false, "has360": true, "hasStaging": false, "topNewDevelopment": false}, {"propertyCode": "93183074", "thumbnail": "https://img3.idealista.com/blur/WEB_LISTING/0/id.pro.es.image.master/22/b8/da/856390904.jpg", "externalReference": "MIRAFLORES DOS/COT", "numPhotos": 19, "floor": "4", "price": 105000.0, "propertyType": "flat", "operation": "sale", "size": 44.0, "exterior": true, "rooms": 3, "bathrooms": 1, "address": "Calle Dos de Maig", "province": "Barcelona", "municipality": "Hospitalet de Llobregat", "district": "Collblanc", "country": "es", "neighborhood": "Collblanc", "latitude": 41.375977, "longitude": 2.1142265, "showAddress": false, "url": "https://www.idealista.com/inmueble/93183074/", "distance": "616", "hasVideo": true, "status": "good", "newDevelopment": false, "hasLift": false, "priceByArea": 2386.0, "detailedType": {"typology": "flat"}, "suggestedTexts": {"subtitle": "Collblanc, Hospitalet de Llobregat", "title": "Piso en Calle Dos de Maig"}, "hasPlan": true, "has3DTour": false, "has360": false, "hasStaging": false, "topNewDevelopment": false}, {"propertyCode": "92534683", "thumbnail": "https://img3.idealista.com/blur/WEB_LISTING/0/id.pro.es.image.master/ff/fc/62/842001749.jpg", "externalReference": "05653", "numPhotos": 14, "floor": "6", "price": 324900.0, "propertyType": "flat", "operation": "sale", "size": 80.0, "exterior": true, "rooms": 3, "bathrooms": 1, "address": "Calle del Cardenal Reig", "province": "Barcelona", "municipality": "Barcelona", "district": "Les Corts", "country": "es", "neighborhood": "La Maternitat i Sant Ramon", "latitude": 41.37465, "longitude": 2.11526, "showAddress": false, "url": "https://www.idealista.com/inmueble/92534683/", "distance": "681", "hasVideo": false, "status": "good", "newDevelopment": false, "hasLift": true, "priceByArea": 4061.0, "detailedType": {"typology": "flat"}, "suggestedTexts": {"subtitle": "La Maternitat i Sant Ramon, Barcelona", "title": "Piso en Calle del Cardenal Reig"}, "hasPlan": true, "has3DTour": false, "has360": true, "hasStaging": false, "topNewDevelopment": false}, {"propertyCode": "93203190", "thumbnail": "https://img3.idealista.com/blur/WEB_LISTING/0/id.pro.es.image.master/ca/34/e4/856898599.jpg", "externalReference": "PortNico", "numPhotos": 33, "floor": "1", "price": 236000.0, "propertyType": "flat", "operation": "sale", "size": 60.0, "exterior": false, "rooms": 3, "bathrooms": 1, "address": "Portbou", "province": "Barcelona", "municipality": "Barcelona", "district": "Sants-Montju\u00efc", "country": "es", "neighborhood": "Sants - Badal", "latitude": 41.3752547, "longitude": 2.1267179, "showAddress": false, "url": "https://www.idealista.com/inmueble/93203190/", "distance": "802", "hasVideo": false, "status": "good", "newDevelopment": false, "hasLift": true, "priceByArea": 3933.0, "detailedType": {"typology": "flat"}, "suggestedTexts": {"subtitle": "Sants - Badal, Barcelona", "title": "Piso en Portbou"}, "hasPlan": false, "has3DTour": false, "has360": false, "hasStaging": false, "topNewDevelopment": false}, {"propertyCode": "92960531", "thumbnail": "https://img3.idealista.com/blur/WEB_LISTING/0/id.pro.es.image.master/55/65/8e/852100235.jpg", "externalReference": "CARDENAL 315K", "numPhotos": 29, "floor": "bj", "price": 298000.0, "propertyType": "flat", "operation": "sale", "size": 90.0, "exterior": true, "rooms": 3, "bathrooms": 2, "address": "Calle del Cardenal Reig s/n", "province": "Barcelona", "municipality": "Barcelona", "district": "Les Corts", "country": "es", "neighborhood": "La Maternitat i Sant Ramon", "latitude": 41.3779845, "longitude": 2.1163114, "showAddress": true, "url": "https://www.idealista.com/inmueble/92960531/", "distance": "336", "hasVideo": false, "status": "good", "newDevelopment": false, "hasLift": true, "priceByArea": 3311.0, "detailedType": {"typology": "flat"}, "suggestedTexts": {"subtitle": "La Maternitat i Sant Ramon, Barcelona", "title": "Piso en Calle del Cardenal Reig s/n"}, "hasPlan": true, "has3DTour": false, "has360": false, "hasStaging": false, "topNewDevelopment": false}, {"propertyCode": "93134286", "thumbnail": "https://img3.idealista.com/blur/WEB_LISTING/0/id.pro.es.image.master/79/94/61/855297689.jpg", "externalReference": "BAR-5775366", "numPhotos": 39, "floor": "7", "price": 485000.0, "propertyType": "penthouse", "operation": "sale", "size": 100.0, "exterior": true, "rooms": 3, "bathrooms": 2, "address": "Passatge de Sant Ramon Nonat", "province": "Barcelona", "municipality": "Barcelona", "district": "Les Corts", "country": "es", "neighborhood": "La Maternitat i Sant Ramon", "latitude": 41.3750653, "longitude": 2.1161208, "showAddress": false, "url": "https://www.idealista.com/inmueble/93134286/", "distance": "606", "hasVideo": false, "status": "good", "newDevelopment": false, "hasLift": true, "priceByArea": 4850.0, "detailedType": {"typology": "flat", "subTypology": "penthouse"}, "suggestedTexts": {"subtitle": "La Maternitat i Sant Ramon, Barcelona", "title": "\u00c1tico en Passatge de Sant Ramon Nonat"}, "hasPlan": true, "has3DTour": false, "has360": false, "hasStaging": false, "topNewDevelopment": false}, {"propertyCode": "93146026", "thumbnail": "https://img3.idealista.com/blur/WEB_LISTING/0/id.pro.es.image.master/2a/c5/c9/855526208.jpg", "externalReference": "BAR-3412806", "numPhotos": 27, "floor": "3", "price": 137000.0, "propertyType": "flat", "operation": "sale", "size": 69.0, "exterior": true, "rooms": 2, "bathrooms": 1, "address": "Calle del Doctor Mart\u00ed Juli\u00e0", "province": "Barcelona", "municipality": "Hospitalet de Llobregat", "district": "Collblanc", "country": "es", "neighborhood": "Collblanc", "latitude": 41.3727143, "longitude": 2.1230568, "showAddress": false, "url": "https://www.idealista.com/inmueble/93146026/", "distance": "859", "hasVideo": false, "status": "good", "newDevelopment": false, "hasLift": false, "priceByArea": 1986.0, "detailedType": {"typology": "flat"}, "suggestedTexts": {"subtitle": "Collblanc, Hospitalet de Llobregat", "title": "Piso en Calle del Doctor Mart\u00ed Juli\u00e0"}, "hasPlan": true, "has3DTour": false, "has360": false, "hasStaging": false, "topNewDevelopment": false}, {"propertyCode": "92470716", "thumbnail": "https://img3.idealista.com/blur/WEB_LISTING/0/id.pro.es.image.master/09/00/33/847861239.jpg", "externalReference": "E1", "numPhotos": 30, "floor": "bj", "price": 298000.0, "propertyType": "flat", "operation": "sale", "size": 80.0, "exterior": true, "rooms": 3, "bathrooms": 1, "address": "Calle del Cardenal Reig s/n", "province": "Barcelona", "municipality": "Barcelona", "district": "Les Corts", "country": "es", "neighborhood": "La Maternitat i Sant Ramon", "latitude": 41.3785963, "longitude": 2.1173414, "showAddress": true, "url": "https://www.idealista.com/inmueble/92470716/", "distance": "227", "hasVideo": true, "status": "good", "newDevelopment": false, "hasLift": true, "priceByArea": 3725.0, "detailedType": {"typology": "flat"}, "suggestedTexts": {"subtitle": "La Maternitat i Sant Ramon, Barcelona", "title": "Piso en Calle del Cardenal Reig s/n"}, "hasPlan": true, "has3DTour": false, "has360": false, "hasStaging": false, "topNewDevelopment": false}, {"propertyCode": "92385220", "thumbnail": "https://img3.idealista.com/blur/WEB_LISTING/0/id.pro.es.image.master/10/5c/2c/838548390.jpg", "externalReference": "E1", "numPhotos": 22, "floor": "3", "price": 129000.0, "propertyType": "flat", "operation": "sale", "size": 60.0, "exterior": true, "rooms": 3, "bathrooms": 1, "address": "Doctor Marti i Julia s/n", "province": "Barcelona", "municipality": "Hospitalet de Llobregat", "district": "Collblanc", "country": "es", "neighborhood": "Collblanc", "latitude": 41.3735749, "longitude": 2.1224704, "showAddress": true, "url": "https://www.idealista.com/inmueble/92385220/", "distance": "752", "hasVideo": true, "status": "good", "newDevelopment": false, "hasLift": false, "priceByArea": 2150.0, "detailedType": {"typology": "flat"}, "suggestedTexts": {"subtitle": "Collblanc, Hospitalet de Llobregat", "title": "Piso en Doctor Marti i Julia s/n"}, "hasPlan": true, "has3DTour": false, "has360": false, "hasStaging": false, "topNewDevelopment": false}, {"propertyCode": "93125443", "thumbnail": "https://img3.idealista.com/blur/WEB_LISTING/0/id.pro.es.image.master/a3/82/90/855190367.jpg", "externalReference": "BASSEGODA 216K", "numPhotos": 30, "floor": "3", "price": 216000.0, "propertyType": "flat", "operation": "sale", "size": 84.0, "exterior": false, "rooms": 4, "bathrooms": 1, "address": "Calle de Bassegoda s/n", "province": "Barcelona", "municipality": "Barcelona", "district": "Sants-Montju\u00efc", "country": "es", "neighborhood": "Sants - Badal", "latitude": 41.3747985, "longitude": 2.1250234, "showAddress": true, "url": "https://www.idealista.com/inmueble/93125443/", "distance": "739", "hasVideo": true, "status": "good", "newDevelopment": false, "hasLift": true, "priceByArea": 2571.0, "detailedType": {"typology": "flat"}, "suggestedTexts": {"subtitle": "Sants - Badal, Barcelona", "title": "Piso en Calle de Bassegoda s/n"}, "hasPlan": true, "has3DTour": false, "has360": false, "hasStaging": false, "topNewDevelopment": false}]