[{"propertyCode": "92446224", "thumbnail": "https://img3.idealista.com/blur/WEB_LISTING/0/id.pro.es.image.master/c8/68/88/839831002.jpg", "externalReference": "BCN26821", "numPhotos": 32, "price": 1150000.0, "propertyType": "flat", "operation": "sale", "size": 178.0, "exterior": true, "rooms": 4, "bathrooms": 3, "address": "barrio Pedralbes", "province": "Barcelona", "municipality": "Barcelona", "district": "Les Corts", "country": "es", "neighborhood": "Pedralbes", "latitude": 41.3901975, "longitude": 2.1227699, "showAddress": false, "url": "https://www.idealista.com/inmueble/92446224/", "distance": "687", "hasVideo": false, "status": "renew", "newDevelopment": false, "hasLift": true, "parkingSpace": {"hasParkingSpace": true, "isParkingSpaceIncludedInPrice": true}, "priceByArea": 6461.0, "detailedType": {"typology": "flat"}, "suggestedTexts": {"subtitle": "Pedralbes, Barcelona", "title": "Piso"}, "hasPlan": true, "has3DTour": false, "has360": true, "hasStaging": false, "topNewDevelopment": false}, {"propertyCode": "93082183", "thumbnail": "https://img3.idealista.com/blur/WEB_LISTING/0/id.pro.es.image.master/31/d5/cb/854034303.jpg", "externalReference": "VB2102073", "numPhotos": 38, "floor": "5", "price": 840000.0, "propertyType": "flat", "operation": "sale", "size": 138.0, "exterior": true, "rooms": 3, "bathrooms": 2, "address": "Calle de Num\u00e0ncia", "province": "Barcelona", "municipality": "Barcelona", "district": "Les Corts", "country": "es", "neighborhood": "Les Corts", "latitude": 41.3931779, "longitude": 2.1284422, "showAddress": false, "url": "https://www.idealista.com/inmueble/93082183/", "distance": "810", "hasVideo": true, "status": "good", "newDevelopment": false, "hasLift": true, "parkingSpace": {"hasParkingSpace": true, "isParkingSpaceIncludedInPrice": true}, "priceByArea": 6087.0, "detailedType": {"typology": "flat"}, "suggestedTexts": {"subtitle": "Les Corts, Barcelona", "title": "Piso en Calle de Num\u00e0ncia"}, "hasPlan": true, "has3DTour": false, "has360": true, "hasStaging": false, "topNewDevelopment": false}, {"propertyCode": "92984814", "thumbnail": "https://img3.idealista.com/blur/WEB_LISTING/0/id.pro.es.image.master/c6/a1/ec/852507567.jpg", "externalReference": "VB2102046-1", "numPhotos": 39, "floor": "5", "price": 990000.0, "propertyType": "flat", "operation": "sale", "size": 177.0, "exterior": true, "rooms": 5, "bathrooms": 3, "address": "Paseo de Manuel Girona", "province": "Barcelona", "municipality": "Barcelona", "district": "Sarri\u00e0-Sant Gervasi", "country": "es", "neighborhood": "Sarri\u00e0", "latitude": 41.3908184, "longitude": 2.1268549, "showAddress": false, "url": "https://www.idealista.com/inmueble/92984814/", "distance": "835", "hasVideo": true, "status": "good", "newDevelopment": false, "hasLift": true, "parkingSpace": {"hasParkingSpace": true, "isParkingSpaceIncludedInPrice": true}, "priceByArea": 5593.0, "detailedType": {"typology": "flat"}, "suggestedTexts": {"subtitle": "Sarri\u00e0, Barcelona", "title": "Piso en Paseo de Manuel Girona"}, "hasPlan": true, "has3DTour": false, "has360": true, "hasStaging": false, "topNewDevelopment": false}, {"propertyCode": "92942545", "thumbnail": "https://img3.idealista.com/blur/WEB_LISTING/0/id.pro.es.image.master/99/13/fb/853544822.jpg", "externalReference": "00068", "numPhotos": 34, "floor": "5", "price": 990000.0, "propertyType": "flat", "operation": "sale", "size": 175.0, "exterior": true, "rooms": 5, "bathrooms": 3, "address": "Paseo de Manuel Girona", "province": "Barcelona", "municipality": "Barcelona", "district": "Sarri\u00e0-Sant Gervasi", "country": "es", "neighborhood": "Sarri\u00e0", "latitude": 41.3911835, "longitude": 2.1264877, "showAddress": false, "url": "https://www.idealista.com/inmueble/92942545/", "distance": "785", "hasVideo": false, "status": "renew", "newDevelopment": false, "hasLift": true, "parkingSpace": {"hasParkingSpace": true, "isParkingSpaceIncludedInPrice": true}, "priceByArea": 5657.0, "detailedType": {"typology": "flat"}, "suggestedTexts": {"subtitle": "Sarri\u00e0, Barcelona", "title": "Piso en Paseo de Manuel Girona"}, "hasPlan": true, "has3DTour": false, "has360": true, "hasStaging": false, "topNewDevelopment": false}, {"propertyCode": "92867335", "thumbnail": "https://img3.idealista.com/blur/WEB_LISTING/0/id.pro.es.image.master/e1/cf/ae/855823943.jpg", "externalReference": "GV622", "numPhotos": 27, "floor": "5", "price": 990000.0, "propertyType": "flat", "operation": "sale", "size": 165.0, "exterior": true, "rooms": 5, "bathrooms": 3, "address": "Paseo de Manuel Girona", "province": "Barcelona", "municipality": "Barcelona", "district": "Les Corts", "country": "es", "neighborhood": "Pedralbes", "latitude": 41.3934623, "longitude": 2.127285, "showAddress": false, "url": "https://www.idealista.com/inmueble/92867335/", "distance": "708", "hasVideo": true, "status": "good", "newDevelopment": false, "hasLift": true, "priceByArea": 6000.0, "detailedType": {"typology": "flat"}, "suggestedTexts": {"subtitle": "Pedralbes, Barcelona", "title": "Piso en Paseo de Manuel Girona"}, "hasPlan": true, "has3DTour": false, "has360": true, "hasStaging": false, "topNewDevelopment": false}, {"propertyCode": "91474299", "thumbnail": "https://img3.idealista.com/blur/WEB_LISTING/0/id.pro.es.image.master/fc/f9/63/815432805.jpg", "externalReference": "2546", "numPhotos": 31, "floor": "4", "price": 990000.0, "propertyType": "flat", "operation": "sale", "size": 180.0, "exterior": true, "rooms": 4, "bathrooms": 2, "address": "Paseo de Manuel Girona", "province": "Barcelona", "municipality": "Barcelona", "district": "Les Corts", "country": "es", "neighborhood": "Pedralbes", "latitude": 41.3899426, "longitude": 2.1249908, "showAddress": false, "url": "https://www.idealista.com/inmueble/91474299/", "distance": "804", "hasVideo": false, "status": "good", "newDevelopment": false, "hasLift": true, "parkingSpace": {"hasParkingSpace": true, "isParkingSpaceIncludedInPrice": true}, "priceByArea": 5500.0, "detailedType": {"typology": "flat"}, "suggestedTexts": {"subtitle": "Pedralbes, Barcelona", "title": "Piso en Paseo de Manuel Girona"}, "hasPlan": true, "has3DTour": false, "has360": true, "hasStaging": false, "topNewDevelopment": false}, {"propertyCode": "90517159", "thumbnail": "https://img3.idealista.com/blur/WEB_LISTING/0/id.pro.es.image.master/c4/a6/1f/792177705.jpg", "externalReference": "B07332BA", "numPhotos": 38, "floor": "2", "price": 1660000.0, "propertyType": "flat", "operation": "sale", "size": 232.0, "exterior": true, "rooms": 5, "bathrooms": 3, "address": "barrio Pedralbes", "province": "Barcelona", "municipality": "Barcelona", "district": "Les Corts", "country": "es", "neighborhood": "Pedralbes", "latitude": 41.3938708, "longitude": 2.1163417, "showAddress": false, "url": "https://www.idealista.com/inmueble/90517159/", "distance": "335", "hasVideo": true, "status": "good", "newDevelopment": false, "hasLift": true, "parkingSpace": {"hasParkingSpace": true, "isParkingSpaceIncludedInPrice": true}, "priceByArea": 7155.0, "detailedType": {"typology": "flat"}, "suggestedTexts": {"subtitle": "Pedralbes, Barcelona", "title": "Piso"}, "hasPlan": true, "has3DTour": false, "has360": true, "hasStaging": false, "topNewDevelopment": false}, {"propertyCode": "91903169", "thumbnail": "https://img3.idealista.com/blur/WEB_LISTING/0/id.pro.es.image.master/73/63/51/826089004.jpg", "externalReference": "2441", "numPhotos": 19, "floor": "2", "price": 770000.0, "propertyType": "flat", "operation": "sale", "size": 160.0, "exterior": true, "rooms": 5, "bathrooms": 2, "address": "barrio Sarri\u00e0", "province": "Barcelona", "municipality": "Barcelona", "district": "Sarri\u00e0-Sant Gervasi", "country": "es", "neighborhood": "Sarri\u00e0", "latitude": 41.3938308, "longitude": 2.1279846, "showAddress": false, "url": "https://www.idealista.com/inmueble/91903169/", "distance": "750", "hasVideo": false, "status": "good", "newDevelopment": false, "hasLift": true, "priceByArea": 4813.0, "detailedType": {"typology": "flat"}, "suggestedTexts": {"subtitle": "Sarri\u00e0, Barcelona", "title": "Piso"}, "hasPlan": true, "has3DTour": false, "has360": true, "hasStaging": false, "topNewDevelopment": false}, {"propertyCode": "87920816", "thumbnail": "https://img3.idealista.com/blur/WEB_LISTING/0/id.pro.es.image.master/90/1f/b4/734296870.jpg", "externalReference": "019245", "numPhotos": 27, "floor": "8", "price": 430000.0, "propertyType": "flat", "operation": "sale", "size": 73.0, "exterior": true, "rooms": 3, "bathrooms": 1, "address": "Calle del Capit\u00e0 Arenas", "province": "Barcelona", "municipality": "Barcelona", "district": "Les Corts", "country": "es", "neighborhood": "Pedralbes", "latitude": 41.3904641, "longitude": 2.1246005, "showAddress": false, "url": "https://www.idealista.com/inmueble/87920816/", "distance": "738", "hasVideo": false, "status": "renew", "newDevelopment": false, "hasLift": true, "priceByArea": 5890.0, "detailedType": {"typology": "flat"}, "suggestedTexts": {"subtitle": "Pedralbes, Barcelona", "title": "Piso en Calle del Capit\u00e0 Arenas"}, "hasPlan": true, "has3DTour": false, "has360": false, "hasStaging": false, "topNewDevelopment": false}, {"propertyCode": "92176342", "thumbnail": "https://img3.idealista.com/blur/WEB_LISTING/0/id.pro.es.image.master/8f/5d/89/832827696.jpg", "externalReference": "BCN26015", "numPhotos": 59, "price": 3500000.0, "propertyType": "penthouse", "operation": "sale", "size": 406.0, "exterior": true, "rooms": 5, "bathrooms": 6, "address": "barrio Pedralbes", "province": "Barcelona", "municipality": "Barcelona", "district": "Les Corts", "country": "es", "neighborhood": "Pedralbes", "latitude": 41.394721, "longitude": 2.118681, "showAddress": false, "url": "https://www.idealista.com/inmueble/92176342/", "distance": "137", "hasVideo": false, "status": "good", "newDevelopment": false, "hasLift": true, "parkingSpace": {"hasParkingSpace": true, "isParkingSpaceIncludedInPrice": true}, "priceByArea": 8621.0, "detailedType": {"typology": "flat", "subTypology": "penthouse"}, "suggestedTexts": {"subtitle": "Pedralbes, Barcelona", "title": "\u00c1tico"}, "hasPlan": true, "has3DTour": false, "has360": false, "hasStaging": false, "topNewDevelopment": false}, {"propertyCode": "81247994", "thumbnail": "https://img3.idealista.com/blur/WEB_LISTING/0/id.pro.es.image.master/80/49/2e/573090384.jpg", "externalReference": "BCN9752", "numPhotos": 32, "price": 10000000.0, "propertyType": "chalet", "operation": "sale", "size": 900.0, "exterior": false, "rooms": 7, "bathrooms": 8, "address": "barrio Pedralbes", "province": "Barcelona", "municipality": "Barcelona", "district": "Les Corts", "country": "es", "neighborhood": "Pedralbes", "latitude": 41.394633, "longitude": 2.1104312, "showAddress": false, "url": "https://www.idealista.com/inmueble/81247994/", "distance": "759", "hasVideo": false, "status": "good", "newDevelopment": false, "parkingSpace": {"hasParkingSpace": true, "isParkingSpaceIncludedInPrice": true}, "priceByArea": 11111.0, "detailedType": {"typology": "chalet"}, "suggestedTexts": {"subtitle": "Pedralbes, Barcelona", "title": "Chalet"}, "hasPlan": true, "has3DTour": false, "has360": false, "hasStaging": false, "topNewDevelopment": false}, {"propertyCode": "84342098", "thumbnail": "https://img3.idealista.com/blur/WEB_LISTING/0/id.pro.es.image.master/48/48/b4/636989540.jpg", "externalReference": "BCN16287", "numPhotos": 50, "price": 4600000.0, "propertyType": "chalet", "operation": "sale", "size": 790.0, "exterior": false, "rooms": 10, "bathrooms": 8, "address": "barrio Pedralbes", "province": "Barcelona", "municipality": "Barcelona", "district": "Les Corts", "country": "es", "neighborhood": "Pedralbes", "latitude": 41.3915139, "longitude": 2.1111807, "showAddress": false, "url": "https://www.idealista.com/inmueble/84342098/", "distance": "837", "hasVideo": false, "status": "renew", "newDevelopment": false, "parkingSpace": {"hasParkingSpace": true, "isParkingSpaceIncludedInPrice": true}, "priceByArea": 5823.0, "detailedType": {"typology": "chalet"}, "suggestedTexts": {"subtitle": "Pedralbes, Barcelona", "title": "Chalet"}, "hasPlan": true, "has3DTour": false, "has360": false, "hasStaging": false, "topNewDevelopment": false}, {"propertyCode": "39357864", "thumbnail": "https://img3.idealista.com/blur/WEB_LISTING/0/id.pro.es.image.master/c2/b3/3e/258452219.jpg", "externalReference": "BCN9231", "numPhotos": 33, "price": 2400000.0, "propertyType": "flat", "operation": "sale", "size": 367.0, "exterior": true, "rooms": 5, "bathrooms": 5, "address": "barrio Pedralbes", "province": "Barcelona", "municipality": "Barcelona", "district": "Les Corts", "country": "es", "neighborhood": "Pedralbes", "latitude": 41.3909236, "longitude": 2.1141478, "showAddress": false, "url": "https://www.idealista.com/inmueble/39357864/", "distance": "700", "hasVideo": false, "status": "renew", "newDevelopment": false, "hasLift": true, "parkingSpace": {"hasParkingSpace": true, "isParkingSpaceIncludedInPrice": true}, "priceByArea": 6540.0, "detailedType": {"typology": "flat"}, "suggestedTexts": {"subtitle": "Pedralbes, Barcelona", "title": "Piso"}, "hasPlan": true, "has3DTour": false, "has360": false, "hasStaging": false, "topNewDevelopment": false}, {"propertyCode": "91626719", "thumbnail": "https://img3.idealista.com/blur/WEB_LISTING/0/id.pro.es.image.master/ae/2c/a4/819372712.jpg", "externalReference": "VB2003023-5", "numPhotos": 30, "floor": "1", "price": 790000.0, "propertyType": "flat", "operation": "sale", "size": 126.0, "exterior": true, "rooms": 3, "bathrooms": 2, "address": "barrio Sarri\u00e0", "province": "Barcelona", "municipality": "Barcelona", "district": "Sarri\u00e0-Sant Gervasi", "country": "es", "neighborhood": "Sarri\u00e0", "latitude": 41.3960794, "longitude": 2.1222336, "showAddress": false, "url": "https://www.idealista.com/inmueble/91626719/", "distance": "238", "hasVideo": false, "status": "good", "newDevelopment": false, "hasLift": true, "parkingSpace": {"hasParkingSpace": true, "isParkingSpaceIncludedInPrice": true}, "priceByArea": 6270.0, "detailedType": {"typology": "flat"}, "suggestedTexts": {"subtitle": "Sarri\u00e0, Barcelona", "title": "Piso"}, "hasPlan": true, "has3DTour": false, "has360": false, "hasStaging": false, "topNewDevelopment": false}, {"propertyCode": "91213761", "thumbnail": "https://img3.idealista.com/blur/WEB_LISTING/0/id.pro.es.image.master/df/39/10/809287139.jpg", "externalReference": "W-02JDHD", "numPhotos": 44, "floor": "3", "price": 1140000.0, "propertyType": "flat", "operation": "sale", "size": 160.0, "exterior": false, "rooms": 4, "bathrooms": 3, "address": "barrio Sarri\u00e0", "province": "Barcelona", "municipality": "Barcelona", "district": "Sarri\u00e0-Sant Gervasi", "country": "es", "neighborhood": "Sarri\u00e0", "latitude": 41.4020774, "longitude": 2.1245468, "showAddress": false, "url": "https://www.idealista.com/inmueble/91213761/", "distance": "816", "hasVideo": false, "status": "good", "newDevelopment": false, "hasLift": true, "parkingSpace": {"hasParkingSpace": true, "isParkingSpaceIncludedInPrice": true}, "priceByArea": 7125.0, "detailedType": {"typology": "flat"}, "suggestedTexts": {"subtitle": "Sarri\u00e0, Barcelona", "title": "Piso"}, "hasPlan": true, "has3DTour": false, "has360": false, "hasStaging": false, "topNewDevelopment": false}, {"propertyCode": "92894983", "thumbnail": "https://img3.idealista.com/blur/WEB_LISTING/0/id.pro.es.image.master/b7/f2/ed/850754760.jpg", "numPhotos": 53, "floor": "5", "price": 2500000.0, "propertyType": "duplex", "operation": "sale", "size": 447.0, "exterior": true, "rooms": 8, "bathrooms": 6, "address": "Avenida de Pedralbes, 48", "province": "Barcelona", "municipality": "Barcelona", "district": "Les Corts", "country": "es", "neighborhood": "Pedralbes", "latitude": 41.3925064, "longitude": 2.116072, "showAddress": true, "url": "https://www.idealista.com/inmueble/92894983/", "distance": "462", "hasVideo": true, "status": "renew", "newDevelopment": false, "hasLift": true, "parkingSpace": {"hasParkingSpace": true, "isParkingSpaceIncludedInPrice": true}, "priceByArea": 5593.0, "detailedType": {"typology": "flat", "subTypology": "duplex"}, "suggestedTexts": {"subtitle": "Pedralbes, Barcelona", "title": "D\u00faplex en Avenida de Pedralbes, 48"}, "hasPlan": true, "has3DTour": true, "has360": false, "hasStaging": false, "topNewDevelopment": false}, {"propertyCode": "86370052", "thumbnail": "https://img3.idealista.com/blur/WEB_LISTING/0/id.pro.es.image.master/fa/a3/41/754619008.jpg", "externalReference": "6805", "numPhotos": 32, "price": 739000.0, "propertyType": "flat", "operation": "sale", "size": 105.0, "exterior": true, "rooms": 3, "bathrooms": 2, "address": "Calle de Castellnou", "province": "Barcelona", "municipality": "Barcelona", "district": "Sarri\u00e0-Sant Gervasi", "country": "es", "neighborhood": "Les Tres Torres", "latitude": 41.3953605, "longitude": 2.1287565, "showAddress": false, "url": "https://www.idealista.com/inmueble/86370052/", "distance": "782", "hasVideo": true, "status": "good", "newDevelopment": false, "hasLift": false, "parkingSpace": {"hasParkingSpace": true, "isParkingSpaceIncludedInPrice": true}, "priceByArea": 7038.0, "detailedType": {"typology": "flat"}, "suggestedTexts": {"subtitle": "Les Tres Torres, Barcelona", "title": "Piso en Calle de Castellnou"}, "hasPlan": true, "has3DTour": false, "has360": false, "hasStaging": false, "topNewDevelopment": false}, {"propertyCode": "84591188", "thumbnail": "https://img3.idealista.com/blur/WEB_LISTING/0/id.pro.es.image.master/aa/21/a2/782165535.jpg", "externalReference": "5960", "numPhotos": 45, "floor": "1", "price": 1790000.0, "propertyType": "flat", "operation": "sale", "size": 400.0, "exterior": true, "rooms": 4, "bathrooms": 4, "address": "Calle de l'Abadessa Olzet", "province": "Barcelona", "municipality": "Barcelona", "district": "Les Corts", "country": "es", "neighborhood": "Pedralbes", "latitude": 41.3901978, "longitude": 2.1126738, "showAddress": false, "url": "https://www.idealista.com/inmueble/84591188/", "distance": "841", "hasVideo": true, "status": "good", "newDevelopment": false, "hasLift": true, "parkingSpace": {"hasParkingSpace": true, "isParkingSpaceIncludedInPrice": true}, "priceByArea": 4475.0, "detailedType": {"typology": "flat"}, "suggestedTexts": {"subtitle": "Pedralbes, Barcelona", "title": "Piso en Calle de l'Abadessa Olzet"}, "hasPlan": true, "has3DTour": true, "has360": false, "hasStaging": false, "topNewDevelopment": false}, {"propertyCode": "91299611", "thumbnail": "https://img3.idealista.com/blur/WEB_LISTING/0/id.pro.es.image.master/c7/a9/28/847039686.jpg", "externalReference": "PRI-SOLIPADRIS001", "numPhotos": 54, "floor": "1", "price": 1180000.0, "propertyType": "flat", "operation": "sale", "size": 331.0, "exterior": true, "rooms": 5, "bathrooms": 3, "address": "Calle de Sol i Padr\u00eds", "province": "Barcelona", "municipality": "Barcelona", "district": "Sarri\u00e0-Sant Gervasi", "country": "es", "neighborhood": "Sarri\u00e0", "latitude": 41.4004686, "longitude": 2.120838, "showAddress": false, "url": "https://www.idealista.com/inmueble/91299611/", "distance": "528", "hasVideo": true, "status": "good", "newDevelopment": false, "hasLift": true, "parkingSpace": {"hasParkingSpace": true, "isParkingSpaceIncludedInPrice": true}, "priceByArea": 3565.0, "detailedType": {"typology": "flat"}, "suggestedTexts": {"subtitle": "Sarri\u00e0, Barcelona", "title": "Piso en Calle de Sol i Padr\u00eds"}, "hasPlan": true, "has3DTour": true, "has360": false, "hasStaging": false, "topNewDevelopment": false}, {"propertyCode": "92682023", "thumbnail": "https://img3.idealista.com/blur/WEB_LISTING/0/id.pro.es.image.master/a1/2d/b0/845572287.jpg", "externalReference": "FG02-43", "numPhotos": 20, "floor": "4", "price": 848000.0, "propertyType": "flat", "operation": "sale", "size": 166.0, "exterior": true, "rooms": 5, "bathrooms": 3, "address": "Calle de Pau Alcover", "province": "Barcelona", "municipality": "Barcelona", "district": "Sarri\u00e0-Sant Gervasi", "country": "es", "neighborhood": "Les Tres Torres", "latitude": 41.3979638, "longitude": 2.125009, "showAddress": false, "url": "https://www.idealista.com/inmueble/92682023/", "distance": "524", "hasVideo": false, "status": "good", "newDevelopment": false, "hasLift": true, "parkingSpace": {"hasParkingSpace": true, "isParkingSpaceIncludedInPrice": true}, "priceByArea": 5108.0, "detailedType": {"typology": "flat"}, "suggestedTexts": {"subtitle": "Les Tres Torres, Barcelona", "title": "Piso en Calle de Pau Alcover"}, "hasPlan": true, "has3DTour": false, "has360": false, "hasStaging": false, "topNewDevelopment": false}, {"propertyCode": "89015276", "thumbnail": "https://img3.idealista.com/blur/WEB_LISTING/0/id.pro.es.image.master/d9/3c/ff/761056931.jpg", "externalReference": "BCN23253", "numPhotos": 32, "price": 1850000.0, "propertyType": "flat", "operation": "sale", "size": 234.0, "exterior": true, "rooms": 5, "bathrooms": 4, "address": "barrio Pedralbes", "province": "Barcelona", "municipality": "Barcelona", "district": "Les Corts", "country": "es", "neighborhood": "Pedralbes", "latitude": 41.3942535, "longitude": 2.1143584, "showAddress": false, "url": "https://www.idealista.com/inmueble/89015276/", "distance": "455", "hasVideo": false, "status": "renew", "newDevelopment": false, "hasLift": true, "priceByArea": 7906.0, "detailedType": {"typology": "flat"}, "suggestedTexts": {"subtitle": "Pedralbes, Barcelona", "title": "Piso"}, "hasPlan": false, "has3DTour": false, "has360": false, "hasStaging": false, "topNewDevelopment": false}, {"propertyCode": "88376448", "thumbnail": "https://img3.idealista.com/blur/WEB_LISTING/0/id.pro.es.image.master/b2/4a/43/745294357.jpg", "externalReference": "BCN14958", "numPhotos": 35, "price": 3900000.0, "propertyType": "chalet", "operation": "sale", "size": 512.0, "exterior": false, "rooms": 6, "bathrooms": 6, "address": "barrio Sarri\u00e0", "province": "Barcelona", "municipality": "Barcelona", "district": "Sarri\u00e0-Sant Gervasi", "country": "es", "neighborhood": "Sarri\u00e0", "latitude": 41.4005037, "longitude": 2.1224093, "showAddress": false, "url": "https://www.idealista.com/inmueble/88376448/", "distance": "576", "hasVideo": false, "status": "renew", "newDevelopment": false, "parkingSpace": {"hasParkingSpace": true, "isParkingSpaceIncludedInPrice": true}, "priceByArea": 7617.0, "detailedType": {"typology": "chalet"}, "suggestedTexts": {"subtitle": "Sarri\u00e0, Barcelona", "title": "Chalet"}, "hasPlan": false, "has3DTour": false, "has360": false, "hasStaging": false, "topNewDevelopment": false}, {"propertyCode": "91211684", "thumbnail": "https://img3.idealista.com/blur/WEB_LISTING/0/id.pro.es.image.master/5c/10/e4/809242560.jpg", "externalReference": "D-40637", "numPhotos": 54, "floor": "5", "price": 3500000.0, "propertyType": "duplex", "operation": "sale", "size": 496.0, "exterior": true, "rooms": 6, "bathrooms": 6, "address": "Calle dels Cavallers", "province": "Barcelona", "municipality": "Barcelona", "district": "Les Corts", "country": "es", "neighborhood": "Pedralbes", "latitude": 41.393521, "longitude": 2.116681, "showAddress": false, "url": "https://www.idealista.com/inmueble/91211684/", "distance": "342", "hasVideo": true, "status": "good", "newDevelopment": false, "hasLift": true, "parkingSpace": {"hasParkingSpace": true, "isParkingSpaceIncludedInPrice": true}, "priceByArea": 7056.0, "detailedType": {"typology": "flat", "subTypology": "duplex"}, "suggestedTexts": {"subtitle": "Pedralbes, Barcelona", "title": "D\u00faplex en Calle dels Cavallers"}, "hasPlan": false, "has3DTour": false, "has360": false, "hasStaging": false, "topNewDevelopment": false}, {"propertyCode": "91775838", "thumbnail": "https://img3.idealista.com/blur/WEB_LISTING/0/id.pro.es.image.master/2d/03/dd/822995320.jpg", "externalReference": "W-02JYZ5", "numPhotos": 45, "floor": "3", "price": 799000.0, "propertyType": "flat", "operation": "sale", "size": 120.0, "exterior": false, "rooms": 4, "bathrooms": 2, "address": "barrio Pedralbes", "province": "Barcelona", "municipality": "Barcelona", "district": "Les Corts", "country": "es", "neighborhood": "Pedralbes", "latitude": 41.3910548, "longitude": 2.1255879, "showAddress": false, "url": "https://www.idealista.com/inmueble/91775838/", "distance": "741", "hasVideo": false, "status": "good", "newDevelopment": false, "hasLift": true, "parkingSpace": {"hasParkingSpace": true, "isParkingSpaceIncludedInPrice": true}, "priceByArea": 6658.0, "detailedType": {"typology": "flat"}, "suggestedTexts": {"subtitle": "Pedralbes, Barcelona", "title": "Piso"}, "hasPlan": false, "has3DTour": false, "has360": false, "hasStaging": false, "topNewDevelopment": false}, {"propertyCode": "91503420", "thumbnail": "https://img3.idealista.com/blur/WEB_LISTING/0/id.pro.es.image.master/d0/da/dd/816131187.jpg", "externalReference": "VA1492", "numPhotos": 18, "floor": "4", "price": 1095000.0, "propertyType": "flat", "operation": "sale", "size": 196.0, "exterior": true, "rooms": 4, "bathrooms": 4, "address": "Paseo de Manuel Girona", "province": "Barcelona", "municipality": "Barcelona", "district": "Sarri\u00e0-Sant Gervasi", "country": "es", "neighborhood": "Sarri\u00e0", "latitude": 41.3945301, "longitude": 2.1286839, "showAddress": false, "url": "https://www.idealista.com/inmueble/91503420/", "distance": "788", "hasVideo": false, "status": "good", "newDevelopment": false, "hasLift": true, "parkingSpace": {"hasParkingSpace": true, "isParkingSpaceIncludedInPrice": true}, "priceByArea": 5587.0, "detailedType": {"typology": "flat"}, "suggestedTexts": {"subtitle": "Sarri\u00e0, Barcelona", "title": "Piso en Paseo de Manuel Girona"}, "hasPlan": true, "has3DTour": false, "has360": false, "hasStaging": false, "topNewDevelopment": false}, {"propertyCode": "89747920", "thumbnail": "https://img3.idealista.com/blur/WEB_LISTING/0/id.pro.es.image.master/cc/62/a8/775541810.jpg", "externalReference": "V-2061", "numPhotos": 27, "floor": "4", "price": 1800000.0, "propertyType": "flat", "operation": "sale", "size": 360.0, "exterior": true, "rooms": 6, "bathrooms": 5, "address": "Calle de T\u00f2quio", "province": "Barcelona", "municipality": "Barcelona", "district": "Les Corts", "country": "es", "neighborhood": "Pedralbes", "latitude": 41.3892084, "longitude": 2.1182765, "showAddress": false, "url": "https://www.idealista.com/inmueble/89747920/", "distance": "742", "hasVideo": false, "status": "renew", "newDevelopment": false, "hasLift": true, "parkingSpace": {"hasParkingSpace": true, "isParkingSpaceIncludedInPrice": true}, "priceByArea": 5000.0, "detailedType": {"typology": "flat"}, "suggestedTexts": {"subtitle": "Pedralbes, Barcelona", "title": "Piso en Calle de T\u00f2quio"}, "hasPlan": false, "has3DTour": false, "has360": false, "hasStaging": false, "topNewDevelopment": false}, {"propertyCode": "92859836", "thumbnail": "https://img3.idealista.com/blur/WEB_LISTING/0/id.pro.es.image.master/c5/e9/d8/849699488.jpg", "externalReference": "231413", "numPhotos": 14, "floor": "7", "price": 450000.0, "propertyType": "flat", "operation": "sale", "size": 69.0, "exterior": true, "rooms": 2, "bathrooms": 1, "address": "barrio Pedralbes", "province": "Barcelona", "municipality": "Barcelona", "district": "Les Corts", "country": "es", "neighborhood": "Pedralbes", "latitude": 41.3893641, "longitude": 2.1240005, "showAddress": false, "url": "https://www.idealista.com/inmueble/92859836/", "distance": "815", "hasVideo": false, "status": "good", "newDevelopment": false, "hasLift": true, "priceByArea": 6522.0, "detailedType": {"typology": "flat"}, "suggestedTexts": {"subtitle": "Pedralbes, Barcelona", "title": "Piso"}, "hasPlan": false, "has3DTour": false, "has360": false, "hasStaging": false, "topNewDevelopment": false}, {"propertyCode": "92613077", "thumbnail": "https://img3.idealista.com/blur/WEB_LISTING/0/id.pro.es.image.master/8e/b2/96/851437721.jpg", "externalReference": "246420", "numPhotos": 7, "floor": "9", "price": 435000.0, "propertyType": "flat", "operation": "sale", "size": 73.0, "exterior": true, "rooms": 3, "bathrooms": 1, "address": "barrio Pedralbes", "province": "Barcelona", "municipality": "Barcelona", "district": "Les Corts", "country": "es", "neighborhood": "Pedralbes", "latitude": 41.3898641, "longitude": 2.1259005, "showAddress": false, "url": "https://www.idealista.com/inmueble/92613077/", "distance": "857", "hasVideo": false, "status": "renew", "newDevelopment": false, "hasLift": true, "priceByArea": 5959.0, "detailedType": {"typology": "flat"}, "suggestedTexts": {"subtitle": "Pedralbes, Barcelona", "title": "Piso"}, "hasPlan": false, "has3DTour": false, "has360": false, "hasStaging": false, "topNewDevelopment": false}, {"propertyCode": "92535136", "thumbnail": "https://img3.idealista.com/blur/WEB_LISTING/0/id.pro.es.image.master/30/a5/01/842014649.jpg", "externalReference": "_capit\u00e1narenas", "numPhotos": 24, "floor": "9", "price": 435000.0, "propertyType": "flat", "operation": "sale", "size": 73.0, "exterior": true, "rooms": 3, "bathrooms": 1, "address": "Calle del Capit\u00e0 Arenas", "province": "Barcelona", "municipality": "Barcelona", "district": "Les Corts", "country": "es", "neighborhood": "Pedralbes", "latitude": 41.3905641, "longitude": 2.1244005, "showAddress": false, "url": "https://www.idealista.com/inmueble/92535136/", "distance": "719", "hasVideo": false, "status": "renew", "newDevelopment": false, "hasLift": true, "priceByArea": 5959.0, "detailedType": {"typology": "flat"}, "suggestedTexts": {"subtitle": "Pedralbes, Barcelona", "title": "Piso en Calle del Capit\u00e0 Arenas"}, "hasPlan": false, "has3DTour": false, "has360": false, "hasStaging": false, "topNewDevelopment": false}, {"propertyCode": "90378655", "thumbnail": "https://img3.idealista.com/blur/WEB_LISTING/0/id.pro.es.image.master/cf/6e/7d/855749693.jpg", "externalReference": "P-014040", "numPhotos": 49, "floor": "5", "price": 1150000.0, "propertyType": "flat", "operation": "sale", "size": 178.0, "exterior": false, "rooms": 4, "bathrooms": 3, "address": "barrio Pedralbes", "province": "Barcelona", "municipality": "Barcelona", "district": "Les Corts", "country": "es", "neighborhood": "Pedralbes", "latitude": 41.3911975, "longitude": 2.1224699, "showAddress": false, "url": "https://www.idealista.com/inmueble/90378655/", "distance": "575", "hasVideo": false, "status": "good", "newDevelopment": false, "hasLift": true, "parkingSpace": {"hasParkingSpace": true, "isParkingSpaceIncludedInPrice": true}, "priceByArea": 6461.0, "detailedType": {"typology": "flat"}, "suggestedTexts": {"subtitle": "Pedralbes, Barcelona", "title": "Piso"}, "hasPlan": false, "has3DTour": false, "has360": false, "hasStaging": false, "topNewDevelopment": false}, {"propertyCode": "92629448", "thumbnail": "https://img3.idealista.com/blur/WEB_LISTING/0/id.pro.es.image.master/1a/70/26/855711799.jpg", "externalReference": "MV0536", "numPhotos": 39, "floor": "2", "price": 1285000.0, "propertyType": "flat", "operation": "sale", "size": 246.0, "exterior": true, "rooms": 6, "bathrooms": 4, "address": "barrio Les Tres Torres", "province": "Barcelona", "municipality": "Barcelona", "district": "Sarri\u00e0-Sant Gervasi", "country": "es", "neighborhood": "Les Tres Torres", "latitude": 41.3960854, "longitude": 2.1295023, "showAddress": false, "url": "https://www.idealista.com/inmueble/92629448/", "distance": "843", "hasVideo": false, "status": "renew", "newDevelopment": false, "hasLift": true, "parkingSpace": {"hasParkingSpace": true, "isParkingSpaceIncludedInPrice": true}, "priceByArea": 5224.0, "detailedType": {"typology": "flat"}, "suggestedTexts": {"subtitle": "Les Tres Torres, Barcelona", "title": "Piso"}, "hasPlan": false, "has3DTour": false, "has360": false, "hasStaging": false, "topNewDevelopment": false}, {"propertyCode": "92568316", "thumbnail": "https://img3.idealista.com/blur/WEB_LISTING/0/id.pro.es.image.master/6c/cb/82/842878219.jpg", "externalReference": "AVP-66", "numPhotos": 27, "floor": "6", "price": 2900000.0, "propertyType": "penthouse", "operation": "sale", "size": 554.0, "exterior": true, "rooms": 5, "bathrooms": 6, "address": "barrio Pedralbes", "province": "Barcelona", "municipality": "Barcelona", "district": "Les Corts", "country": "es", "neighborhood": "Pedralbes", "latitude": 41.3963077, "longitude": 2.1130438, "showAddress": false, "url": "https://www.idealista.com/inmueble/92568316/", "distance": "532", "hasVideo": true, "status": "good", "newDevelopment": false, "hasLift": true, "parkingSpace": {"hasParkingSpace": true, "isParkingSpaceIncludedInPrice": true}, "priceByArea": 5235.0, "detailedType": {"typology": "flat", "subTypology": "penthouse"}, "suggestedTexts": {"subtitle": "Pedralbes, Barcelona", "title": "\u00c1tico"}, "hasPlan": false, "has3DTour": false, "has360": false, "hasStaging": false, "topNewDevelopment": false}, {"propertyCode": "92666194", "thumbnail": "https://img3.idealista.com/blur/WEB_LISTING/0/id.pro.es.image.master/c4/dc/ec/855823975.jpg", "externalReference": "GVRM", "numPhotos": 17, "floor": "2", "price": 325000.0, "propertyType": "flat", "operation": "sale", "size": 60.0, "exterior": true, "rooms": 2, "bathrooms": 1, "address": "barrio Sarri\u00e0", "province": "Barcelona", "municipality": "Barcelona", "district": "Sarri\u00e0-Sant Gervasi", "country": "es", "neighborhood": "Sarri\u00e0", "latitude": 41.4011036, "longitude": 2.1204111, "showAddress": false, "url": "https://www.idealista.com/inmueble/92666194/", "distance": "591", "hasVideo": true, "status": "good", "newDevelopment": false, "hasLift": true, "priceByArea": 5417.0, "detailedType": {"typology": "flat"}, "suggestedTexts": {"subtitle": "Sarri\u00e0, Barcelona", "title": "Piso"}, "hasPlan": true, "has3DTour": false, "has360": false, "hasStaging": false, "topNewDevelopment": false}, {"propertyCode": "92643887", "thumbnail": "https://img3.idealista.com/blur/WEB_LISTING/0/id.pro.es.image.master/de/61/cc/847535170.jpg", "externalReference": "S-30967", "numPhotos": 18, "floor": "1", "price": 1390000.0, "propertyType": "flat", "operation": "sale", "size": 297.0, "exterior": true, "rooms": 4, "bathrooms": 5, "address": "Jard\u00ed de T\u00f2quio", "province": "Barcelona", "municipality": "Barcelona", "district": "Les Corts", "country": "es", "neighborhood": "Pedralbes", "latitude": 41.3944628, "longitude": 2.1139243, "showAddress": false, "url": "https://www.idealista.com/inmueble/92643887/", "distance": "481", "hasVideo": false, "status": "good", "newDevelopment": false, "hasLift": true, "parkingSpace": {"hasParkingSpace": true, "isParkingSpaceIncludedInPrice": true}, "priceByArea": 4680.0, "detailedType": {"typology": "flat"}, "suggestedTexts": {"subtitle": "Pedralbes, Barcelona", "title": "Piso en Jard\u00ed de T\u00f2quio"}, "hasPlan": true, "has3DTour": false, "has360": false, "hasStaging": false, "topNewDevelopment": false}, {"propertyCode": "86563923", "thumbnail": "https://img3.idealista.com/blur/WEB_LISTING/0/id.pro.es.image.master/2a/3b/bb/696830761.jpg", "externalReference": "VA1163", "numPhotos": 19, "price": 2280000.0, "propertyType": "chalet", "operation": "sale", "size": 270.0, "exterior": false, "rooms": 6, "bathrooms": 4, "address": "Pasaje claudio g\u00fcell", "province": "Barcelona", "municipality": "Barcelona", "district": "Sarri\u00e0-Sant Gervasi", "country": "es", "neighborhood": "Sarri\u00e0", "latitude": 41.3927514, "longitude": 2.1234886, "showAddress": false, "url": "https://www.idealista.com/inmueble/86563923/", "distance": "483", "hasVideo": false, "status": "good", "newDevelopment": false, "parkingSpace": {"hasParkingSpace": true, "isParkingSpaceIncludedInPrice": true}, "priceByArea": 8444.0, "detailedType": {"typology": "chalet", "subTypology": "semidetachedHouse"}, "suggestedTexts": {"subtitle": "Sarri\u00e0, Barcelona", "title": "Chalet pareado en Pasaje claudio g\u00fcell"}, "hasPlan": true, "has3DTour": false, "has360": false, "hasStaging": false, "topNewDevelopment": false}, {"propertyCode": "89245653", "thumbnail": "https://img3.idealista.com/blur/WEB_LISTING/0/id.pro.es.image.master/18/69/d0/849507143.jpg", "externalReference": "VPV07", "numPhotos": 19, "floor": "4", "price": 800000.0, "propertyType": "penthouse", "operation": "sale", "size": 120.0, "exterior": true, "rooms": 3, "bathrooms": 2, "address": "major de sarria", "province": "Barcelona", "municipality": "Barcelona", "district": "Sarri\u00e0-Sant Gervasi", "country": "es", "neighborhood": "Sarri\u00e0", "latitude": 41.4010277, "longitude": 2.1198422, "showAddress": false, "url": "https://www.idealista.com/inmueble/89245653/", "distance": "578", "hasVideo": false, "status": "good", "newDevelopment": false, "hasLift": false, "priceByArea": 6667.0, "detailedType": {"typology": "flat", "subTypology": "penthouse"}, "suggestedTexts": {"subtitle": "Sarri\u00e0, Barcelona", "title": "\u00c1tico en major de sarria"}, "hasPlan": false, "has3DTour": false, "has360": false, "hasStaging": false, "topNewDevelopment": false}, {"propertyCode": "91734613", "thumbnail": "https://img3.idealista.com/blur/WEB_LISTING/0/id.pro.es.image.master/aa/69/48/821984317.jpg", "externalReference": "BCN897", "numPhotos": 62, "floor": "2", "price": 985000.0, "propertyType": "flat", "operation": "sale", "size": 230.0, "exterior": true, "rooms": 2, "bathrooms": 2, "address": "Calle del Marqu\u00e8s de Mulhacen", "province": "Barcelona", "municipality": "Barcelona", "district": "Les Corts", "country": "es", "neighborhood": "Pedralbes", "latitude": 41.3895231, "longitude": 2.1185895, "showAddress": false, "url": "https://www.idealista.com/inmueble/91734613/", "distance": "705", "hasVideo": false, "status": "good", "newDevelopment": false, "hasLift": true, "parkingSpace": {"hasParkingSpace": true, "isParkingSpaceIncludedInPrice": true}, "priceByArea": 4283.0, "detailedType": {"typology": "flat"}, "suggestedTexts": {"subtitle": "Pedralbes, Barcelona", "title": "Piso en Calle del Marqu\u00e8s de Mulhacen"}, "hasPlan": false, "has3DTour": false, "has360": true, "hasStaging": false, "topNewDevelopment": false}, {"propertyCode": "92084668", "thumbnail": "https://img3.idealista.com/blur/WEB_LISTING/0/id.pro.es.image.master/60/7e/e3/830642031.jpg", "externalReference": "1454", "numPhotos": 41, "price": 3500000.0, "propertyType": "chalet", "operation": "sale", "size": 600.0, "exterior": false, "rooms": 6, "bathrooms": 6, "address": "barrio Pedralbes", "province": "Barcelona", "municipality": "Barcelona", "district": "Les Corts", "country": "es", "neighborhood": "Pedralbes", "latitude": 41.3953483, "longitude": 2.1094531, "showAddress": false, "url": "https://www.idealista.com/inmueble/92084668/", "distance": "831", "hasVideo": false, "status": "good", "newDevelopment": false, "parkingSpace": {"hasParkingSpace": true, "isParkingSpaceIncludedInPrice": true}, "priceByArea": 5833.0, "detailedType": {"typology": "chalet"}, "suggestedTexts": {"subtitle": "Pedralbes, Barcelona", "title": "Chalet"}, "hasPlan": false, "has3DTour": false, "has360": false, "hasStaging": false, "topNewDevelopment": false}, {"propertyCode": "90276937", "thumbnail": "https://img3.idealista.com/blur/WEB_LISTING/0/id.pro.es.image.master/70/e5/69/808166261.jpg", "externalReference": "1259", "numPhotos": 37, "floor": "6", "price": 2050000.0, "propertyType": "penthouse", "operation": "sale", "size": 230.0, "exterior": true, "rooms": 4, "bathrooms": 3, "address": "barrio Sarri\u00e0", "province": "Barcelona", "municipality": "Barcelona", "district": "Sarri\u00e0-Sant Gervasi", "country": "es", "neighborhood": "Sarri\u00e0", "latitude": 41.3975702, "longitude": 2.1158245, "showAddress": false, "url": "https://www.idealista.com/inmueble/90276937/", "distance": "354", "hasVideo": true, "status": "good", "newDevelopment": false, "hasLift": true, "parkingSpace": {"hasParkingSpace": true, "isParkingSpaceIncludedInPrice": true}, "priceByArea": 8913.0, "detailedType": {"typology": "flat", "subTypology": "penthouse"}, "suggestedTexts": {"subtitle": "Sarri\u00e0, Barcelona", "title": "\u00c1tico"}, "hasPlan": false, "has3DTour": false, "has360": false, "hasStaging": false, "topNewDevelopment": false}, {"propertyCode": "93164066", "thumbnail": "https://img3.idealista.com/blur/WEB_LISTING/0/id.pro.es.image.master/0b/62/f1/855908940.jpg", "externalReference": "MV0539", "numPhotos": 20, "floor": "2", "price": 335000.0, "propertyType": "flat", "operation": "sale", "size": 55.0, "exterior": true, "rooms": 3, "bathrooms": 1, "address": "barrio Sarri\u00e0", "province": "Barcelona", "municipality": "Barcelona", "district": "Sarri\u00e0-Sant Gervasi", "country": "es", "neighborhood": "Sarri\u00e0", "latitude": 41.3985483, "longitude": 2.1236281, "showAddress": false, "url": "https://www.idealista.com/inmueble/93164066/", "distance": "464", "hasVideo": false, "status": "good", "newDevelopment": false, "hasLift": true, "priceByArea": 6091.0, "detailedType": {"typology": "flat"}, "suggestedTexts": {"subtitle": "Sarri\u00e0, Barcelona", "title": "Piso"}, "hasPlan": false, "has3DTour": false, "has360": false, "hasStaging": false, "topNewDevelopment": false}, {"propertyCode": "91807519", "thumbnail": "https://img3.idealista.com/blur/WEB_LISTING/0/id.pro.es.image.master/79/79/b0/823782192.jpg", "externalReference": "00014", "numPhotos": 33, "floor": "5", "price": 450000.0, "propertyType": "flat", "operation": "sale", "size": 72.0, "exterior": false, "rooms": 2, "bathrooms": 1, "address": "Calle del Capit\u00e0 Arenas", "province": "Barcelona", "municipality": "Barcelona", "district": "Les Corts", "country": "es", "neighborhood": "Pedralbes", "latitude": 41.3929641, "longitude": 2.1274005, "showAddress": false, "url": "https://www.idealista.com/inmueble/91807519/", "distance": "739", "hasVideo": false, "status": "good", "newDevelopment": false, "hasLift": true, "priceByArea": 6250.0, "detailedType": {"typology": "flat"}, "suggestedTexts": {"subtitle": "Pedralbes, Barcelona", "title": "Piso en Calle del Capit\u00e0 Arenas"}, "hasPlan": false, "has3DTour": false, "has360": false, "hasStaging": false, "topNewDevelopment": false}, {"propertyCode": "92527740", "thumbnail": "https://img3.idealista.com/blur/WEB_LISTING/0/id.pro.es.image.master/58/d4/5f/841814676.jpg", "externalReference": "246066", "numPhotos": 31, "floor": "3", "price": 2250000.0, "propertyType": "penthouse", "operation": "sale", "size": 315.0, "exterior": true, "rooms": 5, "bathrooms": 5, "address": "barrio Sarri\u00e0", "province": "Barcelona", "municipality": "Barcelona", "district": "Sarri\u00e0-Sant Gervasi", "country": "es", "neighborhood": "Sarri\u00e0", "latitude": 41.4026817, "longitude": 2.116786, "showAddress": false, "url": "https://www.idealista.com/inmueble/92527740/", "distance": "791", "hasVideo": false, "status": "renew", "newDevelopment": false, "hasLift": true, "priceByArea": 7143.0, "detailedType": {"typology": "flat", "subTypology": "penthouse"}, "suggestedTexts": {"subtitle": "Sarri\u00e0, Barcelona", "title": "\u00c1tico"}, "hasPlan": false, "has3DTour": false, "has360": false, "hasStaging": false, "topNewDevelopment": false}, {"propertyCode": "91797141", "thumbnail": "https://img3.idealista.com/blur/WEB_LISTING/0/id.pro.es.image.master/e6/5f/a4/840921001.jpg", "externalReference": "1204", "numPhotos": 9, "floor": "5", "price": 2500000.0, "propertyType": "duplex", "operation": "sale", "size": 447.0, "exterior": true, "rooms": 8, "bathrooms": 6, "address": "barrio Pedralbes", "province": "Barcelona", "municipality": "Barcelona", "district": "Les Corts", "country": "es", "neighborhood": "Pedralbes", "latitude": 41.3923064, "longitude": 2.117372, "showAddress": false, "url": "https://www.idealista.com/inmueble/91797141/", "distance": "427", "hasVideo": false, "status": "renew", "newDevelopment": false, "hasLift": true, "priceByArea": 5593.0, "detailedType": {"typology": "flat", "subTypology": "duplex"}, "suggestedTexts": {"subtitle": "Pedralbes, Barcelona", "title": "D\u00faplex"}, "hasPlan": true, "has3DTour": false, "has360": false, "hasStaging": false, "topNewDevelopment": false}, {"propertyCode": "91761127", "thumbnail": "https://img3.idealista.com/blur/WEB_LISTING/0/id.pro.es.image.master/0c/7c/7c/855270141.jpg", "externalReference": "1201", "numPhotos": 23, "floor": "5", "price": 2500000.0, "propertyType": "duplex", "operation": "sale", "size": 447.0, "exterior": true, "rooms": 8, "bathrooms": 6, "address": "barrio Pedralbes", "province": "Barcelona", "municipality": "Barcelona", "district": "Les Corts", "country": "es", "neighborhood": "Pedralbes", "latitude": 41.3932064, "longitude": 2.117372, "showAddress": false, "url": "https://www.idealista.com/inmueble/91761127/", "distance": "337", "hasVideo": false, "status": "renew", "newDevelopment": false, "hasLift": true, "priceByArea": 5593.0, "detailedType": {"typology": "flat", "subTypology": "duplex"}, "suggestedTexts": {"subtitle": "Pedralbes, Barcelona", "title": "D\u00faplex"}, "hasPlan": false, "has3DTour": false, "has360": false, "hasStaging": false, "topNewDevelopment": false}, {"propertyCode": "88553139", "thumbnail": "https://img3.idealista.com/blur/WEB_LISTING/0/id.pro.es.image.master/57/1d/b3/749461318.jpg", "externalReference": "25384", "numPhotos": 45, "price": 4600000.0, "propertyType": "chalet", "operation": "sale", "size": 836.0, "exterior": false, "rooms": 8, "bathrooms": 6, "address": "barrio Pedralbes", "province": "Barcelona", "municipality": "Barcelona", "district": "Les Corts", "country": "es", "neighborhood": "Pedralbes", "latitude": 41.3926992, "longitude": 2.1110065, "showAddress": false, "url": "https://www.idealista.com/inmueble/88553139/", "distance": "782", "hasVideo": false, "status": "renew", "newDevelopment": false, "parkingSpace": {"hasParkingSpace": true, "isParkingSpaceIncludedInPrice": true}, "priceByArea": 5502.0, "detailedType": {"typology": "chalet"}, "suggestedTexts": {"subtitle": "Pedralbes, Barcelona", "title": "Chalet"}, "hasPlan": false, "has3DTour": false, "has360": false, "hasStaging": false, "topNewDevelopment": false}, {"propertyCode": "90413189", "thumbnail": "https://img3.idealista.com/blur/WEB_LISTING/0/id.pro.es.image.master/b1/da/68/790248453.jpg", "externalReference": "v7211", "numPhotos": 44, "price": 1590000.0, "propertyType": "chalet", "operation": "sale", "size": 201.0, "exterior": false, "rooms": 4, "bathrooms": 2, "address": "barrio Sarri\u00e0", "province": "Barcelona", "municipality": "Barcelona", "district": "Sarri\u00e0-Sant Gervasi", "country": "es", "neighborhood": "Sarri\u00e0", "latitude": 41.3984128, "longitude": 2.122324, "showAddress": false, "url": "https://www.idealista.com/inmueble/90413189/", "distance": "376", "hasVideo": true, "status": "good", "newDevelopment": false, "priceByArea": 7910.0, "detailedType": {"typology": "chalet", "subTypology": "independantHouse"}, "suggestedTexts": {"subtitle": "Sarri\u00e0, Barcelona", "title": "Casa independiente"}, "hasPlan": false, "has3DTour": true, "has360": false, "hasStaging": false, "topNewDevelopment": false}, {"propertyCode": "89999059", "thumbnail": "https://img3.idealista.com/blur/WEB_LISTING/0/id.pro.es.image.master/8d/ee/0d/781263723.jpg", "externalReference": "W-02IINA", "numPhotos": 27, "floor": "1", "price": 795000.0, "propertyType": "flat", "operation": "sale", "size": 143.0, "exterior": true, "rooms": 4, "bathrooms": 2, "address": "barrio Les Tres Torres", "province": "Barcelona", "municipality": "Barcelona", "district": "Sarri\u00e0-Sant Gervasi", "country": "es", "neighborhood": "Les Tres Torres", "latitude": 41.3940516, "longitude": 2.1279513, "showAddress": false, "url": "https://www.idealista.com/inmueble/89999059/", "distance": "740", "hasVideo": false, "status": "good", "newDevelopment": false, "hasLift": true, "parkingSpace": {"hasParkingSpace": true, "isParkingSpaceIncludedInPrice": true}, "priceByArea": 5559.0, "detailedType": {"typology": "flat"}, "suggestedTexts": {"subtitle": "Les Tres Torres, Barcelona", "title": "Piso"}, "hasPlan": true, "has3DTour": false, "has360": true, "hasStaging": false, "topNewDevelopment": false}, {"propertyCode": "91605015", "thumbnail": "https://img3.idealista.com/blur/WEB_LISTING/0/id.pro.es.image.master/91/b0/88/818786709.jpg", "externalReference": "306297", "numPhotos": 22, "price": 899000.0, "propertyType": "penthouse", "operation": "sale", "size": 181.0, "exterior": true, "rooms": 4, "bathrooms": 3, "address": "Via Augusta s/n", "province": "Barcelona", "municipality": "Barcelona", "district": "Sarri\u00e0-Sant Gervasi", "country": "es", "neighborhood": "Les Tres Torres", "latitude": 41.4001021, "longitude": 2.1238087, "showAddress": true, "url": "https://www.idealista.com/inmueble/91605015/", "distance": "600", "hasVideo": true, "status": "good", "newDevelopment": false, "hasLift": true, "priceByArea": 4967.0, "detailedType": {"typology": "flat", "subTypology": "penthouse"}, "suggestedTexts": {"subtitle": "Les Tres Torres, Barcelona", "title": "\u00c1tico en Via Augusta s/n"}, "hasPlan": true, "has3DTour": false, "has360": true, "hasStaging": false, "topNewDevelopment": false}, {"propertyCode": "90549031", "thumbnail": "https://img3.idealista.com/blur/WEB_LISTING/0/id.pro.es.image.master/fb/d3/ca/792856238.jpg", "externalReference": "Capit\u00e1n Arenas", "numPhotos": 22, "floor": "2", "price": 515000.0, "propertyType": "flat", "operation": "sale", "size": 128.0, "exterior": true, "rooms": 4, "bathrooms": 2, "address": "Calle del Capit\u00e0 Arenas", "province": "Barcelona", "municipality": "Barcelona", "district": "Sarri\u00e0-Sant Gervasi", "country": "es", "neighborhood": "Sarri\u00e0", "latitude": 41.3936469, "longitude": 2.1243886, "showAddress": false, "url": "https://www.idealista.com/inmueble/90549031/", "distance": "482", "hasVideo": true, "status": "renew", "newDevelopment": false, "hasLift": true, "priceByArea": 4023.0, "detailedType": {"typology": "flat"}, "suggestedTexts": {"subtitle": "Sarri\u00e0, Barcelona", "title": "Piso en Calle del Capit\u00e0 Arenas"}, "hasPlan": true, "has3DTour": false, "has360": true, "hasStaging": false, "topNewDevelopment": false}, {"propertyCode": "91805259", "thumbnail": "https://img3.idealista.com/blur/WEB_LISTING/0/id.pro.es.image.master/bc/84/50/823731484.jpg", "numPhotos": 26, "floor": "3", "price": 620000.0, "propertyType": "flat", "operation": "sale", "size": 119.0, "exterior": true, "rooms": 3, "bathrooms": 2, "address": "Via agusta", "province": "Barcelona", "municipality": "Barcelona", "district": "Sarri\u00e0-Sant Gervasi", "country": "es", "neighborhood": "Les Tres Torres", "latitude": 41.3971504, "longitude": 2.1292617, "showAddress": false, "url": "https://www.idealista.com/inmueble/91805259/", "distance": "835", "hasVideo": false, "status": "good", "newDevelopment": false, "hasLift": true, "priceByArea": 5210.0, "detailedType": {"typology": "flat"}, "suggestedTexts": {"subtitle": "Les Tres Torres, Barcelona", "title": "Piso en Via agusta"}, "hasPlan": true, "has3DTour": false, "has360": true, "hasStaging": false, "topNewDevelopment": false}]