[{"propertyCode": "91658993", "thumbnail": "https://img3.idealista.com/blur/WEB_LISTING/0/id.pro.es.image.master/c0/2a/b5/820119045.jpg", "externalReference": "019280", "numPhotos": 27, "floor": "en", "price": 845000.0, "propertyType": "flat", "operation": "sale", "size": 116.0, "exterior": true, "rooms": 3, "bathrooms": 2, "address": "barrio Sant Gervasi - La Bonanova", "province": "Barcelona", "municipality": "Barcelona", "district": "Sarri\u00e0-Sant Gervasi", "country": "es", "neighborhood": "Sant Gervasi - La Bonanova", "latitude": 41.4022298, "longitude": 2.1322432, "showAddress": false, "url": "https://www.idealista.com/inmueble/91658993/", "distance": "2736", "hasVideo": false, "status": "good", "newDevelopment": false, "hasLift": true, "priceByArea": 7284.0, "detailedType": {"typology": "flat"}, "suggestedTexts": {"subtitle": "Sant Gervasi - La Bonanova, Barcelona", "title": "Piso"}, "hasPlan": true, "has3DTour": true, "has360": true, "hasStaging": false, "topNewDevelopment": false}, {"propertyCode": "87717416", "thumbnail": "https://img3.idealista.com/blur/WEB_LISTING/0/id.pro.es.image.master/aa/fc/7d/755936767.jpg", "externalReference": "W-02GJDC", "numPhotos": 36, "floor": "bj", "price": 1295000.0, "propertyType": "flat", "operation": "sale", "size": 256.0, "exterior": false, "rooms": 4, "bathrooms": 3, "address": "barrio Sant Gervasi - La Bonanova", "province": "Barcelona", "municipality": "Barcelona", "district": "Sarri\u00e0-Sant Gervasi", "country": "es", "neighborhood": "Sant Gervasi - La Bonanova", "latitude": 41.4158985, "longitude": 2.1311214, "showAddress": false, "url": "https://www.idealista.com/inmueble/87717416/", "distance": "2136", "hasVideo": false, "status": "good", "newDevelopment": false, "hasLift": true, "parkingSpace": {"hasParkingSpace": true, "isParkingSpaceIncludedInPrice": true}, "priceByArea": 5059.0, "detailedType": {"typology": "flat"}, "suggestedTexts": {"subtitle": "Sant Gervasi - La Bonanova, Barcelona", "title": "Piso"}, "hasPlan": true, "has3DTour": true, "has360": false, "hasStaging": false, "topNewDevelopment": false}, {"propertyCode": "86954951", "thumbnail": "https://img3.idealista.com/blur/WEB_LISTING/0/id.pro.es.image.master/7f/45/8d/755900056.jpg", "externalReference": "W-02GRFP", "numPhotos": 38, "floor": "1", "price": 1100000.0, "propertyType": "flat", "operation": "sale", "size": 234.0, "exterior": false, "rooms": 3, "bathrooms": 3, "address": "barrio Sant Gervasi - La Bonanova", "province": "Barcelona", "municipality": "Barcelona", "district": "Sarri\u00e0-Sant Gervasi", "country": "es", "neighborhood": "Sant Gervasi - La Bonanova", "latitude": 41.4130985, "longitude": 2.1310214, "showAddress": false, "url": "https://www.idealista.com/inmueble/86954951/", "distance": "2160", "hasVideo": false, "status": "good", "newDevelopment": false, "hasLift": false, "parkingSpace": {"hasParkingSpace": true, "isParkingSpaceIncludedInPrice": true}, "priceByArea": 4701.0, "detailedType": {"typology": "flat"}, "suggestedTexts": {"subtitle": "Sant Gervasi - La Bonanova, Barcelona", "title": "Piso"}, "hasPlan": true, "has3DTour": true, "has360": false, "hasStaging": false, "topNewDevelopment": false}, {"propertyCode": "86274419", "thumbnail": "https://img3.idealista.com/blur/WEB_LISTING/0/id.pro.es.image.master/24/62/c4/755952906.jpg", "externalReference": "W-02E79H", "numPhotos": 43, "price": 830000.0, "propertyType": "penthouse", "operation": "sale", "size": 184.0, "exterior": false, "rooms": 5, "bathrooms": 2, "address": "barrio Sant Gervasi - La Bonanova", "province": "Barcelona", "municipality": "Barcelona", "district": "Sarri\u00e0-Sant Gervasi", "country": "es", "neighborhood": "Sant Gervasi - La Bonanova", "latitude": 41.4055359, "longitude": 2.1364713, "showAddress": false, "url": "https://www.idealista.com/inmueble/86274419/", "distance": "2855", "hasVideo": false, "status": "good", "newDevelopment": false, "hasLift": true, "priceByArea": 4511.0, "detailedType": {"typology": "flat", "subTypology": "penthouse"}, "suggestedTexts": {"subtitle": "Sant Gervasi - La Bonanova, Barcelona", "title": "\u00c1tico"}, "hasPlan": true, "has3DTour": true, "has360": false, "hasStaging": false, "topNewDevelopment": false}, {"propertyCode": "86206425", "thumbnail": "https://img3.idealista.com/blur/WEB_LISTING/0/id.pro.es.image.master/2e/9c/e3/755969197.jpg", "externalReference": "W-02AHUH", "numPhotos": 41, "floor": "1", "price": 1200000.0, "propertyType": "flat", "operation": "sale", "size": 130.0, "exterior": false, "rooms": 3, "bathrooms": 2, "address": "barrio Sant Gervasi - La Bonanova", "province": "Barcelona", "municipality": "Barcelona", "district": "Sarri\u00e0-Sant Gervasi", "country": "es", "neighborhood": "Sant Gervasi - La Bonanova", "latitude": 41.4093987, "longitude": 2.1278007, "showAddress": false, "url": "https://www.idealista.com/inmueble/86206425/", "distance": "2019", "hasVideo": false, "status": "good", "newDevelopment": false, "hasLift": true, "parkingSpace": {"hasParkingSpace": true, "isParkingSpaceIncludedInPrice": true}, "priceByArea": 9231.0, "detailedType": {"typology": "flat"}, "suggestedTexts": {"subtitle": "Sant Gervasi - La Bonanova, Barcelona", "title": "Piso"}, "hasPlan": true, "has3DTour": true, "has360": false, "hasStaging": false, "topNewDevelopment": false}, {"propertyCode": "90495287", "thumbnail": "https://img3.idealista.com/blur/WEB_LISTING/0/id.pro.es.image.master/94/5f/9f/795875929.jpg", "externalReference": "B07298BA", "numPhotos": 40, "floor": "bj", "price": 1750000.0, "propertyType": "chalet", "operation": "sale", "size": 380.0, "exterior": false, "rooms": 5, "bathrooms": 5, "address": "barrio Sarri\u00e0", "province": "Barcelona", "municipality": "Barcelona", "district": "Sarri\u00e0-Sant Gervasi", "country": "es", "neighborhood": "Sarri\u00e0", "latitude": 41.4012851, "longitude": 2.108661, "showAddress": false, "url": "https://www.idealista.com/inmueble/90495287/", "distance": "1713", "hasVideo": true, "status": "good", "newDevelopment": false, "parkingSpace": {"hasParkingSpace": true, "isParkingSpaceIncludedInPrice": true}, "priceByArea": 4605.0, "detailedType": {"typology": "chalet"}, "suggestedTexts": {"subtitle": "Sarri\u00e0, Barcelona", "title": "Chalet"}, "hasPlan": true, "has3DTour": false, "has360": true, "hasStaging": false, "topNewDevelopment": false}, {"propertyCode": "89784716", "thumbnail": "https://img3.idealista.com/blur/WEB_LISTING/0/id.pro.es.image.master/41/1e/b7/776472593.jpg", "externalReference": "019271", "numPhotos": 28, "floor": "1", "price": 864000.0, "propertyType": "flat", "operation": "sale", "size": 155.0, "exterior": false, "rooms": 5, "bathrooms": 2, "address": "Calle de Calatrava", "province": "Barcelona", "municipality": "Barcelona", "district": "Sarri\u00e0-Sant Gervasi", "country": "es", "neighborhood": "Les Tres Torres", "latitude": 41.4023503, "longitude": 2.1295338, "showAddress": false, "url": "https://www.idealista.com/inmueble/89784716/", "distance": "2547", "hasVideo": true, "status": "good", "newDevelopment": false, "hasLift": true, "parkingSpace": {"hasParkingSpace": true, "isParkingSpaceIncludedInPrice": true}, "priceByArea": 5574.0, "detailedType": {"typology": "flat"}, "suggestedTexts": {"subtitle": "Les Tres Torres, Barcelona", "title": "Piso en Calle de Calatrava"}, "hasPlan": true, "has3DTour": false, "has360": false, "hasStaging": false, "topNewDevelopment": false}, {"propertyCode": "91700583", "thumbnail": "https://img3.idealista.com/blur/WEB_LISTING/0/id.pro.es.image.master/4e/61/41/821143826.jpg", "externalReference": "VB2007030-5", "numPhotos": 33, "floor": "3", "price": 890000.0, "propertyType": "flat", "operation": "sale", "size": 170.0, "exterior": true, "rooms": 5, "bathrooms": 3, "address": "Calle de Mandri", "province": "Barcelona", "municipality": "Barcelona", "district": "Sarri\u00e0-Sant Gervasi", "country": "es", "neighborhood": "Sant Gervasi - La Bonanova", "latitude": 41.4035485, "longitude": 2.1372682, "showAddress": false, "url": "https://www.idealista.com/inmueble/91700583/", "distance": "3014", "hasVideo": true, "status": "good", "newDevelopment": false, "hasLift": true, "parkingSpace": {"hasParkingSpace": true, "isParkingSpaceIncludedInPrice": true}, "priceByArea": 5235.0, "detailedType": {"typology": "flat"}, "suggestedTexts": {"subtitle": "Sant Gervasi - La Bonanova, Barcelona", "title": "Piso en Calle de Mandri"}, "hasPlan": true, "has3DTour": false, "has360": false, "hasStaging": false, "topNewDevelopment": false}, {"propertyCode": "93082183", "thumbnail": "https://img3.idealista.com/blur/WEB_LISTING/0/id.pro.es.image.master/31/d5/cb/854034303.jpg", "externalReference": "VB2102073", "numPhotos": 38, "floor": "5", "price": 840000.0, "propertyType": "flat", "operation": "sale", "size": 138.0, "exterior": true, "rooms": 3, "bathrooms": 2, "address": "Calle de Num\u00e0ncia", "province": "Barcelona", "municipality": "Barcelona", "district": "Les Corts", "country": "es", "neighborhood": "Les Corts", "latitude": 41.3931779, "longitude": 2.1284422, "showAddress": false, "url": "https://www.idealista.com/inmueble/93082183/", "distance": "3222", "hasVideo": true, "status": "good", "newDevelopment": false, "hasLift": true, "parkingSpace": {"hasParkingSpace": true, "isParkingSpaceIncludedInPrice": true}, "priceByArea": 6087.0, "detailedType": {"typology": "flat"}, "suggestedTexts": {"subtitle": "Les Corts, Barcelona", "title": "Piso en Calle de Num\u00e0ncia"}, "hasPlan": true, "has3DTour": false, "has360": true, "hasStaging": false, "topNewDevelopment": false}, {"propertyCode": "90384893", "thumbnail": "https://img3.idealista.com/blur/WEB_LISTING/0/id.pro.es.image.master/88/53/6a/843810011.jpg", "externalReference": "01840", "numPhotos": 36, "floor": "2", "price": 1080000.0, "propertyType": "flat", "operation": "sale", "size": 162.0, "exterior": true, "rooms": 5, "bathrooms": 3, "address": "Calle de Ganduxer", "province": "Barcelona", "municipality": "Barcelona", "district": "Sarri\u00e0-Sant Gervasi", "country": "es", "neighborhood": "Les Tres Torres", "latitude": 41.4021385, "longitude": 2.1308518, "showAddress": false, "url": "https://www.idealista.com/inmueble/90384893/", "distance": "2649", "hasVideo": true, "status": "good", "newDevelopment": false, "hasLift": true, "parkingSpace": {"hasParkingSpace": true, "isParkingSpaceIncludedInPrice": true}, "priceByArea": 6667.0, "detailedType": {"typology": "flat"}, "suggestedTexts": {"subtitle": "Les Tres Torres, Barcelona", "title": "Piso en Calle de Ganduxer"}, "hasPlan": true, "has3DTour": true, "has360": true, "hasStaging": false, "topNewDevelopment": false}, {"propertyCode": "92505303", "thumbnail": "https://img3.idealista.com/blur/WEB_LISTING/0/id.pro.es.image.master/8c/0f/9d/841263464.jpg", "externalReference": "VB2101017", "numPhotos": 34, "floor": "11", "price": 1250000.0, "propertyType": "flat", "operation": "sale", "size": 206.0, "exterior": true, "rooms": 5, "bathrooms": 2, "address": "barrio Pedralbes", "province": "Barcelona", "municipality": "Barcelona", "district": "Les Corts", "country": "es", "neighborhood": "Pedralbes", "latitude": 41.3873665, "longitude": 2.1076946, "showAddress": false, "url": "https://www.idealista.com/inmueble/92505303/", "distance": "3245", "hasVideo": true, "status": "good", "newDevelopment": false, "hasLift": true, "parkingSpace": {"hasParkingSpace": true, "isParkingSpaceIncludedInPrice": true}, "priceByArea": 6068.0, "detailedType": {"typology": "flat"}, "suggestedTexts": {"subtitle": "Pedralbes, Barcelona", "title": "Piso"}, "hasPlan": true, "has3DTour": false, "has360": false, "hasStaging": false, "topNewDevelopment": false}, {"propertyCode": "92335180", "thumbnail": "https://img3.idealista.com/blur/WEB_LISTING/0/id.pro.es.image.master/76/a1/c2/837279998.jpg", "externalReference": "VB2101003", "numPhotos": 34, "floor": "1", "price": 870000.0, "propertyType": "flat", "operation": "sale", "size": 160.0, "exterior": true, "rooms": 3, "bathrooms": 3, "address": "barrio Les Tres Torres", "province": "Barcelona", "municipality": "Barcelona", "district": "Sarri\u00e0-Sant Gervasi", "country": "es", "neighborhood": "Les Tres Torres", "latitude": 41.4042049, "longitude": 2.1282219, "showAddress": false, "url": "https://www.idealista.com/inmueble/92335180/", "distance": "2336", "hasVideo": true, "status": "renew", "newDevelopment": false, "hasLift": true, "parkingSpace": {"hasParkingSpace": true, "isParkingSpaceIncludedInPrice": true}, "priceByArea": 5438.0, "detailedType": {"typology": "flat"}, "suggestedTexts": {"subtitle": "Les Tres Torres, Barcelona", "title": "Piso"}, "hasPlan": true, "has3DTour": false, "has360": false, "hasStaging": false, "topNewDevelopment": false}, {"propertyCode": "92391776", "thumbnail": "https://img3.idealista.com/blur/WEB_LISTING/0/id.pro.es.image.master/2f/70/c6/838665994.jpg", "externalReference": "BCN26876", "numPhotos": 34, "price": 765000.0, "propertyType": "flat", "operation": "sale", "size": 140.0, "exterior": false, "rooms": 4, "bathrooms": 2, "address": "barrio Sant Gervasi - La Bonanova", "province": "Barcelona", "municipality": "Barcelona", "district": "Sarri\u00e0-Sant Gervasi", "country": "es", "neighborhood": "Sant Gervasi - La Bonanova", "latitude": 41.4023954, "longitude": 2.1371957, "showAddress": false, "url": "https://www.idealista.com/inmueble/92391776/", "distance": "3072", "hasVideo": false, "status": "good", "newDevelopment": false, "hasLift": true, "priceByArea": 5464.0, "detailedType": {"typology": "flat"}, "suggestedTexts": {"subtitle": "Sant Gervasi - La Bonanova, Barcelona", "title": "Piso"}, "hasPlan": true, "has3DTour": false, "has360": true, "hasStaging": false, "topNewDevelopment": false}, {"propertyCode": "88662911", "thumbnail": "https://img3.idealista.com/blur/WEB_LISTING/0/id.pro.es.image.master/35/7a/f2/767465049.jpg", "externalReference": "B20337", "numPhotos": 38, "floor": "5", "price": 890000.0, "propertyType": "flat", "operation": "sale", "size": 200.0, "exterior": true, "rooms": 5, "bathrooms": 2, "address": "Calle de Ricardo Calvo", "province": "Barcelona", "municipality": "Barcelona", "district": "Sarri\u00e0-Sant Gervasi", "country": "es", "neighborhood": "Sant Gervasi - La Bonanova", "latitude": 41.4038397, "longitude": 2.1311439, "showAddress": false, "url": "https://www.idealista.com/inmueble/88662911/", "distance": "2559", "hasVideo": true, "status": "good", "newDevelopment": false, "hasLift": true, "parkingSpace": {"hasParkingSpace": true, "isParkingSpaceIncludedInPrice": true}, "priceByArea": 4450.0, "detailedType": {"typology": "flat"}, "suggestedTexts": {"subtitle": "Sant Gervasi - La Bonanova, Barcelona", "title": "Piso en Calle de Ricardo Calvo"}, "hasPlan": true, "has3DTour": false, "has360": true, "hasStaging": true, "topNewDevelopment": false}, {"propertyCode": "89909378", "thumbnail": "https://img3.idealista.com/blur/WEB_LISTING/0/id.pro.es.image.master/51/6b/c8/779093094.jpg", "externalReference": "BCN06385", "numPhotos": 38, "price": 2425000.0, "propertyType": "chalet", "operation": "sale", "size": 585.0, "exterior": false, "rooms": 6, "bathrooms": 5, "address": "barrio Sant Gervasi - La Bonanova", "province": "Barcelona", "municipality": "Barcelona", "district": "Sarri\u00e0-Sant Gervasi", "country": "es", "neighborhood": "Sant Gervasi - La Bonanova", "latitude": 41.4102488, "longitude": 2.1236358, "showAddress": false, "url": "https://www.idealista.com/inmueble/89909378/", "distance": "1663", "hasVideo": true, "status": "good", "newDevelopment": false, "parkingSpace": {"hasParkingSpace": true, "isParkingSpaceIncludedInPrice": true}, "priceByArea": 4145.0, "detailedType": {"typology": "chalet", "subTypology": "independantHouse"}, "suggestedTexts": {"subtitle": "Sant Gervasi - La Bonanova, Barcelona", "title": "Casa independiente"}, "hasPlan": true, "has3DTour": false, "has360": false, "hasStaging": false, "topNewDevelopment": false}, {"propertyCode": "92867335", "thumbnail": "https://img3.idealista.com/blur/WEB_LISTING/0/id.pro.es.image.master/e1/cf/ae/855823943.jpg", "externalReference": "GV622", "numPhotos": 27, "floor": "5", "price": 990000.0, "propertyType": "flat", "operation": "sale", "size": 165.0, "exterior": true, "rooms": 5, "bathrooms": 3, "address": "Paseo de Manuel Girona", "province": "Barcelona", "municipality": "Barcelona", "district": "Les Corts", "country": "es", "neighborhood": "Pedralbes", "latitude": 41.3934623, "longitude": 2.127285, "showAddress": false, "url": "https://www.idealista.com/inmueble/92867335/", "distance": "3140", "hasVideo": true, "status": "good", "newDevelopment": false, "hasLift": true, "priceByArea": 6000.0, "detailedType": {"typology": "flat"}, "suggestedTexts": {"subtitle": "Pedralbes, Barcelona", "title": "Piso en Paseo de Manuel Girona"}, "hasPlan": true, "has3DTour": false, "has360": true, "hasStaging": false, "topNewDevelopment": false}, {"propertyCode": "87817365", "thumbnail": "https://img3.idealista.com/blur/WEB_LISTING/0/id.pro.es.image.master/36/b1/c9/732768562.jpg", "externalReference": "4307", "numPhotos": 53, "price": 650000.0, "propertyType": "chalet", "operation": "sale", "size": 304.0, "exterior": false, "rooms": 4, "bathrooms": 4, "address": "barrio Vallvidrera - El Tibidabo i les Planes", "province": "Barcelona", "municipality": "Barcelona", "district": "Sarri\u00e0-Sant Gervasi", "country": "es", "neighborhood": "Vallvidrera - El Tibidabo i les Planes", "latitude": 41.4148924, "longitude": 2.0946575, "showAddress": false, "url": "https://www.idealista.com/inmueble/87817365/", "distance": "923", "hasVideo": true, "status": "good", "newDevelopment": false, "parkingSpace": {"hasParkingSpace": true, "isParkingSpaceIncludedInPrice": true}, "priceByArea": 2138.0, "detailedType": {"typology": "chalet", "subTypology": "independantHouse"}, "suggestedTexts": {"subtitle": "Vallvidrera - El Tibidabo i les Planes, Barcelona", "title": "Casa independiente"}, "hasPlan": true, "has3DTour": false, "has360": true, "hasStaging": true, "topNewDevelopment": false}, {"propertyCode": "92764073", "thumbnail": "https://img3.idealista.com/blur/WEB_LISTING/0/id.pro.es.image.master/a0/2e/77/848286284.jpg", "externalReference": "SP100YR", "numPhotos": 37, "floor": "bj", "price": 745000.0, "propertyType": "flat", "operation": "sale", "size": 207.0, "exterior": true, "rooms": 3, "bathrooms": 2, "address": "barrio El Putxet i el Farr\u00f3", "province": "Barcelona", "municipality": "Barcelona", "district": "Sarri\u00e0-Sant Gervasi", "country": "es", "neighborhood": "El Putxet i el Farr\u00f3", "latitude": 41.4105581, "longitude": 2.1426154, "showAddress": false, "url": "https://www.idealista.com/inmueble/92764073/", "distance": "3163", "hasVideo": true, "status": "good", "newDevelopment": false, "hasLift": true, "priceByArea": 3599.0, "detailedType": {"typology": "flat"}, "suggestedTexts": {"subtitle": "El Putxet i el Farr\u00f3, Barcelona", "title": "Piso"}, "hasPlan": true, "has3DTour": false, "has360": true, "hasStaging": false, "topNewDevelopment": false}, {"propertyCode": "85190976", "thumbnail": "https://img3.idealista.com/blur/WEB_LISTING/0/id.pro.es.image.master/c9/7c/d7/804946018.jpg", "externalReference": "SP151FM", "numPhotos": 29, "floor": "3", "price": 549000.0, "propertyType": "flat", "operation": "sale", "size": 118.0, "exterior": true, "rooms": 3, "bathrooms": 2, "address": "Paseo de Sant Gervasi, Barcelona", "province": "Barcelona", "municipality": "Barcelona", "district": "Sarri\u00e0-Sant Gervasi", "country": "es", "neighborhood": "El Putxet i el Farr\u00f3", "latitude": 41.4132817, "longitude": 2.1392877, "showAddress": false, "url": "https://www.idealista.com/inmueble/85190976/", "distance": "2838", "hasVideo": true, "status": "good", "newDevelopment": false, "hasLift": true, "priceByArea": 4653.0, "detailedType": {"typology": "flat"}, "suggestedTexts": {"subtitle": "El Putxet i el Farr\u00f3, Barcelona", "title": "Piso en Paseo de Sant Gervasi, Barcelona"}, "hasPlan": true, "has3DTour": false, "has360": true, "hasStaging": false, "topNewDevelopment": false}, {"propertyCode": "90517159", "thumbnail": "https://img3.idealista.com/blur/WEB_LISTING/0/id.pro.es.image.master/c4/a6/1f/792177705.jpg", "externalReference": "B07332BA", "numPhotos": 38, "floor": "2", "price": 1660000.0, "propertyType": "flat", "operation": "sale", "size": 232.0, "exterior": true, "rooms": 5, "bathrooms": 3, "address": "barrio Pedralbes", "province": "Barcelona", "municipality": "Barcelona", "district": "Les Corts", "country": "es", "neighborhood": "Pedralbes", "latitude": 41.3938708, "longitude": 2.1163417, "showAddress": false, "url": "https://www.idealista.com/inmueble/90517159/", "distance": "2674", "hasVideo": true, "status": "good", "newDevelopment": false, "hasLift": true, "parkingSpace": {"hasParkingSpace": true, "isParkingSpaceIncludedInPrice": true}, "priceByArea": 7155.0, "detailedType": {"typology": "flat"}, "suggestedTexts": {"subtitle": "Pedralbes, Barcelona", "title": "Piso"}, "hasPlan": true, "has3DTour": false, "has360": true, "hasStaging": false, "topNewDevelopment": false}, {"propertyCode": "89705491", "thumbnail": "https://img3.idealista.com/blur/WEB_LISTING/0/id.pro.es.image.master/a8/50/80/800885015.jpg", "externalReference": "0951", "numPhotos": 25, "floor": "2", "price": 399000.0, "propertyType": "flat", "operation": "sale", "size": 105.0, "exterior": true, "rooms": 4, "bathrooms": 2, "address": "barrio El Putxet i el Farr\u00f3", "province": "Barcelona", "municipality": "Barcelona", "district": "Sarri\u00e0-Sant Gervasi", "country": "es", "neighborhood": "El Putxet i el Farr\u00f3", "latitude": 41.4114666, "longitude": 2.139694, "showAddress": false, "url": "https://www.idealista.com/inmueble/89705491/", "distance": "2904", "hasVideo": false, "status": "good", "newDevelopment": false, "hasLift": true, "priceByArea": 3800.0, "detailedType": {"typology": "flat"}, "suggestedTexts": {"subtitle": "El Putxet i el Farr\u00f3, Barcelona", "title": "Piso"}, "hasPlan": true, "has3DTour": false, "has360": true, "hasStaging": false, "topNewDevelopment": false}, {"propertyCode": "92244864", "thumbnail": "https://img3.idealista.com/blur/WEB_LISTING/0/id.pro.es.image.master/ba/60/d9/856403752.jpg", "externalReference": "200135", "numPhotos": 45, "floor": "6", "price": 1149000.0, "propertyType": "duplex", "operation": "sale", "size": 248.0, "exterior": true, "rooms": 3, "bathrooms": 3, "address": "barrio El Putxet i el Farr\u00f3", "province": "Barcelona", "municipality": "Barcelona", "district": "Sarri\u00e0-Sant Gervasi", "country": "es", "neighborhood": "El Putxet i el Farr\u00f3", "latitude": 41.40521, "longitude": 2.13924, "showAddress": false, "url": "https://www.idealista.com/inmueble/92244864/", "distance": "3080", "hasVideo": false, "status": "good", "newDevelopment": false, "hasLift": true, "priceByArea": 4633.0, "detailedType": {"typology": "flat", "subTypology": "duplex"}, "suggestedTexts": {"subtitle": "El Putxet i el Farr\u00f3, Barcelona", "title": "D\u00faplex"}, "hasPlan": true, "has3DTour": false, "has360": true, "hasStaging": false, "topNewDevelopment": false}, {"propertyCode": "85771895", "thumbnail": "https://img3.idealista.com/blur/WEB_LISTING/0/id.pro.es.image.master/1d/84/66/674739220.jpg", "externalReference": "4338", "numPhotos": 58, "price": 1295000.0, "propertyType": "chalet", "operation": "sale", "size": 300.0, "exterior": false, "rooms": 3, "bathrooms": 3, "address": "barrio Vallvidrera - El Tibidabo i les Planes", "province": "Barcelona", "municipality": "Barcelona", "district": "Sarri\u00e0-Sant Gervasi", "country": "es", "neighborhood": "Vallvidrera - El Tibidabo i les Planes", "latitude": 41.4171709, "longitude": 2.1113274, "showAddress": false, "url": "https://www.idealista.com/inmueble/85771895/", "distance": "489", "hasVideo": true, "status": "good", "newDevelopment": false, "parkingSpace": {"hasParkingSpace": true, "isParkingSpaceIncludedInPrice": true}, "priceByArea": 4317.0, "detailedType": {"typology": "chalet", "subTypology": "independantHouse"}, "suggestedTexts": {"subtitle": "Vallvidrera - El Tibidabo i les Planes, Barcelona", "title": "Casa independiente"}, "hasPlan": true, "has3DTour": false, "has360": true, "hasStaging": false, "topNewDevelopment": false}, {"propertyCode": "88513665", "thumbnail": "https://img3.idealista.com/blur/WEB_LISTING/0/id.pro.es.image.master/ff/53/ed/748584425.jpg", "externalReference": "BCN21995", "numPhotos": 37, "price": 1950000.0, "propertyType": "chalet", "operation": "sale", "size": 284.0, "exterior": false, "rooms": 4, "bathrooms": 4, "address": "barrio Sant Gervasi - La Bonanova", "province": "Barcelona", "municipality": "Barcelona", "district": "Sarri\u00e0-Sant Gervasi", "country": "es", "neighborhood": "Sant Gervasi - La Bonanova", "latitude": 41.4100349, "longitude": 2.1221368, "showAddress": false, "url": "https://www.idealista.com/inmueble/88513665/", "distance": "1561", "hasVideo": false, "status": "good", "newDevelopment": false, "parkingSpace": {"hasParkingSpace": true, "isParkingSpaceIncludedInPrice": true}, "priceByArea": 6866.0, "detailedType": {"typology": "chalet"}, "suggestedTexts": {"subtitle": "Sant Gervasi - La Bonanova, Barcelona", "title": "Chalet"}, "hasPlan": false, "has3DTour": false, "has360": true, "hasStaging": false, "topNewDevelopment": false}, {"propertyCode": "35492296", "thumbnail": "https://img3.idealista.com/blur/WEB_LISTING/0/id.pro.es.image.master/03/cd/d2/709998753.jpg", "externalReference": "3413c", "numPhotos": 48, "price": 830000.0, "propertyType": "chalet", "operation": "sale", "size": 380.0, "exterior": false, "rooms": 5, "bathrooms": 5, "address": "Calle de Can Basseda", "province": "Barcelona", "municipality": "Barcelona", "district": "Sarri\u00e0-Sant Gervasi", "country": "es", "neighborhood": "Vallvidrera - El Tibidabo i les Planes", "latitude": 41.4143264, "longitude": 2.108542, "showAddress": false, "url": "https://www.idealista.com/inmueble/35492296/", "distance": "350", "hasVideo": true, "status": "good", "newDevelopment": false, "parkingSpace": {"hasParkingSpace": true, "isParkingSpaceIncludedInPrice": true}, "priceByArea": 2184.0, "detailedType": {"typology": "chalet", "subTypology": "independantHouse"}, "suggestedTexts": {"subtitle": "Vallvidrera - El Tibidabo i les Planes, Barcelona", "title": "Casa independiente en Calle de Can Basseda"}, "hasPlan": true, "has3DTour": false, "has360": true, "hasStaging": false, "topNewDevelopment": false}, {"propertyCode": "85122263", "thumbnail": "https://img3.idealista.com/blur/WEB_LISTING/0/id.pro.es.image.master/78/66/9c/755940168.jpg", "externalReference": "W-02FD4V", "numPhotos": 31, "price": 570000.0, "propertyType": "chalet", "operation": "sale", "size": 265.0, "exterior": false, "rooms": 3, "bathrooms": 3, "address": "La Floresta - Les Planes", "province": "Barcelona", "municipality": "Sant Cugat del Vall\u00e8s", "district": "La Floresta - Les Planes", "country": "es", "latitude": 41.4392438, "longitude": 2.0845078, "showAddress": false, "url": "https://www.idealista.com/inmueble/85122263/", "distance": "3075", "hasVideo": false, "status": "good", "newDevelopment": false, "parkingSpace": {"hasParkingSpace": true, "isParkingSpaceIncludedInPrice": true}, "priceByArea": 2151.0, "detailedType": {"typology": "chalet", "subTypology": "independantHouse"}, "suggestedTexts": {"subtitle": "La Floresta - Les Planes, Sant Cugat del Vall\u00e8s", "title": "Casa independiente"}, "hasPlan": false, "has3DTour": false, "has360": true, "hasStaging": false, "topNewDevelopment": false}, {"propertyCode": "91903169", "thumbnail": "https://img3.idealista.com/blur/WEB_LISTING/0/id.pro.es.image.master/73/63/51/826089004.jpg", "externalReference": "2441", "numPhotos": 19, "floor": "2", "price": 770000.0, "propertyType": "flat", "operation": "sale", "size": 160.0, "exterior": true, "rooms": 5, "bathrooms": 2, "address": "barrio Sarri\u00e0", "province": "Barcelona", "municipality": "Barcelona", "district": "Sarri\u00e0-Sant Gervasi", "country": "es", "neighborhood": "Sarri\u00e0", "latitude": 41.3938308, "longitude": 2.1279846, "showAddress": false, "url": "https://www.idealista.com/inmueble/91903169/", "distance": "3141", "hasVideo": false, "status": "good", "newDevelopment": false, "hasLift": true, "priceByArea": 4813.0, "detailedType": {"typology": "flat"}, "suggestedTexts": {"subtitle": "Sarri\u00e0, Barcelona", "title": "Piso"}, "hasPlan": true, "has3DTour": false, "has360": true, "hasStaging": false, "topNewDevelopment": false}, {"propertyCode": "92023188", "thumbnail": "https://img3.idealista.com/blur/WEB_LISTING/0/id.pro.es.image.master/79/4a/7b/828891907.jpg", "externalReference": "1442", "numPhotos": 29, "price": 760000.0, "propertyType": "flat", "operation": "sale", "size": 120.0, "exterior": true, "rooms": 3, "bathrooms": 2, "address": "barrio Vallcarca i els Penitents", "province": "Barcelona", "municipality": "Barcelona", "district": "Gr\u00e0cia", "country": "es", "neighborhood": "Vallcarca i els Penitents", "latitude": 41.4159354, "longitude": 2.1385804, "showAddress": false, "url": "https://www.idealista.com/inmueble/92023188/", "distance": "2757", "hasVideo": false, "status": "good", "newDevelopment": false, "hasLift": true, "parkingSpace": {"hasParkingSpace": true, "isParkingSpaceIncludedInPrice": true}, "priceByArea": 6333.0, "detailedType": {"typology": "flat"}, "suggestedTexts": {"subtitle": "Vallcarca i els Penitents, Barcelona", "title": "Piso"}, "hasPlan": false, "has3DTour": false, "has360": true, "hasStaging": false, "topNewDevelopment": false}, {"propertyCode": "93167309", "thumbnail": "https://img3.idealista.com/blur/WEB_LISTING/0/id.pro.es.image.master/24/ee/55/855988959.jpg", "externalReference": "10705", "numPhotos": 23, "price": 550000.0, "propertyType": "flat", "operation": "sale", "size": 83.0, "exterior": true, "rooms": 3, "bathrooms": 1, "address": "Calle del Camp", "province": "Barcelona", "municipality": "Barcelona", "district": "Sarri\u00e0-Sant Gervasi", "country": "es", "neighborhood": "Sant Gervasi - La Bonanova", "latitude": 41.402659, "longitude": 2.137273, "showAddress": false, "url": "https://www.idealista.com/inmueble/93167309/", "distance": "3063", "hasVideo": false, "status": "good", "newDevelopment": false, "hasLift": true, "parkingSpace": {"hasParkingSpace": true, "isParkingSpaceIncludedInPrice": true}, "priceByArea": 6627.0, "detailedType": {"typology": "flat"}, "suggestedTexts": {"subtitle": "Sant Gervasi - La Bonanova, Barcelona", "title": "Piso en Calle del Camp"}, "hasPlan": true, "has3DTour": true, "has360": false, "hasStaging": false, "topNewDevelopment": false}, {"propertyCode": "90311630", "thumbnail": "https://img3.idealista.com/blur/WEB_LISTING/0/id.pro.es.image.master/fe/ee/ac/787839564.jpg", "externalReference": "P_HURT", "numPhotos": 37, "floor": "bj", "price": 745000.0, "propertyType": "flat", "operation": "sale", "size": 207.0, "exterior": false, "rooms": 3, "bathrooms": 2, "address": "hurtado, 7", "province": "Barcelona", "municipality": "Barcelona", "district": "Sarri\u00e0-Sant Gervasi", "country": "es", "neighborhood": "El Putxet i el Farr\u00f3", "latitude": 41.4102264, "longitude": 2.1411077, "showAddress": true, "url": "https://www.idealista.com/inmueble/90311630/", "distance": "3049", "hasVideo": false, "status": "good", "newDevelopment": false, "hasLift": true, "priceByArea": 3599.0, "detailedType": {"typology": "flat"}, "suggestedTexts": {"subtitle": "El Putxet i el Farr\u00f3, Barcelona", "title": "Piso en hurtado, 7"}, "hasPlan": true, "has3DTour": false, "has360": true, "hasStaging": false, "topNewDevelopment": false}, {"propertyCode": "92812735", "thumbnail": "https://img3.idealista.com/blur/WEB_LISTING/0/id.pro.es.image.master/e9/a6/ff/848725691.jpg", "externalReference": "VB2102026", "numPhotos": 25, "floor": "2", "price": 785000.0, "propertyType": "flat", "operation": "sale", "size": 109.0, "exterior": true, "rooms": 3, "bathrooms": 2, "address": "barrio Sant Gervasi - La Bonanova", "province": "Barcelona", "municipality": "Barcelona", "district": "Sarri\u00e0-Sant Gervasi", "country": "es", "neighborhood": "Sant Gervasi - La Bonanova", "latitude": 41.4166408, "longitude": 2.1273696, "showAddress": false, "url": "https://www.idealista.com/inmueble/92812735/", "distance": "1822", "hasVideo": true, "status": "good", "newDevelopment": false, "hasLift": true, "parkingSpace": {"hasParkingSpace": true, "isParkingSpaceIncludedInPrice": true}, "priceByArea": 7202.0, "detailedType": {"typology": "flat"}, "suggestedTexts": {"subtitle": "Sant Gervasi - La Bonanova, Barcelona", "title": "Piso"}, "hasPlan": false, "has3DTour": false, "has360": false, "hasStaging": false, "topNewDevelopment": false}, {"propertyCode": "92560475", "thumbnail": "https://img3.idealista.com/blur/WEB_LISTING/0/id.pro.es.image.master/41/f3/e2/842679905.jpg", "externalReference": "243993", "numPhotos": 25, "floor": "2", "price": 880000.0, "propertyType": "flat", "operation": "sale", "size": 172.0, "exterior": true, "rooms": 3, "bathrooms": 3, "address": "barrio El Putxet i el Farr\u00f3", "province": "Barcelona", "municipality": "Barcelona", "district": "Sarri\u00e0-Sant Gervasi", "country": "es", "neighborhood": "El Putxet i el Farr\u00f3", "latitude": 41.4110355, "longitude": 2.1393086, "showAddress": false, "url": "https://www.idealista.com/inmueble/92560475/", "distance": "2882", "hasVideo": false, "status": "good", "newDevelopment": false, "hasLift": true, "priceByArea": 5116.0, "detailedType": {"typology": "flat"}, "suggestedTexts": {"subtitle": "El Putxet i el Farr\u00f3, Barcelona", "title": "Piso"}, "hasPlan": true, "has3DTour": false, "has360": false, "hasStaging": false, "topNewDevelopment": false}, {"propertyCode": "92296704", "thumbnail": "https://img3.idealista.com/blur/WEB_LISTING/0/id.pro.es.image.master/f1/e4/2e/836090468.jpg", "externalReference": "BCN26829", "numPhotos": 45, "price": 1750000.0, "propertyType": "chalet", "operation": "sale", "size": 320.0, "exterior": false, "rooms": 5, "bathrooms": 4, "address": "barrio Sarri\u00e0", "province": "Barcelona", "municipality": "Barcelona", "district": "Sarri\u00e0-Sant Gervasi", "country": "es", "neighborhood": "Sarri\u00e0", "latitude": 41.4015851, "longitude": 2.110361, "showAddress": false, "url": "https://www.idealista.com/inmueble/92296704/", "distance": "1708", "hasVideo": false, "status": "good", "newDevelopment": false, "parkingSpace": {"hasParkingSpace": true, "isParkingSpaceIncludedInPrice": true}, "priceByArea": 5469.0, "detailedType": {"typology": "chalet"}, "suggestedTexts": {"subtitle": "Sarri\u00e0, Barcelona", "title": "Chalet"}, "hasPlan": true, "has3DTour": false, "has360": false, "hasStaging": false, "topNewDevelopment": false}, {"propertyCode": "92176342", "thumbnail": "https://img3.idealista.com/blur/WEB_LISTING/0/id.pro.es.image.master/8f/5d/89/832827696.jpg", "externalReference": "BCN26015", "numPhotos": 59, "price": 3500000.0, "propertyType": "penthouse", "operation": "sale", "size": 406.0, "exterior": true, "rooms": 5, "bathrooms": 6, "address": "barrio Pedralbes", "province": "Barcelona", "municipality": "Barcelona", "district": "Les Corts", "country": "es", "neighborhood": "Pedralbes", "latitude": 41.394721, "longitude": 2.118681, "showAddress": false, "url": "https://www.idealista.com/inmueble/92176342/", "distance": "2660", "hasVideo": false, "status": "good", "newDevelopment": false, "hasLift": true, "parkingSpace": {"hasParkingSpace": true, "isParkingSpaceIncludedInPrice": true}, "priceByArea": 8621.0, "detailedType": {"typology": "flat", "subTypology": "penthouse"}, "suggestedTexts": {"subtitle": "Pedralbes, Barcelona", "title": "\u00c1tico"}, "hasPlan": true, "has3DTour": false, "has360": false, "hasStaging": false, "topNewDevelopment": false}, {"propertyCode": "91842091", "thumbnail": "https://img3.idealista.com/blur/WEB_LISTING/0/id.pro.es.image.master/ba/24/83/824572704.jpg", "externalReference": "242955", "numPhotos": 23, "floor": "5", "price": 350000.0, "propertyType": "flat", "operation": "sale", "size": 76.0, "exterior": true, "rooms": 3, "bathrooms": 1, "address": "barrio Vallcarca i els Penitents", "province": "Barcelona", "municipality": "Barcelona", "district": "Gr\u00e0cia", "country": "es", "neighborhood": "Vallcarca i els Penitents", "latitude": 41.4107816, "longitude": 2.1394402, "showAddress": false, "url": "https://www.idealista.com/inmueble/91842091/", "distance": "2899", "hasVideo": false, "status": "good", "newDevelopment": false, "hasLift": true, "priceByArea": 4605.0, "detailedType": {"typology": "flat"}, "suggestedTexts": {"subtitle": "Vallcarca i els Penitents, Barcelona", "title": "Piso"}, "hasPlan": true, "has3DTour": false, "has360": false, "hasStaging": false, "topNewDevelopment": false}, {"propertyCode": "91648408", "thumbnail": "https://img3.idealista.com/blur/WEB_LISTING/0/id.pro.es.image.master/48/27/2a/844034961.jpg", "externalReference": "240750", "numPhotos": 22, "floor": "1", "price": 720000.0, "propertyType": "flat", "operation": "sale", "size": 130.0, "exterior": true, "rooms": 4, "bathrooms": 2, "address": "barrio El Putxet i el Farr\u00f3", "province": "Barcelona", "municipality": "Barcelona", "district": "Sarri\u00e0-Sant Gervasi", "country": "es", "neighborhood": "El Putxet i el Farr\u00f3", "latitude": 41.4076663, "longitude": 2.1388275, "showAddress": false, "url": "https://www.idealista.com/inmueble/91648408/", "distance": "2946", "hasVideo": false, "status": "good", "newDevelopment": false, "hasLift": true, "parkingSpace": {"hasParkingSpace": true, "isParkingSpaceIncludedInPrice": true}, "priceByArea": 5538.0, "detailedType": {"typology": "flat"}, "suggestedTexts": {"subtitle": "El Putxet i el Farr\u00f3, Barcelona", "title": "Piso"}, "hasPlan": true, "has3DTour": false, "has360": true, "hasStaging": false, "topNewDevelopment": false}, {"propertyCode": "34591620", "thumbnail": "https://img3.idealista.com/blur/WEB_LISTING/0/id.pro.es.image.master/56/6b/7a/264812548.jpg", "externalReference": "BCN2354", "numPhotos": 38, "price": 3000000.0, "propertyType": "chalet", "operation": "sale", "size": 672.0, "exterior": false, "rooms": 5, "bathrooms": 8, "address": "barrio Sarri\u00e0", "province": "Barcelona", "municipality": "Barcelona", "district": "Sarri\u00e0-Sant Gervasi", "country": "es", "neighborhood": "Sarri\u00e0", "latitude": 41.4007566, "longitude": 2.1081092, "showAddress": false, "url": "https://www.idealista.com/inmueble/34591620/", "distance": "1765", "hasVideo": false, "status": "good", "newDevelopment": false, "parkingSpace": {"hasParkingSpace": true, "isParkingSpaceIncludedInPrice": true}, "priceByArea": 4464.0, "detailedType": {"typology": "chalet"}, "suggestedTexts": {"subtitle": "Sarri\u00e0, Barcelona", "title": "Chalet"}, "hasPlan": true, "has3DTour": false, "has360": false, "hasStaging": false, "topNewDevelopment": false}, {"propertyCode": "81247994", "thumbnail": "https://img3.idealista.com/blur/WEB_LISTING/0/id.pro.es.image.master/80/49/2e/573090384.jpg", "externalReference": "BCN9752", "numPhotos": 32, "price": 10000000.0, "propertyType": "chalet", "operation": "sale", "size": 900.0, "exterior": false, "rooms": 7, "bathrooms": 8, "address": "barrio Pedralbes", "province": "Barcelona", "municipality": "Barcelona", "district": "Les Corts", "country": "es", "neighborhood": "Pedralbes", "latitude": 41.394633, "longitude": 2.1104312, "showAddress": false, "url": "https://www.idealista.com/inmueble/81247994/", "distance": "2467", "hasVideo": false, "status": "good", "newDevelopment": false, "parkingSpace": {"hasParkingSpace": true, "isParkingSpaceIncludedInPrice": true}, "priceByArea": 11111.0, "detailedType": {"typology": "chalet"}, "suggestedTexts": {"subtitle": "Pedralbes, Barcelona", "title": "Chalet"}, "hasPlan": true, "has3DTour": false, "has360": false, "hasStaging": false, "topNewDevelopment": false}, {"propertyCode": "81345140", "thumbnail": "https://img3.idealista.com/blur/WEB_LISTING/0/id.pro.es.image.master/a1/59/83/575091742.jpg", "externalReference": "BCN11347", "numPhotos": 45, "price": 2750000.0, "propertyType": "chalet", "operation": "sale", "size": 224.0, "exterior": false, "rooms": 2, "bathrooms": 3, "address": "barrio Les Tres Torres", "province": "Barcelona", "municipality": "Barcelona", "district": "Sarri\u00e0-Sant Gervasi", "country": "es", "neighborhood": "Les Tres Torres", "latitude": 41.396468, "longitude": 2.1333346, "showAddress": false, "url": "https://www.idealista.com/inmueble/81345140/", "distance": "3217", "hasVideo": false, "status": "good", "newDevelopment": false, "parkingSpace": {"hasParkingSpace": true, "isParkingSpaceIncludedInPrice": true}, "priceByArea": 12277.0, "detailedType": {"typology": "chalet"}, "suggestedTexts": {"subtitle": "Les Tres Torres, Barcelona", "title": "Chalet"}, "hasPlan": true, "has3DTour": false, "has360": false, "hasStaging": false, "topNewDevelopment": false}, {"propertyCode": "84342098", "thumbnail": "https://img3.idealista.com/blur/WEB_LISTING/0/id.pro.es.image.master/48/48/b4/636989540.jpg", "externalReference": "BCN16287", "numPhotos": 50, "price": 4600000.0, "propertyType": "chalet", "operation": "sale", "size": 790.0, "exterior": false, "rooms": 10, "bathrooms": 8, "address": "barrio Pedralbes", "province": "Barcelona", "municipality": "Barcelona", "district": "Les Corts", "country": "es", "neighborhood": "Pedralbes", "latitude": 41.3915139, "longitude": 2.1111807, "showAddress": false, "url": "https://www.idealista.com/inmueble/84342098/", "distance": "2819", "hasVideo": false, "status": "renew", "newDevelopment": false, "parkingSpace": {"hasParkingSpace": true, "isParkingSpaceIncludedInPrice": true}, "priceByArea": 5823.0, "detailedType": {"typology": "chalet"}, "suggestedTexts": {"subtitle": "Pedralbes, Barcelona", "title": "Chalet"}, "hasPlan": true, "has3DTour": false, "has360": false, "hasStaging": false, "topNewDevelopment": false}, {"propertyCode": "90571031", "thumbnail": "https://img3.idealista.com/blur/WEB_LISTING/0/id.pro.es.image.master/e7/bb/d9/793414034.jpg", "externalReference": "BCN24619", "numPhotos": 43, "price": 2300000.0, "propertyType": "flat", "operation": "sale", "size": 351.0, "exterior": true, "rooms": 6, "bathrooms": 5, "address": "barrio Les Tres Torres", "province": "Barcelona", "municipality": "Barcelona", "district": "Sarri\u00e0-Sant Gervasi", "country": "es", "neighborhood": "Les Tres Torres", "latitude": 41.401307, "longitude": 2.1291549, "showAddress": false, "url": "https://www.idealista.com/inmueble/90571031/", "distance": "2597", "hasVideo": false, "status": "renew", "newDevelopment": false, "hasLift": true, "parkingSpace": {"hasParkingSpace": true, "isParkingSpaceIncludedInPrice": true}, "priceByArea": 6553.0, "detailedType": {"typology": "flat"}, "suggestedTexts": {"subtitle": "Les Tres Torres, Barcelona", "title": "Piso"}, "hasPlan": true, "has3DTour": false, "has360": false, "hasStaging": false, "topNewDevelopment": false}, {"propertyCode": "90536761", "thumbnail": "https://img3.idealista.com/blur/WEB_LISTING/0/id.pro.es.image.master/d5/61/43/792579416.jpg", "externalReference": "LFS2992", "numPhotos": 45, "price": 2060000.0, "propertyType": "chalet", "operation": "sale", "size": 340.0, "exterior": false, "rooms": 5, "bathrooms": 5, "address": "barrio Pedralbes", "province": "Barcelona", "municipality": "Barcelona", "district": "Les Corts", "country": "es", "neighborhood": "Pedralbes", "latitude": 41.3916201, "longitude": 2.1066476, "showAddress": false, "url": "https://www.idealista.com/inmueble/90536761/", "distance": "2769", "hasVideo": false, "status": "good", "newDevelopment": false, "parkingSpace": {"hasParkingSpace": true, "isParkingSpaceIncludedInPrice": true}, "priceByArea": 6059.0, "detailedType": {"typology": "chalet"}, "suggestedTexts": {"subtitle": "Pedralbes, Barcelona", "title": "Chalet"}, "hasPlan": true, "has3DTour": false, "has360": false, "hasStaging": false, "topNewDevelopment": false}, {"propertyCode": "39357864", "thumbnail": "https://img3.idealista.com/blur/WEB_LISTING/0/id.pro.es.image.master/c2/b3/3e/258452219.jpg", "externalReference": "BCN9231", "numPhotos": 33, "price": 2400000.0, "propertyType": "flat", "operation": "sale", "size": 367.0, "exterior": true, "rooms": 5, "bathrooms": 5, "address": "barrio Pedralbes", "province": "Barcelona", "municipality": "Barcelona", "district": "Les Corts", "country": "es", "neighborhood": "Pedralbes", "latitude": 41.3909236, "longitude": 2.1141478, "showAddress": false, "url": "https://www.idealista.com/inmueble/39357864/", "distance": "2934", "hasVideo": false, "status": "renew", "newDevelopment": false, "hasLift": true, "parkingSpace": {"hasParkingSpace": true, "isParkingSpaceIncludedInPrice": true}, "priceByArea": 6540.0, "detailedType": {"typology": "flat"}, "suggestedTexts": {"subtitle": "Pedralbes, Barcelona", "title": "Piso"}, "hasPlan": true, "has3DTour": false, "has360": false, "hasStaging": false, "topNewDevelopment": false}, {"propertyCode": "87904761", "thumbnail": "https://img3.idealista.com/blur/WEB_LISTING/0/id.pro.es.image.master/86/8b/f6/733941500.jpg", "externalReference": "BCN10815", "numPhotos": 48, "price": 860000.0, "propertyType": "chalet", "operation": "sale", "size": 185.0, "exterior": false, "rooms": 4, "bathrooms": 3, "address": "barrio Pedralbes", "province": "Barcelona", "municipality": "Barcelona", "district": "Les Corts", "country": "es", "neighborhood": "Pedralbes", "latitude": 41.3893849, "longitude": 2.103972, "showAddress": false, "url": "https://www.idealista.com/inmueble/87904761/", "distance": "3019", "hasVideo": false, "status": "renew", "newDevelopment": false, "priceByArea": 4649.0, "detailedType": {"typology": "chalet"}, "suggestedTexts": {"subtitle": "Pedralbes, Barcelona", "title": "Chalet"}, "hasPlan": true, "has3DTour": false, "has360": false, "hasStaging": false, "topNewDevelopment": false}, {"propertyCode": "92930396", "thumbnail": "https://img3.idealista.com/blur/WEB_LISTING/0/id.pro.es.image.master/26/aa/e0/851370023.jpg", "externalReference": "10658", "numPhotos": 34, "floor": "3", "price": 890000.0, "propertyType": "flat", "operation": "sale", "size": 180.0, "exterior": true, "rooms": 5, "bathrooms": 3, "address": "Calle de Mandri", "province": "Barcelona", "municipality": "Barcelona", "district": "Sarri\u00e0-Sant Gervasi", "country": "es", "neighborhood": "Sant Gervasi - La Bonanova", "latitude": 41.4028759, "longitude": 2.1370174, "showAddress": false, "url": "https://www.idealista.com/inmueble/92930396/", "distance": "3033", "hasVideo": true, "status": "good", "newDevelopment": false, "hasLift": true, "parkingSpace": {"hasParkingSpace": true, "isParkingSpaceIncludedInPrice": true}, "priceByArea": 4944.0, "detailedType": {"typology": "flat"}, "suggestedTexts": {"subtitle": "Sant Gervasi - La Bonanova, Barcelona", "title": "Piso en Calle de Mandri"}, "hasPlan": true, "has3DTour": true, "has360": false, "hasStaging": false, "topNewDevelopment": false}, {"propertyCode": "92890890", "thumbnail": "https://img3.idealista.com/blur/WEB_LISTING/0/id.pro.es.image.master/94/8c/99/850347791.jpg", "externalReference": "10650", "numPhotos": 62, "price": 1690000.0, "propertyType": "penthouse", "operation": "sale", "size": 290.0, "exterior": true, "rooms": 4, "bathrooms": 4, "address": "Via Augusta", "province": "Barcelona", "municipality": "Barcelona", "district": "Sarri\u00e0-Sant Gervasi", "country": "es", "neighborhood": "Sant Gervasi - Galvany", "latitude": 41.3989684, "longitude": 2.1350011, "showAddress": false, "url": "https://www.idealista.com/inmueble/92890890/", "distance": "3138", "hasVideo": false, "status": "good", "newDevelopment": false, "hasLift": true, "parkingSpace": {"hasParkingSpace": true, "isParkingSpaceIncludedInPrice": true}, "priceByArea": 5828.0, "detailedType": {"typology": "flat", "subTypology": "penthouse"}, "suggestedTexts": {"subtitle": "Sant Gervasi - Galvany, Barcelona", "title": "\u00c1tico en Via Augusta"}, "hasPlan": true, "has3DTour": true, "has360": false, "hasStaging": false, "topNewDevelopment": false}, {"propertyCode": "93173352", "thumbnail": "https://img3.idealista.com/blur/WEB_LISTING/0/id.pro.es.image.master/00/4f/00/856139471.jpg", "externalReference": "B07491BA", "numPhotos": 28, "floor": "1", "price": 950000.0, "propertyType": "flat", "operation": "sale", "size": 156.0, "exterior": true, "rooms": 6, "bathrooms": 3, "address": "Calle de Muntaner", "province": "Barcelona", "municipality": "Barcelona", "district": "Sarri\u00e0-Sant Gervasi", "country": "es", "neighborhood": "Sant Gervasi - La Bonanova", "latitude": 41.4070844, "longitude": 2.1325264, "showAddress": false, "url": "https://www.idealista.com/inmueble/93173352/", "distance": "2484", "hasVideo": true, "status": "renew", "newDevelopment": false, "hasLift": true, "parkingSpace": {"hasParkingSpace": true, "isParkingSpaceIncludedInPrice": true}, "priceByArea": 6090.0, "detailedType": {"typology": "flat"}, "suggestedTexts": {"subtitle": "Sant Gervasi - La Bonanova, Barcelona", "title": "Piso en Calle de Muntaner"}, "hasPlan": false, "has3DTour": false, "has360": false, "hasStaging": false, "topNewDevelopment": false}, {"propertyCode": "93157330", "thumbnail": "https://img3.idealista.com/blur/WEB_LISTING/0/id.pro.es.image.master/f9/e8/44/855736577.jpg", "externalReference": "V-VALLCARCAM", "numPhotos": 29, "floor": "2", "price": 265000.0, "propertyType": "flat", "operation": "sale", "size": 65.0, "exterior": true, "rooms": 3, "bathrooms": 1, "address": "Avenida Vallcarca", "province": "Barcelona", "municipality": "Barcelona", "district": "Gr\u00e0cia", "country": "es", "neighborhood": "Vallcarca i els Penitents", "latitude": 41.4187878, "longitude": 2.1417252, "showAddress": false, "url": "https://www.idealista.com/inmueble/93157330/", "distance": "3029", "hasVideo": false, "status": "good", "newDevelopment": false, "hasLift": false, "priceByArea": 4077.0, "detailedType": {"typology": "flat"}, "suggestedTexts": {"subtitle": "Vallcarca i els Penitents, Barcelona", "title": "Piso en Avenida Vallcarca"}, "hasPlan": true, "has3DTour": true, "has360": false, "hasStaging": false, "topNewDevelopment": false}, {"propertyCode": "92029224", "thumbnail": "https://img3.idealista.com/blur/WEB_LISTING/0/id.pro.es.image.master/a0/cd/bf/829036414.jpg", "externalReference": "V7287", "numPhotos": 20, "floor": "bj", "price": 845000.0, "propertyType": "flat", "operation": "sale", "size": 160.0, "exterior": true, "rooms": 3, "bathrooms": 2, "address": "barrio Sant Gervasi - La Bonanova", "province": "Barcelona", "municipality": "Barcelona", "district": "Sarri\u00e0-Sant Gervasi", "country": "es", "neighborhood": "Sant Gervasi - La Bonanova", "latitude": 41.4044298, "longitude": 2.1322432, "showAddress": false, "url": "https://www.idealista.com/inmueble/92029224/", "distance": "2602", "hasVideo": true, "status": "good", "newDevelopment": false, "hasLift": true, "priceByArea": 5281.0, "detailedType": {"typology": "flat"}, "suggestedTexts": {"subtitle": "Sant Gervasi - La Bonanova, Barcelona", "title": "Piso"}, "hasPlan": true, "has3DTour": false, "has360": false, "hasStaging": false, "topNewDevelopment": false}, {"propertyCode": "91700511", "thumbnail": "https://img3.idealista.com/blur/WEB_LISTING/0/id.pro.es.image.master/8f/91/e7/821141812.jpg", "externalReference": "VB2006035-5", "numPhotos": 29, "floor": "3", "price": 1100000.0, "propertyType": "flat", "operation": "sale", "size": 139.0, "exterior": true, "rooms": 4, "bathrooms": 3, "address": "barrio Sarri\u00e0", "province": "Barcelona", "municipality": "Barcelona", "district": "Sarri\u00e0-Sant Gervasi", "country": "es", "neighborhood": "Sarri\u00e0", "latitude": 41.3922361, "longitude": 2.1173333, "showAddress": false, "url": "https://www.idealista.com/inmueble/91700511/", "distance": "2873", "hasVideo": true, "status": "good", "newDevelopment": false, "hasLift": true, "parkingSpace": {"hasParkingSpace": true, "isParkingSpaceIncludedInPrice": true}, "priceByArea": 7914.0, "detailedType": {"typology": "flat"}, "suggestedTexts": {"subtitle": "Sarri\u00e0, Barcelona", "title": "Piso"}, "hasPlan": true, "has3DTour": false, "has360": false, "hasStaging": false, "topNewDevelopment": false}]