[{"propertyCode": "93114784", "thumbnail": "https://img3.idealista.com/blur/WEB_LISTING/0/id.pro.es.image.master/39/75/5f/856332452.jpg", "externalReference": "B21609", "numPhotos": 22, "floor": "2", "price": 178000.0, "propertyType": "flat", "operation": "sale", "size": 69.0, "exterior": true, "rooms": 3, "bathrooms": 1, "address": "Calle de Guifr\u00e9 el Pel\u00f3s", "province": "Barcelona", "municipality": "Viladecans", "district": "Parc Empresarial", "country": "es", "latitude": 41.3196443, "longitude": 2.0265013, "showAddress": false, "url": "https://www.idealista.com/inmueble/93114784/", "distance": "2900", "hasVideo": true, "status": "good", "newDevelopment": false, "hasLift": true, "priceByArea": 2580.0, "detailedType": {"typology": "flat"}, "suggestedTexts": {"subtitle": "Parc Empresarial, Viladecans", "title": "Piso en Calle de Guifr\u00e9 el Pel\u00f3s"}, "hasPlan": true, "has3DTour": false, "has360": false, "hasStaging": false, "topNewDevelopment": false}, {"propertyCode": "39589284", "thumbnail": "https://img3.idealista.com/blur/WEB_LISTING/0/id.pro.es.image.master/0c/d6/e1/755922519.jpg", "externalReference": "W-02BKGF", "numPhotos": 16, "floor": "2", "price": 270000.0, "propertyType": "flat", "operation": "sale", "size": 123.0, "exterior": false, "rooms": 3, "bathrooms": 2, "address": "Parc Empresarial", "province": "Barcelona", "municipality": "Viladecans", "district": "Parc Empresarial", "country": "es", "latitude": 41.31798, "longitude": 2.0275, "showAddress": false, "url": "https://www.idealista.com/inmueble/39589284/", "distance": "2966", "hasVideo": false, "status": "good", "newDevelopment": false, "hasLift": false, "parkingSpace": {"hasParkingSpace": true, "isParkingSpaceIncludedInPrice": true}, "priceByArea": 2195.0, "detailedType": {"typology": "flat"}, "suggestedTexts": {"subtitle": "Parc Empresarial, Viladecans", "title": "Piso"}, "hasPlan": false, "has3DTour": false, "has360": false, "hasStaging": false, "topNewDevelopment": false}, {"propertyCode": "92493099", "thumbnail": "https://img3.idealista.com/blur/WEB_LISTING/0/id.pro.es.image.master/43/5d/06/841028359.jpg", "externalReference": "245496", "numPhotos": 6, "floor": "1", "price": 160000.0, "propertyType": "flat", "operation": "sale", "size": 82.0, "exterior": false, "rooms": 3, "bathrooms": 1, "address": "Pla\u00e7a Catalunya - Vinyets", "province": "Barcelona", "municipality": "Sant Boi de Llobregat", "district": "Pla\u00e7a Catalunya - Vinyets", "country": "es", "latitude": 41.3429797, "longitude": 2.0430313, "showAddress": false, "url": "https://www.idealista.com/inmueble/92493099/", "distance": "1036", "hasVideo": false, "status": "good", "newDevelopment": false, "hasLift": true, "priceByArea": 1951.0, "detailedType": {"typology": "flat"}, "suggestedTexts": {"subtitle": "Pla\u00e7a Catalunya - Vinyets, Sant Boi de Llobregat", "title": "Piso"}, "hasPlan": true, "has3DTour": true, "has360": true, "hasStaging": false, "topNewDevelopment": false}, {"propertyCode": "93130880", "thumbnail": "https://img3.idealista.com/blur/WEB_LISTING/0/id.pro.es.image.master/43/ca/d5/855208919.jpg", "externalReference": "BAR-4249902", "numPhotos": 45, "floor": "bj", "price": 545000.0, "propertyType": "chalet", "operation": "sale", "size": 212.0, "exterior": false, "rooms": 5, "bathrooms": 4, "address": "Calle Serra de Collserola", "province": "Barcelona", "municipality": "Sant Boi de Llobregat", "district": "Camps Blancs - Casablanca - Canons", "country": "es", "latitude": 41.345722, "longitude": 2.0168269, "showAddress": false, "url": "https://www.idealista.com/inmueble/93130880/", "distance": "3133", "hasVideo": false, "status": "good", "newDevelopment": false, "parkingSpace": {"hasParkingSpace": true, "isParkingSpaceIncludedInPrice": true}, "priceByArea": 2571.0, "detailedType": {"typology": "chalet"}, "suggestedTexts": {"subtitle": "Camps Blancs - Casablanca - Canons, Sant Boi de Llobregat", "title": "Chalet en Calle Serra de Collserola"}, "hasPlan": true, "has3DTour": false, "has360": false, "hasStaging": false, "topNewDevelopment": false}, {"propertyCode": "90552772", "thumbnail": "https://img3.idealista.com/blur/WEB_LISTING/0/id.pro.es.image.master/a6/45/c3/792954280.jpg", "externalReference": "113374", "numPhotos": 34, "floor": "8", "price": 445000.0, "propertyType": "penthouse", "operation": "sale", "size": 94.0, "exterior": true, "rooms": 3, "bathrooms": 2, "address": "Calle Ernest Lluch", "province": "Barcelona", "municipality": "Cornell\u00e0 de Llobregat", "district": "Fontsanta", "country": "es", "latitude": 41.3587554, "longitude": 2.0684772, "showAddress": false, "url": "https://www.idealista.com/inmueble/90552772/", "distance": "2767", "hasVideo": false, "status": "good", "newDevelopment": false, "hasLift": true, "parkingSpace": {"hasParkingSpace": true, "isParkingSpaceIncludedInPrice": true}, "priceByArea": 4734.0, "detailedType": {"typology": "flat", "subTypology": "penthouse"}, "suggestedTexts": {"subtitle": "Fontsanta, Cornell\u00e0 de Llobregat", "title": "\u00c1tico en Calle Ernest Lluch"}, "hasPlan": true, "has3DTour": false, "has360": false, "hasStaging": false, "topNewDevelopment": false}, {"propertyCode": "91549947", "thumbnail": "https://img3.idealista.com/blur/WEB_LISTING/0/id.pro.es.image.master/ed/f2/ff/817246710.jpg", "externalReference": "BC-40628", "numPhotos": 25, "price": 345000.0, "propertyType": "chalet", "operation": "sale", "size": 120.0, "exterior": false, "rooms": 4, "bathrooms": 2, "address": "Camps Blancs - Casablanca - Canons", "province": "Barcelona", "municipality": "Sant Boi de Llobregat", "district": "Camps Blancs - Casablanca - Canons", "country": "es", "latitude": 41.3461122, "longitude": 2.0169341, "showAddress": false, "url": "https://www.idealista.com/inmueble/91549947/", "distance": "3139", "hasVideo": true, "status": "good", "newDevelopment": false, "parkingSpace": {"hasParkingSpace": true, "isParkingSpaceIncludedInPrice": true}, "priceByArea": 2875.0, "detailedType": {"typology": "chalet", "subTypology": "independantHouse"}, "suggestedTexts": {"subtitle": "Camps Blancs - Casablanca - Canons, Sant Boi de Llobregat", "title": "Casa independiente"}, "hasPlan": true, "has3DTour": false, "has360": true, "hasStaging": false, "topNewDevelopment": false}, {"propertyCode": "92923450", "thumbnail": "https://img3.idealista.com/blur/WEB_LISTING/0/id.pro.es.image.master/ef/39/05/851183395.jpg", "externalReference": "VB2102044", "numPhotos": 30, "floor": "4", "price": 469000.0, "propertyType": "flat", "operation": "sale", "size": 146.0, "exterior": true, "rooms": 4, "bathrooms": 2, "address": "Eixample", "province": "Barcelona", "municipality": "Sant Joan Desp\u00ed", "district": "Eixample", "country": "es", "latitude": 41.365745, "longitude": 2.0517497, "showAddress": false, "url": "https://www.idealista.com/inmueble/92923450/", "distance": "3203", "hasVideo": true, "status": "good", "newDevelopment": false, "hasLift": true, "parkingSpace": {"hasParkingSpace": true, "isParkingSpaceIncludedInPrice": true}, "priceByArea": 3212.0, "detailedType": {"typology": "flat"}, "suggestedTexts": {"subtitle": "Eixample, Sant Joan Desp\u00ed", "title": "Piso"}, "hasPlan": true, "has3DTour": false, "has360": false, "hasStaging": false, "topNewDevelopment": false}, {"propertyCode": "92911286", "thumbnail": "https://img3.idealista.com/blur/WEB_LISTING/0/id.pro.es.image.master/41/cf/94/850884540.jpg", "externalReference": "326525", "numPhotos": 29, "floor": "3", "price": 359900.0, "propertyType": "flat", "operation": "sale", "size": 135.0, "exterior": true, "rooms": 4, "bathrooms": 2, "address": "Ronda de Sant Ramon s/n", "province": "Barcelona", "municipality": "Sant Boi de Llobregat", "district": "Marianao", "country": "es", "latitude": 41.3433162, "longitude": 2.0301909, "showAddress": true, "url": "https://www.idealista.com/inmueble/92911286/", "distance": "1992", "hasVideo": true, "status": "good", "newDevelopment": false, "hasLift": true, "priceByArea": 2666.0, "detailedType": {"typology": "flat"}, "suggestedTexts": {"subtitle": "Marianao, Sant Boi de Llobregat", "title": "Piso en Ronda de Sant Ramon s/n"}, "hasPlan": true, "has3DTour": false, "has360": false, "hasStaging": false, "topNewDevelopment": false}, {"propertyCode": "91143518", "thumbnail": "https://img3.idealista.com/blur/WEB_LISTING/0/id.pro.es.image.master/6c/46/08/807755323.jpg", "externalReference": "CVFP0339", "numPhotos": 21, "floor": "4", "price": 214000.0, "propertyType": "penthouse", "operation": "sale", "size": 88.0, "exterior": true, "rooms": 4, "bathrooms": 1, "address": "Bonestar", "province": "Barcelona", "municipality": "Cornell\u00e0 de Llobregat", "district": "La Gavarra", "country": "es", "latitude": 41.3578779, "longitude": 2.0785844, "showAddress": false, "url": "https://www.idealista.com/inmueble/91143518/", "distance": "3187", "hasVideo": true, "status": "good", "newDevelopment": false, "hasLift": true, "parkingSpace": {"hasParkingSpace": true, "isParkingSpaceIncludedInPrice": false, "parkingSpacePrice": 20000.0}, "priceByArea": 2432.0, "detailedType": {"typology": "flat", "subTypology": "penthouse"}, "suggestedTexts": {"subtitle": "La Gavarra, Cornell\u00e0 de Llobregat", "title": "\u00c1tico en Bonestar"}, "hasPlan": true, "has3DTour": false, "has360": false, "hasStaging": false, "topNewDevelopment": false}, {"propertyCode": "91164274", "thumbnail": "https://img3.idealista.com/blur/WEB_LISTING/0/id.pro.es.image.master/34/f3/51/808241899.jpg", "numPhotos": 49, "floor": "1", "price": 192000.0, "propertyType": "flat", "operation": "sale", "size": 77.0, "exterior": true, "rooms": 2, "bathrooms": 1, "address": "can divi", "province": "Barcelona", "municipality": "Sant Boi de Llobregat", "district": "Centre - Casco Antiguo", "country": "es", "latitude": 41.3471188, "longitude": 2.0466031, "showAddress": false, "url": "https://www.idealista.com/inmueble/91164274/", "distance": "1233", "hasVideo": false, "status": "good", "newDevelopment": false, "hasLift": false, "parkingSpace": {"hasParkingSpace": true, "isParkingSpaceIncludedInPrice": true}, "priceByArea": 2494.0, "detailedType": {"typology": "flat"}, "suggestedTexts": {"subtitle": "Centre - Casco Antiguo, Sant Boi de Llobregat", "title": "Piso en can divi"}, "hasPlan": true, "has3DTour": false, "has360": false, "hasStaging": false, "topNewDevelopment": false}, {"propertyCode": "91976910", "thumbnail": "https://img3.idealista.com/blur/WEB_LISTING/0/id.pro.es.image.master/b0/b0/86/827776429.jpg", "externalReference": "VB2010031-3", "numPhotos": 28, "floor": "1", "price": 625000.0, "propertyType": "flat", "operation": "sale", "size": 130.0, "exterior": true, "rooms": 4, "bathrooms": 2, "address": "Eixample", "province": "Barcelona", "municipality": "Sant Joan Desp\u00ed", "district": "Eixample", "country": "es", "latitude": 41.3658014, "longitude": 2.0569931, "showAddress": false, "url": "https://www.idealista.com/inmueble/91976910/", "distance": "3230", "hasVideo": true, "status": "good", "newDevelopment": false, "hasLift": true, "parkingSpace": {"hasParkingSpace": true, "isParkingSpaceIncludedInPrice": true}, "priceByArea": 4808.0, "detailedType": {"typology": "flat"}, "suggestedTexts": {"subtitle": "Eixample, Sant Joan Desp\u00ed", "title": "Piso"}, "hasPlan": true, "has3DTour": false, "has360": false, "hasStaging": false, "topNewDevelopment": false}, {"propertyCode": "92653223", "thumbnail": "https://img3.idealista.com/blur/WEB_LISTING/0/id.pro.es.image.master/60/fc/e2/844926433.jpg", "externalReference": "321807", "numPhotos": 28, "price": 299000.0, "propertyType": "flat", "operation": "sale", "size": 118.0, "exterior": true, "rooms": 3, "bathrooms": 2, "address": "Calle de Joan Fiveller s/n .", "province": "Barcelona", "municipality": "Viladecans", "district": "Parc Empresarial", "country": "es", "latitude": 41.3166828, "longitude": 2.0261765, "showAddress": true, "url": "https://www.idealista.com/inmueble/92653223/", "distance": "3147", "hasVideo": true, "status": "good", "newDevelopment": false, "hasLift": true, "priceByArea": 2534.0, "detailedType": {"typology": "flat"}, "suggestedTexts": {"subtitle": "Parc Empresarial, Viladecans", "title": "Piso en Calle de Joan Fiveller s/n ."}, "hasPlan": false, "has3DTour": false, "has360": false, "hasStaging": false, "topNewDevelopment": false}, {"propertyCode": "92929951", "thumbnail": "https://img3.idealista.com/blur/WEB_LISTING/0/id.pro.es.image.master/77/7e/ef/851359178.jpg", "externalReference": "1401.1S1", "numPhotos": 54, "floor": "4", "price": 468000.0, "propertyType": "flat", "operation": "sale", "size": 130.0, "exterior": true, "rooms": 4, "bathrooms": 2, "address": "Rambla Josep Maria Jujol", "province": "Barcelona", "municipality": "Sant Joan Desp\u00ed", "district": "Eixample", "country": "es", "latitude": 41.364945, "longitude": 2.0505497, "showAddress": false, "url": "https://www.idealista.com/inmueble/92929951/", "distance": "3117", "hasVideo": true, "status": "good", "newDevelopment": false, "hasLift": true, "parkingSpace": {"hasParkingSpace": true, "isParkingSpaceIncludedInPrice": true}, "priceByArea": 3600.0, "detailedType": {"typology": "flat"}, "suggestedTexts": {"subtitle": "Eixample, Sant Joan Desp\u00ed", "title": "Piso en Rambla Josep Maria Jujol"}, "hasPlan": true, "has3DTour": false, "has360": false, "hasStaging": false, "topNewDevelopment": false}, {"propertyCode": "92604661", "thumbnail": "https://img3.idealista.com/blur/WEB_LISTING/0/id.pro.es.image.master/15/3c/47/848175347.jpg", "externalReference": "AIV0665", "numPhotos": 30, "floor": "4", "price": 139900.0, "propertyType": "flat", "operation": "sale", "size": 54.0, "exterior": true, "rooms": 2, "bathrooms": 1, "address": "antoni solanas", "province": "Barcelona", "municipality": "Sant Boi de Llobregat", "district": "Pla\u00e7a Catalunya - Vinyets", "country": "es", "latitude": 41.3364252, "longitude": 2.04232, "showAddress": false, "url": "https://www.idealista.com/inmueble/92604661/", "distance": "851", "hasVideo": false, "status": "good", "newDevelopment": false, "hasLift": false, "priceByArea": 2591.0, "detailedType": {"typology": "flat"}, "suggestedTexts": {"subtitle": "Pla\u00e7a Catalunya - Vinyets, Sant Boi de Llobregat", "title": "Piso en antoni solanas"}, "hasPlan": false, "has3DTour": false, "has360": false, "hasStaging": false, "topNewDevelopment": false}, {"propertyCode": "92754278", "thumbnail": "https://img3.idealista.com/blur/WEB_LISTING/0/id.pro.es.image.master/7f/44/7d/847337938.jpg", "externalReference": "XAVICASTELLS", "numPhotos": 32, "floor": "1", "price": 184000.0, "propertyType": "flat", "operation": "sale", "size": 67.0, "exterior": true, "rooms": 2, "bathrooms": 1, "address": "cap de la vila, 1", "province": "Barcelona", "municipality": "Sant Boi de Llobregat", "district": "Centre - Casco Antiguo", "country": "es", "latitude": 41.34637, "longitude": 2.03953, "showAddress": true, "url": "https://www.idealista.com/inmueble/92754278/", "distance": "1506", "hasVideo": true, "status": "good", "newDevelopment": false, "hasLift": true, "priceByArea": 2746.0, "detailedType": {"typology": "flat"}, "suggestedTexts": {"subtitle": "Centre - Casco Antiguo, Sant Boi de Llobregat", "title": "Piso en cap de la vila, 1"}, "hasPlan": true, "has3DTour": false, "has360": false, "hasStaging": false, "topNewDevelopment": false}, {"propertyCode": "91573302", "thumbnail": "https://img3.idealista.com/blur/WEB_LISTING/0/id.pro.es.image.master/fc/5d/1e/817909101.jpg", "externalReference": "CASA ST BOI", "numPhotos": 59, "price": 445000.0, "propertyType": "chalet", "operation": "sale", "size": 350.0, "exterior": false, "rooms": 8, "bathrooms": 2, "address": "rambla s/n", "province": "Barcelona", "municipality": "Sant Boi de Llobregat", "district": "Centre - Casco Antiguo", "country": "es", "latitude": 41.3474579, "longitude": 2.0418653, "showAddress": true, "url": "https://www.idealista.com/inmueble/91573302/", "distance": "1467", "hasVideo": true, "status": "good", "newDevelopment": false, "parkingSpace": {"hasParkingSpace": true, "isParkingSpaceIncludedInPrice": true}, "priceByArea": 1271.0, "detailedType": {"typology": "chalet", "subTypology": "independantHouse"}, "suggestedTexts": {"subtitle": "Centre - Casco Antiguo, Sant Boi de Llobregat", "title": "Casa independiente en rambla s/n"}, "hasPlan": true, "has3DTour": false, "has360": false, "hasStaging": false, "topNewDevelopment": false}, {"propertyCode": "91682190", "thumbnail": "https://img3.idealista.com/blur/WEB_LISTING/0/id.pro.es.image.master/17/7f/08/820686938.jpg", "externalReference": "PISO0057", "numPhotos": 55, "floor": "1", "price": 174000.0, "propertyType": "flat", "operation": "sale", "size": 67.0, "exterior": true, "rooms": 2, "bathrooms": 1, "address": "Calle Primer de Maig, 47", "province": "Barcelona", "municipality": "Sant Boi de Llobregat", "district": "Ciutat Cooperativa - Moli Nou", "country": "es", "latitude": 41.3558616, "longitude": 2.0330818, "showAddress": true, "url": "https://www.idealista.com/inmueble/91682190/", "distance": "2655", "hasVideo": true, "status": "good", "newDevelopment": false, "hasLift": false, "priceByArea": 2597.0, "detailedType": {"typology": "flat"}, "suggestedTexts": {"subtitle": "Ciutat Cooperativa - Moli Nou, Sant Boi de Llobregat", "title": "Piso en Calle Primer de Maig, 47"}, "hasPlan": true, "has3DTour": true, "has360": false, "hasStaging": false, "topNewDevelopment": false}, {"propertyCode": "90336450", "thumbnail": "https://img3.idealista.com/blur/WEB_LISTING/0/id.pro.es.image.master/cb/c7/f5/788412079.jpg", "externalReference": "CASA0047", "numPhotos": 124, "price": 499000.0, "propertyType": "chalet", "operation": "sale", "size": 277.0, "exterior": false, "rooms": 4, "bathrooms": 2, "address": "Calle dels Castanyers, 31 -13", "province": "Barcelona", "municipality": "Sant Boi de Llobregat", "district": "Marianao", "country": "es", "latitude": 41.3530266, "longitude": 2.0202011, "showAddress": true, "url": "https://www.idealista.com/inmueble/90336450/", "distance": "3235", "hasVideo": true, "status": "good", "newDevelopment": false, "parkingSpace": {"hasParkingSpace": true, "isParkingSpaceIncludedInPrice": true}, "priceByArea": 1801.0, "detailedType": {"typology": "chalet", "subTypology": "independantHouse"}, "suggestedTexts": {"subtitle": "Marianao, Sant Boi de Llobregat", "title": "Casa independiente en Calle dels Castanyers, 31 -13"}, "hasPlan": true, "has3DTour": true, "has360": false, "hasStaging": false, "topNewDevelopment": false}, {"propertyCode": "93164291", "thumbnail": "https://img3.idealista.com/blur/WEB_LISTING/0/id.pro.es.image.master/5b/12/c9/855917297.jpg", "externalReference": "ASB0739", "numPhotos": 29, "floor": "1", "price": 130890.0, "propertyType": "flat", "operation": "sale", "size": 61.0, "exterior": true, "rooms": 2, "bathrooms": 1, "address": "llibertat", "province": "Barcelona", "municipality": "Sant Boi de Llobregat", "district": "Marianao", "country": "es", "latitude": 41.3488746, "longitude": 2.0320778, "showAddress": false, "url": "https://www.idealista.com/inmueble/93164291/", "distance": "2160", "hasVideo": false, "status": "good", "newDevelopment": false, "hasLift": false, "priceByArea": 2146.0, "detailedType": {"typology": "flat"}, "suggestedTexts": {"subtitle": "Marianao, Sant Boi de Llobregat", "title": "Piso en llibertat"}, "hasPlan": false, "has3DTour": false, "has360": false, "hasStaging": false, "topNewDevelopment": false}, {"propertyCode": "90326711", "thumbnail": "https://img3.idealista.com/blur/WEB_LISTING/0/id.pro.es.image.master/72/5e/8e/788183811.jpg", "externalReference": "W-02JAPO", "numPhotos": 26, "floor": "5", "price": 449000.0, "propertyType": "flat", "operation": "sale", "size": 114.0, "exterior": true, "rooms": 4, "bathrooms": 2, "address": "Maria Tarrida", "province": "Barcelona", "municipality": "Sant Joan Desp\u00ed", "district": "Eixample", "country": "es", "latitude": 41.3622137, "longitude": 2.0528197, "showAddress": false, "url": "https://www.idealista.com/inmueble/90326711/", "distance": "2809", "hasVideo": false, "status": "good", "newDevelopment": false, "hasLift": true, "parkingSpace": {"hasParkingSpace": true, "isParkingSpaceIncludedInPrice": true}, "priceByArea": 3939.0, "detailedType": {"typology": "flat"}, "suggestedTexts": {"subtitle": "Eixample, Sant Joan Desp\u00ed", "title": "Piso en Maria Tarrida"}, "hasPlan": true, "has3DTour": false, "has360": false, "hasStaging": false, "topNewDevelopment": false}, {"propertyCode": "87944198", "thumbnail": "https://img3.idealista.com/blur/WEB_LISTING/0/id.pro.es.image.master/95/ca/c9/776434117.jpg", "externalReference": "223236", "numPhotos": 10, "floor": "1", "price": 240000.0, "propertyType": "flat", "operation": "sale", "size": 78.0, "exterior": true, "rooms": 4, "bathrooms": 2, "address": "Camps Blancs - Casablanca - Canons", "province": "Barcelona", "municipality": "Sant Boi de Llobregat", "district": "Camps Blancs - Casablanca - Canons", "country": "es", "latitude": 41.3428027, "longitude": 2.0196554, "showAddress": false, "url": "https://www.idealista.com/inmueble/87944198/", "distance": "2818", "hasVideo": false, "status": "good", "newDevelopment": false, "hasLift": true, "priceByArea": 3077.0, "detailedType": {"typology": "flat"}, "suggestedTexts": {"subtitle": "Camps Blancs - Casablanca - Canons, Sant Boi de Llobregat", "title": "Piso"}, "hasPlan": true, "has3DTour": false, "has360": false, "hasStaging": false, "topNewDevelopment": false}, {"propertyCode": "92601446", "thumbnail": "https://img3.idealista.com/blur/WEB_LISTING/0/id.pro.es.image.master/cf/25/cf/843725173.jpg", "externalReference": "MANOBOI", "numPhotos": 33, "floor": "1", "price": 260000.0, "propertyType": "flat", "operation": "sale", "size": 123.0, "exterior": true, "rooms": 4, "bathrooms": 2, "address": "sant ramon, 114", "province": "Barcelona", "municipality": "Sant Boi de Llobregat", "district": "Marianao", "country": "es", "latitude": 41.3460159, "longitude": 2.0281607, "showAddress": true, "url": "https://www.idealista.com/inmueble/92601446/", "distance": "2268", "hasVideo": true, "status": "good", "newDevelopment": false, "hasLift": true, "parkingSpace": {"hasParkingSpace": true, "isParkingSpaceIncludedInPrice": false, "parkingSpacePrice": 27000.0}, "priceByArea": 2114.0, "detailedType": {"typology": "flat"}, "suggestedTexts": {"subtitle": "Marianao, Sant Boi de Llobregat", "title": "Piso en sant ramon, 114"}, "hasPlan": true, "has3DTour": false, "has360": false, "hasStaging": false, "topNewDevelopment": false}, {"propertyCode": "92905289", "thumbnail": "https://img3.idealista.com/blur/WEB_LISTING/0/id.pro.es.image.master/87/a8/52/850728128.jpg", "externalReference": "12A", "numPhotos": 26, "floor": "1", "price": 150000.0, "propertyType": "flat", "operation": "sale", "size": 70.0, "exterior": false, "rooms": 3, "bathrooms": 1, "address": "sant jeroni", "province": "Barcelona", "municipality": "Cornell\u00e0 de Llobregat", "district": "Riera", "country": "es", "latitude": 41.3519491, "longitude": 2.0755154, "showAddress": false, "url": "https://www.idealista.com/inmueble/92905289/", "distance": "2544", "hasVideo": true, "status": "good", "newDevelopment": false, "hasLift": false, "priceByArea": 2143.0, "detailedType": {"typology": "flat"}, "suggestedTexts": {"subtitle": "Riera, Cornell\u00e0 de Llobregat", "title": "Piso en sant jeroni"}, "hasPlan": false, "has3DTour": false, "has360": false, "hasStaging": false, "topNewDevelopment": false}, {"propertyCode": "88125860", "thumbnail": "https://img3.idealista.com/blur/WEB_LISTING/0/id.pro.es.image.master/d5/80/14/739241340.jpg", "externalReference": "CVFP0270", "numPhotos": 20, "price": 370000.0, "propertyType": "chalet", "operation": "sale", "size": 160.0, "exterior": false, "rooms": 4, "bathrooms": 2, "address": "marques de cornella, 66", "province": "Barcelona", "municipality": "Cornell\u00e0 de Llobregat", "district": "Centre", "country": "es", "latitude": 41.3537094, "longitude": 2.0674962, "showAddress": true, "url": "https://www.idealista.com/inmueble/88125860/", "distance": "2245", "hasVideo": true, "status": "good", "newDevelopment": false, "parkingSpace": {"hasParkingSpace": true, "isParkingSpaceIncludedInPrice": true}, "priceByArea": 2313.0, "detailedType": {"typology": "chalet", "subTypology": "semidetachedHouse"}, "suggestedTexts": {"subtitle": "Centre, Cornell\u00e0 de Llobregat", "title": "Chalet pareado en marques de cornella, 66"}, "hasPlan": false, "has3DTour": false, "has360": false, "hasStaging": false, "topNewDevelopment": false}, {"propertyCode": "92960892", "thumbnail": "https://img3.idealista.com/blur/WEB_LISTING/0/id.pro.es.image.master/57/df/66/852081927.jpg", "externalReference": "S-31106", "numPhotos": 33, "floor": "3", "price": 330000.0, "propertyType": "flat", "operation": "sale", "size": 107.0, "exterior": true, "rooms": 4, "bathrooms": 2, "address": "Avenida Can Corts", "province": "Barcelona", "municipality": "Cornell\u00e0 de Llobregat", "district": "Fontsanta", "country": "es", "latitude": 41.3633791, "longitude": 2.0600816, "showAddress": false, "url": "https://www.idealista.com/inmueble/92960892/", "distance": "3006", "hasVideo": false, "status": "good", "newDevelopment": false, "hasLift": true, "parkingSpace": {"hasParkingSpace": true, "isParkingSpaceIncludedInPrice": false, "parkingSpacePrice": 15000.0}, "priceByArea": 3084.0, "detailedType": {"typology": "flat"}, "suggestedTexts": {"subtitle": "Fontsanta, Cornell\u00e0 de Llobregat", "title": "Piso en Avenida Can Corts"}, "hasPlan": true, "has3DTour": true, "has360": false, "hasStaging": false, "topNewDevelopment": false}, {"propertyCode": "92059686", "thumbnail": "https://img3.idealista.com/blur/WEB_LISTING/0/id.pro.es.image.master/01/38/42/829845939.jpg", "externalReference": "Providencia 159", "numPhotos": 31, "floor": "4", "price": 159000.0, "propertyType": "penthouse", "operation": "sale", "size": 70.0, "exterior": true, "rooms": 3, "bathrooms": 1, "address": "Calle Provid\u00e8ncia, 49", "province": "Barcelona", "municipality": "Sant Boi de Llobregat", "district": "Marianao", "country": "es", "latitude": 41.3499205, "longitude": 2.0293694, "showAddress": true, "url": "https://www.idealista.com/inmueble/92059686/", "distance": "2410", "hasVideo": true, "status": "good", "newDevelopment": false, "hasLift": false, "priceByArea": 2271.0, "detailedType": {"typology": "flat", "subTypology": "penthouse"}, "suggestedTexts": {"subtitle": "Marianao, Sant Boi de Llobregat", "title": "\u00c1tico en Calle Provid\u00e8ncia, 49"}, "hasPlan": true, "has3DTour": false, "has360": false, "hasStaging": false, "topNewDevelopment": false}, {"propertyCode": "92278005", "thumbnail": "https://img3.idealista.com/blur/WEB_LISTING/0/id.pro.es.image.master/8b/08/4f/835601305.jpg", "externalReference": "115260", "numPhotos": 19, "floor": "2", "price": 175000.0, "propertyType": "flat", "operation": "sale", "size": 71.0, "exterior": true, "rooms": 3, "bathrooms": 1, "address": "La Gavarra", "province": "Barcelona", "municipality": "Cornell\u00e0 de Llobregat", "district": "La Gavarra", "country": "es", "latitude": 41.3579107, "longitude": 2.0755788, "showAddress": false, "url": "https://www.idealista.com/inmueble/92278005/", "distance": "3024", "hasVideo": false, "status": "good", "newDevelopment": false, "hasLift": false, "priceByArea": 2465.0, "detailedType": {"typology": "flat"}, "suggestedTexts": {"subtitle": "La Gavarra, Cornell\u00e0 de Llobregat", "title": "Piso"}, "hasPlan": true, "has3DTour": false, "has360": false, "hasStaging": false, "topNewDevelopment": false}, {"propertyCode": "88552772", "thumbnail": "https://img3.idealista.com/blur/WEB_LISTING/0/id.pro.es.image.master/b4/a2/23/749452018.jpg", "externalReference": "212824", "numPhotos": 30, "floor": "4", "price": 300000.0, "propertyType": "flat", "operation": "sale", "size": 118.0, "exterior": true, "rooms": 4, "bathrooms": 2, "address": "Rambla de Josep Anselm Clav\u00e9 s/n", "province": "Barcelona", "municipality": "Cornell\u00e0 de Llobregat", "district": "Centre", "country": "es", "latitude": 41.3542096, "longitude": 2.0727673, "showAddress": true, "url": "https://www.idealista.com/inmueble/88552772/", "distance": "2559", "hasVideo": true, "status": "good", "newDevelopment": false, "hasLift": true, "parkingSpace": {"hasParkingSpace": true, "isParkingSpaceIncludedInPrice": false, "parkingSpacePrice": 19000.0}, "priceByArea": 2542.0, "detailedType": {"typology": "flat"}, "suggestedTexts": {"subtitle": "Centre, Cornell\u00e0 de Llobregat", "title": "Piso en Rambla de Josep Anselm Clav\u00e9 s/n"}, "hasPlan": false, "has3DTour": false, "has360": false, "hasStaging": false, "topNewDevelopment": false}, {"propertyCode": "90576788", "thumbnail": "https://img3.idealista.com/blur/WEB_LISTING/0/id.pro.es.image.master/90/0c/87/793543998.jpg", "externalReference": "282178", "numPhotos": 21, "floor": "1", "price": 145000.0, "propertyType": "flat", "operation": "sale", "size": 80.0, "exterior": true, "rooms": 3, "bathrooms": 1, "address": "Calle Lepant, 9", "province": "Barcelona", "municipality": "Sant Boi de Llobregat", "district": "Marianao", "country": "es", "latitude": 41.3477601, "longitude": 2.0264389, "showAddress": true, "url": "https://www.idealista.com/inmueble/90576788/", "distance": "2485", "hasVideo": true, "status": "good", "newDevelopment": false, "hasLift": true, "priceByArea": 1813.0, "detailedType": {"typology": "flat"}, "suggestedTexts": {"subtitle": "Marianao, Sant Boi de Llobregat", "title": "Piso en Calle Lepant, 9"}, "hasPlan": false, "has3DTour": false, "has360": false, "hasStaging": false, "topNewDevelopment": false}, {"propertyCode": "93098870", "thumbnail": "https://img3.idealista.com/blur/WEB_LISTING/0/id.pro.es.image.master/6c/3b/a5/854453857.jpg", "externalReference": "G19_325737", "numPhotos": 21, "floor": "2", "price": 203000.0, "propertyType": "flat", "operation": "sale", "size": 68.0, "exterior": true, "rooms": 2, "bathrooms": 1, "address": "Pla\u00e7a de Catalunya", "province": "Barcelona", "municipality": "El Prat de Llobregat", "district": "Pla\u00e7a de Catalunya", "country": "es", "latitude": 41.322635, "longitude": 2.0836021, "showAddress": false, "url": "https://www.idealista.com/inmueble/93098870/", "distance": "3045", "hasVideo": false, "status": "good", "newDevelopment": false, "hasLift": true, "priceByArea": 2985.0, "detailedType": {"typology": "flat"}, "suggestedTexts": {"subtitle": "Pla\u00e7a de Catalunya, El Prat de Llobregat", "title": "Piso"}, "hasPlan": false, "has3DTour": false, "has360": false, "hasStaging": false, "topNewDevelopment": false}, {"propertyCode": "93157504", "thumbnail": "https://img3.idealista.com/blur/WEB_LISTING/0/id.pro.es.image.master/c4/ef/d3/855741441.jpg", "externalReference": "15A", "numPhotos": 27, "floor": "1", "price": 296000.0, "propertyType": "flat", "operation": "sale", "size": 97.0, "exterior": true, "rooms": 3, "bathrooms": 2, "address": "RUBIO I ORS", "province": "Barcelona", "municipality": "Cornell\u00e0 de Llobregat", "district": "Centre", "country": "es", "latitude": 41.3551112, "longitude": 2.0666548, "showAddress": false, "url": "https://www.idealista.com/inmueble/93157504/", "distance": "2340", "hasVideo": true, "status": "good", "newDevelopment": false, "hasLift": true, "parkingSpace": {"hasParkingSpace": true, "isParkingSpaceIncludedInPrice": false, "parkingSpacePrice": 24000.0}, "priceByArea": 3052.0, "detailedType": {"typology": "flat"}, "suggestedTexts": {"subtitle": "Centre, Cornell\u00e0 de Llobregat", "title": "Piso en RUBIO I ORS"}, "hasPlan": false, "has3DTour": false, "has360": false, "hasStaging": false, "topNewDevelopment": false}, {"propertyCode": "93098057", "thumbnail": "https://img3.idealista.com/blur/WEB_LISTING/0/id.pro.es.image.master/bc/46/76/854430063.jpg", "externalReference": "326796", "numPhotos": 37, "price": 429000.0, "propertyType": "chalet", "operation": "sale", "size": 196.0, "exterior": false, "rooms": 3, "bathrooms": 3, "address": "Passatge de Llevant s/n", "province": "Barcelona", "municipality": "Viladecans", "district": "Campreci\u00f3s - Torre Roja", "country": "es", "latitude": 41.3205593, "longitude": 2.023852, "showAddress": true, "url": "https://www.idealista.com/inmueble/93098057/", "distance": "3006", "hasVideo": true, "status": "good", "newDevelopment": false, "parkingSpace": {"hasParkingSpace": true, "isParkingSpaceIncludedInPrice": true}, "priceByArea": 2189.0, "detailedType": {"typology": "chalet"}, "suggestedTexts": {"subtitle": "Campreci\u00f3s - Torre Roja, Viladecans", "title": "Chalet en Passatge de Llevant s/n"}, "hasPlan": false, "has3DTour": false, "has360": false, "hasStaging": false, "topNewDevelopment": false}, {"propertyCode": "92794242", "thumbnail": "https://img3.idealista.com/blur/WEB_LISTING/0/id.pro.es.image.master/e7/23/aa/848317060.jpg", "externalReference": "ASB0868", "numPhotos": 19, "floor": "4", "price": 139900.0, "propertyType": "flat", "operation": "sale", "size": 54.0, "exterior": true, "rooms": 2, "bathrooms": 1, "address": "ANTONI SOLANAS", "province": "Barcelona", "municipality": "Sant Boi de Llobregat", "district": "Pla\u00e7a Catalunya - Vinyets", "country": "es", "latitude": 41.3355252, "longitude": 2.04392, "showAddress": false, "url": "https://www.idealista.com/inmueble/92794242/", "distance": "733", "hasVideo": false, "status": "good", "newDevelopment": false, "hasLift": false, "priceByArea": 2591.0, "detailedType": {"typology": "flat"}, "suggestedTexts": {"subtitle": "Pla\u00e7a Catalunya - Vinyets, Sant Boi de Llobregat", "title": "Piso en ANTONI SOLANAS"}, "hasPlan": false, "has3DTour": false, "has360": false, "hasStaging": false, "topNewDevelopment": false}, {"propertyCode": "89441543", "thumbnail": "https://img3.idealista.com/blur/WEB_LISTING/0/id.pro.es.image.master/d5/b0/0e/771518234.jpg", "externalReference": "04A", "numPhotos": 31, "floor": "4", "price": 300000.0, "propertyType": "flat", "operation": "sale", "size": 118.0, "exterior": true, "rooms": 4, "bathrooms": 2, "address": "Anselm clave", "province": "Barcelona", "municipality": "Cornell\u00e0 de Llobregat", "district": "Centre", "country": "es", "latitude": 41.3545884, "longitude": 2.0748868, "showAddress": false, "url": "https://www.idealista.com/inmueble/89441543/", "distance": "2709", "hasVideo": true, "status": "good", "newDevelopment": false, "hasLift": true, "parkingSpace": {"hasParkingSpace": true, "isParkingSpaceIncludedInPrice": false, "parkingSpacePrice": 19000.0}, "priceByArea": 2542.0, "detailedType": {"typology": "flat"}, "suggestedTexts": {"subtitle": "Centre, Cornell\u00e0 de Llobregat", "title": "Piso en Anselm clave"}, "hasPlan": false, "has3DTour": false, "has360": false, "hasStaging": false, "topNewDevelopment": false}, {"propertyCode": "92665842", "thumbnail": "https://img3.idealista.com/blur/WEB_LISTING/0/id.pro.es.image.master/47/c4/86/845180927.jpg", "externalReference": "100079186", "numPhotos": 10, "price": 371000.0, "propertyType": "flat", "operation": "sale", "size": 108.0, "exterior": false, "rooms": 4, "bathrooms": 2, "address": "Cam\u00ed Oliveretes", "province": "Barcelona", "municipality": "Viladecans", "district": "Campreci\u00f3s - Torre Roja", "country": "es", "latitude": 41.3229326, "longitude": 2.0201867, "showAddress": false, "url": "https://www.idealista.com/obra-nueva/92665842/", "distance": "3115", "hasVideo": false, "status": "newdevelopment", "newDevelopment": true, "hasLift": true, "newDevelopmentFinished": false, "priceByArea": 3435.0, "detailedType": {"typology": "flat"}, "suggestedTexts": {"subtitle": "Campreci\u00f3s - Torre Roja, Viladecans", "title": "Piso en Cam\u00ed Oliveretes"}, "hasPlan": true, "has3DTour": false, "has360": false, "hasStaging": false, "topNewDevelopment": false}, {"propertyCode": "92665841", "thumbnail": "https://img3.idealista.com/blur/WEB_LISTING/0/id.pro.es.image.master/56/f7/4a/845180908.jpg", "externalReference": "100079181", "numPhotos": 10, "price": 340000.0, "propertyType": "flat", "operation": "sale", "size": 98.0, "exterior": false, "rooms": 4, "bathrooms": 2, "address": "Cam\u00ed Oliveretes", "province": "Barcelona", "municipality": "Viladecans", "district": "Campreci\u00f3s - Torre Roja", "country": "es", "latitude": 41.3258326, "longitude": 2.0202867, "showAddress": false, "url": "https://www.idealista.com/obra-nueva/92665841/", "distance": "2959", "hasVideo": false, "status": "newdevelopment", "newDevelopment": true, "hasLift": true, "newDevelopmentFinished": false, "priceByArea": 3469.0, "detailedType": {"typology": "flat"}, "suggestedTexts": {"subtitle": "Campreci\u00f3s - Torre Roja, Viladecans", "title": "Piso en Cam\u00ed Oliveretes"}, "hasPlan": true, "has3DTour": false, "has360": false, "hasStaging": false, "topNewDevelopment": false}, {"propertyCode": "91979454", "thumbnail": "https://img3.idealista.com/blur/WEB_LISTING/0/id.pro.es.image.master/b0/83/1d/854147800.jpg", "externalReference": "PVI9L", "numPhotos": 43, "floor": "2", "price": 299000.0, "propertyType": "duplex", "operation": "sale", "size": 120.0, "exterior": true, "rooms": 3, "bathrooms": 2, "address": "Calle Benviure", "province": "Barcelona", "municipality": "Sant Boi de Llobregat", "district": "Marianao", "country": "es", "latitude": 41.3489466, "longitude": 2.0251805, "showAddress": false, "url": "https://www.idealista.com/inmueble/91979454/", "distance": "2642", "hasVideo": true, "status": "good", "newDevelopment": false, "hasLift": true, "priceByArea": 2492.0, "detailedType": {"typology": "flat", "subTypology": "duplex"}, "suggestedTexts": {"subtitle": "Marianao, Sant Boi de Llobregat", "title": "D\u00faplex en Calle Benviure"}, "hasPlan": true, "has3DTour": false, "has360": true, "hasStaging": false, "topNewDevelopment": false}, {"propertyCode": "91870694", "thumbnail": "https://img3.idealista.com/blur/WEB_LISTING/90/id.pro.es.image.master/34/a6/bf/825248789.jpg", "externalReference": "CVAS0355", "numPhotos": 48, "price": 895000.0, "propertyType": "chalet", "operation": "sale", "size": 491.0, "exterior": false, "rooms": 4, "bathrooms": 3, "address": "Ac\u00e0cies", "province": "Barcelona", "municipality": "Sant Boi de Llobregat", "district": "Marianao", "country": "es", "latitude": 41.34924, "longitude": 2.0213095, "showAddress": false, "url": "https://www.idealista.com/inmueble/91870694/", "distance": "2940", "hasVideo": true, "status": "good", "newDevelopment": false, "parkingSpace": {"hasParkingSpace": true, "isParkingSpaceIncludedInPrice": true}, "priceByArea": 1823.0, "detailedType": {"typology": "chalet", "subTypology": "independantHouse"}, "suggestedTexts": {"subtitle": "Marianao, Sant Boi de Llobregat", "title": "Casa independiente en Ac\u00e0cies"}, "hasPlan": true, "has3DTour": false, "has360": false, "hasStaging": false, "topNewDevelopment": false}, {"propertyCode": "91734501", "thumbnail": "https://img3.idealista.com/blur/WEB_LISTING/0/id.pro.es.image.master/b7/d7/06/821981115.jpg", "externalReference": "100078899", "numPhotos": 10, "price": 165000.0, "propertyType": "flat", "operation": "sale", "size": 50.0, "exterior": false, "rooms": 1, "bathrooms": 1, "address": "Cam\u00ed Oliveretes", "province": "Barcelona", "municipality": "Viladecans", "district": "Campreci\u00f3s - Torre Roja", "country": "es", "latitude": 41.3231326, "longitude": 2.0206867, "showAddress": false, "url": "https://www.idealista.com/obra-nueva/91734501/", "distance": "3068", "hasVideo": false, "status": "newdevelopment", "newDevelopment": true, "hasLift": true, "newDevelopmentFinished": false, "priceByArea": 3300.0, "detailedType": {"typology": "flat"}, "suggestedTexts": {"subtitle": "Campreci\u00f3s - Torre Roja, Viladecans", "title": "Piso en Cam\u00ed Oliveretes"}, "hasPlan": true, "has3DTour": false, "has360": false, "hasStaging": false, "topNewDevelopment": false}, {"propertyCode": "93162119", "thumbnail": "https://img3.idealista.com/blur/WEB_LISTING/0/id.pro.es.image.master/e0/70/2e/855864441.jpg", "externalReference": "G7_297283", "numPhotos": 21, "floor": "bj", "price": 176000.0, "propertyType": "flat", "operation": "sale", "size": 82.0, "exterior": false, "rooms": 3, "bathrooms": 1, "address": "Centre", "province": "Barcelona", "municipality": "Cornell\u00e0 de Llobregat", "district": "Centre", "country": "es", "latitude": 41.3541672, "longitude": 2.0665793, "showAddress": false, "url": "https://www.idealista.com/inmueble/93162119/", "distance": "2247", "hasVideo": false, "status": "good", "newDevelopment": false, "hasLift": false, "priceByArea": 2146.0, "detailedType": {"typology": "flat"}, "suggestedTexts": {"subtitle": "Centre, Cornell\u00e0 de Llobregat", "title": "Piso"}, "hasPlan": false, "has3DTour": false, "has360": false, "hasStaging": false, "topNewDevelopment": false}, {"propertyCode": "92647455", "thumbnail": "https://img3.idealista.com/blur/WEB_LISTING/0/id.pro.es.image.master/b6/2c/dc/844789574.jpg", "externalReference": "5738", "numPhotos": 30, "floor": "2", "price": 335000.0, "propertyType": "flat", "operation": "sale", "size": 114.0, "exterior": false, "rooms": 4, "bathrooms": 2, "address": "Parc Empresarial", "province": "Barcelona", "municipality": "Viladecans", "district": "Parc Empresarial", "country": "es", "latitude": 41.3157084, "longitude": 2.0261322, "showAddress": false, "url": "https://www.idealista.com/inmueble/92647455/", "distance": "3228", "hasVideo": false, "status": "good", "newDevelopment": false, "hasLift": true, "parkingSpace": {"hasParkingSpace": true, "isParkingSpaceIncludedInPrice": true}, "priceByArea": 2939.0, "detailedType": {"typology": "flat"}, "suggestedTexts": {"subtitle": "Parc Empresarial, Viladecans", "title": "Piso"}, "hasPlan": false, "has3DTour": false, "has360": false, "hasStaging": false, "topNewDevelopment": false}, {"propertyCode": "92112735", "thumbnail": "https://img3.idealista.com/blur/WEB_LISTING/0/id.pro.es.image.master/c4/d4/80/847753840.jpg", "externalReference": "GV36606", "numPhotos": 7, "floor": "3", "price": 225000.0, "propertyType": "flat", "operation": "sale", "size": 57.0, "exterior": false, "rooms": 2, "bathrooms": 1, "address": "Calle Tres de Abril, 3", "province": "Barcelona", "municipality": "Sant Boi de Llobregat", "district": "Pla\u00e7a Catalunya - Vinyets", "country": "es", "latitude": 41.3419329, "longitude": 2.0451617, "showAddress": true, "url": "https://www.idealista.com/inmueble/92112735/", "distance": "826", "hasVideo": false, "status": "good", "newDevelopment": false, "priceByArea": 3947.0, "detailedType": {"typology": "flat"}, "suggestedTexts": {"subtitle": "Pla\u00e7a Catalunya - Vinyets, Sant Boi de Llobregat", "title": "Piso en Calle Tres de Abril, 3"}, "hasPlan": true, "has3DTour": false, "has360": false, "hasStaging": false, "topNewDevelopment": false}, {"propertyCode": "92112734", "thumbnail": "https://img3.idealista.com/blur/WEB_LISTING/0/id.pro.es.image.master/4d/88/c3/847753849.jpg", "externalReference": "GV36607", "numPhotos": 8, "floor": "4", "price": 330000.0, "propertyType": "flat", "operation": "sale", "size": 88.0, "exterior": false, "rooms": 3, "bathrooms": 2, "address": "Calle Tres de Abril, 33", "province": "Barcelona", "municipality": "Sant Boi de Llobregat", "district": "Pla\u00e7a Catalunya - Vinyets", "country": "es", "latitude": 41.3411, "longitude": 2.04395, "showAddress": true, "url": "https://www.idealista.com/inmueble/92112734/", "distance": "850", "hasVideo": false, "status": "good", "newDevelopment": false, "priceByArea": 3750.0, "detailedType": {"typology": "flat"}, "suggestedTexts": {"subtitle": "Pla\u00e7a Catalunya - Vinyets, Sant Boi de Llobregat", "title": "Piso en Calle Tres de Abril, 33"}, "hasPlan": true, "has3DTour": false, "has360": false, "hasStaging": false, "topNewDevelopment": false}, {"propertyCode": "88960424", "thumbnail": "https://img3.idealista.com/blur/WEB_LISTING/0/id.pro.es.image.master/9b/da/f5/759778333.jpg", "externalReference": "4\u00ba1\u00aa", "numPhotos": 8, "floor": "4", "price": 255000.0, "propertyType": "flat", "operation": "sale", "size": 60.0, "exterior": true, "rooms": 2, "bathrooms": 1, "address": "Calle Mar\u00eda Rosa Gelabert, 25", "province": "Barcelona", "municipality": "Cornell\u00e0 de Llobregat", "district": "Fontsanta", "country": "es", "latitude": 41.3639, "longitude": 2.06006, "showAddress": true, "url": "https://www.idealista.com/obra-nueva/88960424/", "distance": "3063", "hasVideo": false, "status": "newdevelopment", "newDevelopment": true, "hasLift": true, "newDevelopmentFinished": false, "priceByArea": 4250.0, "detailedType": {"typology": "flat"}, "suggestedTexts": {"subtitle": "Fontsanta, Cornell\u00e0 de Llobregat", "title": "Piso en Calle Mar\u00eda Rosa Gelabert, 25"}, "hasPlan": true, "has3DTour": false, "has360": false, "hasStaging": false, "topNewDevelopment": false}, {"propertyCode": "88960445", "thumbnail": "https://img3.idealista.com/blur/WEB_LISTING/0/id.pro.es.image.master/68/48/db/759778329.jpg", "externalReference": "4\u00ba2\u00aa d\u00faplex", "numPhotos": 10, "floor": "4", "price": 435000.0, "propertyType": "duplex", "operation": "sale", "size": 123.0, "exterior": true, "rooms": 3, "bathrooms": 2, "address": "Calle Mar\u00eda Rosa Gelabert, 25", "province": "Barcelona", "municipality": "Cornell\u00e0 de Llobregat", "district": "Fontsanta", "country": "es", "latitude": 41.3639, "longitude": 2.06006, "showAddress": true, "url": "https://www.idealista.com/obra-nueva/88960445/", "distance": "3063", "hasVideo": false, "status": "newdevelopment", "newDevelopment": true, "hasLift": true, "newDevelopmentFinished": false, "priceByArea": 3537.0, "detailedType": {"typology": "flat", "subTypology": "duplex"}, "suggestedTexts": {"subtitle": "Fontsanta, Cornell\u00e0 de Llobregat", "title": "D\u00faplex en Calle Mar\u00eda Rosa Gelabert, 25"}, "hasPlan": true, "has3DTour": false, "has360": false, "hasStaging": false, "topNewDevelopment": false}, {"propertyCode": "91165113", "thumbnail": "https://img3.idealista.com/blur/WEB_LISTING/0/id.pro.es.image.master/97/73/ca/808258582.jpg", "externalReference": "300692", "numPhotos": 24, "floor": "2", "price": 175000.0, "propertyType": "flat", "operation": "sale", "size": 72.0, "exterior": true, "rooms": 2, "bathrooms": 1, "address": "Calle de Miquel de Roncal\u00ed i Destefanis, 55", "province": "Barcelona", "municipality": "Cornell\u00e0 de Llobregat", "district": "Centre", "country": "es", "latitude": 41.3533964, "longitude": 2.0666296, "showAddress": true, "url": "https://www.idealista.com/inmueble/91165113/", "distance": "2176", "hasVideo": true, "status": "good", "newDevelopment": false, "hasLift": true, "priceByArea": 2431.0, "detailedType": {"typology": "flat"}, "suggestedTexts": {"subtitle": "Centre, Cornell\u00e0 de Llobregat", "title": "Piso en Calle de Miquel de Roncal\u00ed i Destefanis, 55"}, "hasPlan": false, "has3DTour": false, "has360": false, "hasStaging": false, "topNewDevelopment": false}, {"propertyCode": "92434883", "thumbnail": "https://img3.idealista.com/blur/WEB_LISTING/0/id.pro.es.image.master/13/c8/b6/839468225.jpg", "externalReference": "FATJO", "numPhotos": 22, "floor": "3", "price": 359000.0, "propertyType": "flat", "operation": "sale", "size": 100.0, "exterior": true, "rooms": 3, "bathrooms": 2, "address": "Passatge Fatjo", "province": "Barcelona", "municipality": "Cornell\u00e0 de Llobregat", "district": "Fontsanta", "country": "es", "latitude": 41.3636505, "longitude": 2.0623413, "showAddress": false, "url": "https://www.idealista.com/inmueble/92434883/", "distance": "3081", "hasVideo": false, "status": "good", "newDevelopment": false, "hasLift": true, "parkingSpace": {"hasParkingSpace": true, "isParkingSpaceIncludedInPrice": true}, "priceByArea": 3590.0, "detailedType": {"typology": "flat"}, "suggestedTexts": {"subtitle": "Fontsanta, Cornell\u00e0 de Llobregat", "title": "Piso en Passatge Fatjo"}, "hasPlan": true, "has3DTour": false, "has360": false, "hasStaging": false, "topNewDevelopment": false}, {"propertyCode": "91921667", "thumbnail": "https://img3.idealista.com/blur/WEB_LISTING/0/id.pro.es.image.master/0a/4d/ec/844531790.jpg", "externalReference": "DV155", "numPhotos": 34, "floor": "3", "price": 317000.0, "propertyType": "flat", "operation": "sale", "size": 110.0, "exterior": true, "rooms": 4, "bathrooms": 2, "address": "Camino Vell de Sant Boi", "province": "Barcelona", "municipality": "Cornell\u00e0 de Llobregat", "district": "Centre", "country": "es", "latitude": 41.3509689, "longitude": 2.0665045, "showAddress": false, "url": "https://www.idealista.com/inmueble/91921667/", "distance": "1949", "hasVideo": true, "status": "good", "newDevelopment": false, "hasLift": true, "parkingSpace": {"hasParkingSpace": true, "isParkingSpaceIncludedInPrice": true}, "priceByArea": 2882.0, "detailedType": {"typology": "flat"}, "suggestedTexts": {"subtitle": "Centre, Cornell\u00e0 de Llobregat", "title": "Piso en Camino Vell de Sant Boi"}, "hasPlan": true, "has3DTour": false, "has360": false, "hasStaging": false, "topNewDevelopment": false}, {"propertyCode": "92110294", "thumbnail": "https://img3.idealista.com/blur/WEB_LISTING/0/id.pro.es.image.master/9a/b5/d5/831198989.jpg", "externalReference": "AIC7935", "numPhotos": 49, "floor": "1", "price": 149000.0, "propertyType": "flat", "operation": "sale", "size": 66.0, "exterior": true, "rooms": 3, "bathrooms": 1, "address": "Camino CAM\u00cd VELL DE SANT BOI", "province": "Barcelona", "municipality": "Cornell\u00e0 de Llobregat", "district": "Centre", "country": "es", "latitude": 41.3507302, "longitude": 2.067058, "showAddress": false, "url": "https://www.idealista.com/inmueble/92110294/", "distance": "1956", "hasVideo": true, "status": "good", "newDevelopment": false, "hasLift": false, "priceByArea": 2258.0, "detailedType": {"typology": "flat"}, "suggestedTexts": {"subtitle": "Centre, Cornell\u00e0 de Llobregat", "title": "Piso en Camino CAM\u00cd VELL DE SANT BOI"}, "hasPlan": false, "has3DTour": false, "has360": false, "hasStaging": false, "topNewDevelopment": false}, {"propertyCode": "91641844", "thumbnail": "https://img3.idealista.com/blur/WEB_LISTING/0/id.pro.es.image.master/21/38/86/819715465.jpg", "externalReference": "AIV0648", "numPhotos": 37, "floor": "2", "price": 153000.0, "propertyType": "flat", "operation": "sale", "size": 69.0, "exterior": true, "rooms": 3, "bathrooms": 1, "address": "Calle de Rafael Casanova", "province": "Barcelona", "municipality": "Viladecans", "district": "Parc Empresarial", "country": "es", "latitude": 41.3182363, "longitude": 2.0257327, "showAddress": false, "url": "https://www.idealista.com/inmueble/91641844/", "distance": "3053", "hasVideo": true, "status": "good", "newDevelopment": false, "hasLift": true, "priceByArea": 2217.0, "detailedType": {"typology": "flat"}, "suggestedTexts": {"subtitle": "Parc Empresarial, Viladecans", "title": "Piso en Calle de Rafael Casanova"}, "hasPlan": false, "has3DTour": false, "has360": false, "hasStaging": false, "topNewDevelopment": false}]