[{"propertyCode": "88841013", "thumbnail": "https://img3.idealista.com/blur/WEB_LISTING/0/id.pro.es.image.master/f6/3f/d7/756735619.jpg", "externalReference": "W-02I842", "numPhotos": 22, "floor": "8", "price": 293000.0, "propertyType": "flat", "operation": "sale", "size": 80.0, "exterior": false, "rooms": 2, "bathrooms": 1, "address": "barrio La Vall d'Hebron - La Clota", "province": "Barcelona", "municipality": "Barcelona", "district": "Horta Guinard\u00f3", "country": "es", "neighborhood": "La Vall d'Hebron - La Clota", "latitude": 41.4357512, "longitude": 2.1517783, "showAddress": false, "url": "https://www.idealista.com/inmueble/88841013/", "distance": "2812", "hasVideo": false, "status": "good", "newDevelopment": false, "hasLift": true, "priceByArea": 3663.0, "detailedType": {"typology": "flat"}, "suggestedTexts": {"subtitle": "La Vall d'Hebron - La Clota, Barcelona", "title": "Piso"}, "hasPlan": true, "has3DTour": false, "has360": true, "hasStaging": false, "topNewDevelopment": false}, {"propertyCode": "88470131", "thumbnail": "https://img3.idealista.com/blur/WEB_LISTING/0/id.pro.es.image.master/a9/ec/ec/856402860.jpg", "externalReference": "190140", "numPhotos": 18, "floor": "8", "price": 293000.0, "propertyType": "flat", "operation": "sale", "size": 80.0, "exterior": true, "rooms": 2, "bathrooms": 1, "address": "barrio La Vall d'Hebron - La Clota", "province": "Barcelona", "municipality": "Barcelona", "district": "Horta Guinard\u00f3", "country": "es", "neighborhood": "La Vall d'Hebron - La Clota", "latitude": 41.433883, "longitude": 2.147915, "showAddress": false, "url": "https://www.idealista.com/inmueble/88470131/", "distance": "2818", "hasVideo": false, "status": "good", "newDevelopment": false, "hasLift": true, "priceByArea": 3663.0, "detailedType": {"typology": "flat"}, "suggestedTexts": {"subtitle": "La Vall d'Hebron - La Clota, Barcelona", "title": "Piso"}, "hasPlan": false, "has3DTour": false, "has360": true, "hasStaging": false, "topNewDevelopment": false}, {"propertyCode": "92562806", "thumbnail": "https://img3.idealista.com/blur/WEB_LISTING/0/id.pro.es.image.master/e9/33/93/842745850.jpg", "externalReference": "121536", "numPhotos": 21, "floor": "1", "price": 160000.0, "propertyType": "flat", "operation": "sale", "size": 60.0, "exterior": true, "rooms": 2, "bathrooms": 1, "address": "Calle de Roig i Sol\u00e9", "province": "Barcelona", "municipality": "Barcelona", "district": "Horta Guinard\u00f3", "country": "es", "neighborhood": "Sant Gen\u00eds Dels Agudells - Montbau", "latitude": 41.4320445, "longitude": 2.1425834, "showAddress": false, "url": "https://www.idealista.com/inmueble/92562806/", "distance": "2832", "hasVideo": true, "status": "good", "newDevelopment": false, "hasLift": false, "priceByArea": 2667.0, "detailedType": {"typology": "flat"}, "suggestedTexts": {"subtitle": "Sant Gen\u00eds Dels Agudells - Montbau, Barcelona", "title": "Piso en Calle de Roig i Sol\u00e9"}, "hasPlan": true, "has3DTour": false, "has360": false, "hasStaging": false, "topNewDevelopment": false}, {"propertyCode": "90869412", "thumbnail": "https://img3.idealista.com/blur/WEB_LISTING/0/id.pro.es.image.master/af/4d/5f/801347257.jpg", "externalReference": "27693", "numPhotos": 49, "price": 495000.0, "propertyType": "chalet", "operation": "sale", "size": 480.0, "exterior": false, "rooms": 5, "bathrooms": 3, "address": "La Floresta - Les Planes", "province": "Barcelona", "municipality": "Sant Cugat del Vall\u00e8s", "district": "La Floresta - Les Planes", "country": "es", "latitude": 41.4430246, "longitude": 2.107273, "showAddress": false, "url": "https://www.idealista.com/inmueble/90869412/", "distance": "2534", "hasVideo": false, "status": "good", "newDevelopment": false, "priceByArea": 1031.0, "detailedType": {"typology": "chalet"}, "suggestedTexts": {"subtitle": "La Floresta - Les Planes, Sant Cugat del Vall\u00e8s", "title": "Chalet"}, "hasPlan": false, "has3DTour": false, "has360": true, "hasStaging": false, "topNewDevelopment": false}, {"propertyCode": "91786391", "thumbnail": "https://img3.idealista.com/blur/WEB_LISTING/0/id.pro.es.image.master/e7/c1/3a/823498262.jpg", "numPhotos": 18, "floor": "2", "price": 170000.0, "propertyType": "flat", "operation": "sale", "size": 65.0, "exterior": true, "rooms": 3, "bathrooms": 1, "address": "LLORET DE MAR", "province": "Barcelona", "municipality": "Barcelona", "district": "Horta Guinard\u00f3", "country": "es", "neighborhood": "Horta", "latitude": 41.4355498, "longitude": 2.156679, "showAddress": false, "url": "https://www.idealista.com/inmueble/91786391/", "distance": "3086", "hasVideo": false, "status": "good", "newDevelopment": false, "hasLift": false, "priceByArea": 2615.0, "detailedType": {"typology": "flat"}, "suggestedTexts": {"subtitle": "Horta, Barcelona", "title": "Piso en LLORET DE MAR"}, "hasPlan": false, "has3DTour": false, "has360": false, "hasStaging": false, "topNewDevelopment": false}, {"propertyCode": "92406916", "thumbnail": "https://img3.idealista.com/blur/WEB_LISTING/0/id.pro.es.image.master/0a/a1/d9/839023209.jpg", "externalReference": "3585", "numPhotos": 29, "floor": "2", "price": 198000.0, "propertyType": "flat", "operation": "sale", "size": 84.0, "exterior": true, "rooms": 3, "bathrooms": 1, "address": "MIGUEL HERNANDEZ", "province": "Barcelona", "municipality": "Barcelona", "district": "Nou Barris", "country": "es", "neighborhood": "Canyelles", "latitude": 41.4441121, "longitude": 2.1638515, "showAddress": false, "url": "https://www.idealista.com/inmueble/92406916/", "distance": "2976", "hasVideo": false, "status": "good", "newDevelopment": false, "hasLift": true, "priceByArea": 2357.0, "detailedType": {"typology": "flat"}, "suggestedTexts": {"subtitle": "Canyelles, Barcelona", "title": "Piso en MIGUEL HERNANDEZ"}, "hasPlan": true, "has3DTour": false, "has360": true, "hasStaging": false, "topNewDevelopment": false}, {"propertyCode": "93091657", "thumbnail": "https://img3.idealista.com/blur/WEB_LISTING/0/id.pro.es.image.master/7a/eb/93/854300108.jpg", "externalReference": "BAR-5415265", "numPhotos": 37, "floor": "5", "price": 193000.0, "propertyType": "flat", "operation": "sale", "size": 67.0, "exterior": true, "rooms": 3, "bathrooms": 1, "address": "Calle de Vayreda", "province": "Barcelona", "municipality": "Barcelona", "district": "Horta Guinard\u00f3", "country": "es", "neighborhood": "Sant Gen\u00eds Dels Agudells - Montbau", "latitude": 41.4325689, "longitude": 2.1423284, "showAddress": false, "url": "https://www.idealista.com/inmueble/93091657/", "distance": "2770", "hasVideo": false, "status": "good", "newDevelopment": false, "hasLift": false, "priceByArea": 2881.0, "detailedType": {"typology": "flat"}, "suggestedTexts": {"subtitle": "Sant Gen\u00eds Dels Agudells - Montbau, Barcelona", "title": "Piso en Calle de Vayreda"}, "hasPlan": true, "has3DTour": false, "has360": false, "hasStaging": false, "topNewDevelopment": false}, {"propertyCode": "92673426", "thumbnail": "https://img3.idealista.com/blur/WEB_LISTING/0/id.pro.es.image.master/3d/ff/12/846076955.jpg", "externalReference": "ONB2101005", "numPhotos": 11, "floor": "bj", "price": 310000.0, "propertyType": "flat", "operation": "sale", "size": 62.0, "exterior": true, "rooms": 2, "bathrooms": 1, "address": "Calle Elies Pages s/n", "province": "Barcelona", "municipality": "Barcelona", "district": "Horta Guinard\u00f3", "country": "es", "neighborhood": "Sant Gen\u00eds Dels Agudells - Montbau", "latitude": 41.4285265, "longitude": 2.1334584, "showAddress": true, "url": "https://www.idealista.com/obra-nueva/92673426/", "distance": "3086", "hasVideo": false, "status": "newdevelopment", "newDevelopment": true, "hasLift": true, "newDevelopmentFinished": false, "priceByArea": 5000.0, "detailedType": {"typology": "flat"}, "suggestedTexts": {"subtitle": "Sant Gen\u00eds Dels Agudells - Montbau, Barcelona", "title": "Piso en Calle Elies Pages s/n"}, "hasPlan": true, "has3DTour": false, "has360": false, "hasStaging": false, "topNewDevelopment": false}, {"propertyCode": "92673433", "thumbnail": "https://img3.idealista.com/blur/WEB_LISTING/0/id.pro.es.image.master/19/6d/32/846077005.jpg", "externalReference": "ONB2101005", "numPhotos": 11, "floor": "bj", "price": 310000.0, "propertyType": "flat", "operation": "sale", "size": 60.0, "exterior": true, "rooms": 2, "bathrooms": 1, "address": "Calle Elies Pages s/n", "province": "Barcelona", "municipality": "Barcelona", "district": "Horta Guinard\u00f3", "country": "es", "neighborhood": "Sant Gen\u00eds Dels Agudells - Montbau", "latitude": 41.4285265, "longitude": 2.1334584, "showAddress": true, "url": "https://www.idealista.com/obra-nueva/92673433/", "distance": "3086", "hasVideo": false, "status": "newdevelopment", "newDevelopment": true, "hasLift": true, "newDevelopmentFinished": false, "priceByArea": 5167.0, "detailedType": {"typology": "flat"}, "suggestedTexts": {"subtitle": "Sant Gen\u00eds Dels Agudells - Montbau, Barcelona", "title": "Piso en Calle Elies Pages s/n"}, "hasPlan": true, "has3DTour": false, "has360": false, "hasStaging": false, "topNewDevelopment": false}, {"propertyCode": "92673483", "thumbnail": "https://img3.idealista.com/blur/WEB_LISTING/0/id.pro.es.image.master/e7/6d/c1/846077030.jpg", "externalReference": "ONB2101005", "numPhotos": 11, "floor": "3", "price": 520000.0, "propertyType": "penthouse", "operation": "sale", "size": 101.0, "exterior": true, "rooms": 3, "bathrooms": 3, "address": "Calle Elies Pages s/n", "province": "Barcelona", "municipality": "Barcelona", "district": "Horta Guinard\u00f3", "country": "es", "neighborhood": "Sant Gen\u00eds Dels Agudells - Montbau", "latitude": 41.4285265, "longitude": 2.1334584, "showAddress": true, "url": "https://www.idealista.com/obra-nueva/92673483/", "distance": "3086", "hasVideo": false, "status": "newdevelopment", "newDevelopment": true, "hasLift": true, "newDevelopmentFinished": false, "priceByArea": 5149.0, "detailedType": {"typology": "flat", "subTypology": "penthouse"}, "suggestedTexts": {"subtitle": "Sant Gen\u00eds Dels Agudells - Montbau, Barcelona", "title": "\u00c1tico en Calle Elies Pages s/n"}, "hasPlan": true, "has3DTour": false, "has360": false, "hasStaging": false, "topNewDevelopment": false}, {"propertyCode": "91635934", "thumbnail": "https://img3.idealista.com/blur/WEB_LISTING/0/id.pro.es.image.master/eb/46/85/819592730.jpg", "externalReference": "Congres1", "numPhotos": 21, "floor": "1", "price": 330000.0, "propertyType": "flat", "operation": "sale", "size": 66.0, "exterior": true, "rooms": 2, "bathrooms": 1, "address": "Calle del Congr\u00e9s, 80", "province": "Barcelona", "municipality": "Barcelona", "district": "Horta Guinard\u00f3", "country": "es", "neighborhood": "Horta", "latitude": 41.4370554, "longitude": 2.1609252, "showAddress": true, "url": "https://www.idealista.com/inmueble/91635934/", "distance": "3218", "hasVideo": false, "status": "good", "newDevelopment": false, "hasLift": true, "parkingSpace": {"hasParkingSpace": true, "isParkingSpaceIncludedInPrice": false, "parkingSpacePrice": 25000.0}, "priceByArea": 5000.0, "detailedType": {"typology": "flat"}, "suggestedTexts": {"subtitle": "Horta, Barcelona", "title": "Piso en Calle del Congr\u00e9s, 80"}, "hasPlan": true, "has3DTour": false, "has360": false, "hasStaging": false, "topNewDevelopment": false}, {"propertyCode": "92912725", "thumbnail": "https://img3.idealista.com/blur/WEB_LISTING/0/id.pro.es.image.master/93/dc/88/850923526.jpg", "externalReference": "V0241I", "numPhotos": 25, "floor": "5", "price": 115000.0, "propertyType": "flat", "operation": "sale", "size": 64.0, "exterior": true, "rooms": 3, "bathrooms": 1, "address": "Calle de Perafita", "province": "Barcelona", "municipality": "Barcelona", "district": "Nou Barris", "country": "es", "neighborhood": "Ciutat Meridiana - Torre Bar\u00f3 - Vallbona", "latitude": 41.4581612, "longitude": 2.1672375, "showAddress": false, "url": "https://www.idealista.com/inmueble/92912725/", "distance": "2941", "hasVideo": false, "status": "good", "newDevelopment": false, "parkingSpace": {"hasParkingSpace": true, "isParkingSpaceIncludedInPrice": true}, "priceByArea": 1797.0, "detailedType": {"typology": "flat"}, "suggestedTexts": {"subtitle": "Ciutat Meridiana - Torre Bar\u00f3 - Vallbona, Barcelona", "title": "Piso en Calle de Perafita"}, "hasPlan": true, "has3DTour": false, "has360": false, "hasStaging": false, "topNewDevelopment": false}, {"propertyCode": "92636942", "thumbnail": "https://img3.idealista.com/blur/WEB_LISTING/0/id.pro.es.image.master/ac/ff/37/844877686.jpg", "externalReference": "ONB2101004-2", "numPhotos": 17, "price": 810000.0, "propertyType": "chalet", "operation": "sale", "size": 276.0, "exterior": false, "rooms": 3, "bathrooms": 4, "address": "barrio Sant Gen\u00eds Dels Agudells - Montbau", "province": "Barcelona", "municipality": "Barcelona", "district": "Horta Guinard\u00f3", "country": "es", "neighborhood": "Sant Gen\u00eds Dels Agudells - Montbau", "latitude": 41.4300748, "longitude": 2.1287912, "showAddress": false, "url": "https://www.idealista.com/inmueble/92636942/", "distance": "2924", "hasVideo": false, "status": "good", "newDevelopment": false, "priceByArea": 2935.0, "detailedType": {"typology": "chalet"}, "suggestedTexts": {"subtitle": "Sant Gen\u00eds Dels Agudells - Montbau, Barcelona", "title": "Chalet"}, "hasPlan": true, "has3DTour": false, "has360": false, "hasStaging": false, "topNewDevelopment": false}, {"propertyCode": "91210585", "thumbnail": "https://img3.idealista.com/blur/WEB_LISTING/0/id.pro.es.image.master/ce/e9/56/855577809.jpg", "externalReference": "1281-VI-934-036-004-001", "numPhotos": 22, "floor": "4", "price": 299900.0, "propertyType": "flat", "operation": "sale", "size": 98.0, "exterior": true, "rooms": 3, "bathrooms": 2, "address": "Ginesta", "province": "Barcelona", "municipality": "Cerdanyola del Vall\u00e8s", "district": "Caneletes-Turonet", "country": "es", "latitude": 41.48275, "longitude": 2.14164, "showAddress": false, "url": "https://www.idealista.com/inmueble/91210585/", "distance": "3052", "hasVideo": false, "status": "good", "newDevelopment": false, "hasLift": true, "parkingSpace": {"hasParkingSpace": true, "isParkingSpaceIncludedInPrice": true}, "priceByArea": 3060.0, "detailedType": {"typology": "flat"}, "suggestedTexts": {"subtitle": "Caneletes-Turonet, Cerdanyola del Vall\u00e8s", "title": "Piso en Ginesta"}, "hasPlan": false, "has3DTour": false, "has360": false, "hasStaging": false, "topNewDevelopment": false}, {"propertyCode": "93068466", "thumbnail": "https://img3.idealista.com/blur/WEB_LISTING/0/id.pro.es.image.master/4a/73/b9/853705516.jpg", "externalReference": "330940", "numPhotos": 34, "price": 440000.0, "propertyType": "chalet", "operation": "sale", "size": 288.0, "exterior": false, "rooms": 3, "bathrooms": 3, "address": "Camino de Can Sard\u00e0 s/n", "province": "Barcelona", "municipality": "Cerdanyola del Vall\u00e8s", "district": "Montflorit-Plana del Castell", "country": "es", "latitude": 41.4596091, "longitude": 2.123215, "showAddress": true, "url": "https://www.idealista.com/inmueble/93068466/", "distance": "823", "hasVideo": true, "status": "good", "newDevelopment": false, "parkingSpace": {"hasParkingSpace": true, "isParkingSpaceIncludedInPrice": true}, "priceByArea": 1528.0, "detailedType": {"typology": "chalet"}, "suggestedTexts": {"subtitle": "Montflorit-Plana del Castell, Cerdanyola del Vall\u00e8s", "title": "Chalet en Camino de Can Sard\u00e0 s/n"}, "hasPlan": false, "has3DTour": false, "has360": false, "hasStaging": false, "topNewDevelopment": false}, {"propertyCode": "91168618", "thumbnail": "https://img3.idealista.com/blur/WEB_LISTING/0/id.pro.es.image.master/c0/65/08/808341270.jpg", "externalReference": "103169", "numPhotos": 27, "price": 240000.0, "propertyType": "chalet", "operation": "sale", "size": 168.0, "exterior": false, "rooms": 5, "bathrooms": 3, "address": "Calle de la Font Rica, 31", "province": "Barcelona", "municipality": "Sant Cugat del Vall\u00e8s", "district": "La Floresta - Les Planes", "country": "es", "latitude": 41.4455893, "longitude": 2.1074972, "showAddress": true, "url": "https://www.idealista.com/inmueble/91168618/", "distance": "2363", "hasVideo": true, "status": "good", "newDevelopment": false, "priceByArea": 1429.0, "detailedType": {"typology": "chalet"}, "suggestedTexts": {"subtitle": "La Floresta - Les Planes, Sant Cugat del Vall\u00e8s", "title": "Chalet en Calle de la Font Rica, 31"}, "hasPlan": false, "has3DTour": false, "has360": false, "hasStaging": false, "topNewDevelopment": false}, {"propertyCode": "93062905", "thumbnail": "https://img3.idealista.com/blur/WEB_LISTING/0/id.pro.es.image.master/18/98/21/853627529.jpg", "externalReference": "MONTBAU", "numPhotos": 21, "floor": "3", "price": 210000.0, "propertyType": "flat", "operation": "sale", "size": 66.0, "exterior": true, "rooms": 3, "bathrooms": 1, "address": "barrio Sant Gen\u00eds Dels Agudells - Montbau", "province": "Barcelona", "municipality": "Barcelona", "district": "Horta Guinard\u00f3", "country": "es", "neighborhood": "Sant Gen\u00eds Dels Agudells - Montbau", "latitude": 41.4294772, "longitude": 2.1405443, "showAddress": false, "url": "https://www.idealista.com/inmueble/93062905/", "distance": "3061", "hasVideo": true, "status": "good", "newDevelopment": false, "hasLift": true, "priceByArea": 3182.0, "detailedType": {"typology": "flat"}, "suggestedTexts": {"subtitle": "Sant Gen\u00eds Dels Agudells - Montbau, Barcelona", "title": "Piso"}, "hasPlan": true, "has3DTour": false, "has360": false, "hasStaging": false, "topNewDevelopment": false}, {"propertyCode": "92928008", "thumbnail": "https://img3.idealista.com/blur/WEB_LISTING/0/id.pro.es.image.master/6e/ec/45/851301052.jpg", "numPhotos": 20, "floor": "5", "price": 115000.0, "propertyType": "penthouse", "operation": "sale", "size": 67.0, "exterior": true, "rooms": 3, "bathrooms": 1, "address": "Calle de Perafita s/n", "province": "Barcelona", "municipality": "Barcelona", "district": "Nou Barris", "country": "es", "neighborhood": "Ciutat Meridiana - Torre Bar\u00f3 - Vallbona", "latitude": 41.4596697, "longitude": 2.170594, "showAddress": true, "url": "https://www.idealista.com/inmueble/92928008/", "distance": "3236", "hasVideo": false, "status": "good", "newDevelopment": false, "hasLift": false, "parkingSpace": {"hasParkingSpace": true, "isParkingSpaceIncludedInPrice": true}, "priceByArea": 1716.0, "detailedType": {"typology": "flat", "subTypology": "penthouse"}, "suggestedTexts": {"subtitle": "Ciutat Meridiana - Torre Bar\u00f3 - Vallbona, Barcelona", "title": "\u00c1tico en Calle de Perafita s/n"}, "hasPlan": true, "has3DTour": false, "has360": false, "hasStaging": false, "topNewDevelopment": false}, {"propertyCode": "92809045", "thumbnail": "https://img3.idealista.com/blur/WEB_LISTING/0/id.pro.es.image.master/7c/2a/72/848629298.jpg", "externalReference": "E-V-0644-V5", "numPhotos": 11, "floor": "2", "price": 245000.0, "propertyType": "flat", "operation": "sale", "size": 65.0, "exterior": true, "rooms": 2, "bathrooms": 1, "address": "Avenida d'Elies Pag\u00e8s", "province": "Barcelona", "municipality": "Barcelona", "district": "Horta Guinard\u00f3", "country": "es", "neighborhood": "Sant Gen\u00eds Dels Agudells - Montbau", "latitude": 41.4277265, "longitude": 2.1329584, "showAddress": false, "url": "https://www.idealista.com/inmueble/92809045/", "distance": "3173", "hasVideo": false, "status": "good", "newDevelopment": false, "hasLift": true, "priceByArea": 3769.0, "detailedType": {"typology": "flat"}, "suggestedTexts": {"subtitle": "Sant Gen\u00eds Dels Agudells - Montbau, Barcelona", "title": "Piso en Avenida d'Elies Pag\u00e8s"}, "hasPlan": true, "has3DTour": false, "has360": false, "hasStaging": false, "topNewDevelopment": false}, {"propertyCode": "91661257", "thumbnail": "https://img3.idealista.com/blur/WEB_LISTING/0/id.pro.es.image.master/7b/b5/1f/820173288.jpg", "externalReference": "HARMONIABCN", "numPhotos": 17, "floor": "3", "price": 198000.0, "propertyType": "flat", "operation": "sale", "size": 69.0, "exterior": true, "rooms": 3, "bathrooms": 1, "address": "Calle de l'Harmonia", "province": "Barcelona", "municipality": "Barcelona", "district": "Horta Guinard\u00f3", "country": "es", "neighborhood": "Sant Gen\u00eds Dels Agudells - Montbau", "latitude": 41.4340239, "longitude": 2.1439341, "showAddress": false, "url": "https://www.idealista.com/inmueble/91661257/", "distance": "2664", "hasVideo": false, "status": "good", "newDevelopment": false, "hasLift": true, "priceByArea": 2870.0, "detailedType": {"typology": "flat"}, "suggestedTexts": {"subtitle": "Sant Gen\u00eds Dels Agudells - Montbau, Barcelona", "title": "Piso en Calle de l'Harmonia"}, "hasPlan": true, "has3DTour": false, "has360": false, "hasStaging": false, "topNewDevelopment": false}, {"propertyCode": "85563785", "thumbnail": "https://img3.idealista.com/blur/WEB_LISTING/0/id.pro.es.image.master/cc/0b/ba/666864068.jpg", "externalReference": "Z-2073", "numPhotos": 10, "floor": "1", "price": 330000.0, "propertyType": "flat", "operation": "sale", "size": 66.0, "exterior": true, "rooms": 2, "bathrooms": 1, "address": "Congres", "province": "Barcelona", "municipality": "Barcelona", "district": "Horta Guinard\u00f3", "country": "es", "neighborhood": "Horta", "latitude": 41.4389529, "longitude": 2.1604225, "showAddress": false, "url": "https://www.idealista.com/inmueble/85563785/", "distance": "3050", "hasVideo": false, "status": "good", "newDevelopment": false, "hasLift": true, "priceByArea": 5000.0, "detailedType": {"typology": "flat"}, "suggestedTexts": {"subtitle": "Horta, Barcelona", "title": "Piso en Congres"}, "hasPlan": true, "has3DTour": false, "has360": false, "hasStaging": false, "topNewDevelopment": false}, {"propertyCode": "91690931", "thumbnail": "https://img3.idealista.com/blur/WEB_LISTING/0/id.pro.es.image.master/43/f5/35/820894265.jpg", "externalReference": "Congresbx", "numPhotos": 32, "floor": "bj", "price": 360000.0, "propertyType": "flat", "operation": "sale", "size": 55.0, "exterior": true, "rooms": 2, "bathrooms": 1, "address": "Calle del Congr\u00e9s, 80", "province": "Barcelona", "municipality": "Barcelona", "district": "Horta Guinard\u00f3", "country": "es", "neighborhood": "Horta", "latitude": 41.4370554, "longitude": 2.1609252, "showAddress": true, "url": "https://www.idealista.com/inmueble/91690931/", "distance": "3218", "hasVideo": false, "status": "good", "newDevelopment": false, "hasLift": true, "parkingSpace": {"hasParkingSpace": true, "isParkingSpaceIncludedInPrice": false, "parkingSpacePrice": 25000.0}, "priceByArea": 6545.0, "detailedType": {"typology": "flat"}, "suggestedTexts": {"subtitle": "Horta, Barcelona", "title": "Piso en Calle del Congr\u00e9s, 80"}, "hasPlan": false, "has3DTour": false, "has360": false, "hasStaging": false, "topNewDevelopment": false}, {"propertyCode": "92930687", "thumbnail": "https://img3.idealista.com/blur/WEB_LISTING/0/id.pro.es.image.master/ac/f9/3d/851379217.jpg", "externalReference": "AP00M188V", "numPhotos": 27, "floor": "bj", "price": 159000.0, "propertyType": "flat", "operation": "sale", "size": 69.0, "exterior": true, "rooms": 3, "bathrooms": 1, "address": "Montflorit-Plana del Castell", "province": "Barcelona", "municipality": "Cerdanyola del Vall\u00e8s", "district": "Montflorit-Plana del Castell", "country": "es", "latitude": 41.4798439, "longitude": 2.1320197, "showAddress": false, "url": "https://www.idealista.com/inmueble/92930687/", "distance": "2622", "hasVideo": true, "status": "good", "newDevelopment": false, "hasLift": false, "priceByArea": 2304.0, "detailedType": {"typology": "flat"}, "suggestedTexts": {"subtitle": "Montflorit-Plana del Castell, Cerdanyola del Vall\u00e8s", "title": "Piso"}, "hasPlan": false, "has3DTour": false, "has360": false, "hasStaging": false, "topNewDevelopment": false}, {"propertyCode": "92656430", "thumbnail": "https://img3.idealista.com/blur/WEB_LISTING/0/id.pro.es.image.master/64/82/fd/844999963.jpg", "numPhotos": 16, "floor": "6", "price": 219000.0, "propertyType": "flat", "operation": "sale", "size": 72.0, "exterior": true, "rooms": 3, "bathrooms": 1, "address": "Vall Hebr\u00f3n", "province": "Barcelona", "municipality": "Barcelona", "district": "Horta Guinard\u00f3", "country": "es", "neighborhood": "La Vall d'Hebron - La Clota", "latitude": 41.4310881, "longitude": 2.1474371, "showAddress": false, "url": "https://www.idealista.com/inmueble/92656430/", "distance": "3079", "hasVideo": false, "status": "good", "newDevelopment": false, "hasLift": true, "priceByArea": 3042.0, "detailedType": {"typology": "flat"}, "suggestedTexts": {"subtitle": "La Vall d'Hebron - La Clota, Barcelona", "title": "Piso en Vall Hebr\u00f3n"}, "hasPlan": false, "has3DTour": false, "has360": false, "hasStaging": false, "topNewDevelopment": false}, {"propertyCode": "92551894", "thumbnail": "https://img3.idealista.com/blur/WEB_LISTING/0/id.pro.es.image.master/d4/af/4f/848250009.jpg", "externalReference": "0088", "numPhotos": 28, "floor": "3", "price": 195000.0, "propertyType": "flat", "operation": "sale", "size": 65.0, "exterior": true, "rooms": 3, "bathrooms": 1, "address": "Calle de Clara Ayats", "province": "Barcelona", "municipality": "Barcelona", "district": "Horta Guinard\u00f3", "country": "es", "neighborhood": "Sant Gen\u00eds Dels Agudells - Montbau", "latitude": 41.4305988, "longitude": 2.1396754, "showAddress": false, "url": "https://www.idealista.com/inmueble/92551894/", "distance": "2923", "hasVideo": false, "status": "renew", "newDevelopment": false, "hasLift": false, "priceByArea": 3000.0, "detailedType": {"typology": "flat"}, "suggestedTexts": {"subtitle": "Sant Gen\u00eds Dels Agudells - Montbau, Barcelona", "title": "Piso en Calle de Clara Ayats"}, "hasPlan": false, "has3DTour": false, "has360": false, "hasStaging": false, "topNewDevelopment": false}, {"propertyCode": "91929444", "thumbnail": "https://img3.idealista.com/blur/WEB_LISTING/0/id.pro.es.image.master/e1/28/44/850786019.jpg", "externalReference": "26423", "numPhotos": 37, "price": 2400000.0, "propertyType": "chalet", "operation": "sale", "size": 704.0, "exterior": false, "rooms": 8, "bathrooms": 3, "address": "La Floresta - Les Planes", "province": "Barcelona", "municipality": "Sant Cugat del Vall\u00e8s", "district": "La Floresta - Les Planes", "country": "es", "latitude": 41.4646878, "longitude": 2.0985732, "showAddress": false, "url": "https://www.idealista.com/inmueble/91929444/", "distance": "2940", "hasVideo": false, "status": "good", "newDevelopment": false, "priceByArea": 3409.0, "detailedType": {"typology": "chalet", "subTypology": "independantHouse"}, "suggestedTexts": {"subtitle": "La Floresta - Les Planes, Sant Cugat del Vall\u00e8s", "title": "Casa independiente"}, "hasPlan": false, "has3DTour": false, "has360": false, "hasStaging": false, "topNewDevelopment": false}, {"propertyCode": "93083898", "thumbnail": "https://img3.idealista.com/blur/WEB_LISTING/0/id.pro.es.image.master/27/26/97/854084390.jpg", "externalReference": "LG00634", "numPhotos": 13, "floor": "2", "price": 170000.0, "propertyType": "flat", "operation": "sale", "size": 71.0, "exterior": true, "rooms": 3, "bathrooms": 1, "address": "Calle Costa Pacheco", "province": "Barcelona", "municipality": "Barcelona", "district": "Horta Guinard\u00f3", "country": "es", "neighborhood": "Sant Gen\u00eds Dels Agudells - Montbau", "latitude": 41.4294901, "longitude": 2.1341272, "showAddress": false, "url": "https://www.idealista.com/inmueble/93083898/", "distance": "2981", "hasVideo": true, "status": "good", "newDevelopment": false, "hasLift": false, "priceByArea": 2394.0, "detailedType": {"typology": "flat"}, "suggestedTexts": {"subtitle": "Sant Gen\u00eds Dels Agudells - Montbau, Barcelona", "title": "Piso en Calle Costa Pacheco"}, "hasPlan": false, "has3DTour": false, "has360": false, "hasStaging": false, "topNewDevelopment": false}, {"propertyCode": "92756091", "thumbnail": "https://img3.idealista.com/blur/WEB_LISTING/0/id.pro.es.image.master/29/a3/37/847380461.jpg", "externalReference": "VK. ELIES PAGES", "numPhotos": 15, "floor": "2", "price": 160000.0, "propertyType": "flat", "operation": "sale", "size": 55.0, "exterior": true, "rooms": 2, "bathrooms": 1, "address": "Avenida d'Elies Pag\u00e8s", "province": "Barcelona", "municipality": "Barcelona", "district": "Horta Guinard\u00f3", "country": "es", "neighborhood": "Sant Gen\u00eds Dels Agudells - Montbau", "latitude": 41.4274506, "longitude": 2.1332231, "showAddress": false, "url": "https://www.idealista.com/inmueble/92756091/", "distance": "3204", "hasVideo": true, "status": "good", "newDevelopment": false, "hasLift": false, "priceByArea": 2909.0, "detailedType": {"typology": "flat"}, "suggestedTexts": {"subtitle": "Sant Gen\u00eds Dels Agudells - Montbau, Barcelona", "title": "Piso en Avenida d'Elies Pag\u00e8s"}, "hasPlan": false, "has3DTour": false, "has360": false, "hasStaging": false, "topNewDevelopment": false}, {"propertyCode": "92611486", "thumbnail": "https://img3.idealista.com/blur/WEB_LISTING/0/id.pro.es.image.master/87/c1/92/843983987.jpg", "externalReference": "ISBEC037", "numPhotos": 21, "floor": "3", "price": 160000.0, "propertyType": "flat", "operation": "sale", "size": 44.0, "exterior": false, "rooms": 2, "bathrooms": 1, "address": "barrio Horta", "province": "Barcelona", "municipality": "Barcelona", "district": "Horta Guinard\u00f3", "country": "es", "neighborhood": "Horta", "latitude": 41.4380379, "longitude": 2.1556472, "showAddress": false, "url": "https://www.idealista.com/inmueble/92611486/", "distance": "2825", "hasVideo": false, "status": "good", "newDevelopment": false, "hasLift": false, "priceByArea": 3636.0, "detailedType": {"typology": "flat"}, "suggestedTexts": {"subtitle": "Horta, Barcelona", "title": "Piso"}, "hasPlan": false, "has3DTour": false, "has360": false, "hasStaging": false, "topNewDevelopment": false}, {"propertyCode": "87478540", "thumbnail": "https://img3.idealista.com/blur/WEB_LISTING/0/id.pro.es.image.master/e3/58/b2/722572643.jpg", "externalReference": "49919659", "numPhotos": 24, "floor": "5", "price": 330000.0, "propertyType": "duplex", "operation": "sale", "size": 92.0, "exterior": true, "rooms": 3, "bathrooms": 1, "address": "Pla de Montbau", "province": "Barcelona", "municipality": "Barcelona", "district": "Horta Guinard\u00f3", "country": "es", "neighborhood": "Sant Gen\u00eds Dels Agudells - Montbau", "latitude": 41.4319947, "longitude": 2.1438852, "showAddress": false, "url": "https://www.idealista.com/inmueble/87478540/", "distance": "2873", "hasVideo": false, "status": "good", "newDevelopment": false, "hasLift": true, "priceByArea": 3587.0, "detailedType": {"typology": "flat", "subTypology": "duplex"}, "suggestedTexts": {"subtitle": "Sant Gen\u00eds Dels Agudells - Montbau, Barcelona", "title": "D\u00faplex en Pla de Montbau"}, "hasPlan": false, "has3DTour": false, "has360": false, "hasStaging": false, "topNewDevelopment": false}, {"propertyCode": "91566842", "thumbnail": "https://img3.idealista.com/blur/WEB_LISTING/0/id.pro.es.image.master/4d/8e/cd/817651467.jpg", "externalReference": "3464 ANTV", "numPhotos": 9, "floor": "1", "price": 185000.0, "propertyType": "flat", "operation": "sale", "size": 71.0, "exterior": true, "rooms": 3, "bathrooms": 1, "address": "COIMBRA", "province": "Barcelona", "municipality": "Barcelona", "district": "Horta Guinard\u00f3", "country": "es", "neighborhood": "Horta", "latitude": 41.4318359, "longitude": 2.1533173, "showAddress": false, "url": "https://www.idealista.com/inmueble/91566842/", "distance": "3244", "hasVideo": false, "status": "good", "newDevelopment": false, "hasLift": true, "priceByArea": 2606.0, "detailedType": {"typology": "flat"}, "suggestedTexts": {"subtitle": "Horta, Barcelona", "title": "Piso en COIMBRA"}, "hasPlan": false, "has3DTour": false, "has360": false, "hasStaging": false, "topNewDevelopment": false}, {"propertyCode": "92966460", "thumbnail": "https://img3.idealista.com/blur/WEB_LISTING/0/id.pro.es.image.master/be/c3/83/852214777.jpg", "externalReference": "2202202101", "numPhotos": 31, "floor": "4", "price": 279000.0, "propertyType": "flat", "operation": "sale", "size": 84.0, "exterior": false, "rooms": 3, "bathrooms": 1, "address": "barrio Sant Gen\u00eds Dels Agudells - Montbau", "province": "Barcelona", "municipality": "Barcelona", "district": "Horta Guinard\u00f3", "country": "es", "neighborhood": "Sant Gen\u00eds Dels Agudells - Montbau", "latitude": 41.4284799, "longitude": 2.1390073, "showAddress": false, "url": "https://www.idealista.com/inmueble/92966460/", "distance": "3143", "hasVideo": true, "status": "good", "newDevelopment": false, "hasLift": true, "priceByArea": 3321.0, "detailedType": {"typology": "flat"}, "suggestedTexts": {"subtitle": "Sant Gen\u00eds Dels Agudells - Montbau, Barcelona", "title": "Piso"}, "hasPlan": false, "has3DTour": false, "has360": false, "hasStaging": false, "topNewDevelopment": false}, {"propertyCode": "92864362", "thumbnail": "https://img3.idealista.com/blur/WEB_LISTING/0/id.pro.es.image.master/1f/9a/42/849804809.jpg", "externalReference": "W-02KZCM", "numPhotos": 50, "price": 690000.0, "propertyType": "chalet", "operation": "sale", "size": 324.0, "exterior": false, "rooms": 5, "bathrooms": 3, "address": "barrio Sant Gen\u00eds Dels Agudells - Montbau", "province": "Barcelona", "municipality": "Barcelona", "district": "Horta Guinard\u00f3", "country": "es", "neighborhood": "Sant Gen\u00eds Dels Agudells - Montbau", "latitude": 41.4295408, "longitude": 2.1343518, "showAddress": false, "url": "https://www.idealista.com/inmueble/92864362/", "distance": "2977", "hasVideo": false, "status": "good", "newDevelopment": false, "priceByArea": 2130.0, "detailedType": {"typology": "chalet", "subTypology": "independantHouse"}, "suggestedTexts": {"subtitle": "Sant Gen\u00eds Dels Agudells - Montbau, Barcelona", "title": "Casa independiente"}, "hasPlan": true, "has3DTour": false, "has360": true, "hasStaging": false, "topNewDevelopment": false}, {"propertyCode": "91634534", "thumbnail": "https://img3.idealista.com/blur/WEB_LISTING/0/id.pro.es.image.master/1f/f0/51/848748427.jpg", "externalReference": "01877", "numPhotos": 36, "price": 525000.0, "propertyType": "chalet", "operation": "sale", "size": 249.0, "exterior": false, "rooms": 4, "bathrooms": 2, "address": "Montflorit", "province": "Barcelona", "municipality": "Cerdanyola del Vall\u00e8s", "district": "Montflorit-Plana del Castell", "country": "es", "latitude": 41.4815668, "longitude": 2.1314117, "showAddress": false, "url": "https://www.idealista.com/inmueble/91634534/", "distance": "2814", "hasVideo": false, "status": "good", "newDevelopment": false, "parkingSpace": {"hasParkingSpace": true, "isParkingSpaceIncludedInPrice": true}, "priceByArea": 2108.0, "detailedType": {"typology": "chalet", "subTypology": "independantHouse"}, "suggestedTexts": {"subtitle": "Montflorit-Plana del Castell, Cerdanyola del Vall\u00e8s", "title": "Casa independiente en Montflorit"}, "hasPlan": false, "has3DTour": false, "has360": true, "hasStaging": false, "topNewDevelopment": false}, {"propertyCode": "91555954", "thumbnail": "https://img3.idealista.com/blur/WEB_LISTING/0/id.pro.es.image.master/04/ea/43/817390957.jpg", "numPhotos": 10, "floor": "2", "price": 198000.0, "propertyType": "flat", "operation": "sale", "size": 75.0, "exterior": true, "rooms": 4, "bathrooms": 1, "address": "Calle DE LETAMENDI", "province": "Barcelona", "municipality": "Barcelona", "district": "Horta Guinard\u00f3", "country": "es", "neighborhood": "Horta", "latitude": 41.4364048, "longitude": 2.1605239, "showAddress": false, "url": "https://www.idealista.com/inmueble/91555954/", "distance": "3242", "hasVideo": false, "status": "good", "newDevelopment": false, "hasLift": false, "priceByArea": 2640.0, "detailedType": {"typology": "flat"}, "suggestedTexts": {"subtitle": "Horta, Barcelona", "title": "Piso en Calle DE LETAMENDI"}, "hasPlan": true, "has3DTour": false, "has360": true, "hasStaging": false, "topNewDevelopment": false}, {"propertyCode": "93113774", "thumbnail": "https://img3.idealista.com/blur/WEB_LISTING/0/id.pro.es.image.master/06/5d/46/854819384.jpg", "externalReference": "P.B. 3\u00ba", "numPhotos": 14, "floor": "bj", "price": 330000.0, "propertyType": "flat", "operation": "sale", "size": 85.0, "exterior": true, "rooms": 3, "bathrooms": 2, "address": "Calle costa pacheco, 35", "province": "Barcelona", "municipality": "Barcelona", "district": "Horta Guinard\u00f3", "country": "es", "neighborhood": "Sant Gen\u00eds Dels Agudells - Montbau", "latitude": 41.4282243, "longitude": 2.1303137, "showAddress": true, "url": "https://www.idealista.com/obra-nueva/93113774/", "distance": "3120", "hasVideo": false, "status": "newdevelopment", "newDevelopment": true, "hasLift": true, "parkingSpace": {"hasParkingSpace": true, "isParkingSpaceIncludedInPrice": true}, "newDevelopmentFinished": false, "priceByArea": 3882.0, "detailedType": {"typology": "flat"}, "suggestedTexts": {"subtitle": "Sant Gen\u00eds Dels Agudells - Montbau, Barcelona", "title": "Piso en Calle costa pacheco, 35"}, "hasPlan": true, "has3DTour": false, "has360": false, "hasStaging": false, "topNewDevelopment": false}, {"propertyCode": "93113391", "thumbnail": "https://img3.idealista.com/blur/WEB_LISTING/0/id.pro.es.image.master/db/8a/1c/854809541.jpg", "externalReference": "P.B. 5\u00ba", "numPhotos": 14, "floor": "bj", "price": 190000.0, "propertyType": "flat", "operation": "sale", "size": 45.0, "exterior": true, "rooms": 1, "bathrooms": 1, "address": "Calle costa pacheco, 35", "province": "Barcelona", "municipality": "Barcelona", "district": "Horta Guinard\u00f3", "country": "es", "neighborhood": "Sant Gen\u00eds Dels Agudells - Montbau", "latitude": 41.4282243, "longitude": 2.1303137, "showAddress": true, "url": "https://www.idealista.com/obra-nueva/93113391/", "distance": "3120", "hasVideo": false, "status": "newdevelopment", "newDevelopment": true, "hasLift": true, "parkingSpace": {"hasParkingSpace": true, "isParkingSpaceIncludedInPrice": true}, "newDevelopmentFinished": false, "priceByArea": 4222.0, "detailedType": {"typology": "flat"}, "suggestedTexts": {"subtitle": "Sant Gen\u00eds Dels Agudells - Montbau, Barcelona", "title": "Piso en Calle costa pacheco, 35"}, "hasPlan": true, "has3DTour": false, "has360": false, "hasStaging": false, "topNewDevelopment": false}, {"propertyCode": "93113554", "thumbnail": "https://img3.idealista.com/blur/WEB_LISTING/0/id.pro.es.image.master/d0/79/8e/854813747.jpg", "externalReference": "PLANTA 1\u00ba 1\u00ba", "numPhotos": 14, "floor": "1", "price": 240000.0, "propertyType": "flat", "operation": "sale", "size": 65.0, "exterior": true, "rooms": 2, "bathrooms": 2, "address": "Calle costa pacheco, 35", "province": "Barcelona", "municipality": "Barcelona", "district": "Horta Guinard\u00f3", "country": "es", "neighborhood": "Sant Gen\u00eds Dels Agudells - Montbau", "latitude": 41.4282243, "longitude": 2.1303137, "showAddress": true, "url": "https://www.idealista.com/obra-nueva/93113554/", "distance": "3120", "hasVideo": false, "status": "newdevelopment", "newDevelopment": true, "hasLift": true, "parkingSpace": {"hasParkingSpace": true, "isParkingSpaceIncludedInPrice": true}, "newDevelopmentFinished": false, "priceByArea": 3692.0, "detailedType": {"typology": "flat"}, "suggestedTexts": {"subtitle": "Sant Gen\u00eds Dels Agudells - Montbau, Barcelona", "title": "Piso en Calle costa pacheco, 35"}, "hasPlan": true, "has3DTour": false, "has360": false, "hasStaging": false, "topNewDevelopment": false}, {"propertyCode": "93129887", "thumbnail": "https://img3.idealista.com/blur/WEB_LISTING/0/id.pro.es.image.master/88/ed/6f/855183861.jpg", "externalReference": "PLANTA 2\u00ba5\u00ba", "numPhotos": 14, "floor": "2", "price": 225000.0, "propertyType": "flat", "operation": "sale", "size": 46.0, "exterior": true, "rooms": 1, "bathrooms": 1, "address": "Calle costa pacheco, 35", "province": "Barcelona", "municipality": "Barcelona", "district": "Horta Guinard\u00f3", "country": "es", "neighborhood": "Sant Gen\u00eds Dels Agudells - Montbau", "latitude": 41.4282243, "longitude": 2.1303137, "showAddress": true, "url": "https://www.idealista.com/obra-nueva/93129887/", "distance": "3120", "hasVideo": false, "status": "newdevelopment", "newDevelopment": true, "hasLift": true, "parkingSpace": {"hasParkingSpace": true, "isParkingSpaceIncludedInPrice": true}, "newDevelopmentFinished": false, "priceByArea": 4891.0, "detailedType": {"typology": "flat"}, "suggestedTexts": {"subtitle": "Sant Gen\u00eds Dels Agudells - Montbau, Barcelona", "title": "Piso en Calle costa pacheco, 35"}, "hasPlan": true, "has3DTour": false, "has360": false, "hasStaging": false, "topNewDevelopment": false}, {"propertyCode": "93129896", "thumbnail": "https://img3.idealista.com/blur/WEB_LISTING/0/id.pro.es.image.master/b4/07/fc/855183733.jpg", "externalReference": "PLANTA 2\u00ba3\u00ba", "numPhotos": 14, "floor": "2", "price": 350000.0, "propertyType": "flat", "operation": "sale", "size": 80.0, "exterior": true, "rooms": 3, "bathrooms": 2, "address": "Calle costa pacheco, 35", "province": "Barcelona", "municipality": "Barcelona", "district": "Horta Guinard\u00f3", "country": "es", "neighborhood": "Sant Gen\u00eds Dels Agudells - Montbau", "latitude": 41.4282243, "longitude": 2.1303137, "showAddress": true, "url": "https://www.idealista.com/obra-nueva/93129896/", "distance": "3120", "hasVideo": false, "status": "newdevelopment", "newDevelopment": true, "hasLift": true, "parkingSpace": {"hasParkingSpace": true, "isParkingSpaceIncludedInPrice": true}, "newDevelopmentFinished": false, "priceByArea": 4375.0, "detailedType": {"typology": "flat"}, "suggestedTexts": {"subtitle": "Sant Gen\u00eds Dels Agudells - Montbau, Barcelona", "title": "Piso en Calle costa pacheco, 35"}, "hasPlan": true, "has3DTour": false, "has360": false, "hasStaging": false, "topNewDevelopment": false}, {"propertyCode": "93129851", "thumbnail": "https://img3.idealista.com/blur/WEB_LISTING/0/id.pro.es.image.master/53/40/e4/855182934.jpg", "externalReference": "PLANTA 2\u00ba1\u00ba", "numPhotos": 14, "floor": "2", "price": 278000.0, "propertyType": "flat", "operation": "sale", "size": 65.0, "exterior": true, "rooms": 2, "bathrooms": 2, "address": "Calle costa pacheco, 35", "province": "Barcelona", "municipality": "Barcelona", "district": "Horta Guinard\u00f3", "country": "es", "neighborhood": "Sant Gen\u00eds Dels Agudells - Montbau", "latitude": 41.4282243, "longitude": 2.1303137, "showAddress": true, "url": "https://www.idealista.com/obra-nueva/93129851/", "distance": "3120", "hasVideo": false, "status": "newdevelopment", "newDevelopment": true, "hasLift": true, "parkingSpace": {"hasParkingSpace": true, "isParkingSpaceIncludedInPrice": true}, "newDevelopmentFinished": false, "priceByArea": 4277.0, "detailedType": {"typology": "flat"}, "suggestedTexts": {"subtitle": "Sant Gen\u00eds Dels Agudells - Montbau, Barcelona", "title": "Piso en Calle costa pacheco, 35"}, "hasPlan": true, "has3DTour": false, "has360": false, "hasStaging": false, "topNewDevelopment": false}, {"propertyCode": "93129831", "thumbnail": "https://img3.idealista.com/blur/WEB_LISTING/0/id.pro.es.image.master/50/1e/d7/854816520.jpg", "externalReference": "PLANTA 1\u00ba4\u00ba", "numPhotos": 14, "floor": "1", "price": 265000.0, "propertyType": "flat", "operation": "sale", "size": 65.0, "exterior": true, "rooms": 2, "bathrooms": 2, "address": "Calle costa pacheco, 35", "province": "Barcelona", "municipality": "Barcelona", "district": "Horta Guinard\u00f3", "country": "es", "neighborhood": "Sant Gen\u00eds Dels Agudells - Montbau", "latitude": 41.4282243, "longitude": 2.1303137, "showAddress": true, "url": "https://www.idealista.com/obra-nueva/93129831/", "distance": "3120", "hasVideo": false, "status": "newdevelopment", "newDevelopment": true, "hasLift": true, "parkingSpace": {"hasParkingSpace": true, "isParkingSpaceIncludedInPrice": true}, "newDevelopmentFinished": false, "priceByArea": 4077.0, "detailedType": {"typology": "flat"}, "suggestedTexts": {"subtitle": "Sant Gen\u00eds Dels Agudells - Montbau, Barcelona", "title": "Piso en Calle costa pacheco, 35"}, "hasPlan": true, "has3DTour": false, "has360": false, "hasStaging": false, "topNewDevelopment": false}, {"propertyCode": "93113667", "thumbnail": "https://img3.idealista.com/blur/WEB_LISTING/0/id.pro.es.image.master/50/1e/d7/854816520.jpg", "externalReference": "PLANTA 1\u00ba2\u00ba", "numPhotos": 14, "floor": "1", "price": 305000.0, "propertyType": "flat", "operation": "sale", "size": 80.0, "exterior": true, "rooms": 3, "bathrooms": 2, "address": "Calle costa pacheco, 35", "province": "Barcelona", "municipality": "Barcelona", "district": "Horta Guinard\u00f3", "country": "es", "neighborhood": "Sant Gen\u00eds Dels Agudells - Montbau", "latitude": 41.4282243, "longitude": 2.1303137, "showAddress": true, "url": "https://www.idealista.com/obra-nueva/93113667/", "distance": "3120", "hasVideo": false, "status": "newdevelopment", "newDevelopment": true, "hasLift": true, "parkingSpace": {"hasParkingSpace": true, "isParkingSpaceIncludedInPrice": true}, "newDevelopmentFinished": false, "priceByArea": 3813.0, "detailedType": {"typology": "flat"}, "suggestedTexts": {"subtitle": "Sant Gen\u00eds Dels Agudells - Montbau, Barcelona", "title": "Piso en Calle costa pacheco, 35"}, "hasPlan": true, "has3DTour": false, "has360": false, "hasStaging": false, "topNewDevelopment": false}, {"propertyCode": "92113755", "thumbnail": "https://img3.idealista.com/blur/WEB_LISTING/0/id.pro.es.image.master/58/75/0a/831288964.jpg", "externalReference": "W-02KJA0", "numPhotos": 42, "floor": "3", "price": 390000.0, "propertyType": "flat", "operation": "sale", "size": 107.0, "exterior": false, "rooms": 4, "bathrooms": 2, "address": "Caneletes-Turonet", "province": "Barcelona", "municipality": "Cerdanyola del Vall\u00e8s", "district": "Caneletes-Turonet", "country": "es", "latitude": 41.4843262, "longitude": 2.142533, "showAddress": false, "url": "https://www.idealista.com/inmueble/92113755/", "distance": "3240", "hasVideo": false, "status": "good", "newDevelopment": false, "hasLift": true, "parkingSpace": {"hasParkingSpace": true, "isParkingSpaceIncludedInPrice": true}, "priceByArea": 3645.0, "detailedType": {"typology": "flat"}, "suggestedTexts": {"subtitle": "Caneletes-Turonet, Cerdanyola del Vall\u00e8s", "title": "Piso"}, "hasPlan": true, "has3DTour": false, "has360": false, "hasStaging": false, "topNewDevelopment": false}, {"propertyCode": "91224565", "thumbnail": "https://img3.idealista.com/blur/WEB_LISTING/0/id.pro.es.image.master/91/d5/df/809555866.jpg", "externalReference": "W-02IE5Y", "numPhotos": 37, "price": 795000.0, "propertyType": "chalet", "operation": "sale", "size": 297.0, "exterior": false, "rooms": 10, "bathrooms": 3, "address": "barrio Sant Gen\u00eds Dels Agudells - Montbau", "province": "Barcelona", "municipality": "Barcelona", "district": "Horta Guinard\u00f3", "country": "es", "neighborhood": "Sant Gen\u00eds Dels Agudells - Montbau", "latitude": 41.43536, "longitude": 2.13737, "showAddress": false, "url": "https://www.idealista.com/inmueble/91224565/", "distance": "2366", "hasVideo": false, "status": "renew", "newDevelopment": false, "parkingSpace": {"hasParkingSpace": true, "isParkingSpaceIncludedInPrice": true}, "priceByArea": 2677.0, "detailedType": {"typology": "chalet", "subTypology": "independantHouse"}, "suggestedTexts": {"subtitle": "Sant Gen\u00eds Dels Agudells - Montbau, Barcelona", "title": "Casa independiente"}, "hasPlan": true, "has3DTour": false, "has360": false, "hasStaging": false, "topNewDevelopment": false}, {"propertyCode": "93017162", "thumbnail": "https://img3.idealista.com/blur/WEB_LISTING/0/id.pro.es.image.master/e8/3c/f8/852936481.jpg", "externalReference": "242492", "numPhotos": 10, "floor": "bj", "price": 245000.0, "propertyType": "flat", "operation": "sale", "size": 65.0, "exterior": false, "rooms": 2, "bathrooms": 2, "address": "barrio Sant Gen\u00eds Dels Agudells - Montbau", "province": "Barcelona", "municipality": "Barcelona", "district": "Horta Guinard\u00f3", "country": "es", "neighborhood": "Sant Gen\u00eds Dels Agudells - Montbau", "latitude": 41.4286243, "longitude": 2.1285137, "showAddress": false, "url": "https://www.idealista.com/inmueble/93017162/", "distance": "3086", "hasVideo": false, "status": "good", "newDevelopment": false, "hasLift": true, "parkingSpace": {"hasParkingSpace": true, "isParkingSpaceIncludedInPrice": true}, "priceByArea": 3769.0, "detailedType": {"typology": "flat"}, "suggestedTexts": {"subtitle": "Sant Gen\u00eds Dels Agudells - Montbau, Barcelona", "title": "Piso"}, "hasPlan": true, "has3DTour": false, "has360": false, "hasStaging": false, "topNewDevelopment": false}, {"propertyCode": "93017131", "thumbnail": "https://img3.idealista.com/blur/WEB_LISTING/0/id.pro.es.image.master/08/a2/a3/852936262.jpg", "externalReference": "242613", "numPhotos": 10, "floor": "1", "price": 305000.0, "propertyType": "flat", "operation": "sale", "size": 95.0, "exterior": false, "rooms": 3, "bathrooms": 2, "address": "barrio Sant Gen\u00eds Dels Agudells - Montbau", "province": "Barcelona", "municipality": "Barcelona", "district": "Horta Guinard\u00f3", "country": "es", "neighborhood": "Sant Gen\u00eds Dels Agudells - Montbau", "latitude": 41.4287243, "longitude": 2.1284137, "showAddress": false, "url": "https://www.idealista.com/inmueble/93017131/", "distance": "3076", "hasVideo": false, "status": "good", "newDevelopment": false, "hasLift": true, "parkingSpace": {"hasParkingSpace": true, "isParkingSpaceIncludedInPrice": true}, "priceByArea": 3211.0, "detailedType": {"typology": "flat"}, "suggestedTexts": {"subtitle": "Sant Gen\u00eds Dels Agudells - Montbau, Barcelona", "title": "Piso"}, "hasPlan": true, "has3DTour": false, "has360": false, "hasStaging": false, "topNewDevelopment": false}, {"propertyCode": "93017143", "thumbnail": "https://img3.idealista.com/blur/WEB_LISTING/0/id.pro.es.image.master/50/04/20/852936171.jpg", "externalReference": "242604", "numPhotos": 10, "floor": "bj", "price": 330000.0, "propertyType": "flat", "operation": "sale", "size": 103.0, "exterior": false, "rooms": 3, "bathrooms": 2, "address": "barrio Sant Gen\u00eds Dels Agudells - Montbau", "province": "Barcelona", "municipality": "Barcelona", "district": "Horta Guinard\u00f3", "country": "es", "neighborhood": "Sant Gen\u00eds Dels Agudells - Montbau", "latitude": 41.4281243, "longitude": 2.1321137, "showAddress": false, "url": "https://www.idealista.com/inmueble/93017143/", "distance": "3128", "hasVideo": false, "status": "good", "newDevelopment": false, "hasLift": true, "parkingSpace": {"hasParkingSpace": true, "isParkingSpaceIncludedInPrice": true}, "priceByArea": 3204.0, "detailedType": {"typology": "flat"}, "suggestedTexts": {"subtitle": "Sant Gen\u00eds Dels Agudells - Montbau, Barcelona", "title": "Piso"}, "hasPlan": true, "has3DTour": false, "has360": false, "hasStaging": false, "topNewDevelopment": false}, {"propertyCode": "93017128", "thumbnail": "https://img3.idealista.com/blur/WEB_LISTING/0/id.pro.es.image.master/bb/bd/61/852936180.jpg", "externalReference": "242624", "numPhotos": 10, "floor": "2", "price": 225000.0, "propertyType": "flat", "operation": "sale", "size": 48.0, "exterior": false, "rooms": 1, "bathrooms": 1, "address": "barrio Sant Gen\u00eds Dels Agudells - Montbau", "province": "Barcelona", "municipality": "Barcelona", "district": "Horta Guinard\u00f3", "country": "es", "neighborhood": "Sant Gen\u00eds Dels Agudells - Montbau", "latitude": 41.4282243, "longitude": 2.1297137, "showAddress": false, "url": "https://www.idealista.com/inmueble/93017128/", "distance": "3123", "hasVideo": false, "status": "good", "newDevelopment": false, "hasLift": true, "priceByArea": 4688.0, "detailedType": {"typology": "flat"}, "suggestedTexts": {"subtitle": "Sant Gen\u00eds Dels Agudells - Montbau, Barcelona", "title": "Piso"}, "hasPlan": true, "has3DTour": false, "has360": false, "hasStaging": false, "topNewDevelopment": false}, {"propertyCode": "93017123", "thumbnail": "https://img3.idealista.com/blur/WEB_LISTING/0/id.pro.es.image.master/bf/12/09/852936124.jpg", "externalReference": "242617", "numPhotos": 10, "floor": "1", "price": 190000.0, "propertyType": "flat", "operation": "sale", "size": 48.0, "exterior": false, "rooms": 1, "bathrooms": 1, "address": "barrio Sant Gen\u00eds Dels Agudells - Montbau", "province": "Barcelona", "municipality": "Barcelona", "district": "Horta Guinard\u00f3", "country": "es", "neighborhood": "Sant Gen\u00eds Dels Agudells - Montbau", "latitude": 41.4292243, "longitude": 2.1322137, "showAddress": false, "url": "https://www.idealista.com/inmueble/93017123/", "distance": "3006", "hasVideo": false, "status": "good", "newDevelopment": false, "hasLift": true, "parkingSpace": {"hasParkingSpace": true, "isParkingSpaceIncludedInPrice": true}, "priceByArea": 3958.0, "detailedType": {"typology": "flat"}, "suggestedTexts": {"subtitle": "Sant Gen\u00eds Dels Agudells - Montbau, Barcelona", "title": "Piso"}, "hasPlan": true, "has3DTour": false, "has360": false, "hasStaging": false, "topNewDevelopment": false}]