[{"propertyCode": "92511728", "thumbnail": "https://img3.idealista.com/blur/WEB_LISTING/0/id.pro.es.image.master/bb/c3/d0/841815025.jpg", "externalReference": "245763", "numPhotos": 32, "floor": "1", "price": 242100.0, "propertyType": "flat", "operation": "sale", "size": 69.0, "exterior": true, "rooms": 3, "bathrooms": 1, "address": "barrio La Font de la Guatlla", "province": "Barcelona", "municipality": "Barcelona", "district": "Sants-Montju\u00efc", "country": "es", "neighborhood": "La Font de la Guatlla", "latitude": 41.3696279, "longitude": 2.1501037, "showAddress": false, "url": "https://www.idealista.com/inmueble/92511728/", "distance": "332", "hasVideo": false, "status": "good", "newDevelopment": false, "hasLift": true, "priceByArea": 3509.0, "detailedType": {"typology": "flat"}, "suggestedTexts": {"subtitle": "La Font de la Guatlla, Barcelona", "title": "Piso"}, "hasPlan": true, "has3DTour": false, "has360": false, "hasStaging": false, "topNewDevelopment": false}, {"propertyCode": "91532497", "thumbnail": "https://img3.idealista.com/blur/WEB_LISTING/0/id.pro.es.image.master/a9/70/90/816817243.jpg", "externalReference": "068", "numPhotos": 41, "floor": "4", "price": 199000.0, "propertyType": "flat", "operation": "sale", "size": 61.0, "exterior": false, "rooms": 3, "bathrooms": 1, "address": "Calle de Sant Fructu\u00f3s", "province": "Barcelona", "municipality": "Barcelona", "district": "Sants-Montju\u00efc", "country": "es", "neighborhood": "La Font de la Guatlla", "latitude": 41.3693028, "longitude": 2.1485397, "showAddress": false, "url": "https://www.idealista.com/inmueble/91532497/", "distance": "284", "hasVideo": false, "status": "renew", "newDevelopment": false, "hasLift": true, "priceByArea": 3262.0, "detailedType": {"typology": "flat"}, "suggestedTexts": {"subtitle": "La Font de la Guatlla, Barcelona", "title": "Piso en Calle de Sant Fructu\u00f3s"}, "hasPlan": true, "has3DTour": false, "has360": false, "hasStaging": false, "topNewDevelopment": false}, {"propertyCode": "91461953", "thumbnail": "https://img3.idealista.com/blur/WEB_LISTING/0/id.pro.es.image.master/d4/0a/29/815173138.jpg", "externalReference": "W-02JXJP", "numPhotos": 32, "price": 450000.0, "propertyType": "flat", "operation": "sale", "size": 127.0, "exterior": false, "rooms": 5, "bathrooms": 2, "address": "barrio La Font de la Guatlla", "province": "Barcelona", "municipality": "Barcelona", "district": "Sants-Montju\u00efc", "country": "es", "neighborhood": "La Font de la Guatlla", "latitude": 41.3704454, "longitude": 2.1460862, "showAddress": false, "url": "https://www.idealista.com/inmueble/91461953/", "distance": "475", "hasVideo": false, "status": "renew", "newDevelopment": false, "hasLift": true, "priceByArea": 3543.0, "detailedType": {"typology": "flat"}, "suggestedTexts": {"subtitle": "La Font de la Guatlla, Barcelona", "title": "Piso"}, "hasPlan": false, "has3DTour": false, "has360": false, "hasStaging": false, "topNewDevelopment": false}, {"propertyCode": "92016557", "thumbnail": "https://img3.idealista.com/blur/WEB_LISTING/0/id.pro.es.image.master/e0/61/6e/838873248.jpg", "externalReference": "B257 - B", "numPhotos": 19, "floor": "1", "price": 315000.0, "propertyType": "flat", "operation": "sale", "size": 115.0, "exterior": true, "rooms": 3, "bathrooms": 2, "address": "barrio La Font de la Guatlla", "province": "Barcelona", "municipality": "Barcelona", "district": "Sants-Montju\u00efc", "country": "es", "neighborhood": "La Font de la Guatlla", "latitude": 41.3701519, "longitude": 2.1458451, "showAddress": false, "url": "https://www.idealista.com/inmueble/92016557/", "distance": "458", "hasVideo": false, "status": "good", "newDevelopment": false, "hasLift": true, "priceByArea": 2739.0, "detailedType": {"typology": "flat"}, "suggestedTexts": {"subtitle": "La Font de la Guatlla, Barcelona", "title": "Piso"}, "hasPlan": false, "has3DTour": false, "has360": false, "hasStaging": false, "topNewDevelopment": false}, {"propertyCode": "90783954", "thumbnail": "https://img3.idealista.com/blur/WEB_LISTING/0/id.pro.es.image.master/73/ba/72/798489040.jpg", "externalReference": "V-7150", "numPhotos": 50, "floor": "5", "price": 550000.0, "propertyType": "penthouse", "operation": "sale", "size": 150.0, "exterior": true, "rooms": 4, "bathrooms": 2, "address": "Calle de Sant Fructu\u00f3s", "province": "Barcelona", "municipality": "Barcelona", "district": "Sants-Montju\u00efc", "country": "es", "neighborhood": "La Font de la Guatlla", "latitude": 41.368002, "longitude": 2.144118, "showAddress": false, "url": "https://www.idealista.com/inmueble/90783954/", "distance": "428", "hasVideo": true, "status": "good", "newDevelopment": false, "hasLift": true, "parkingSpace": {"hasParkingSpace": true, "isParkingSpaceIncludedInPrice": false, "parkingSpacePrice": 25000.0}, "priceByArea": 3667.0, "detailedType": {"typology": "flat", "subTypology": "penthouse"}, "suggestedTexts": {"subtitle": "La Font de la Guatlla, Barcelona", "title": "\u00c1tico en Calle de Sant Fructu\u00f3s"}, "hasPlan": true, "has3DTour": false, "has360": true, "hasStaging": false, "topNewDevelopment": false}, {"propertyCode": "90318379", "thumbnail": "https://img3.idealista.com/blur/WEB_LISTING/0/id.pro.es.image.master/73/24/dd/787995274.jpg", "externalReference": "BCN23961", "numPhotos": 21, "price": 795000.0, "propertyType": "chalet", "operation": "sale", "size": 119.0, "exterior": false, "rooms": 4, "bathrooms": 2, "address": "barrio La Font de la Guatlla", "province": "Barcelona", "municipality": "Barcelona", "district": "Sants-Montju\u00efc", "country": "es", "neighborhood": "La Font de la Guatlla", "latitude": 41.3697627, "longitude": 2.1467206, "showAddress": false, "url": "https://www.idealista.com/inmueble/90318379/", "distance": "383", "hasVideo": false, "status": "good", "newDevelopment": false, "priceByArea": 6681.0, "detailedType": {"typology": "chalet"}, "suggestedTexts": {"subtitle": "La Font de la Guatlla, Barcelona", "title": "Chalet"}, "hasPlan": true, "has3DTour": false, "has360": false, "hasStaging": false, "topNewDevelopment": false}, {"propertyCode": "92444352", "thumbnail": "https://img3.idealista.com/blur/WEB_LISTING/0/id.pro.es.image.master/32/67/24/840914466.jpg", "externalReference": "PBSFV168", "numPhotos": 19, "floor": "bj", "price": 130000.0, "propertyType": "flat", "operation": "sale", "size": 51.0, "exterior": true, "rooms": 2, "bathrooms": 1, "address": "Calle d'Amposta", "province": "Barcelona", "municipality": "Barcelona", "district": "Sants-Montju\u00efc", "country": "es", "neighborhood": "La Font de la Guatlla", "latitude": 41.3701082, "longitude": 2.1495747, "showAddress": false, "url": "https://www.idealista.com/inmueble/92444352/", "distance": "375", "hasVideo": false, "status": "renew", "newDevelopment": false, "hasLift": false, "priceByArea": 2549.0, "detailedType": {"typology": "flat"}, "suggestedTexts": {"subtitle": "La Font de la Guatlla, Barcelona", "title": "Piso en Calle d'Amposta"}, "hasPlan": true, "has3DTour": false, "has360": false, "hasStaging": false, "topNewDevelopment": false}, {"propertyCode": "92543406", "thumbnail": "https://img3.idealista.com/blur/WEB_LISTING/0/id.pro.es.image.master/9e/d2/9c/842233069.jpg", "numPhotos": 29, "price": 1240000.0, "propertyType": "chalet", "operation": "sale", "size": 240.0, "exterior": false, "rooms": 4, "bathrooms": 3, "address": "Calle de la Font Florida", "province": "Barcelona", "municipality": "Barcelona", "district": "Sants-Montju\u00efc", "country": "es", "neighborhood": "La Font de la Guatlla", "latitude": 41.3686373, "longitude": 2.1454272, "showAddress": false, "url": "https://www.idealista.com/inmueble/92543406/", "distance": "362", "hasVideo": true, "status": "good", "newDevelopment": false, "priceByArea": 5167.0, "detailedType": {"typology": "chalet", "subTypology": "terracedHouse"}, "suggestedTexts": {"subtitle": "La Font de la Guatlla, Barcelona", "title": "Chalet adosado en Calle de la Font Florida"}, "hasPlan": true, "has3DTour": false, "has360": false, "hasStaging": false, "topNewDevelopment": false}, {"propertyCode": "91273732", "thumbnail": "https://img3.idealista.com/blur/WEB_LISTING/0/id.pro.es.image.master/dc/40/14/810783124.jpg", "externalReference": "BCN24879", "numPhotos": 10, "price": 673000.0, "propertyType": "flat", "operation": "sale", "size": 132.0, "exterior": true, "rooms": 2, "bathrooms": 3, "address": "barrio La Font de la Guatlla", "province": "Barcelona", "municipality": "Barcelona", "district": "Sants-Montju\u00efc", "country": "es", "neighborhood": "La Font de la Guatlla", "latitude": 41.3705577, "longitude": 2.146017, "showAddress": false, "url": "https://www.idealista.com/inmueble/91273732/", "distance": "489", "hasVideo": false, "status": "good", "newDevelopment": false, "hasLift": true, "parkingSpace": {"hasParkingSpace": true, "isParkingSpaceIncludedInPrice": true}, "priceByArea": 5098.0, "detailedType": {"typology": "flat"}, "suggestedTexts": {"subtitle": "La Font de la Guatlla, Barcelona", "title": "Piso"}, "hasPlan": false, "has3DTour": false, "has360": false, "hasStaging": false, "topNewDevelopment": false}, {"propertyCode": "91273731", "thumbnail": "https://img3.idealista.com/blur/WEB_LISTING/0/id.pro.es.image.master/4a/11/6e/810783119.jpg", "externalReference": "BCN24883", "numPhotos": 10, "price": 470000.0, "propertyType": "flat", "operation": "sale", "size": 97.0, "exterior": true, "rooms": 3, "bathrooms": 2, "address": "barrio La Font de la Guatlla", "province": "Barcelona", "municipality": "Barcelona", "district": "Sants-Montju\u00efc", "country": "es", "neighborhood": "La Font de la Guatlla", "latitude": 41.3707577, "longitude": 2.147817, "showAddress": false, "url": "https://www.idealista.com/inmueble/91273731/", "distance": "454", "hasVideo": false, "status": "good", "newDevelopment": false, "hasLift": true, "parkingSpace": {"hasParkingSpace": true, "isParkingSpaceIncludedInPrice": true}, "priceByArea": 4845.0, "detailedType": {"typology": "flat"}, "suggestedTexts": {"subtitle": "La Font de la Guatlla, Barcelona", "title": "Piso"}, "hasPlan": false, "has3DTour": false, "has360": false, "hasStaging": false, "topNewDevelopment": false}, {"propertyCode": "92103762", "thumbnail": "https://img3.idealista.com/blur/WEB_LISTING/0/id.pro.es.image.master/20/d9/d1/831033859.jpg", "externalReference": "GRAN VIA C", "numPhotos": 27, "floor": "1", "price": 315000.0, "propertyType": "flat", "operation": "sale", "size": 115.0, "exterior": true, "rooms": 3, "bathrooms": 2, "address": "Calle de Sant Paul\u00ed de Nola", "province": "Barcelona", "municipality": "Barcelona", "district": "Sants-Montju\u00efc", "country": "es", "neighborhood": "La Font de la Guatlla", "latitude": 41.3695107, "longitude": 2.144335, "showAddress": false, "url": "https://www.idealista.com/inmueble/92103762/", "distance": "493", "hasVideo": false, "status": "good", "newDevelopment": false, "hasLift": true, "priceByArea": 2739.0, "detailedType": {"typology": "flat"}, "suggestedTexts": {"subtitle": "La Font de la Guatlla, Barcelona", "title": "Piso en Calle de Sant Paul\u00ed de Nola"}, "hasPlan": false, "has3DTour": false, "has360": false, "hasStaging": false, "topNewDevelopment": false}, {"propertyCode": "91444722", "thumbnail": "https://img3.idealista.com/blur/WEB_LISTING/0/id.pro.es.image.master/e7/6c/27/814757608.jpg", "externalReference": "V-97150", "numPhotos": 15, "floor": "4", "price": 525000.0, "propertyType": "penthouse", "operation": "sale", "size": 130.0, "exterior": true, "rooms": 4, "bathrooms": 2, "address": "Calle dels Morabos", "province": "Barcelona", "municipality": "Barcelona", "district": "Sants-Montju\u00efc", "country": "es", "neighborhood": "La Font de la Guatlla", "latitude": 41.3709336, "longitude": 2.1481297, "showAddress": false, "url": "https://www.idealista.com/inmueble/91444722/", "distance": "469", "hasVideo": false, "status": "good", "newDevelopment": false, "hasLift": true, "priceByArea": 4038.0, "detailedType": {"typology": "flat", "subTypology": "penthouse"}, "suggestedTexts": {"subtitle": "La Font de la Guatlla, Barcelona", "title": "\u00c1tico en Calle dels Morabos"}, "hasPlan": false, "has3DTour": false, "has360": false, "hasStaging": false, "topNewDevelopment": false}, {"propertyCode": "92458276", "thumbnail": "https://img3.idealista.com/blur/WEB_LISTING/0/id.pro.es.image.master/d0/e6/34/840113241.jpg", "externalReference": "FG-723-6", "numPhotos": 8, "floor": "1", "price": 460000.0, "propertyType": "flat", "operation": "sale", "size": 93.0, "exterior": true, "rooms": 3, "bathrooms": 2, "address": "SANT GERM\u00c0", "province": "Barcelona", "municipality": "Barcelona", "district": "Sants-Montju\u00efc", "country": "es", "neighborhood": "La Font de la Guatlla", "latitude": 41.3710216, "longitude": 2.1478784, "showAddress": false, "url": "https://www.idealista.com/inmueble/92458276/", "distance": "482", "hasVideo": false, "status": "good", "newDevelopment": false, "hasLift": true, "parkingSpace": {"hasParkingSpace": true, "isParkingSpaceIncludedInPrice": false, "parkingSpacePrice": 23000.0}, "priceByArea": 4946.0, "detailedType": {"typology": "flat"}, "suggestedTexts": {"subtitle": "La Font de la Guatlla, Barcelona", "title": "Piso en SANT GERM\u00c0"}, "hasPlan": false, "has3DTour": false, "has360": false, "hasStaging": false, "topNewDevelopment": false}, {"propertyCode": "91781210", "thumbnail": "https://img3.idealista.com/blur/WEB_LISTING/0/id.pro.es.image.master/b5/40/f9/845035903.jpg", "externalReference": "2126", "numPhotos": 47, "price": 279000.0, "propertyType": "flat", "operation": "sale", "size": 110.0, "exterior": true, "rooms": 3, "bathrooms": 1, "address": "barrio La Font de la Guatlla", "province": "Barcelona", "municipality": "Barcelona", "district": "Sants-Montju\u00efc", "country": "es", "neighborhood": "La Font de la Guatlla", "latitude": 41.3698984, "longitude": 2.1453965, "showAddress": false, "url": "https://www.idealista.com/inmueble/91781210/", "distance": "459", "hasVideo": false, "status": "good", "newDevelopment": false, "hasLift": true, "priceByArea": 2536.0, "detailedType": {"typology": "flat"}, "suggestedTexts": {"subtitle": "La Font de la Guatlla, Barcelona", "title": "Piso"}, "hasPlan": false, "has3DTour": false, "has360": false, "hasStaging": false, "topNewDevelopment": false}, {"propertyCode": "90872281", "thumbnail": "https://img3.idealista.com/blur/WEB_LISTING/0/id.pro.es.image.master/c5/12/40/800589168.jpg", "externalReference": "FG-624-1", "numPhotos": 5, "floor": "3", "price": 320000.0, "propertyType": "flat", "operation": "sale", "size": 92.0, "exterior": true, "rooms": 2, "bathrooms": 2, "address": "GRAN VIA DE LES CORTS CATALANES", "province": "Barcelona", "municipality": "Barcelona", "district": "Sants-Montju\u00efc", "country": "es", "neighborhood": "La Font de la Guatlla", "latitude": 41.3677299, "longitude": 2.143246, "showAddress": false, "url": "https://www.idealista.com/inmueble/90872281/", "distance": "490", "hasVideo": false, "status": "good", "newDevelopment": false, "hasLift": true, "priceByArea": 3478.0, "detailedType": {"typology": "flat"}, "suggestedTexts": {"subtitle": "La Font de la Guatlla, Barcelona", "title": "Piso en GRAN VIA DE LES CORTS CATALANES"}, "hasPlan": false, "has3DTour": false, "has360": false, "hasStaging": false, "topNewDevelopment": false}, {"propertyCode": "91593443", "thumbnail": "https://img3.idealista.com/blur/WEB_LISTING/0/id.pro.es.image.master/73/01/ea/838083939.jpg", "externalReference": "SANT FRUCTUOS - CAMPANA", "numPhotos": 19, "floor": "3", "price": 234000.0, "propertyType": "flat", "operation": "sale", "size": 65.0, "exterior": true, "rooms": 2, "bathrooms": 1, "address": "Calle de Sant Fructu\u00f3s", "province": "Barcelona", "municipality": "Barcelona", "district": "Sants-Montju\u00efc", "country": "es", "neighborhood": "La Font de la Guatlla", "latitude": 41.3688672, "longitude": 2.1446601, "showAddress": false, "url": "https://www.idealista.com/inmueble/91593443/", "distance": "429", "hasVideo": false, "status": "good", "newDevelopment": false, "hasLift": true, "priceByArea": 3600.0, "detailedType": {"typology": "flat"}, "suggestedTexts": {"subtitle": "La Font de la Guatlla, Barcelona", "title": "Piso en Calle de Sant Fructu\u00f3s"}, "hasPlan": false, "has3DTour": false, "has360": false, "hasStaging": false, "topNewDevelopment": false}, {"propertyCode": "91119080", "thumbnail": "https://img3.idealista.com/blur/WEB_LISTING/0/id.pro.es.image.master/47/46/d3/834080941.jpg", "externalReference": "44670", "numPhotos": 19, "price": 349000.0, "propertyType": "flat", "operation": "sale", "size": 85.0, "exterior": false, "rooms": 3, "bathrooms": 1, "address": "barrio La Font de la Guatlla", "province": "Barcelona", "municipality": "Barcelona", "district": "Sants-Montju\u00efc", "country": "es", "neighborhood": "La Font de la Guatlla", "latitude": 41.3704874, "longitude": 2.1488883, "showAddress": false, "url": "https://www.idealista.com/inmueble/91119080/", "distance": "414", "hasVideo": false, "status": "good", "newDevelopment": false, "hasLift": true, "priceByArea": 4106.0, "detailedType": {"typology": "flat"}, "suggestedTexts": {"subtitle": "La Font de la Guatlla, Barcelona", "title": "Piso"}, "hasPlan": false, "has3DTour": false, "has360": false, "hasStaging": false, "topNewDevelopment": false}, {"propertyCode": "88667874", "thumbnail": "https://img3.idealista.com/blur/WEB_LISTING/0/id.pro.es.image.master/8c/bf/30/777136919.jpg", "numPhotos": 14, "floor": "5", "price": 239000.0, "propertyType": "flat", "operation": "sale", "size": 80.0, "exterior": true, "rooms": 2, "bathrooms": 2, "address": "Via GRAN", "province": "Barcelona", "municipality": "Barcelona", "district": "Sants-Montju\u00efc", "country": "es", "neighborhood": "La Font de la Guatlla", "latitude": 41.3701059, "longitude": 2.1459512, "showAddress": false, "url": "https://www.idealista.com/inmueble/88667874/", "distance": "449", "hasVideo": false, "status": "good", "newDevelopment": false, "hasLift": true, "priceByArea": 2988.0, "detailedType": {"typology": "flat"}, "suggestedTexts": {"subtitle": "La Font de la Guatlla, Barcelona", "title": "Piso en Via GRAN"}, "hasPlan": false, "has3DTour": false, "has360": false, "hasStaging": false, "topNewDevelopment": false}, {"propertyCode": "89991171", "thumbnail": "https://img3.idealista.com/blur/WEB_LISTING/0/id.pro.es.image.master/31/50/96/781091855.jpg", "externalReference": "Mvj49", "numPhotos": 11, "floor": "bj", "price": 300000.0, "propertyType": "flat", "operation": "sale", "size": 80.0, "exterior": true, "rooms": 3, "bathrooms": 1, "address": "Calle de la Font Florida", "province": "Barcelona", "municipality": "Barcelona", "district": "Sants-Montju\u00efc", "country": "es", "neighborhood": "La Font de la Guatlla", "latitude": 41.36769, "longitude": 2.1433114, "showAddress": false, "url": "https://www.idealista.com/inmueble/89991171/", "distance": "483", "hasVideo": false, "status": "good", "newDevelopment": false, "hasLift": false, "priceByArea": 3750.0, "detailedType": {"typology": "flat"}, "suggestedTexts": {"subtitle": "La Font de la Guatlla, Barcelona", "title": "Piso en Calle de la Font Florida"}, "hasPlan": false, "has3DTour": false, "has360": false, "hasStaging": false, "topNewDevelopment": false}, {"propertyCode": "91016661", "thumbnail": "https://img3.idealista.com/blur/WEB_LISTING/0/id.pro.es.image.master/50/03/88/804905679.jpg", "externalReference": "1090", "numPhotos": 27, "floor": "2", "price": 359000.0, "propertyType": "flat", "operation": "sale", "size": 88.0, "exterior": true, "rooms": 3, "bathrooms": 2, "address": "barrio La Font de la Guatlla", "province": "Barcelona", "municipality": "Barcelona", "district": "Sants-Montju\u00efc", "country": "es", "neighborhood": "La Font de la Guatlla", "latitude": 41.3708833, "longitude": 2.149203, "showAddress": false, "url": "https://www.idealista.com/inmueble/91016661/", "distance": "458", "hasVideo": false, "status": "good", "newDevelopment": false, "hasLift": true, "priceByArea": 4080.0, "detailedType": {"typology": "flat"}, "suggestedTexts": {"subtitle": "La Font de la Guatlla, Barcelona", "title": "Piso"}, "hasPlan": false, "has3DTour": false, "has360": false, "hasStaging": false, "topNewDevelopment": false}]