[{"propertyCode": "92205752", "thumbnail": "https://img3.idealista.com/blur/WEB_LISTING/0/id.pro.es.image.master/75/40/e5/833594220.jpg", "externalReference": "145VE22REBSIB13", "numPhotos": 25, "floor": "3", "price": 379000.0, "propertyType": "flat", "operation": "sale", "size": 86.0, "exterior": false, "rooms": 3, "bathrooms": 2, "address": "Calle de Berl\u00edn", "province": "Barcelona", "municipality": "Barcelona", "district": "Sants-Montju\u00efc", "country": "es", "neighborhood": "Sants", "latitude": 41.3829925, "longitude": 2.1370918, "showAddress": false, "url": "https://www.idealista.com/inmueble/92205752/", "distance": "2937", "hasVideo": false, "status": "good", "newDevelopment": false, "hasLift": true, "priceByArea": 4407.0, "detailedType": {"typology": "flat"}, "suggestedTexts": {"subtitle": "Sants, Barcelona", "title": "Piso en Calle de Berl\u00edn"}, "hasPlan": true, "has3DTour": true, "has360": false, "hasStaging": false, "topNewDevelopment": false}, {"propertyCode": "91694960", "thumbnail": "https://img3.idealista.com/blur/WEB_LISTING/0/id.pro.es.image.master/15/c5/f8/821001652.jpg", "externalReference": "v7272", "numPhotos": 51, "floor": "5", "price": 530000.0, "propertyType": "flat", "operation": "sale", "size": 138.0, "exterior": true, "rooms": 4, "bathrooms": 2, "address": "barrio Santa Eul\u00e0lia", "province": "Barcelona", "municipality": "Hospitalet de Llobregat", "district": "Santa Eul\u00e0lia", "country": "es", "neighborhood": "Santa Eul\u00e0lia", "latitude": 41.3615306, "longitude": 2.1282983, "showAddress": false, "url": "https://www.idealista.com/inmueble/91694960/", "distance": "606", "hasVideo": true, "status": "good", "newDevelopment": false, "hasLift": true, "priceByArea": 3841.0, "detailedType": {"typology": "flat"}, "suggestedTexts": {"subtitle": "Santa Eul\u00e0lia, Hospitalet de Llobregat", "title": "Piso"}, "hasPlan": true, "has3DTour": true, "has360": false, "hasStaging": false, "topNewDevelopment": false}, {"propertyCode": "92228558", "thumbnail": "https://img3.idealista.com/blur/WEB_LISTING/0/id.pro.es.image.master/8d/4c/bd/834217811.jpg", "externalReference": "4399", "numPhotos": 32, "floor": "7", "price": 490000.0, "propertyType": "flat", "operation": "sale", "size": 125.0, "exterior": true, "rooms": 4, "bathrooms": 2, "address": "Gran Via de Carles III", "province": "Barcelona", "municipality": "Barcelona", "district": "Les Corts", "country": "es", "neighborhood": "La Maternitat i Sant Ramon", "latitude": 41.3848586, "longitude": 2.1255646, "showAddress": false, "url": "https://www.idealista.com/inmueble/92228558/", "distance": "3161", "hasVideo": true, "status": "renew", "newDevelopment": false, "hasLift": true, "priceByArea": 3920.0, "detailedType": {"typology": "flat"}, "suggestedTexts": {"subtitle": "La Maternitat i Sant Ramon, Barcelona", "title": "Piso en Gran Via de Carles III"}, "hasPlan": true, "has3DTour": false, "has360": true, "hasStaging": false, "topNewDevelopment": false}, {"propertyCode": "91082776", "thumbnail": "https://img3.idealista.com/blur/WEB_LISTING/0/id.pro.es.image.master/2a/92/7e/853394856.jpg", "externalReference": "230935", "numPhotos": 27, "floor": "1", "price": 352000.0, "propertyType": "flat", "operation": "sale", "size": 109.0, "exterior": true, "rooms": 4, "bathrooms": 2, "address": "barrio La Marina del Port", "province": "Barcelona", "municipality": "Barcelona", "district": "Sants-Montju\u00efc", "country": "es", "neighborhood": "La Marina del Port", "latitude": 41.3593648, "longitude": 2.1405988, "showAddress": false, "url": "https://www.idealista.com/inmueble/91082776/", "distance": "768", "hasVideo": true, "status": "good", "newDevelopment": false, "hasLift": true, "priceByArea": 3229.0, "detailedType": {"typology": "flat"}, "suggestedTexts": {"subtitle": "La Marina del Port, Barcelona", "title": "Piso"}, "hasPlan": true, "has3DTour": false, "has360": false, "hasStaging": false, "topNewDevelopment": false}, {"propertyCode": "91312447", "thumbnail": "https://img3.idealista.com/blur/WEB_LISTING/0/id.pro.es.image.master/eb/e0/f8/811688344.jpg", "externalReference": "VB2010010", "numPhotos": 27, "floor": "6", "price": 695000.0, "propertyType": "penthouse", "operation": "sale", "size": 157.0, "exterior": true, "rooms": 4, "bathrooms": 2, "address": "Calle de Cal\u00e0bria", "province": "Barcelona", "municipality": "Barcelona", "district": "Eixample", "country": "es", "neighborhood": "Sant Antoni", "latitude": 41.3747549, "longitude": 2.1587567, "showAddress": false, "url": "https://www.idealista.com/inmueble/91312447/", "distance": "2990", "hasVideo": true, "status": "good", "newDevelopment": false, "hasLift": true, "priceByArea": 4427.0, "detailedType": {"typology": "flat", "subTypology": "penthouse"}, "suggestedTexts": {"subtitle": "Sant Antoni, Barcelona", "title": "\u00c1tico en Calle de Cal\u00e0bria"}, "hasPlan": true, "has3DTour": false, "has360": true, "hasStaging": false, "topNewDevelopment": false}, {"propertyCode": "92966417", "thumbnail": "https://img3.idealista.com/blur/WEB_LISTING/0/id.pro.es.image.master/f6/53/9d/852935611.jpg", "externalReference": "246454", "numPhotos": 21, "floor": "1", "price": 235000.0, "propertyType": "flat", "operation": "sale", "size": 55.0, "exterior": true, "rooms": 2, "bathrooms": 1, "address": "barrio Sants - Badal", "province": "Barcelona", "municipality": "Barcelona", "district": "Sants-Montju\u00efc", "country": "es", "neighborhood": "Sants - Badal", "latitude": 41.3746552, "longitude": 2.1296516, "showAddress": false, "url": "https://www.idealista.com/inmueble/92966417/", "distance": "1990", "hasVideo": false, "status": "good", "newDevelopment": false, "hasLift": false, "priceByArea": 4273.0, "detailedType": {"typology": "flat"}, "suggestedTexts": {"subtitle": "Sants - Badal, Barcelona", "title": "Piso"}, "hasPlan": true, "has3DTour": false, "has360": true, "hasStaging": false, "topNewDevelopment": false}, {"propertyCode": "92818839", "thumbnail": "https://img3.idealista.com/blur/WEB_LISTING/0/id.pro.es.image.master/5e/5d/c0/848904592.jpg", "externalReference": "246248", "numPhotos": 25, "floor": "4", "price": 210000.0, "propertyType": "flat", "operation": "sale", "size": 68.0, "exterior": true, "rooms": 4, "bathrooms": 1, "address": "barrio Sants - Badal", "province": "Barcelona", "municipality": "Barcelona", "district": "Sants-Montju\u00efc", "country": "es", "neighborhood": "Sants - Badal", "latitude": 41.3710978, "longitude": 2.1299119, "showAddress": false, "url": "https://www.idealista.com/inmueble/92818839/", "distance": "1594", "hasVideo": false, "status": "good", "newDevelopment": false, "hasLift": true, "priceByArea": 3088.0, "detailedType": {"typology": "flat"}, "suggestedTexts": {"subtitle": "Sants - Badal, Barcelona", "title": "Piso"}, "hasPlan": true, "has3DTour": true, "has360": true, "hasStaging": false, "topNewDevelopment": false}, {"propertyCode": "91903585", "thumbnail": "https://img3.idealista.com/blur/WEB_LISTING/0/id.pro.es.image.master/2d/db/44/826096760.jpg", "externalReference": "CB_BCN_0376_V", "numPhotos": 33, "floor": "9", "price": 475000.0, "propertyType": "penthouse", "operation": "sale", "size": 124.0, "exterior": true, "rooms": 3, "bathrooms": 2, "address": "Calle del Comandant Ben\u00edtez", "province": "Barcelona", "municipality": "Barcelona", "district": "Les Corts", "country": "es", "neighborhood": "La Maternitat i Sant Ramon", "latitude": 41.3799546, "longitude": 2.1285386, "showAddress": false, "url": "https://www.idealista.com/inmueble/91903585/", "distance": "2585", "hasVideo": true, "status": "good", "newDevelopment": false, "hasLift": true, "priceByArea": 3831.0, "detailedType": {"typology": "flat", "subTypology": "penthouse"}, "suggestedTexts": {"subtitle": "La Maternitat i Sant Ramon, Barcelona", "title": "\u00c1tico en Calle del Comandant Ben\u00edtez"}, "hasPlan": true, "has3DTour": false, "has360": true, "hasStaging": false, "topNewDevelopment": false}, {"propertyCode": "91417634", "thumbnail": "https://img3.idealista.com/blur/WEB_LISTING/0/id.pro.es.image.master/04/1d/3e/814070622.jpg", "externalReference": "6502", "numPhotos": 58, "price": 625000.0, "propertyType": "chalet", "operation": "sale", "size": 245.0, "exterior": false, "rooms": 4, "bathrooms": 5, "address": "Calle Major", "province": "Barcelona", "municipality": "Hospitalet de Llobregat", "district": "Centre", "country": "es", "neighborhood": "Centre", "latitude": 41.358062, "longitude": 2.0980035, "showAddress": false, "url": "https://www.idealista.com/inmueble/91417634/", "distance": "2842", "hasVideo": false, "status": "good", "newDevelopment": false, "parkingSpace": {"hasParkingSpace": true, "isParkingSpaceIncludedInPrice": true}, "priceByArea": 2551.0, "detailedType": {"typology": "chalet", "subTypology": "semidetachedHouse"}, "suggestedTexts": {"subtitle": "Centre, Hospitalet de Llobregat", "title": "Chalet pareado en Calle Major"}, "hasPlan": true, "has3DTour": false, "has360": true, "hasStaging": false, "topNewDevelopment": false}, {"propertyCode": "92197943", "thumbnail": "https://img3.idealista.com/blur/WEB_LISTING/0/id.pro.es.image.master/7c/c1/91/833351150.jpg", "externalReference": "VB2012026", "numPhotos": 25, "floor": "1", "price": 250000.0, "propertyType": "flat", "operation": "sale", "size": 53.0, "exterior": true, "rooms": 2, "bathrooms": 1, "address": "barrio El Poble Sec - Parc de Montju\u00efc", "province": "Barcelona", "municipality": "Barcelona", "district": "Sants-Montju\u00efc", "country": "es", "neighborhood": "El Poble Sec - Parc de Montju\u00efc", "latitude": 41.3726605, "longitude": 2.1551583, "showAddress": false, "url": "https://www.idealista.com/inmueble/92197943/", "distance": "2611", "hasVideo": true, "status": "good", "newDevelopment": false, "hasLift": false, "priceByArea": 4717.0, "detailedType": {"typology": "flat"}, "suggestedTexts": {"subtitle": "El Poble Sec - Parc de Montju\u00efc, Barcelona", "title": "Piso"}, "hasPlan": true, "has3DTour": false, "has360": true, "hasStaging": false, "topNewDevelopment": false}, {"propertyCode": "92108611", "thumbnail": "https://img3.idealista.com/blur/WEB_LISTING/0/id.pro.es.image.master/8b/43/21/835989983.jpg", "externalReference": "VB2012017", "numPhotos": 27, "floor": "3", "price": 410000.0, "propertyType": "flat", "operation": "sale", "size": 98.0, "exterior": true, "rooms": 4, "bathrooms": 2, "address": "barrio La Maternitat i Sant Ramon", "province": "Barcelona", "municipality": "Barcelona", "district": "Les Corts", "country": "es", "neighborhood": "La Maternitat i Sant Ramon", "latitude": 41.3784791, "longitude": 2.1234518, "showAddress": false, "url": "https://www.idealista.com/inmueble/92108611/", "distance": "2509", "hasVideo": true, "status": "good", "newDevelopment": false, "hasLift": true, "priceByArea": 4184.0, "detailedType": {"typology": "flat"}, "suggestedTexts": {"subtitle": "La Maternitat i Sant Ramon, Barcelona", "title": "Piso"}, "hasPlan": true, "has3DTour": false, "has360": true, "hasStaging": false, "topNewDevelopment": false}, {"propertyCode": "91279610", "thumbnail": "https://img3.idealista.com/blur/WEB_LISTING/0/id.pro.es.image.master/d3/33/1c/813071928.jpg", "externalReference": "BCN06428", "numPhotos": 30, "floor": "bj", "price": 650000.0, "propertyType": "flat", "operation": "sale", "size": 228.0, "exterior": false, "rooms": 3, "bathrooms": 3, "address": "barrio El Poble Sec - Parc de Montju\u00efc", "province": "Barcelona", "municipality": "Barcelona", "district": "Sants-Montju\u00efc", "country": "es", "neighborhood": "El Poble Sec - Parc de Montju\u00efc", "latitude": 41.373318, "longitude": 2.1615491, "showAddress": false, "url": "https://www.idealista.com/inmueble/91279610/", "distance": "3069", "hasVideo": true, "status": "good", "newDevelopment": false, "hasLift": true, "priceByArea": 2851.0, "detailedType": {"typology": "flat"}, "suggestedTexts": {"subtitle": "El Poble Sec - Parc de Montju\u00efc, Barcelona", "title": "Piso"}, "hasPlan": true, "has3DTour": false, "has360": false, "hasStaging": false, "topNewDevelopment": false}, {"propertyCode": "92002091", "thumbnail": "https://img3.idealista.com/blur/WEB_LISTING/0/id.pro.es.image.master/bf/8e/86/828369627.jpg", "externalReference": "v40", "numPhotos": 30, "floor": "3", "price": 410000.0, "propertyType": "flat", "operation": "sale", "size": 101.0, "exterior": true, "rooms": 4, "bathrooms": 2, "address": "Calle Benavent, 8", "province": "Barcelona", "municipality": "Barcelona", "district": "Les Corts", "country": "es", "neighborhood": "La Maternitat i Sant Ramon", "latitude": 41.3779791, "longitude": 2.1254518, "showAddress": true, "url": "https://www.idealista.com/inmueble/92002091/", "distance": "2413", "hasVideo": true, "status": "good", "newDevelopment": false, "hasLift": true, "priceByArea": 4059.0, "detailedType": {"typology": "flat"}, "suggestedTexts": {"subtitle": "La Maternitat i Sant Ramon, Barcelona", "title": "Piso en Calle Benavent, 8"}, "hasPlan": true, "has3DTour": false, "has360": true, "hasStaging": false, "topNewDevelopment": false}, {"propertyCode": "92811075", "thumbnail": "https://img3.idealista.com/blur/WEB_LISTING/0/id.pro.es.image.master/94/86/92/848677750.jpg", "externalReference": "GVVSA38", "numPhotos": 27, "floor": "2", "price": 695000.0, "propertyType": "flat", "operation": "sale", "size": 146.0, "exterior": true, "rooms": 4, "bathrooms": 3, "address": "Calle de Sabino Arana", "province": "Barcelona", "municipality": "Barcelona", "district": "Les Corts", "country": "es", "neighborhood": "La Maternitat i Sant Ramon", "latitude": 41.3844759, "longitude": 2.1230717, "showAddress": false, "url": "https://www.idealista.com/inmueble/92811075/", "distance": "3161", "hasVideo": true, "status": "good", "newDevelopment": false, "hasLift": true, "priceByArea": 4760.0, "detailedType": {"typology": "flat"}, "suggestedTexts": {"subtitle": "La Maternitat i Sant Ramon, Barcelona", "title": "Piso en Calle de Sabino Arana"}, "hasPlan": true, "has3DTour": false, "has360": true, "hasStaging": false, "topNewDevelopment": false}, {"propertyCode": "92567198", "thumbnail": "https://img3.idealista.com/blur/WEB_LISTING/0/id.pro.es.image.master/5d/1e/3f/843578238.jpg", "externalReference": "836-21V", "numPhotos": 22, "floor": "3", "price": 299000.0, "propertyType": "flat", "operation": "sale", "size": 86.0, "exterior": true, "rooms": 4, "bathrooms": 1, "address": "Calle d'Enten\u00e7a", "province": "Barcelona", "municipality": "Barcelona", "district": "Eixample", "country": "es", "neighborhood": "La Nova Esquerra de l'Eixample", "latitude": 41.378928, "longitude": 2.1526336, "showAddress": false, "url": "https://www.idealista.com/inmueble/92567198/", "distance": "2997", "hasVideo": false, "status": "good", "newDevelopment": false, "hasLift": true, "priceByArea": 3477.0, "detailedType": {"typology": "flat"}, "suggestedTexts": {"subtitle": "La Nova Esquerra de l'Eixample, Barcelona", "title": "Piso en Calle d'Enten\u00e7a"}, "hasPlan": true, "has3DTour": false, "has360": true, "hasStaging": false, "topNewDevelopment": false}, {"propertyCode": "88129785", "thumbnail": "https://img3.idealista.com/blur/WEB_LISTING/0/id.pro.es.image.master/88/d6/bf/739360346.jpg", "externalReference": "B20325", "numPhotos": 44, "price": 1075000.0, "propertyType": "chalet", "operation": "sale", "size": 295.0, "exterior": false, "rooms": 5, "bathrooms": 2, "address": "Carretera del Prat", "province": "Barcelona", "municipality": "Barcelona", "district": "Sants-Montju\u00efc", "country": "es", "neighborhood": "La Marina del Port", "latitude": 41.3585747, "longitude": 2.1351485, "showAddress": false, "url": "https://www.idealista.com/inmueble/88129785/", "distance": "323", "hasVideo": true, "status": "good", "newDevelopment": false, "parkingSpace": {"hasParkingSpace": true, "isParkingSpaceIncludedInPrice": true}, "priceByArea": 3644.0, "detailedType": {"typology": "chalet", "subTypology": "terracedHouse"}, "suggestedTexts": {"subtitle": "La Marina del Port, Barcelona", "title": "Chalet adosado en Carretera del Prat"}, "hasPlan": true, "has3DTour": false, "has360": true, "hasStaging": false, "topNewDevelopment": false}, {"propertyCode": "92710736", "thumbnail": "https://img3.idealista.com/blur/WEB_LISTING/0/id.pro.es.image.master/09/f7/c9/846204206.jpg", "externalReference": "BCN06476", "numPhotos": 34, "floor": "6", "price": 795000.0, "propertyType": "flat", "operation": "sale", "size": 140.0, "exterior": true, "rooms": 4, "bathrooms": 2, "address": "barrio Sant Antoni", "province": "Barcelona", "municipality": "Barcelona", "district": "Eixample", "country": "es", "neighborhood": "Sant Antoni", "latitude": 41.3797156, "longitude": 2.1534071, "showAddress": false, "url": "https://www.idealista.com/inmueble/92710736/", "distance": "3106", "hasVideo": false, "status": "good", "newDevelopment": false, "hasLift": true, "priceByArea": 5679.0, "detailedType": {"typology": "flat"}, "suggestedTexts": {"subtitle": "Sant Antoni, Barcelona", "title": "Piso"}, "hasPlan": true, "has3DTour": false, "has360": true, "hasStaging": false, "topNewDevelopment": false}, {"propertyCode": "91237754", "thumbnail": "https://img3.idealista.com/blur/WEB_LISTING/0/id.pro.es.image.master/6b/3e/11/809899380.jpg", "externalReference": "BCN06427", "numPhotos": 27, "floor": "6", "price": 695000.0, "propertyType": "penthouse", "operation": "sale", "size": 167.0, "exterior": true, "rooms": 4, "bathrooms": 2, "address": "barrio Sant Antoni", "province": "Barcelona", "municipality": "Barcelona", "district": "Eixample", "country": "es", "neighborhood": "Sant Antoni", "latitude": 41.3741549, "longitude": 2.1588567, "showAddress": false, "url": "https://www.idealista.com/inmueble/91237754/", "distance": "2952", "hasVideo": false, "status": "good", "newDevelopment": false, "hasLift": true, "priceByArea": 4162.0, "detailedType": {"typology": "flat", "subTypology": "penthouse"}, "suggestedTexts": {"subtitle": "Sant Antoni, Barcelona", "title": "\u00c1tico"}, "hasPlan": true, "has3DTour": false, "has360": true, "hasStaging": false, "topNewDevelopment": false}, {"propertyCode": "90716884", "thumbnail": "https://img3.idealista.com/blur/WEB_LISTING/0/id.pro.es.image.master/75/f3/5d/796832767.jpg", "externalReference": "240866", "numPhotos": 20, "floor": "5", "price": 395000.0, "propertyType": "flat", "operation": "sale", "size": 92.0, "exterior": true, "rooms": 3, "bathrooms": 2, "address": "barrio La Nova Esquerra de l'Eixample", "province": "Barcelona", "municipality": "Barcelona", "district": "Eixample", "country": "es", "neighborhood": "La Nova Esquerra de l'Eixample", "latitude": 41.3808537, "longitude": 2.1464343, "showAddress": false, "url": "https://www.idealista.com/inmueble/90716884/", "distance": "2927", "hasVideo": false, "status": "renew", "newDevelopment": false, "hasLift": true, "priceByArea": 4293.0, "detailedType": {"typology": "flat"}, "suggestedTexts": {"subtitle": "La Nova Esquerra de l'Eixample, Barcelona", "title": "Piso"}, "hasPlan": true, "has3DTour": false, "has360": true, "hasStaging": false, "topNewDevelopment": false}, {"propertyCode": "91866036", "thumbnail": "https://img3.idealista.com/blur/WEB_LISTING/0/id.pro.es.image.master/27/f5/3b/825130079.jpg", "externalReference": "SP115TV", "numPhotos": 28, "floor": "3", "price": 348000.0, "propertyType": "penthouse", "operation": "sale", "size": 95.0, "exterior": true, "rooms": 3, "bathrooms": 2, "address": "barrio El Poble Sec - Parc de Montju\u00efc", "province": "Barcelona", "municipality": "Barcelona", "district": "Sants-Montju\u00efc", "country": "es", "neighborhood": "El Poble Sec - Parc de Montju\u00efc", "latitude": 41.3738406, "longitude": 2.1586686, "showAddress": false, "url": "https://www.idealista.com/inmueble/91866036/", "distance": "2917", "hasVideo": false, "status": "good", "newDevelopment": false, "hasLift": true, "priceByArea": 3663.0, "detailedType": {"typology": "flat", "subTypology": "penthouse"}, "suggestedTexts": {"subtitle": "El Poble Sec - Parc de Montju\u00efc, Barcelona", "title": "\u00c1tico"}, "hasPlan": true, "has3DTour": false, "has360": true, "hasStaging": false, "topNewDevelopment": false}, {"propertyCode": "92604975", "thumbnail": "https://img3.idealista.com/blur/WEB_LISTING/0/id.pro.es.image.master/7d/5f/22/843807498.jpg", "externalReference": "VB2101034", "numPhotos": 19, "floor": "5", "price": 199000.0, "propertyType": "flat", "operation": "sale", "size": 48.0, "exterior": true, "rooms": 2, "bathrooms": 1, "address": "barrio Sants - Badal", "province": "Barcelona", "municipality": "Barcelona", "district": "Sants-Montju\u00efc", "country": "es", "neighborhood": "Sants - Badal", "latitude": 41.3764138, "longitude": 2.1240547, "showAddress": false, "url": "https://www.idealista.com/inmueble/92604975/", "distance": "2275", "hasVideo": true, "status": "renew", "newDevelopment": false, "hasLift": true, "priceByArea": 4146.0, "detailedType": {"typology": "flat"}, "suggestedTexts": {"subtitle": "Sants - Badal, Barcelona", "title": "Piso"}, "hasPlan": true, "has3DTour": false, "has360": true, "hasStaging": false, "topNewDevelopment": false}, {"propertyCode": "92198195", "thumbnail": "https://img3.idealista.com/blur/WEB_LISTING/0/id.pro.es.image.master/65/4f/75/833357924.jpg", "externalReference": "VB2012027", "numPhotos": 18, "floor": "4", "price": 250000.0, "propertyType": "penthouse", "operation": "sale", "size": 53.0, "exterior": true, "rooms": 2, "bathrooms": 1, "address": "barrio El Poble Sec - Parc de Montju\u00efc", "province": "Barcelona", "municipality": "Barcelona", "district": "Sants-Montju\u00efc", "country": "es", "neighborhood": "El Poble Sec - Parc de Montju\u00efc", "latitude": 41.3718605, "longitude": 2.1581583, "showAddress": false, "url": "https://www.idealista.com/inmueble/92198195/", "distance": "2746", "hasVideo": true, "status": "good", "newDevelopment": false, "hasLift": false, "priceByArea": 4717.0, "detailedType": {"typology": "flat", "subTypology": "penthouse"}, "suggestedTexts": {"subtitle": "El Poble Sec - Parc de Montju\u00efc, Barcelona", "title": "\u00c1tico"}, "hasPlan": true, "has3DTour": false, "has360": true, "hasStaging": false, "topNewDevelopment": false}, {"propertyCode": "89805610", "thumbnail": "https://img3.idealista.com/blur/WEB_LISTING/0/id.pro.es.image.master/e4/86/0c/777444095.jpg", "externalReference": "729-20V", "numPhotos": 29, "floor": "bj", "price": 490000.0, "propertyType": "duplex", "operation": "sale", "size": 170.0, "exterior": true, "rooms": 3, "bathrooms": 3, "address": "Carretera de Collblanc", "province": "Barcelona", "municipality": "Barcelona", "district": "Les Corts", "country": "es", "neighborhood": "La Maternitat i Sant Ramon", "latitude": 41.3745411, "longitude": 2.1135981, "showAddress": false, "url": "https://www.idealista.com/inmueble/89805610/", "distance": "2497", "hasVideo": false, "status": "good", "newDevelopment": false, "hasLift": true, "priceByArea": 2882.0, "detailedType": {"typology": "flat", "subTypology": "duplex"}, "suggestedTexts": {"subtitle": "La Maternitat i Sant Ramon, Barcelona", "title": "D\u00faplex en Carretera de Collblanc"}, "hasPlan": false, "has3DTour": false, "has360": true, "hasStaging": false, "topNewDevelopment": false}, {"propertyCode": "91948372", "thumbnail": "https://img3.idealista.com/blur/WEB_LISTING/0/id.pro.es.image.master/99/26/ef/827115748.jpg", "externalReference": "NUMANCIA", "numPhotos": 33, "floor": "1", "price": 645000.0, "propertyType": "flat", "operation": "sale", "size": 170.0, "exterior": true, "rooms": 4, "bathrooms": 3, "address": "barrio Les Corts", "province": "Barcelona", "municipality": "Barcelona", "district": "Les Corts", "country": "es", "neighborhood": "Les Corts", "latitude": 41.3846202, "longitude": 2.136212, "showAddress": false, "url": "https://www.idealista.com/inmueble/91948372/", "distance": "3107", "hasVideo": false, "status": "good", "newDevelopment": false, "hasLift": true, "priceByArea": 3794.0, "detailedType": {"typology": "flat"}, "suggestedTexts": {"subtitle": "Les Corts, Barcelona", "title": "Piso"}, "hasPlan": false, "has3DTour": false, "has360": true, "hasStaging": false, "topNewDevelopment": false}, {"propertyCode": "93195819", "thumbnail": "https://img3.idealista.com/blur/WEB_LISTING/0/id.pro.es.image.master/c2/14/f1/856724862.jpg", "externalReference": "CAVALL 221", "numPhotos": 14, "floor": "2", "price": 221000.0, "propertyType": "flat", "operation": "sale", "size": 55.0, "exterior": true, "rooms": 2, "bathrooms": 1, "address": "Calle Cavall Bernat, 18", "province": "Barcelona", "municipality": "Hospitalet de Llobregat", "district": "Santa Eul\u00e0lia", "country": "es", "neighborhood": "Santa Eul\u00e0lia", "latitude": 41.3672242, "longitude": 2.124769, "showAddress": true, "url": "https://www.idealista.com/inmueble/93195819/", "distance": "1303", "hasVideo": true, "status": "good", "newDevelopment": false, "hasLift": true, "priceByArea": 4018.0, "detailedType": {"typology": "flat"}, "suggestedTexts": {"subtitle": "Santa Eul\u00e0lia, Hospitalet de Llobregat", "title": "Piso en Calle Cavall Bernat, 18"}, "hasPlan": false, "has3DTour": false, "has360": false, "hasStaging": false, "topNewDevelopment": false}, {"propertyCode": "91901786", "thumbnail": "https://img3.idealista.com/blur/WEB_LISTING/0/id.pro.es.image.master/00/86/db/852935224.jpg", "externalReference": "244730", "numPhotos": 26, "floor": "4", "price": 349000.0, "propertyType": "flat", "operation": "sale", "size": 96.0, "exterior": true, "rooms": 4, "bathrooms": 1, "address": "barrio Les Corts", "province": "Barcelona", "municipality": "Barcelona", "district": "Les Corts", "country": "es", "neighborhood": "Les Corts", "latitude": 41.3827546, "longitude": 2.1396071, "showAddress": false, "url": "https://www.idealista.com/inmueble/91901786/", "distance": "2949", "hasVideo": false, "status": "good", "newDevelopment": false, "hasLift": true, "priceByArea": 3635.0, "detailedType": {"typology": "flat"}, "suggestedTexts": {"subtitle": "Les Corts, Barcelona", "title": "Piso"}, "hasPlan": true, "has3DTour": false, "has360": false, "hasStaging": false, "topNewDevelopment": false}, {"propertyCode": "89413426", "thumbnail": "https://img3.idealista.com/blur/WEB_LISTING/0/id.pro.es.image.master/de/0a/44/854797406.jpg", "externalReference": "S-29200", "numPhotos": 32, "floor": "2", "price": 193000.0, "propertyType": "flat", "operation": "sale", "size": 70.0, "exterior": true, "rooms": 3, "bathrooms": 1, "address": "Calle del Moian\u00e8s", "province": "Barcelona", "municipality": "Barcelona", "district": "Sants-Montju\u00efc", "country": "es", "neighborhood": "Hostafrancs", "latitude": 41.3704276, "longitude": 2.1437647, "showAddress": false, "url": "https://www.idealista.com/inmueble/89413426/", "distance": "1800", "hasVideo": false, "status": "good", "newDevelopment": false, "hasLift": true, "priceByArea": 2757.0, "detailedType": {"typology": "flat"}, "suggestedTexts": {"subtitle": "Hostafrancs, Barcelona", "title": "Piso en Calle del Moian\u00e8s"}, "hasPlan": true, "has3DTour": false, "has360": false, "hasStaging": false, "topNewDevelopment": false}, {"propertyCode": "93136859", "thumbnail": "https://img3.idealista.com/blur/WEB_LISTING/0/id.pro.es.image.master/dc/12/7e/855358384.jpg", "externalReference": "0103215090", "numPhotos": 24, "floor": "en", "price": 70000.0, "propertyType": "flat", "operation": "sale", "size": 39.0, "exterior": true, "rooms": 2, "bathrooms": 1, "address": "Calle Enginyer Moncunill", "province": "Barcelona", "municipality": "Hospitalet de Llobregat", "district": "La Florida - Les Planes", "country": "es", "neighborhood": "La Florida", "latitude": 41.3735371, "longitude": 2.1119704, "showAddress": false, "url": "https://www.idealista.com/inmueble/93136859/", "distance": "2499", "hasVideo": false, "status": "good", "newDevelopment": false, "hasLift": false, "priceByArea": 1795.0, "detailedType": {"typology": "flat"}, "suggestedTexts": {"subtitle": "La Florida, Hospitalet de Llobregat", "title": "Piso en Calle Enginyer Moncunill"}, "hasPlan": true, "has3DTour": false, "has360": false, "hasStaging": false, "topNewDevelopment": false}, {"propertyCode": "93104835", "thumbnail": "https://img3.idealista.com/blur/WEB_LISTING/0/id.pro.es.image.master/4b/d7/51/854610679.jpg", "externalReference": "CARDENAL REIG / COLL", "numPhotos": 27, "floor": "bj", "price": 298000.0, "propertyType": "flat", "operation": "sale", "size": 80.0, "exterior": true, "rooms": 3, "bathrooms": 2, "address": "CARDENAL REIG, 31", "province": "Barcelona", "municipality": "Barcelona", "district": "Les Corts", "country": "es", "neighborhood": "La Maternitat i Sant Ramon", "latitude": 41.3781439, "longitude": 2.1153391, "showAddress": true, "url": "https://www.idealista.com/inmueble/93104835/", "distance": "2747", "hasVideo": true, "status": "good", "newDevelopment": false, "hasLift": true, "priceByArea": 3725.0, "detailedType": {"typology": "flat"}, "suggestedTexts": {"subtitle": "La Maternitat i Sant Ramon, Barcelona", "title": "Piso en CARDENAL REIG, 31"}, "hasPlan": false, "has3DTour": false, "has360": false, "hasStaging": false, "topNewDevelopment": false}, {"propertyCode": "92742590", "thumbnail": "https://img3.idealista.com/blur/WEB_LISTING/0/id.pro.es.image.master/84/18/11/847017420.jpg", "externalReference": "CB_BCN_0411_V", "numPhotos": 24, "floor": "1", "price": 162000.0, "propertyType": "flat", "operation": "sale", "size": 80.0, "exterior": true, "rooms": 4, "bathrooms": 1, "address": "Calle Dos de Maig", "province": "Barcelona", "municipality": "Hospitalet de Llobregat", "district": "Collblanc", "country": "es", "neighborhood": "Collblanc", "latitude": 41.3753714, "longitude": 2.1167981, "showAddress": false, "url": "https://www.idealista.com/inmueble/92742590/", "distance": "2420", "hasVideo": true, "status": "renew", "newDevelopment": false, "hasLift": false, "priceByArea": 2025.0, "detailedType": {"typology": "flat"}, "suggestedTexts": {"subtitle": "Collblanc, Hospitalet de Llobregat", "title": "Piso en Calle Dos de Maig"}, "hasPlan": true, "has3DTour": true, "has360": false, "hasStaging": false, "topNewDevelopment": false}, {"propertyCode": "91842095", "thumbnail": "https://img3.idealista.com/blur/WEB_LISTING/0/id.pro.es.image.master/3f/b2/e9/843012051.jpg", "externalReference": "244592", "numPhotos": 21, "floor": "1", "price": 170000.0, "propertyType": "flat", "operation": "sale", "size": 79.0, "exterior": true, "rooms": 3, "bathrooms": 1, "address": "barrio Pubilla Cases", "province": "Barcelona", "municipality": "Hospitalet de Llobregat", "district": "Can Serra - Pubilla Cases", "country": "es", "neighborhood": "Pubilla Cases", "latitude": 41.3737499, "longitude": 2.1049476, "showAddress": false, "url": "https://www.idealista.com/inmueble/91842095/", "distance": "2939", "hasVideo": false, "status": "good", "newDevelopment": false, "hasLift": true, "priceByArea": 2152.0, "detailedType": {"typology": "flat"}, "suggestedTexts": {"subtitle": "Pubilla Cases, Hospitalet de Llobregat", "title": "Piso"}, "hasPlan": true, "has3DTour": false, "has360": false, "hasStaging": false, "topNewDevelopment": false}, {"propertyCode": "91700522", "thumbnail": "https://img3.idealista.com/blur/WEB_LISTING/0/id.pro.es.image.master/9d/49/ca/821142215.jpg", "externalReference": "VB2007013-5", "numPhotos": 30, "floor": "2", "price": 649000.0, "propertyType": "penthouse", "operation": "sale", "size": 100.0, "exterior": true, "rooms": 2, "bathrooms": 2, "address": "Calle del Poeta Cabanyes", "province": "Barcelona", "municipality": "Barcelona", "district": "Sants-Montju\u00efc", "country": "es", "neighborhood": "El Poble Sec - Parc de Montju\u00efc", "latitude": 41.3724775, "longitude": 2.1646495, "showAddress": false, "url": "https://www.idealista.com/inmueble/91700522/", "distance": "3229", "hasVideo": true, "status": "good", "newDevelopment": false, "hasLift": true, "priceByArea": 6490.0, "detailedType": {"typology": "flat", "subTypology": "penthouse"}, "suggestedTexts": {"subtitle": "El Poble Sec - Parc de Montju\u00efc, Barcelona", "title": "\u00c1tico en Calle del Poeta Cabanyes"}, "hasPlan": true, "has3DTour": false, "has360": false, "hasStaging": false, "topNewDevelopment": false}, {"propertyCode": "92900739", "thumbnail": "https://img3.idealista.com/blur/WEB_LISTING/0/id.pro.es.image.master/69/dc/64/850600546.jpg", "externalReference": "BCN24901", "numPhotos": 48, "price": 845000.0, "propertyType": "penthouse", "operation": "sale", "size": 129.0, "exterior": true, "rooms": 2, "bathrooms": 2, "address": "barrio Sant Antoni", "province": "Barcelona", "municipality": "Barcelona", "district": "Eixample", "country": "es", "neighborhood": "Sant Antoni", "latitude": 41.3757353, "longitude": 2.1583514, "showAddress": false, "url": "https://www.idealista.com/inmueble/92900739/", "distance": "3039", "hasVideo": false, "status": "good", "newDevelopment": false, "hasLift": true, "priceByArea": 6550.0, "detailedType": {"typology": "flat", "subTypology": "penthouse"}, "suggestedTexts": {"subtitle": "Sant Antoni, Barcelona", "title": "\u00c1tico"}, "hasPlan": true, "has3DTour": false, "has360": false, "hasStaging": false, "topNewDevelopment": false}, {"propertyCode": "92751577", "thumbnail": "https://img3.idealista.com/blur/WEB_LISTING/0/id.pro.es.image.master/5f/fd/c8/847248357.jpg", "externalReference": "245470", "numPhotos": 21, "floor": "1", "price": 199000.0, "propertyType": "flat", "operation": "sale", "size": 64.0, "exterior": true, "rooms": 3, "bathrooms": 1, "address": "barrio La Font de la Guatlla", "province": "Barcelona", "municipality": "Barcelona", "district": "Sants-Montju\u00efc", "country": "es", "neighborhood": "La Font de la Guatlla", "latitude": 41.3720695, "longitude": 2.1481086, "showAddress": false, "url": "https://www.idealista.com/inmueble/92751577/", "distance": "2160", "hasVideo": false, "status": "good", "newDevelopment": false, "hasLift": true, "priceByArea": 3109.0, "detailedType": {"typology": "flat"}, "suggestedTexts": {"subtitle": "La Font de la Guatlla, Barcelona", "title": "Piso"}, "hasPlan": true, "has3DTour": false, "has360": false, "hasStaging": false, "topNewDevelopment": false}, {"propertyCode": "93182186", "thumbnail": "https://img3.idealista.com/blur/WEB_LISTING/0/id.pro.es.image.master/f4/2a/c6/856362962.jpg", "externalReference": "0122-680-691-V", "numPhotos": 23, "floor": "3", "price": 255000.0, "propertyType": "flat", "operation": "sale", "size": 53.0, "exterior": true, "rooms": 2, "bathrooms": 1, "address": "Calle de Rocafort", "province": "Barcelona", "municipality": "Barcelona", "district": "Eixample", "country": "es", "neighborhood": "La Nova Esquerra de l'Eixample", "latitude": 41.381846, "longitude": 2.1497258, "showAddress": false, "url": "https://www.idealista.com/inmueble/93182186/", "distance": "3147", "hasVideo": true, "status": "good", "newDevelopment": false, "hasLift": true, "priceByArea": 4811.0, "detailedType": {"typology": "flat"}, "suggestedTexts": {"subtitle": "La Nova Esquerra de l'Eixample, Barcelona", "title": "Piso en Calle de Rocafort"}, "hasPlan": true, "has3DTour": false, "has360": false, "hasStaging": false, "topNewDevelopment": false}, {"propertyCode": "93170341", "thumbnail": "https://img3.idealista.com/blur/WEB_LISTING/0/id.pro.es.image.master/fb/5f/25/856071155.jpg", "externalReference": "CB_BCN_0448_V", "numPhotos": 25, "floor": "6", "price": 300000.0, "propertyType": "flat", "operation": "sale", "size": 83.0, "exterior": true, "rooms": 4, "bathrooms": 2, "address": "Calle del Tenor Masini", "province": "Barcelona", "municipality": "Barcelona", "district": "Sants-Montju\u00efc", "country": "es", "neighborhood": "Sants", "latitude": 41.3788714, "longitude": 2.1294036, "showAddress": false, "url": "https://www.idealista.com/inmueble/93170341/", "distance": "2458", "hasVideo": true, "status": "good", "newDevelopment": false, "hasLift": true, "priceByArea": 3614.0, "detailedType": {"typology": "flat"}, "suggestedTexts": {"subtitle": "Sants, Barcelona", "title": "Piso en Calle del Tenor Masini"}, "hasPlan": true, "has3DTour": false, "has360": false, "hasStaging": false, "topNewDevelopment": false}, {"propertyCode": "92554672", "thumbnail": "https://img3.idealista.com/blur/WEB_LISTING/0/id.pro.es.image.master/6c/9a/15/842535808.jpg", "externalReference": "VB2101024", "numPhotos": 35, "floor": "1", "price": 645000.0, "propertyType": "flat", "operation": "sale", "size": 152.0, "exterior": true, "rooms": 3, "bathrooms": 4, "address": "barrio Les Corts", "province": "Barcelona", "municipality": "Barcelona", "district": "Les Corts", "country": "es", "neighborhood": "Les Corts", "latitude": 41.3842202, "longitude": 2.136812, "showAddress": false, "url": "https://www.idealista.com/inmueble/92554672/", "distance": "3069", "hasVideo": true, "status": "good", "newDevelopment": false, "hasLift": true, "priceByArea": 4243.0, "detailedType": {"typology": "flat"}, "suggestedTexts": {"subtitle": "Les Corts, Barcelona", "title": "Piso"}, "hasPlan": true, "has3DTour": false, "has360": false, "hasStaging": false, "topNewDevelopment": false}, {"propertyCode": "93135069", "thumbnail": "https://img3.idealista.com/blur/WEB_LISTING/0/id.pro.es.image.master/32/53/74/855314268.jpg", "externalReference": "4688", "numPhotos": 26, "floor": "9", "price": 620000.0, "propertyType": "penthouse", "operation": "sale", "size": 109.0, "exterior": true, "rooms": 3, "bathrooms": 2, "address": "Gran Via de Carles III", "province": "Barcelona", "municipality": "Barcelona", "district": "Les Corts", "country": "es", "neighborhood": "La Maternitat i Sant Ramon", "latitude": 41.3825586, "longitude": 2.1255646, "showAddress": false, "url": "https://www.idealista.com/inmueble/93135069/", "distance": "2909", "hasVideo": false, "status": "good", "newDevelopment": false, "hasLift": true, "priceByArea": 5688.0, "detailedType": {"typology": "flat", "subTypology": "penthouse"}, "suggestedTexts": {"subtitle": "La Maternitat i Sant Ramon, Barcelona", "title": "\u00c1tico en Gran Via de Carles III"}, "hasPlan": false, "has3DTour": false, "has360": false, "hasStaging": false, "topNewDevelopment": false}, {"propertyCode": "91756984", "thumbnail": "https://img3.idealista.com/blur/WEB_LISTING/0/id.pro.es.image.master/6c/46/6b/822531962.jpg", "externalReference": "11253", "numPhotos": 23, "floor": "2", "price": 480000.0, "propertyType": "flat", "operation": "sale", "size": 93.0, "exterior": true, "rooms": 4, "bathrooms": 1, "address": "Calle de Cal\u00e0bria", "province": "Barcelona", "municipality": "Barcelona", "district": "Eixample", "country": "es", "neighborhood": "Sant Antoni", "latitude": 41.3775507, "longitude": 2.1578931, "showAddress": false, "url": "https://www.idealista.com/inmueble/91756984/", "distance": "3155", "hasVideo": false, "status": "good", "newDevelopment": false, "hasLift": true, "priceByArea": 5161.0, "detailedType": {"typology": "flat"}, "suggestedTexts": {"subtitle": "Sant Antoni, Barcelona", "title": "Piso en Calle de Cal\u00e0bria"}, "hasPlan": true, "has3DTour": false, "has360": false, "hasStaging": false, "topNewDevelopment": false}, {"propertyCode": "92002837", "thumbnail": "https://img3.idealista.com/blur/WEB_LISTING/0/id.pro.es.image.master/2c/5b/4b/828390468.jpg", "externalReference": "244501", "numPhotos": 24, "floor": "1", "price": 217000.0, "propertyType": "flat", "operation": "sale", "size": 72.0, "exterior": true, "rooms": 4, "bathrooms": 1, "address": "barrio Sants", "province": "Barcelona", "municipality": "Barcelona", "district": "Sants-Montju\u00efc", "country": "es", "neighborhood": "Sants", "latitude": 41.3792557, "longitude": 2.135577, "showAddress": false, "url": "https://www.idealista.com/inmueble/92002837/", "distance": "2509", "hasVideo": false, "status": "renew", "newDevelopment": false, "hasLift": false, "priceByArea": 3014.0, "detailedType": {"typology": "flat"}, "suggestedTexts": {"subtitle": "Sants, Barcelona", "title": "Piso"}, "hasPlan": true, "has3DTour": false, "has360": false, "hasStaging": false, "topNewDevelopment": false}, {"propertyCode": "91546116", "thumbnail": "https://img3.idealista.com/blur/WEB_LISTING/0/id.pro.es.image.master/60/b6/12/854317588.jpg", "externalReference": "243397", "numPhotos": 26, "floor": "6", "price": 415000.0, "propertyType": "flat", "operation": "sale", "size": 90.0, "exterior": true, "rooms": 5, "bathrooms": 1, "address": "barrio Les Corts", "province": "Barcelona", "municipality": "Barcelona", "district": "Les Corts", "country": "es", "neighborhood": "Les Corts", "latitude": 41.3838604, "longitude": 2.1310964, "showAddress": false, "url": "https://www.idealista.com/inmueble/91546116/", "distance": "3004", "hasVideo": false, "status": "good", "newDevelopment": false, "hasLift": true, "priceByArea": 4611.0, "detailedType": {"typology": "flat"}, "suggestedTexts": {"subtitle": "Les Corts, Barcelona", "title": "Piso"}, "hasPlan": true, "has3DTour": false, "has360": false, "hasStaging": false, "topNewDevelopment": false}, {"propertyCode": "90365700", "thumbnail": "https://img3.idealista.com/blur/WEB_LISTING/0/id.pro.es.image.master/d5/d2/f5/827718779.jpg", "externalReference": "240467", "numPhotos": 25, "floor": "1", "price": 435000.0, "propertyType": "flat", "operation": "sale", "size": 148.0, "exterior": true, "rooms": 5, "bathrooms": 2, "address": "barrio La Nova Esquerra de l'Eixample", "province": "Barcelona", "municipality": "Barcelona", "district": "Eixample", "country": "es", "neighborhood": "La Nova Esquerra de l'Eixample", "latitude": 41.3808649, "longitude": 2.1531106, "showAddress": false, "url": "https://www.idealista.com/inmueble/90365700/", "distance": "3198", "hasVideo": false, "status": "good", "newDevelopment": false, "hasLift": true, "priceByArea": 2939.0, "detailedType": {"typology": "flat"}, "suggestedTexts": {"subtitle": "La Nova Esquerra de l'Eixample, Barcelona", "title": "Piso"}, "hasPlan": true, "has3DTour": false, "has360": true, "hasStaging": false, "topNewDevelopment": false}, {"propertyCode": "93156654", "thumbnail": "https://img3.idealista.com/blur/WEB_LISTING/0/id.pro.es.image.master/ae/14/83/855719287.jpg", "externalReference": "4673", "numPhotos": 25, "price": 379000.0, "propertyType": "flat", "operation": "sale", "size": 86.0, "exterior": true, "rooms": 3, "bathrooms": 2, "address": "Calle de Berl\u00edn", "province": "Barcelona", "municipality": "Barcelona", "district": "Sants-Montju\u00efc", "country": "es", "neighborhood": "Sants", "latitude": 41.3829925, "longitude": 2.1364918, "showAddress": false, "url": "https://www.idealista.com/inmueble/93156654/", "distance": "2931", "hasVideo": false, "status": "good", "newDevelopment": false, "hasLift": true, "priceByArea": 4407.0, "detailedType": {"typology": "flat"}, "suggestedTexts": {"subtitle": "Sants, Barcelona", "title": "Piso en Calle de Berl\u00edn"}, "hasPlan": false, "has3DTour": false, "has360": false, "hasStaging": false, "topNewDevelopment": false}, {"propertyCode": "91224583", "thumbnail": "https://img3.idealista.com/blur/WEB_LISTING/0/id.pro.es.image.master/b2/46/dd/809555960.jpg", "externalReference": "BC-40640", "numPhotos": 25, "floor": "5", "price": 180000.0, "propertyType": "flat", "operation": "sale", "size": 82.0, "exterior": true, "rooms": 3, "bathrooms": 1, "address": "Avenida Catalunya", "province": "Barcelona", "municipality": "Hospitalet de Llobregat", "district": "La Florida - Les Planes", "country": "es", "neighborhood": "Les Planes", "latitude": 41.3691558, "longitude": 2.1166934, "showAddress": false, "url": "https://www.idealista.com/inmueble/91224583/", "distance": "1873", "hasVideo": true, "status": "good", "newDevelopment": false, "hasLift": true, "priceByArea": 2195.0, "detailedType": {"typology": "flat"}, "suggestedTexts": {"subtitle": "Les Planes, Hospitalet de Llobregat", "title": "Piso en Avenida Catalunya"}, "hasPlan": true, "has3DTour": true, "has360": false, "hasStaging": false, "topNewDevelopment": false}, {"propertyCode": "92082951", "thumbnail": "https://img3.idealista.com/blur/WEB_LISTING/0/id.pro.es.image.master/0d/23/a7/830497892.jpg", "externalReference": "VB1905010-6", "numPhotos": 30, "floor": "9", "price": 525000.0, "propertyType": "flat", "operation": "sale", "size": 91.0, "exterior": true, "rooms": 2, "bathrooms": 2, "address": "Calle de C\u00f2rsega", "province": "Barcelona", "municipality": "Barcelona", "district": "Eixample", "country": "es", "neighborhood": "La Nova Esquerra de l'Eixample", "latitude": 41.383131, "longitude": 2.1456363, "showAddress": false, "url": "https://www.idealista.com/inmueble/92082951/", "distance": "3135", "hasVideo": true, "status": "good", "newDevelopment": false, "hasLift": true, "priceByArea": 5769.0, "detailedType": {"typology": "flat"}, "suggestedTexts": {"subtitle": "La Nova Esquerra de l'Eixample, Barcelona", "title": "Piso en Calle de C\u00f2rsega"}, "hasPlan": false, "has3DTour": false, "has360": false, "hasStaging": false, "topNewDevelopment": false}, {"propertyCode": "91948705", "thumbnail": "https://img3.idealista.com/blur/WEB_LISTING/0/id.pro.es.image.master/67/57/58/827121099.jpg", "externalReference": "VB2009002-5", "numPhotos": 28, "floor": "en", "price": 290000.0, "propertyType": "flat", "operation": "sale", "size": 50.0, "exterior": true, "rooms": 2, "bathrooms": 1, "address": "barrio El Poble Sec - Parc de Montju\u00efc", "province": "Barcelona", "municipality": "Barcelona", "district": "Sants-Montju\u00efc", "country": "es", "neighborhood": "El Poble Sec - Parc de Montju\u00efc", "latitude": 41.3726498, "longitude": 2.1600814, "showAddress": false, "url": "https://www.idealista.com/inmueble/91948705/", "distance": "2927", "hasVideo": false, "status": "good", "newDevelopment": false, "hasLift": true, "priceByArea": 5800.0, "detailedType": {"typology": "flat"}, "suggestedTexts": {"subtitle": "El Poble Sec - Parc de Montju\u00efc, Barcelona", "title": "Piso"}, "hasPlan": true, "has3DTour": false, "has360": false, "hasStaging": false, "topNewDevelopment": false}, {"propertyCode": "91684916", "thumbnail": "https://img3.idealista.com/blur/WEB_LISTING/0/id.pro.es.image.master/ac/89/42/820756920.jpg", "externalReference": "VB2005013-5", "numPhotos": 35, "floor": "4", "price": 795000.0, "propertyType": "flat", "operation": "sale", "size": 136.0, "exterior": true, "rooms": 4, "bathrooms": 2, "address": "barrio Sant Antoni", "province": "Barcelona", "municipality": "Barcelona", "district": "Eixample", "country": "es", "neighborhood": "Sant Antoni", "latitude": 41.3769317, "longitude": 2.1551002, "showAddress": false, "url": "https://www.idealista.com/inmueble/91684916/", "distance": "2948", "hasVideo": true, "status": "good", "newDevelopment": false, "hasLift": true, "priceByArea": 5846.0, "detailedType": {"typology": "flat"}, "suggestedTexts": {"subtitle": "Sant Antoni, Barcelona", "title": "Piso"}, "hasPlan": true, "has3DTour": false, "has360": false, "hasStaging": false, "topNewDevelopment": false}, {"propertyCode": "91561354", "thumbnail": "https://img3.idealista.com/blur/WEB_LISTING/0/id.pro.es.image.master/27/cb/e4/817510035.jpg", "externalReference": "W-02D6M9", "numPhotos": 26, "floor": "3", "price": 399000.0, "propertyType": "flat", "operation": "sale", "size": 117.0, "exterior": false, "rooms": 3, "bathrooms": 2, "address": "barrio La Maternitat i Sant Ramon", "province": "Barcelona", "municipality": "Barcelona", "district": "Les Corts", "country": "es", "neighborhood": "La Maternitat i Sant Ramon", "latitude": 41.3780895, "longitude": 2.1173664, "showAddress": false, "url": "https://www.idealista.com/inmueble/91561354/", "distance": "2660", "hasVideo": false, "status": "good", "newDevelopment": false, "hasLift": true, "priceByArea": 3410.0, "detailedType": {"typology": "flat"}, "suggestedTexts": {"subtitle": "La Maternitat i Sant Ramon, Barcelona", "title": "Piso"}, "hasPlan": true, "has3DTour": false, "has360": false, "hasStaging": false, "topNewDevelopment": false}, {"propertyCode": "91113514", "thumbnail": "https://img3.idealista.com/blur/WEB_LISTING/0/id.pro.es.image.master/df/49/62/847931018.jpg", "externalReference": "W-02JTHV", "numPhotos": 22, "price": 235000.0, "propertyType": "flat", "operation": "sale", "size": 60.0, "exterior": false, "rooms": 2, "bathrooms": 1, "address": "barrio Les Corts", "province": "Barcelona", "municipality": "Barcelona", "district": "Les Corts", "country": "es", "neighborhood": "Les Corts", "latitude": 41.3820867, "longitude": 2.1322806, "showAddress": false, "url": "https://www.idealista.com/inmueble/91113514/", "distance": "2806", "hasVideo": false, "status": "renew", "newDevelopment": false, "hasLift": true, "priceByArea": 3917.0, "detailedType": {"typology": "flat"}, "suggestedTexts": {"subtitle": "Les Corts, Barcelona", "title": "Piso"}, "hasPlan": true, "has3DTour": false, "has360": false, "hasStaging": false, "topNewDevelopment": false}, {"propertyCode": "91094188", "thumbnail": "https://img3.idealista.com/blur/WEB_LISTING/0/id.pro.es.image.master/62/1b/f4/806621965.jpg", "externalReference": "W-02I1QN", "numPhotos": 28, "floor": "1", "price": 295000.0, "propertyType": "flat", "operation": "sale", "size": 80.0, "exterior": false, "rooms": 3, "bathrooms": 2, "address": "barrio La Maternitat i Sant Ramon", "province": "Barcelona", "municipality": "Barcelona", "district": "Les Corts", "country": "es", "neighborhood": "La Maternitat i Sant Ramon", "latitude": 41.3785883, "longitude": 2.1233407, "showAddress": false, "url": "https://www.idealista.com/inmueble/91094188/", "distance": "2523", "hasVideo": false, "status": "good", "newDevelopment": false, "hasLift": true, "priceByArea": 3688.0, "detailedType": {"typology": "flat"}, "suggestedTexts": {"subtitle": "La Maternitat i Sant Ramon, Barcelona", "title": "Piso"}, "hasPlan": true, "has3DTour": false, "has360": false, "hasStaging": false, "topNewDevelopment": false}]