[{"propertyCode": "86950973", "thumbnail": "https://img3.idealista.com/blur/WEB_LISTING/0/id.pro.es.image.master/93/0a/7a/853085136.jpg", "externalReference": "39533", "numPhotos": 35, "price": 2200000.0, "propertyType": "chalet", "operation": "sale", "size": 360.0, "exterior": false, "rooms": 7, "bathrooms": 6, "address": "Plaza de Rovira i Trias", "province": "Barcelona", "municipality": "Barcelona", "district": "Gr\u00e0cia", "country": "es", "neighborhood": "Vila de Gr\u00e0cia", "latitude": 41.4095022, "longitude": 2.1565747, "showAddress": false, "url": "https://www.idealista.com/inmueble/86950973/", "distance": "374", "hasVideo": true, "status": "good", "newDevelopment": false, "priceByArea": 6111.0, "detailedType": {"typology": "chalet", "subTypology": "semidetachedHouse"}, "suggestedTexts": {"subtitle": "Vila de Gr\u00e0cia, Barcelona", "title": "Chalet pareado en Plaza de Rovira i Trias"}, "hasPlan": true, "has3DTour": true, "has360": false, "hasStaging": false, "topNewDevelopment": false}, {"propertyCode": "91871699", "thumbnail": "https://img3.idealista.com/blur/WEB_LISTING/0/id.pro.es.image.master/de/b4/55/825275685.jpg", "externalReference": "VB2011034", "numPhotos": 22, "floor": "3", "price": 395000.0, "propertyType": "flat", "operation": "sale", "size": 85.0, "exterior": true, "rooms": 2, "bathrooms": 1, "address": "barrio Vila de Gr\u00e0cia", "province": "Barcelona", "municipality": "Barcelona", "district": "Gr\u00e0cia", "country": "es", "neighborhood": "Vila de Gr\u00e0cia", "latitude": 41.4044064, "longitude": 2.1528527, "showAddress": false, "url": "https://www.idealista.com/inmueble/91871699/", "distance": "273", "hasVideo": true, "status": "good", "newDevelopment": false, "hasLift": false, "priceByArea": 4647.0, "detailedType": {"typology": "flat"}, "suggestedTexts": {"subtitle": "Vila de Gr\u00e0cia, Barcelona", "title": "Piso"}, "hasPlan": true, "has3DTour": true, "has360": false, "hasStaging": false, "topNewDevelopment": false}, {"propertyCode": "89706442", "thumbnail": "https://img3.idealista.com/blur/WEB_LISTING/0/id.pro.es.image.master/8d/de/e1/774571617.jpg", "externalReference": "W-02IFY9", "numPhotos": 41, "floor": "5", "price": 495000.0, "propertyType": "flat", "operation": "sale", "size": 126.0, "exterior": false, "rooms": 4, "bathrooms": 2, "address": "barrio El Camp d'En Grassot i Gr\u00e0cia Nova", "province": "Barcelona", "municipality": "Barcelona", "district": "Gr\u00e0cia", "country": "es", "neighborhood": "El Camp d'En Grassot i Gr\u00e0cia Nova", "latitude": 41.4115467, "longitude": 2.1617976, "showAddress": false, "url": "https://www.idealista.com/inmueble/89706442/", "distance": "819", "hasVideo": false, "status": "good", "newDevelopment": false, "hasLift": true, "priceByArea": 3929.0, "detailedType": {"typology": "flat"}, "suggestedTexts": {"subtitle": "El Camp d'En Grassot i Gr\u00e0cia Nova, Barcelona", "title": "Piso"}, "hasPlan": true, "has3DTour": true, "has360": false, "hasStaging": false, "topNewDevelopment": false}, {"propertyCode": "88993130", "thumbnail": "https://img3.idealista.com/blur/WEB_LISTING/0/id.pro.es.image.master/34/9e/59/761303363.jpg", "externalReference": "W-02D55P", "numPhotos": 32, "floor": "2", "price": 800000.0, "propertyType": "flat", "operation": "sale", "size": 165.0, "exterior": false, "rooms": 4, "bathrooms": 3, "address": "barrio El Putxet i el Farr\u00f3", "province": "Barcelona", "municipality": "Barcelona", "district": "Sarri\u00e0-Sant Gervasi", "country": "es", "neighborhood": "El Putxet i el Farr\u00f3", "latitude": 41.4077268, "longitude": 2.1456862, "showAddress": false, "url": "https://www.idealista.com/inmueble/88993130/", "distance": "766", "hasVideo": false, "status": "good", "newDevelopment": false, "hasLift": true, "parkingSpace": {"hasParkingSpace": true, "isParkingSpaceIncludedInPrice": true}, "priceByArea": 4848.0, "detailedType": {"typology": "flat"}, "suggestedTexts": {"subtitle": "El Putxet i el Farr\u00f3, Barcelona", "title": "Piso"}, "hasPlan": true, "has3DTour": true, "has360": false, "hasStaging": false, "topNewDevelopment": false}, {"propertyCode": "85493774", "thumbnail": "https://img3.idealista.com/blur/WEB_LISTING/0/id.pro.es.image.master/b4/84/0a/771646001.jpg", "externalReference": "W-02ECLK", "numPhotos": 36, "floor": "bj", "price": 750000.0, "propertyType": "flat", "operation": "sale", "size": 202.0, "exterior": false, "rooms": 1, "bathrooms": 2, "address": "barrio Vila de Gr\u00e0cia", "province": "Barcelona", "municipality": "Barcelona", "district": "Gr\u00e0cia", "country": "es", "neighborhood": "Vila de Gr\u00e0cia", "latitude": 41.4005828, "longitude": 2.1558008, "showAddress": false, "url": "https://www.idealista.com/inmueble/85493774/", "distance": "656", "hasVideo": false, "status": "good", "newDevelopment": false, "hasLift": false, "parkingSpace": {"hasParkingSpace": true, "isParkingSpaceIncludedInPrice": true}, "priceByArea": 3713.0, "detailedType": {"typology": "flat"}, "suggestedTexts": {"subtitle": "Vila de Gr\u00e0cia, Barcelona", "title": "Piso"}, "hasPlan": true, "has3DTour": true, "has360": false, "hasStaging": false, "topNewDevelopment": false}, {"propertyCode": "91332200", "thumbnail": "https://img3.idealista.com/blur/WEB_LISTING/0/id.pro.es.image.master/84/9d/f8/812136352.jpg", "externalReference": "W-02JUTK", "numPhotos": 24, "floor": "1", "price": 395000.0, "propertyType": "flat", "operation": "sale", "size": 113.0, "exterior": false, "rooms": 4, "bathrooms": 1, "address": "barrio Vila de Gr\u00e0cia", "province": "Barcelona", "municipality": "Barcelona", "district": "Gr\u00e0cia", "country": "es", "neighborhood": "Vila de Gr\u00e0cia", "latitude": 41.4017637, "longitude": 2.1628004, "showAddress": false, "url": "https://www.idealista.com/inmueble/91332200/", "distance": "850", "hasVideo": false, "status": "good", "newDevelopment": false, "hasLift": false, "priceByArea": 3496.0, "detailedType": {"typology": "flat"}, "suggestedTexts": {"subtitle": "Vila de Gr\u00e0cia, Barcelona", "title": "Piso"}, "hasPlan": true, "has3DTour": false, "has360": true, "hasStaging": false, "topNewDevelopment": false}, {"propertyCode": "92416036", "thumbnail": "https://img3.idealista.com/blur/WEB_LISTING/0/id.pro.es.image.master/36/03/79/839179772.jpg", "externalReference": "BCN06050", "numPhotos": 31, "floor": "1", "price": 1395000.0, "propertyType": "flat", "operation": "sale", "size": 180.0, "exterior": true, "rooms": 3, "bathrooms": 2, "address": "barrio Sant Gervasi - Galvany", "province": "Barcelona", "municipality": "Barcelona", "district": "Sarri\u00e0-Sant Gervasi", "country": "es", "neighborhood": "Sant Gervasi - Galvany", "latitude": 41.4022562, "longitude": 2.1487284, "showAddress": false, "url": "https://www.idealista.com/inmueble/92416036/", "distance": "682", "hasVideo": true, "status": "good", "newDevelopment": false, "hasLift": true, "priceByArea": 7750.0, "detailedType": {"typology": "flat"}, "suggestedTexts": {"subtitle": "Sant Gervasi - Galvany, Barcelona", "title": "Piso"}, "hasPlan": true, "has3DTour": false, "has360": false, "hasStaging": false, "topNewDevelopment": false}, {"propertyCode": "91869060", "thumbnail": "https://img3.idealista.com/blur/WEB_LISTING/0/id.pro.es.image.master/5b/66/7d/825201527.jpg", "externalReference": "VB2011033", "numPhotos": 33, "floor": "1", "price": 985000.0, "propertyType": "flat", "operation": "sale", "size": 210.0, "exterior": true, "rooms": 5, "bathrooms": 4, "address": "barrio El Putxet i el Farr\u00f3", "province": "Barcelona", "municipality": "Barcelona", "district": "Sarri\u00e0-Sant Gervasi", "country": "es", "neighborhood": "El Putxet i el Farr\u00f3", "latitude": 41.405933, "longitude": 2.145408, "showAddress": false, "url": "https://www.idealista.com/inmueble/91869060/", "distance": "778", "hasVideo": true, "status": "good", "newDevelopment": false, "hasLift": true, "parkingSpace": {"hasParkingSpace": true, "isParkingSpaceIncludedInPrice": true}, "priceByArea": 4690.0, "detailedType": {"typology": "flat"}, "suggestedTexts": {"subtitle": "El Putxet i el Farr\u00f3, Barcelona", "title": "Piso"}, "hasPlan": true, "has3DTour": false, "has360": true, "hasStaging": false, "topNewDevelopment": false}, {"propertyCode": "87362371", "thumbnail": "https://img3.idealista.com/blur/WEB_LISTING/0/id.pro.es.image.master/1f/30/b9/849513899.jpg", "externalReference": "7488", "numPhotos": 39, "floor": "1", "price": 769000.0, "propertyType": "flat", "operation": "sale", "size": 210.0, "exterior": true, "rooms": 5, "bathrooms": 3, "address": "Traves\u00eda de Gr\u00e0cia", "province": "Barcelona", "municipality": "Barcelona", "district": "Sarri\u00e0-Sant Gervasi", "country": "es", "neighborhood": "Sant Gervasi - Galvany", "latitude": 41.4001304, "longitude": 2.1538031, "showAddress": false, "url": "https://www.idealista.com/inmueble/87362371/", "distance": "704", "hasVideo": true, "status": "renew", "newDevelopment": false, "hasLift": true, "priceByArea": 3662.0, "detailedType": {"typology": "flat"}, "suggestedTexts": {"subtitle": "Sant Gervasi - Galvany, Barcelona", "title": "Piso en Traves\u00eda de Gr\u00e0cia"}, "hasPlan": true, "has3DTour": true, "has360": true, "hasStaging": false, "topNewDevelopment": false}, {"propertyCode": "93132862", "thumbnail": "https://img3.idealista.com/blur/WEB_LISTING/0/id.pro.es.image.master/38/ff/10/855262634.jpg", "externalReference": "VB2103006", "numPhotos": 56, "floor": "3", "price": 1100000.0, "propertyType": "penthouse", "operation": "sale", "size": 400.0, "exterior": true, "rooms": 4, "bathrooms": 3, "address": "Calle del Torrent de l'Olla", "province": "Barcelona", "municipality": "Barcelona", "district": "Gr\u00e0cia", "country": "es", "neighborhood": "Vila de Gr\u00e0cia", "latitude": 41.406338, "longitude": 2.1501168, "showAddress": false, "url": "https://www.idealista.com/inmueble/93132862/", "distance": "383", "hasVideo": true, "status": "renew", "newDevelopment": false, "hasLift": true, "priceByArea": 2750.0, "detailedType": {"typology": "flat", "subTypology": "penthouse"}, "suggestedTexts": {"subtitle": "Vila de Gr\u00e0cia, Barcelona", "title": "\u00c1tico en Calle del Torrent de l'Olla"}, "hasPlan": true, "has3DTour": false, "has360": false, "hasStaging": false, "topNewDevelopment": false}, {"propertyCode": "93182789", "thumbnail": "https://img3.idealista.com/blur/WEB_LISTING/0/id.pro.es.image.master/66/30/01/856381363.jpg", "externalReference": "D-40703", "numPhotos": 27, "floor": "2", "price": 399000.0, "propertyType": "flat", "operation": "sale", "size": 112.0, "exterior": true, "rooms": 4, "bathrooms": 3, "address": "Avenida de la Riera de Cassoles", "province": "Barcelona", "municipality": "Barcelona", "district": "Gr\u00e0cia", "country": "es", "neighborhood": "Vila de Gr\u00e0cia", "latitude": 41.4046524, "longitude": 2.1482691, "showAddress": false, "url": "https://www.idealista.com/inmueble/93182789/", "distance": "573", "hasVideo": true, "status": "renew", "newDevelopment": false, "hasLift": true, "priceByArea": 3563.0, "detailedType": {"typology": "flat"}, "suggestedTexts": {"subtitle": "Vila de Gr\u00e0cia, Barcelona", "title": "Piso en Avenida de la Riera de Cassoles"}, "hasPlan": true, "has3DTour": false, "has360": false, "hasStaging": false, "topNewDevelopment": false}, {"propertyCode": "92625235", "thumbnail": "https://img3.idealista.com/blur/WEB_LISTING/0/id.pro.es.image.master/9a/da/df/855811463.jpg", "externalReference": "FG61-31", "numPhotos": 23, "floor": "3", "price": 488000.0, "propertyType": "flat", "operation": "sale", "size": 118.0, "exterior": false, "rooms": 3, "bathrooms": 1, "address": "Calle Gran de Gr\u00e0cia", "province": "Barcelona", "municipality": "Barcelona", "district": "Gr\u00e0cia", "country": "es", "neighborhood": "Vila de Gr\u00e0cia", "latitude": 41.4011023, "longitude": 2.1574188, "showAddress": false, "url": "https://www.idealista.com/inmueble/92625235/", "distance": "634", "hasVideo": false, "status": "good", "newDevelopment": false, "hasLift": true, "priceByArea": 4136.0, "detailedType": {"typology": "flat"}, "suggestedTexts": {"subtitle": "Vila de Gr\u00e0cia, Barcelona", "title": "Piso en Calle Gran de Gr\u00e0cia"}, "hasPlan": true, "has3DTour": false, "has360": false, "hasStaging": false, "topNewDevelopment": false}, {"propertyCode": "93181159", "thumbnail": "https://img3.idealista.com/blur/WEB_LISTING/0/id.pro.es.image.master/be/ac/0a/856337956.jpg", "externalReference": "VB2103013", "numPhotos": 39, "floor": "1", "price": 395000.0, "propertyType": "flat", "operation": "sale", "size": 76.0, "exterior": true, "rooms": 2, "bathrooms": 1, "address": "barrio Vila de Gr\u00e0cia", "province": "Barcelona", "municipality": "Barcelona", "district": "Gr\u00e0cia", "country": "es", "neighborhood": "Vila de Gr\u00e0cia", "latitude": 41.4019072, "longitude": 2.1592846, "showAddress": false, "url": "https://www.idealista.com/inmueble/93181159/", "distance": "631", "hasVideo": true, "status": "good", "newDevelopment": false, "hasLift": false, "priceByArea": 5197.0, "detailedType": {"typology": "flat"}, "suggestedTexts": {"subtitle": "Vila de Gr\u00e0cia, Barcelona", "title": "Piso"}, "hasPlan": true, "has3DTour": false, "has360": false, "hasStaging": false, "topNewDevelopment": false}, {"propertyCode": "93132138", "thumbnail": "https://img3.idealista.com/blur/WEB_LISTING/0/id.pro.es.image.master/64/7e/c5/855243592.jpg", "externalReference": "VB2103004", "numPhotos": 32, "price": 660000.0, "propertyType": "chalet", "operation": "sale", "size": 125.0, "exterior": false, "rooms": 2, "bathrooms": 2, "address": "barrio El Camp d'En Grassot i Gr\u00e0cia Nova", "province": "Barcelona", "municipality": "Barcelona", "district": "Gr\u00e0cia", "country": "es", "neighborhood": "El Camp d'En Grassot i Gr\u00e0cia Nova", "latitude": 41.4113114, "longitude": 2.1627086, "showAddress": false, "url": "https://www.idealista.com/inmueble/93132138/", "distance": "859", "hasVideo": true, "status": "good", "newDevelopment": false, "priceByArea": 5280.0, "detailedType": {"typology": "chalet"}, "suggestedTexts": {"subtitle": "El Camp d'En Grassot i Gr\u00e0cia Nova, Barcelona", "title": "Chalet"}, "hasPlan": true, "has3DTour": false, "has360": false, "hasStaging": false, "topNewDevelopment": false}, {"propertyCode": "92493100", "thumbnail": "https://img3.idealista.com/blur/WEB_LISTING/0/id.pro.es.image.master/9b/30/c2/841436559.jpg", "externalReference": "245132", "numPhotos": 33, "floor": "bj", "price": 620000.0, "propertyType": "duplex", "operation": "sale", "size": 91.0, "exterior": true, "rooms": 3, "bathrooms": 3, "address": "barrio El Putxet i el Farr\u00f3", "province": "Barcelona", "municipality": "Barcelona", "district": "Sarri\u00e0-Sant Gervasi", "country": "es", "neighborhood": "El Putxet i el Farr\u00f3", "latitude": 41.4055634, "longitude": 2.1444171, "showAddress": false, "url": "https://www.idealista.com/inmueble/92493100/", "distance": "864", "hasVideo": false, "status": "good", "newDevelopment": false, "hasLift": true, "parkingSpace": {"hasParkingSpace": true, "isParkingSpaceIncludedInPrice": true}, "priceByArea": 6813.0, "detailedType": {"typology": "flat", "subTypology": "duplex"}, "suggestedTexts": {"subtitle": "El Putxet i el Farr\u00f3, Barcelona", "title": "D\u00faplex"}, "hasPlan": true, "has3DTour": false, "has360": false, "hasStaging": false, "topNewDevelopment": false}, {"propertyCode": "92480222", "thumbnail": "https://img3.idealista.com/blur/WEB_LISTING/0/id.pro.es.image.master/5a/37/dd/840712211.jpg", "externalReference": "BCN26639", "numPhotos": 28, "price": 1280000.0, "propertyType": "flat", "operation": "sale", "size": 306.0, "exterior": true, "rooms": 8, "bathrooms": 4, "address": "barrio Vila de Gr\u00e0cia", "province": "Barcelona", "municipality": "Barcelona", "district": "Gr\u00e0cia", "country": "es", "neighborhood": "Vila de Gr\u00e0cia", "latitude": 41.4008588, "longitude": 2.155351, "showAddress": false, "url": "https://www.idealista.com/inmueble/92480222/", "distance": "622", "hasVideo": false, "status": "renew", "newDevelopment": false, "hasLift": true, "priceByArea": 4183.0, "detailedType": {"typology": "flat"}, "suggestedTexts": {"subtitle": "Vila de Gr\u00e0cia, Barcelona", "title": "Piso"}, "hasPlan": true, "has3DTour": false, "has360": false, "hasStaging": false, "topNewDevelopment": false}, {"propertyCode": "84828817", "thumbnail": "https://img3.idealista.com/blur/WEB_LISTING/0/id.pro.es.image.master/e4/4c/8a/758972594.jpg", "externalReference": "BCN17289", "numPhotos": 27, "price": 790000.0, "propertyType": "penthouse", "operation": "sale", "size": 120.0, "exterior": true, "rooms": 4, "bathrooms": 2, "address": "barrio El Putxet i el Farr\u00f3", "province": "Barcelona", "municipality": "Barcelona", "district": "Sarri\u00e0-Sant Gervasi", "country": "es", "neighborhood": "El Putxet i el Farr\u00f3", "latitude": 41.4036441, "longitude": 2.151285, "showAddress": false, "url": "https://www.idealista.com/inmueble/84828817/", "distance": "421", "hasVideo": false, "status": "renew", "newDevelopment": false, "hasLift": true, "parkingSpace": {"hasParkingSpace": true, "isParkingSpaceIncludedInPrice": true}, "priceByArea": 6583.0, "detailedType": {"typology": "flat", "subTypology": "penthouse"}, "suggestedTexts": {"subtitle": "El Putxet i el Farr\u00f3, Barcelona", "title": "\u00c1tico"}, "hasPlan": true, "has3DTour": false, "has360": false, "hasStaging": false, "topNewDevelopment": false}, {"propertyCode": "91890897", "thumbnail": "https://img3.idealista.com/blur/WEB_LISTING/0/id.pro.es.image.master/e3/94/a3/825760763.jpg", "externalReference": "1820", "numPhotos": 26, "floor": "4", "price": 278000.0, "propertyType": "flat", "operation": "sale", "size": 65.0, "exterior": false, "rooms": 2, "bathrooms": 1, "address": "Encarnacion", "province": "Barcelona", "municipality": "Barcelona", "district": "Gr\u00e0cia", "country": "es", "neighborhood": "El Camp d'En Grassot i Gr\u00e0cia Nova", "latitude": 41.406544, "longitude": 2.164587, "showAddress": false, "url": "https://www.idealista.com/inmueble/91890897/", "distance": "823", "hasVideo": true, "status": "good", "newDevelopment": false, "hasLift": true, "priceByArea": 4277.0, "detailedType": {"typology": "flat"}, "suggestedTexts": {"subtitle": "El Camp d'En Grassot i Gr\u00e0cia Nova, Barcelona", "title": "Piso en Encarnacion"}, "hasPlan": true, "has3DTour": false, "has360": false, "hasStaging": false, "topNewDevelopment": false}, {"propertyCode": "91784565", "thumbnail": "https://img3.idealista.com/blur/WEB_LISTING/0/id.pro.es.image.master/f2/ea/81/823214879.jpg", "externalReference": "VB2011005-1", "numPhotos": 21, "floor": "4", "price": 429000.0, "propertyType": "penthouse", "operation": "sale", "size": 80.0, "exterior": true, "rooms": 1, "bathrooms": 1, "address": "barrio Vallcarca i els Penitents", "province": "Barcelona", "municipality": "Barcelona", "district": "Gr\u00e0cia", "country": "es", "neighborhood": "Vallcarca i els Penitents", "latitude": 41.4114349, "longitude": 2.1499492, "showAddress": false, "url": "https://www.idealista.com/inmueble/91784565/", "distance": "683", "hasVideo": true, "status": "good", "newDevelopment": false, "hasLift": true, "priceByArea": 5363.0, "detailedType": {"typology": "flat", "subTypology": "penthouse"}, "suggestedTexts": {"subtitle": "Vallcarca i els Penitents, Barcelona", "title": "\u00c1tico"}, "hasPlan": true, "has3DTour": false, "has360": false, "hasStaging": false, "topNewDevelopment": false}, {"propertyCode": "91535815", "thumbnail": "https://img3.idealista.com/blur/WEB_LISTING/0/id.pro.es.image.master/42/09/0b/816891222.jpg", "externalReference": "W-02FPFP", "numPhotos": 32, "floor": "bj", "price": 500000.0, "propertyType": "flat", "operation": "sale", "size": 103.0, "exterior": false, "rooms": 2, "bathrooms": 1, "address": "barrio Vila de Gr\u00e0cia", "province": "Barcelona", "municipality": "Barcelona", "district": "Gr\u00e0cia", "country": "es", "neighborhood": "Vila de Gr\u00e0cia", "latitude": 41.4024589, "longitude": 2.1543641, "showAddress": false, "url": "https://www.idealista.com/inmueble/91535815/", "distance": "442", "hasVideo": false, "status": "good", "newDevelopment": false, "hasLift": false, "priceByArea": 4854.0, "detailedType": {"typology": "flat"}, "suggestedTexts": {"subtitle": "Vila de Gr\u00e0cia, Barcelona", "title": "Piso"}, "hasPlan": true, "has3DTour": false, "has360": false, "hasStaging": false, "topNewDevelopment": false}, {"propertyCode": "92959266", "thumbnail": "https://img3.idealista.com/blur/WEB_LISTING/0/id.pro.es.image.master/6d/b9/21/852035644.jpg", "externalReference": "RM24", "numPhotos": 32, "floor": "bj", "price": 850000.0, "propertyType": "duplex", "operation": "sale", "size": 222.0, "exterior": true, "rooms": 3, "bathrooms": 3, "address": "Rambla de Mercedes, 24", "province": "Barcelona", "municipality": "Barcelona", "district": "Gr\u00e0cia", "country": "es", "neighborhood": "La Salut", "latitude": 41.412369, "longitude": 2.1546071, "showAddress": true, "url": "https://www.idealista.com/inmueble/92959266/", "distance": "660", "hasVideo": false, "status": "good", "newDevelopment": false, "hasLift": true, "priceByArea": 3829.0, "detailedType": {"typology": "flat", "subTypology": "duplex"}, "suggestedTexts": {"subtitle": "La Salut, Barcelona", "title": "D\u00faplex en Rambla de Mercedes, 24"}, "hasPlan": true, "has3DTour": false, "has360": false, "hasStaging": false, "topNewDevelopment": false}, {"propertyCode": "90416547", "thumbnail": "https://img3.idealista.com/blur/WEB_LISTING/0/id.pro.es.image.master/e5/59/52/790309392.jpg", "externalReference": "9221", "numPhotos": 34, "price": 285000.0, "propertyType": "flat", "operation": "sale", "size": 75.0, "exterior": true, "rooms": 3, "bathrooms": 1, "address": "Calle de la Costa", "province": "Barcelona", "municipality": "Barcelona", "district": "Sarri\u00e0-Sant Gervasi", "country": "es", "neighborhood": "El Putxet i el Farr\u00f3", "latitude": 41.4097158, "longitude": 2.1464021, "showAddress": false, "url": "https://www.idealista.com/inmueble/90416547/", "distance": "783", "hasVideo": true, "status": "good", "newDevelopment": false, "hasLift": true, "priceByArea": 3800.0, "detailedType": {"typology": "flat"}, "suggestedTexts": {"subtitle": "El Putxet i el Farr\u00f3, Barcelona", "title": "Piso en Calle de la Costa"}, "hasPlan": true, "has3DTour": true, "has360": false, "hasStaging": false, "topNewDevelopment": false}, {"propertyCode": "93044732", "thumbnail": "https://img3.idealista.com/blur/WEB_LISTING/0/id.pro.es.image.master/67/f6/b3/853331671.jpg", "externalReference": "VB2102066", "numPhotos": 30, "floor": "en", "price": 515000.0, "propertyType": "flat", "operation": "sale", "size": 102.0, "exterior": true, "rooms": 4, "bathrooms": 2, "address": "Calle Gran de Gr\u00e0cia", "province": "Barcelona", "municipality": "Barcelona", "district": "Gr\u00e0cia", "country": "es", "neighborhood": "Vila de Gr\u00e0cia", "latitude": 41.4007467, "longitude": 2.1564908, "showAddress": false, "url": "https://www.idealista.com/inmueble/93044732/", "distance": "649", "hasVideo": true, "status": "good", "newDevelopment": false, "hasLift": false, "priceByArea": 5049.0, "detailedType": {"typology": "flat"}, "suggestedTexts": {"subtitle": "Vila de Gr\u00e0cia, Barcelona", "title": "Piso en Calle Gran de Gr\u00e0cia"}, "hasPlan": false, "has3DTour": false, "has360": false, "hasStaging": false, "topNewDevelopment": false}, {"propertyCode": "92867155", "thumbnail": "https://img3.idealista.com/blur/WEB_LISTING/0/id.pro.es.image.master/ab/31/3f/853572886.jpg", "externalReference": "S-30792", "numPhotos": 45, "floor": "en", "price": 189000.0, "propertyType": "flat", "operation": "sale", "size": 50.0, "exterior": true, "rooms": 1, "bathrooms": 1, "address": "Calle de l'Or", "province": "Barcelona", "municipality": "Barcelona", "district": "Gr\u00e0cia", "country": "es", "neighborhood": "Vila de Gr\u00e0cia", "latitude": 41.4054082, "longitude": 2.1576085, "showAddress": false, "url": "https://www.idealista.com/inmueble/92867155/", "distance": "266", "hasVideo": false, "status": "good", "newDevelopment": false, "hasLift": true, "priceByArea": 3780.0, "detailedType": {"typology": "flat"}, "suggestedTexts": {"subtitle": "Vila de Gr\u00e0cia, Barcelona", "title": "Piso en Calle de l'Or"}, "hasPlan": true, "has3DTour": false, "has360": false, "hasStaging": false, "topNewDevelopment": false}, {"propertyCode": "92596940", "thumbnail": "https://img3.idealista.com/blur/WEB_LISTING/0/id.pro.es.image.master/a7/52/f3/855602806.jpg", "externalReference": "S-30616", "numPhotos": 54, "floor": "en", "price": 369000.0, "propertyType": "flat", "operation": "sale", "size": 118.0, "exterior": true, "rooms": 3, "bathrooms": 1, "address": "Calle de Pi i Margall", "province": "Barcelona", "municipality": "Barcelona", "district": "Gr\u00e0cia", "country": "es", "neighborhood": "El Camp d'En Grassot i Gr\u00e0cia Nova", "latitude": 41.4064735, "longitude": 2.1638712, "showAddress": false, "url": "https://www.idealista.com/inmueble/92596940/", "distance": "763", "hasVideo": false, "status": "good", "newDevelopment": false, "hasLift": true, "priceByArea": 3127.0, "detailedType": {"typology": "flat"}, "suggestedTexts": {"subtitle": "El Camp d'En Grassot i Gr\u00e0cia Nova, Barcelona", "title": "Piso en Calle de Pi i Margall"}, "hasPlan": true, "has3DTour": false, "has360": false, "hasStaging": false, "topNewDevelopment": false}, {"propertyCode": "88860058", "thumbnail": "https://img3.idealista.com/blur/WEB_LISTING/0/id.pro.es.image.master/b2/45/06/761181252.jpg", "externalReference": "CASA VERDI", "numPhotos": 63, "price": 745000.0, "propertyType": "chalet", "operation": "sale", "size": 200.0, "exterior": false, "rooms": 4, "bathrooms": 3, "address": "Calle de Verdi", "province": "Barcelona", "municipality": "Barcelona", "district": "Gr\u00e0cia", "country": "es", "neighborhood": "Vila de Gr\u00e0cia", "latitude": 41.4082061, "longitude": 2.1516253, "showAddress": false, "url": "https://www.idealista.com/inmueble/88860058/", "distance": "324", "hasVideo": false, "status": "good", "newDevelopment": false, "parkingSpace": {"hasParkingSpace": true, "isParkingSpaceIncludedInPrice": true}, "priceByArea": 3725.0, "detailedType": {"typology": "chalet", "subTypology": "terracedHouse"}, "suggestedTexts": {"subtitle": "Vila de Gr\u00e0cia, Barcelona", "title": "Chalet adosado en Calle de Verdi"}, "hasPlan": true, "has3DTour": false, "has360": false, "hasStaging": false, "topNewDevelopment": false}, {"propertyCode": "93185677", "thumbnail": "https://img3.idealista.com/blur/WEB_LISTING/0/id.pro.es.image.master/36/6c/8d/856458662.jpg", "externalReference": "001355A", "numPhotos": 36, "floor": "bj", "price": 965000.0, "propertyType": "chalet", "operation": "sale", "size": 178.0, "exterior": false, "rooms": 4, "bathrooms": 3, "address": "Calle d'Escipi\u00f3", "province": "Barcelona", "municipality": "Barcelona", "district": "Sarri\u00e0-Sant Gervasi", "country": "es", "neighborhood": "El Putxet i el Farr\u00f3", "latitude": 41.4055639, "longitude": 2.1464905, "showAddress": false, "url": "https://www.idealista.com/inmueble/93185677/", "distance": "692", "hasVideo": false, "status": "good", "newDevelopment": false, "priceByArea": 5421.0, "detailedType": {"typology": "chalet"}, "suggestedTexts": {"subtitle": "El Putxet i el Farr\u00f3, Barcelona", "title": "Chalet en Calle d'Escipi\u00f3"}, "hasPlan": false, "has3DTour": false, "has360": false, "hasStaging": false, "topNewDevelopment": false}, {"propertyCode": "92680188", "thumbnail": "https://img3.idealista.com/blur/WEB_LISTING/0/id.pro.es.image.master/39/2c/40/845517094.jpg", "externalReference": "1839", "numPhotos": 15, "floor": "2", "price": 243000.0, "propertyType": "flat", "operation": "sale", "size": 60.0, "exterior": true, "rooms": 3, "bathrooms": 1, "address": "Paseo d'Amunt", "province": "Barcelona", "municipality": "Barcelona", "district": "Gr\u00e0cia", "country": "es", "neighborhood": "El Camp d'En Grassot i Gr\u00e0cia Nova", "latitude": 41.4092469, "longitude": 2.1615643, "showAddress": false, "url": "https://www.idealista.com/inmueble/92680188/", "distance": "651", "hasVideo": true, "status": "good", "newDevelopment": false, "hasLift": true, "priceByArea": 4050.0, "detailedType": {"typology": "flat"}, "suggestedTexts": {"subtitle": "El Camp d'En Grassot i Gr\u00e0cia Nova, Barcelona", "title": "Piso en Paseo d'Amunt"}, "hasPlan": true, "has3DTour": false, "has360": false, "hasStaging": false, "topNewDevelopment": false}, {"propertyCode": "91742559", "thumbnail": "https://img3.idealista.com/blur/WEB_LISTING/0/id.pro.es.image.master/d2/af/7f/822164138.jpg", "externalReference": "001416", "numPhotos": 36, "floor": "bj", "price": 965000.0, "propertyType": "chalet", "operation": "sale", "size": 178.0, "exterior": false, "rooms": 4, "bathrooms": 3, "address": "Calle d'Escipi\u00f3", "province": "Barcelona", "municipality": "Barcelona", "district": "Sarri\u00e0-Sant Gervasi", "country": "es", "neighborhood": "El Putxet i el Farr\u00f3", "latitude": 41.4084639, "longitude": 2.1460905, "showAddress": false, "url": "https://www.idealista.com/inmueble/91742559/", "distance": "754", "hasVideo": false, "status": "good", "newDevelopment": false, "priceByArea": 5421.0, "detailedType": {"typology": "chalet"}, "suggestedTexts": {"subtitle": "El Putxet i el Farr\u00f3, Barcelona", "title": "Chalet en Calle d'Escipi\u00f3"}, "hasPlan": false, "has3DTour": false, "has360": true, "hasStaging": false, "topNewDevelopment": false}, {"propertyCode": "88697325", "thumbnail": "https://img3.idealista.com/blur/WEB_LISTING/0/id.pro.es.image.master/ea/a7/43/756015489.jpg", "externalReference": "W-02BPVK", "numPhotos": 31, "floor": "1", "price": 745000.0, "propertyType": "chalet", "operation": "sale", "size": 186.0, "exterior": false, "rooms": 3, "bathrooms": 3, "address": "barrio Vila de Gr\u00e0cia", "province": "Barcelona", "municipality": "Barcelona", "district": "Gr\u00e0cia", "country": "es", "neighborhood": "Vila de Gr\u00e0cia", "latitude": 41.4074247, "longitude": 2.152889, "showAddress": false, "url": "https://www.idealista.com/inmueble/88697325/", "distance": "188", "hasVideo": false, "status": "good", "newDevelopment": false, "parkingSpace": {"hasParkingSpace": true, "isParkingSpaceIncludedInPrice": true}, "priceByArea": 4005.0, "detailedType": {"typology": "chalet", "subTypology": "terracedHouse"}, "suggestedTexts": {"subtitle": "Vila de Gr\u00e0cia, Barcelona", "title": "Chalet adosado"}, "hasPlan": false, "has3DTour": false, "has360": false, "hasStaging": false, "topNewDevelopment": false}, {"propertyCode": "91456308", "thumbnail": "https://img3.idealista.com/blur/WEB_LISTING/0/id.pro.es.image.master/96/f1/c3/830161124.jpg", "externalReference": "GALA-TOR-", "numPhotos": 34, "floor": "3", "price": 320000.0, "propertyType": "flat", "operation": "sale", "size": 86.0, "exterior": true, "rooms": 2, "bathrooms": 2, "address": "torrent de l'olla", "province": "Barcelona", "municipality": "Barcelona", "district": "Gr\u00e0cia", "country": "es", "neighborhood": "Vila de Gr\u00e0cia", "latitude": 41.4053071, "longitude": 2.1553646, "showAddress": false, "url": "https://www.idealista.com/inmueble/91456308/", "distance": "136", "hasVideo": false, "status": "good", "newDevelopment": false, "hasLift": false, "priceByArea": 3721.0, "detailedType": {"typology": "flat"}, "suggestedTexts": {"subtitle": "Vila de Gr\u00e0cia, Barcelona", "title": "Piso en torrent de l'olla"}, "hasPlan": true, "has3DTour": false, "has360": false, "hasStaging": false, "topNewDevelopment": false}, {"propertyCode": "92592217", "thumbnail": "https://img3.idealista.com/blur/WEB_LISTING/0/id.pro.es.image.master/78/78/73/857057855.jpg", "externalReference": "210007", "numPhotos": 36, "floor": "3", "price": 820000.0, "propertyType": "flat", "operation": "sale", "size": 192.0, "exterior": false, "rooms": 7, "bathrooms": 3, "address": "barrio Vila de Gr\u00e0cia", "province": "Barcelona", "municipality": "Barcelona", "district": "Gr\u00e0cia", "country": "es", "neighborhood": "Vila de Gr\u00e0cia", "latitude": 41.4003119, "longitude": 2.1505489, "showAddress": false, "url": "https://www.idealista.com/inmueble/92592217/", "distance": "764", "hasVideo": false, "status": "good", "newDevelopment": false, "hasLift": true, "priceByArea": 4271.0, "detailedType": {"typology": "flat"}, "suggestedTexts": {"subtitle": "Vila de Gr\u00e0cia, Barcelona", "title": "Piso"}, "hasPlan": true, "has3DTour": false, "has360": false, "hasStaging": false, "topNewDevelopment": false}, {"propertyCode": "92341629", "thumbnail": "https://img3.idealista.com/blur/WEB_LISTING/0/id.pro.es.image.master/ff/5f/1e/852213841.jpg", "externalReference": "244345", "numPhotos": 23, "floor": "bj", "price": 470000.0, "propertyType": "flat", "operation": "sale", "size": 140.0, "exterior": true, "rooms": 3, "bathrooms": 2, "address": "barrio El Camp d'En Grassot i Gr\u00e0cia Nova", "province": "Barcelona", "municipality": "Barcelona", "district": "Gr\u00e0cia", "country": "es", "neighborhood": "El Camp d'En Grassot i Gr\u00e0cia Nova", "latitude": 41.4103984, "longitude": 2.159495, "showAddress": false, "url": "https://www.idealista.com/inmueble/92341629/", "distance": "594", "hasVideo": false, "status": "good", "newDevelopment": false, "hasLift": true, "priceByArea": 3357.0, "detailedType": {"typology": "flat"}, "suggestedTexts": {"subtitle": "El Camp d'En Grassot i Gr\u00e0cia Nova, Barcelona", "title": "Piso"}, "hasPlan": false, "has3DTour": false, "has360": false, "hasStaging": false, "topNewDevelopment": false}, {"propertyCode": "92168002", "thumbnail": "https://img3.idealista.com/blur/WEB_LISTING/0/id.pro.es.image.master/1e/00/8d/832612926.jpg", "externalReference": "1252", "numPhotos": 44, "floor": "7", "price": 820000.0, "propertyType": "flat", "operation": "sale", "size": 197.0, "exterior": true, "rooms": 5, "bathrooms": 3, "address": "Carrer de Balmes", "province": "Barcelona", "municipality": "Barcelona", "district": "Sarri\u00e0-Sant Gervasi", "country": "es", "neighborhood": "El Putxet i el Farr\u00f3", "latitude": 41.4026291, "longitude": 2.1458326, "showAddress": false, "url": "https://www.idealista.com/inmueble/92168002/", "distance": "853", "hasVideo": false, "status": "good", "newDevelopment": false, "hasLift": true, "priceByArea": 4162.0, "detailedType": {"typology": "flat"}, "suggestedTexts": {"subtitle": "El Putxet i el Farr\u00f3, Barcelona", "title": "Piso en Carrer de Balmes"}, "hasPlan": true, "has3DTour": true, "has360": false, "hasStaging": false, "topNewDevelopment": false}, {"propertyCode": "92111424", "thumbnail": "https://img3.idealista.com/blur/WEB_LISTING/0/id.pro.es.image.master/45/54/34/853382956.jpg", "externalReference": "W-02HNSJ", "numPhotos": 29, "price": 1350000.0, "propertyType": "chalet", "operation": "sale", "size": 325.0, "exterior": false, "rooms": 15, "bathrooms": 4, "address": "barrio El Camp d'En Grassot i Gr\u00e0cia Nova", "province": "Barcelona", "municipality": "Barcelona", "district": "Gr\u00e0cia", "country": "es", "neighborhood": "El Camp d'En Grassot i Gr\u00e0cia Nova", "latitude": 41.4115447, "longitude": 2.1582008, "showAddress": false, "url": "https://www.idealista.com/inmueble/92111424/", "distance": "638", "hasVideo": false, "status": "good", "newDevelopment": false, "priceByArea": 4154.0, "detailedType": {"typology": "chalet", "subTypology": "independantHouse"}, "suggestedTexts": {"subtitle": "El Camp d'En Grassot i Gr\u00e0cia Nova, Barcelona", "title": "Casa independiente"}, "hasPlan": false, "has3DTour": false, "has360": false, "hasStaging": false, "topNewDevelopment": false}, {"propertyCode": "91479955", "thumbnail": "https://img3.idealista.com/blur/WEB_LISTING/0/id.pro.es.image.master/0d/46/6f/815578246.jpg", "externalReference": "W-02JARQ", "numPhotos": 23, "floor": "1", "price": 570000.0, "propertyType": "flat", "operation": "sale", "size": 168.0, "exterior": false, "rooms": 2, "bathrooms": 1, "address": "barrio El Putxet i el Farr\u00f3", "province": "Barcelona", "municipality": "Barcelona", "district": "Sarri\u00e0-Sant Gervasi", "country": "es", "neighborhood": "El Putxet i el Farr\u00f3", "latitude": 41.4027739, "longitude": 2.1484708, "showAddress": false, "url": "https://www.idealista.com/inmueble/91479955/", "distance": "660", "hasVideo": false, "status": "good", "newDevelopment": false, "hasLift": true, "priceByArea": 3393.0, "detailedType": {"typology": "flat"}, "suggestedTexts": {"subtitle": "El Putxet i el Farr\u00f3, Barcelona", "title": "Piso"}, "hasPlan": false, "has3DTour": false, "has360": false, "hasStaging": false, "topNewDevelopment": false}, {"propertyCode": "90850852", "thumbnail": "https://img3.idealista.com/blur/WEB_LISTING/0/id.pro.es.image.master/3d/15/04/806126114.jpg", "externalReference": "W-02JD8F", "numPhotos": 36, "floor": "bj", "price": 760000.0, "propertyType": "chalet", "operation": "sale", "size": 220.0, "exterior": false, "rooms": 4, "bathrooms": 4, "address": "barrio El Putxet i el Farr\u00f3", "province": "Barcelona", "municipality": "Barcelona", "district": "Sarri\u00e0-Sant Gervasi", "country": "es", "neighborhood": "El Putxet i el Farr\u00f3", "latitude": 41.4034933, "longitude": 2.1452422, "showAddress": false, "url": "https://www.idealista.com/inmueble/90850852/", "distance": "855", "hasVideo": false, "status": "good", "newDevelopment": false, "parkingSpace": {"hasParkingSpace": true, "isParkingSpaceIncludedInPrice": true}, "priceByArea": 3455.0, "detailedType": {"typology": "chalet", "subTypology": "semidetachedHouse"}, "suggestedTexts": {"subtitle": "El Putxet i el Farr\u00f3, Barcelona", "title": "Chalet pareado"}, "hasPlan": false, "has3DTour": false, "has360": false, "hasStaging": false, "topNewDevelopment": false}, {"propertyCode": "90850804", "thumbnail": "https://img3.idealista.com/blur/WEB_LISTING/0/id.pro.es.image.master/35/5f/99/828519398.jpg", "externalReference": "W-02JPW7", "numPhotos": 32, "floor": "4", "price": 399000.0, "propertyType": "penthouse", "operation": "sale", "size": 85.0, "exterior": true, "rooms": 1, "bathrooms": 1, "address": "barrio Vallcarca i els Penitents", "province": "Barcelona", "municipality": "Barcelona", "district": "Gr\u00e0cia", "country": "es", "neighborhood": "Vallcarca i els Penitents", "latitude": 41.4099349, "longitude": 2.1469492, "showAddress": false, "url": "https://www.idealista.com/inmueble/90850804/", "distance": "755", "hasVideo": false, "status": "good", "newDevelopment": false, "hasLift": true, "priceByArea": 4694.0, "detailedType": {"typology": "flat", "subTypology": "penthouse"}, "suggestedTexts": {"subtitle": "Vallcarca i els Penitents, Barcelona", "title": "\u00c1tico"}, "hasPlan": false, "has3DTour": false, "has360": false, "hasStaging": false, "topNewDevelopment": false}, {"propertyCode": "88993089", "thumbnail": "https://img3.idealista.com/blur/WEB_LISTING/0/id.pro.es.image.master/0b/a3/6c/770664995.jpg", "externalReference": "1\u00ba 1\u00ba", "numPhotos": 10, "floor": "1", "price": 599000.0, "propertyType": "flat", "operation": "sale", "size": 70.0, "exterior": true, "rooms": 2, "bathrooms": 2, "address": "Calle Balmes, 262", "province": "Barcelona", "municipality": "Barcelona", "district": "Sarri\u00e0-Sant Gervasi", "country": "es", "neighborhood": "Sant Gervasi - Galvany", "latitude": 41.4004549, "longitude": 2.1488573, "showAddress": true, "url": "https://www.idealista.com/obra-nueva/88993089/", "distance": "825", "hasVideo": false, "status": "newdevelopment", "newDevelopment": true, "hasLift": true, "newDevelopmentFinished": false, "priceByArea": 8557.0, "detailedType": {"typology": "flat"}, "suggestedTexts": {"subtitle": "Sant Gervasi - Galvany, Barcelona", "title": "Piso en Calle Balmes, 262"}, "hasPlan": true, "has3DTour": false, "has360": false, "hasStaging": false, "topNewDevelopment": false}, {"propertyCode": "88993085", "thumbnail": "https://img3.idealista.com/blur/WEB_LISTING/0/id.pro.es.image.master/6b/bd/84/770665215.jpg", "externalReference": "1\u00ba 4\u00ba", "numPhotos": 10, "floor": "1", "price": 583000.0, "propertyType": "flat", "operation": "sale", "size": 69.0, "exterior": true, "rooms": 2, "bathrooms": 2, "address": "Calle Balmes, 262", "province": "Barcelona", "municipality": "Barcelona", "district": "Sarri\u00e0-Sant Gervasi", "country": "es", "neighborhood": "Sant Gervasi - Galvany", "latitude": 41.4004549, "longitude": 2.1488573, "showAddress": true, "url": "https://www.idealista.com/obra-nueva/88993085/", "distance": "825", "hasVideo": false, "status": "newdevelopment", "newDevelopment": true, "hasLift": true, "newDevelopmentFinished": false, "priceByArea": 8449.0, "detailedType": {"typology": "flat"}, "suggestedTexts": {"subtitle": "Sant Gervasi - Galvany, Barcelona", "title": "Piso en Calle Balmes, 262"}, "hasPlan": true, "has3DTour": false, "has360": false, "hasStaging": false, "topNewDevelopment": false}, {"propertyCode": "88993077", "thumbnail": "https://img3.idealista.com/blur/WEB_LISTING/0/id.pro.es.image.master/31/e0/d0/770665178.jpg", "externalReference": "1\u00ba 2\u00ba", "numPhotos": 10, "floor": "1", "price": 403000.0, "propertyType": "flat", "operation": "sale", "size": 51.0, "exterior": true, "rooms": 1, "bathrooms": 1, "address": "Calle Balmes, 262", "province": "Barcelona", "municipality": "Barcelona", "district": "Sarri\u00e0-Sant Gervasi", "country": "es", "neighborhood": "Sant Gervasi - Galvany", "latitude": 41.4004549, "longitude": 2.1488573, "showAddress": true, "url": "https://www.idealista.com/obra-nueva/88993077/", "distance": "825", "hasVideo": false, "status": "newdevelopment", "newDevelopment": true, "hasLift": true, "newDevelopmentFinished": false, "priceByArea": 7902.0, "detailedType": {"typology": "flat"}, "suggestedTexts": {"subtitle": "Sant Gervasi - Galvany, Barcelona", "title": "Piso en Calle Balmes, 262"}, "hasPlan": true, "has3DTour": false, "has360": false, "hasStaging": false, "topNewDevelopment": false}, {"propertyCode": "92770534", "thumbnail": "https://img3.idealista.com/blur/WEB_LISTING/0/id.pro.es.image.master/fe/0f/91/847723701.jpg", "externalReference": "JV-RES-1036-019-21", "numPhotos": 19, "floor": "1", "price": 368000.0, "propertyType": "flat", "operation": "sale", "size": 112.0, "exterior": true, "rooms": 3, "bathrooms": 2, "address": "Calle de les Cam\u00e8lies", "province": "Barcelona", "municipality": "Barcelona", "district": "Horta Guinard\u00f3", "country": "es", "neighborhood": "El Baix Guinard\u00f3", "latitude": 41.4114876, "longitude": 2.1608701, "showAddress": false, "url": "https://www.idealista.com/inmueble/92770534/", "distance": "761", "hasVideo": true, "status": "good", "newDevelopment": false, "hasLift": true, "priceByArea": 3286.0, "detailedType": {"typology": "flat"}, "suggestedTexts": {"subtitle": "El Baix Guinard\u00f3, Barcelona", "title": "Piso en Calle de les Cam\u00e8lies"}, "hasPlan": false, "has3DTour": false, "has360": false, "hasStaging": false, "topNewDevelopment": false}, {"propertyCode": "88663961", "thumbnail": "https://img3.idealista.com/blur/WEB_LISTING/0/id.pro.es.image.master/20/49/0b/752218956.jpg", "externalReference": "11047", "numPhotos": 38, "floor": "5", "price": 1900000.0, "propertyType": "penthouse", "operation": "sale", "size": 277.0, "exterior": true, "rooms": 5, "bathrooms": 4, "address": "Balmes", "province": "Barcelona", "municipality": "Barcelona", "district": "Sarri\u00e0-Sant Gervasi", "country": "es", "neighborhood": "Sant Gervasi - Galvany", "latitude": 41.4008211, "longitude": 2.1479538, "showAddress": false, "url": "https://www.idealista.com/inmueble/88663961/", "distance": "841", "hasVideo": false, "status": "good", "newDevelopment": false, "hasLift": true, "priceByArea": 6859.0, "detailedType": {"typology": "flat", "subTypology": "penthouse"}, "suggestedTexts": {"subtitle": "Sant Gervasi - Galvany, Barcelona", "title": "\u00c1tico en Balmes"}, "hasPlan": false, "has3DTour": false, "has360": false, "hasStaging": false, "topNewDevelopment": false}, {"propertyCode": "92963001", "thumbnail": "https://img3.idealista.com/blur/WEB_LISTING/0/id.pro.es.image.master/56/d0/67/855823653.jpg", "externalReference": "GV594", "numPhotos": 30, "floor": "1", "price": 260000.0, "propertyType": "flat", "operation": "sale", "size": 60.0, "exterior": true, "rooms": 1, "bathrooms": 1, "address": "Avenida de la Rep\u00fablica Argentina", "province": "Barcelona", "municipality": "Barcelona", "district": "Sarri\u00e0-Sant Gervasi", "country": "es", "neighborhood": "El Putxet i el Farr\u00f3", "latitude": 41.4097041, "longitude": 2.1478506, "showAddress": false, "url": "https://www.idealista.com/inmueble/92963001/", "distance": "678", "hasVideo": true, "status": "good", "newDevelopment": false, "hasLift": true, "priceByArea": 4333.0, "detailedType": {"typology": "flat"}, "suggestedTexts": {"subtitle": "El Putxet i el Farr\u00f3, Barcelona", "title": "Piso en Avenida de la Rep\u00fablica Argentina"}, "hasPlan": false, "has3DTour": false, "has360": false, "hasStaging": false, "topNewDevelopment": false}, {"propertyCode": "92088400", "thumbnail": "https://img3.idealista.com/blur/WEB_LISTING/0/id.pro.es.image.master/e1/8b/07/830636208.jpg", "externalReference": "G-40678", "numPhotos": 19, "floor": "1", "price": 259000.0, "propertyType": "flat", "operation": "sale", "size": 55.0, "exterior": true, "rooms": 2, "bathrooms": 2, "address": "Banyoles", "province": "Barcelona", "municipality": "Barcelona", "district": "Gr\u00e0cia", "country": "es", "neighborhood": "Vila de Gr\u00e0cia", "latitude": 41.4004534, "longitude": 2.1605311, "showAddress": false, "url": "https://www.idealista.com/inmueble/92088400/", "distance": "822", "hasVideo": true, "status": "good", "newDevelopment": false, "hasLift": true, "priceByArea": 4709.0, "detailedType": {"typology": "flat"}, "suggestedTexts": {"subtitle": "Vila de Gr\u00e0cia, Barcelona", "title": "Piso en Banyoles"}, "hasPlan": false, "has3DTour": false, "has360": false, "hasStaging": false, "topNewDevelopment": false}, {"propertyCode": "92222139", "thumbnail": "https://img3.idealista.com/blur/WEB_LISTING/0/id.pro.es.image.master/51/f5/a6/857057713.jpg", "externalReference": "200134", "numPhotos": 17, "floor": "2", "price": 580000.0, "propertyType": "flat", "operation": "sale", "size": 104.0, "exterior": true, "rooms": 3, "bathrooms": 2, "address": "barrio Vila de Gr\u00e0cia", "province": "Barcelona", "municipality": "Barcelona", "district": "Gr\u00e0cia", "country": "es", "neighborhood": "Vila de Gr\u00e0cia", "latitude": 41.399354, "longitude": 2.1564654, "showAddress": false, "url": "https://www.idealista.com/inmueble/92222139/", "distance": "800", "hasVideo": false, "status": "good", "newDevelopment": false, "hasLift": true, "priceByArea": 5577.0, "detailedType": {"typology": "flat"}, "suggestedTexts": {"subtitle": "Vila de Gr\u00e0cia, Barcelona", "title": "Piso"}, "hasPlan": true, "has3DTour": false, "has360": false, "hasStaging": false, "topNewDevelopment": false}, {"propertyCode": "92651590", "thumbnail": "https://img3.idealista.com/blur/WEB_LISTING/0/id.pro.es.image.master/eb/25/5d/848007201.jpg", "externalReference": "INVH 0072 E", "numPhotos": 24, "floor": "1", "price": 424000.0, "propertyType": "flat", "operation": "sale", "size": 104.0, "exterior": true, "rooms": 4, "bathrooms": 2, "address": "Calle Gran de Gr\u00e0cia, 222", "province": "Barcelona", "municipality": "Barcelona", "district": "Gr\u00e0cia", "country": "es", "neighborhood": "Vila de Gr\u00e0cia", "latitude": 41.4044014, "longitude": 2.1519501, "showAddress": true, "url": "https://www.idealista.com/inmueble/92651590/", "distance": "322", "hasVideo": false, "status": "good", "newDevelopment": false, "hasLift": false, "priceByArea": 4077.0, "detailedType": {"typology": "flat"}, "suggestedTexts": {"subtitle": "Vila de Gr\u00e0cia, Barcelona", "title": "Piso en Calle Gran de Gr\u00e0cia, 222"}, "hasPlan": false, "has3DTour": false, "has360": false, "hasStaging": false, "topNewDevelopment": false}, {"propertyCode": "91781115", "thumbnail": "https://img3.idealista.com/blur/WEB_LISTING/0/id.pro.es.image.master/58/fa/39/823128393.jpg", "externalReference": "SP333JO", "numPhotos": 30, "floor": "6", "price": 695000.0, "propertyType": "flat", "operation": "sale", "size": 113.0, "exterior": true, "rooms": 3, "bathrooms": 2, "address": "barrio Sant Gervasi - Galvany", "province": "Barcelona", "municipality": "Barcelona", "district": "Sarri\u00e0-Sant Gervasi", "country": "es", "neighborhood": "Sant Gervasi - Galvany", "latitude": 41.4023515, "longitude": 2.1478506, "showAddress": false, "url": "https://www.idealista.com/inmueble/91781115/", "distance": "730", "hasVideo": true, "status": "good", "newDevelopment": false, "hasLift": true, "parkingSpace": {"hasParkingSpace": true, "isParkingSpaceIncludedInPrice": true}, "priceByArea": 6150.0, "detailedType": {"typology": "flat"}, "suggestedTexts": {"subtitle": "Sant Gervasi - Galvany, Barcelona", "title": "Piso"}, "hasPlan": false, "has3DTour": false, "has360": false, "hasStaging": false, "topNewDevelopment": false}, {"propertyCode": "93121365", "thumbnail": "https://img3.idealista.com/blur/WEB_LISTING/0/id.pro.es.image.master/b2/fe/56/854993454.jpg", "externalReference": "SP337JO", "numPhotos": 24, "floor": "5", "price": 675000.0, "propertyType": "flat", "operation": "sale", "size": 180.0, "exterior": true, "rooms": 4, "bathrooms": 3, "address": "barrio Sant Gervasi - Galvany", "province": "Barcelona", "municipality": "Barcelona", "district": "Sarri\u00e0-Sant Gervasi", "country": "es", "neighborhood": "Sant Gervasi - Galvany", "latitude": 41.402554, "longitude": 2.1465698, "showAddress": false, "url": "https://www.idealista.com/inmueble/93121365/", "distance": "804", "hasVideo": false, "status": "renew", "newDevelopment": false, "hasLift": true, "priceByArea": 3750.0, "detailedType": {"typology": "flat"}, "suggestedTexts": {"subtitle": "Sant Gervasi - Galvany, Barcelona", "title": "Piso"}, "hasPlan": false, "has3DTour": false, "has360": false, "hasStaging": false, "topNewDevelopment": false}, {"propertyCode": "92809204", "thumbnail": "https://img3.idealista.com/blur/WEB_LISTING/0/id.pro.es.image.master/4a/74/4b/850459211.jpg", "externalReference": "_amunt", "numPhotos": 20, "floor": "2", "price": 243000.0, "propertyType": "flat", "operation": "sale", "size": 53.0, "exterior": true, "rooms": 3, "bathrooms": 1, "address": "Paseo amunt", "province": "Barcelona", "municipality": "Barcelona", "district": "Gr\u00e0cia", "country": "es", "neighborhood": "El Camp d'En Grassot i Gr\u00e0cia Nova", "latitude": 41.4097469, "longitude": 2.1629643, "showAddress": false, "url": "https://www.idealista.com/inmueble/92809204/", "distance": "780", "hasVideo": false, "status": "good", "newDevelopment": false, "hasLift": true, "priceByArea": 4585.0, "detailedType": {"typology": "flat"}, "suggestedTexts": {"subtitle": "El Camp d'En Grassot i Gr\u00e0cia Nova, Barcelona", "title": "Piso en Paseo amunt"}, "hasPlan": false, "has3DTour": false, "has360": false, "hasStaging": false, "topNewDevelopment": false}]