[{"propertyCode": "86950973", "thumbnail": "https://img3.idealista.com/blur/WEB_LISTING/0/id.pro.es.image.master/93/0a/7a/853085136.jpg", "externalReference": "39533", "numPhotos": 35, "price": 2200000.0, "propertyType": "chalet", "operation": "sale", "size": 360.0, "exterior": false, "rooms": 7, "bathrooms": 6, "address": "Plaza de Rovira i Trias", "province": "Barcelona", "municipality": "Barcelona", "district": "Gr\u00e0cia", "country": "es", "neighborhood": "Vila de Gr\u00e0cia", "latitude": 41.4095022, "longitude": 2.1565747, "showAddress": false, "url": "https://www.idealista.com/inmueble/86950973/", "distance": "552", "hasVideo": true, "status": "good", "newDevelopment": false, "priceByArea": 6111.0, "detailedType": {"typology": "chalet", "subTypology": "semidetachedHouse"}, "suggestedTexts": {"subtitle": "Vila de Gr\u00e0cia, Barcelona", "title": "Chalet pareado en Plaza de Rovira i Trias"}, "hasPlan": true, "has3DTour": true, "has360": false, "hasStaging": false, "topNewDevelopment": false}, {"propertyCode": "91871699", "thumbnail": "https://img3.idealista.com/blur/WEB_LISTING/0/id.pro.es.image.master/de/b4/55/825275685.jpg", "externalReference": "VB2011034", "numPhotos": 22, "floor": "3", "price": 395000.0, "propertyType": "flat", "operation": "sale", "size": 85.0, "exterior": true, "rooms": 2, "bathrooms": 1, "address": "barrio Vila de Gr\u00e0cia", "province": "Barcelona", "municipality": "Barcelona", "district": "Gr\u00e0cia", "country": "es", "neighborhood": "Vila de Gr\u00e0cia", "latitude": 41.4044064, "longitude": 2.1528527, "showAddress": false, "url": "https://www.idealista.com/inmueble/91871699/", "distance": "777", "hasVideo": true, "status": "good", "newDevelopment": false, "hasLift": false, "priceByArea": 4647.0, "detailedType": {"typology": "flat"}, "suggestedTexts": {"subtitle": "Vila de Gr\u00e0cia, Barcelona", "title": "Piso"}, "hasPlan": true, "has3DTour": true, "has360": false, "hasStaging": false, "topNewDevelopment": false}, {"propertyCode": "89706442", "thumbnail": "https://img3.idealista.com/blur/WEB_LISTING/0/id.pro.es.image.master/8d/de/e1/774571617.jpg", "externalReference": "W-02IFY9", "numPhotos": 41, "floor": "5", "price": 495000.0, "propertyType": "flat", "operation": "sale", "size": 126.0, "exterior": false, "rooms": 4, "bathrooms": 2, "address": "barrio El Camp d'En Grassot i Gr\u00e0cia Nova", "province": "Barcelona", "municipality": "Barcelona", "district": "Gr\u00e0cia", "country": "es", "neighborhood": "El Camp d'En Grassot i Gr\u00e0cia Nova", "latitude": 41.4115467, "longitude": 2.1617976, "showAddress": false, "url": "https://www.idealista.com/inmueble/89706442/", "distance": "568", "hasVideo": false, "status": "good", "newDevelopment": false, "hasLift": true, "priceByArea": 3929.0, "detailedType": {"typology": "flat"}, "suggestedTexts": {"subtitle": "El Camp d'En Grassot i Gr\u00e0cia Nova, Barcelona", "title": "Piso"}, "hasPlan": true, "has3DTour": true, "has360": false, "hasStaging": false, "topNewDevelopment": false}, {"propertyCode": "85493774", "thumbnail": "https://img3.idealista.com/blur/WEB_LISTING/0/id.pro.es.image.master/b4/84/0a/771646001.jpg", "externalReference": "W-02ECLK", "numPhotos": 36, "floor": "bj", "price": 750000.0, "propertyType": "flat", "operation": "sale", "size": 202.0, "exterior": false, "rooms": 1, "bathrooms": 2, "address": "barrio Vila de Gr\u00e0cia", "province": "Barcelona", "municipality": "Barcelona", "district": "Gr\u00e0cia", "country": "es", "neighborhood": "Vila de Gr\u00e0cia", "latitude": 41.4005828, "longitude": 2.1558008, "showAddress": false, "url": "https://www.idealista.com/inmueble/85493774/", "distance": "819", "hasVideo": false, "status": "good", "newDevelopment": false, "hasLift": false, "parkingSpace": {"hasParkingSpace": true, "isParkingSpaceIncludedInPrice": true}, "priceByArea": 3713.0, "detailedType": {"typology": "flat"}, "suggestedTexts": {"subtitle": "Vila de Gr\u00e0cia, Barcelona", "title": "Piso"}, "hasPlan": true, "has3DTour": true, "has360": false, "hasStaging": false, "topNewDevelopment": false}, {"propertyCode": "91405651", "thumbnail": "https://img3.idealista.com/blur/WEB_LISTING/0/id.pro.es.image.master/2b/95/d0/813827013.jpg", "externalReference": "243002", "numPhotos": 23, "floor": "3", "price": 260000.0, "propertyType": "flat", "operation": "sale", "size": 53.0, "exterior": true, "rooms": 2, "bathrooms": 1, "address": "barrio La Sagrada Fam\u00edlia", "province": "Barcelona", "municipality": "Barcelona", "district": "Eixample", "country": "es", "neighborhood": "La Sagrada Fam\u00edlia", "latitude": 41.4078972, "longitude": 2.1713978, "showAddress": false, "url": "https://www.idealista.com/inmueble/91405651/", "distance": "818", "hasVideo": false, "status": "good", "newDevelopment": false, "hasLift": true, "priceByArea": 4906.0, "detailedType": {"typology": "flat"}, "suggestedTexts": {"subtitle": "La Sagrada Fam\u00edlia, Barcelona", "title": "Piso"}, "hasPlan": true, "has3DTour": true, "has360": true, "hasStaging": false, "topNewDevelopment": false}, {"propertyCode": "91520865", "thumbnail": "https://img3.idealista.com/blur/WEB_LISTING/0/id.pro.es.image.master/92/2d/77/816546198.jpg", "externalReference": "G-40654", "numPhotos": 25, "floor": "5", "price": 285000.0, "propertyType": "flat", "operation": "sale", "size": 76.0, "exterior": true, "rooms": 3, "bathrooms": 1, "address": "Calle de Puigmart\u00ed", "province": "Barcelona", "municipality": "Barcelona", "district": "Gr\u00e0cia", "country": "es", "neighborhood": "Vila de Gr\u00e0cia", "latitude": 41.4003694, "longitude": 2.1624695, "showAddress": false, "url": "https://www.idealista.com/inmueble/91520865/", "distance": "676", "hasVideo": true, "status": "good", "newDevelopment": false, "hasLift": true, "priceByArea": 3750.0, "detailedType": {"typology": "flat"}, "suggestedTexts": {"subtitle": "Vila de Gr\u00e0cia, Barcelona", "title": "Piso en Calle de Puigmart\u00ed"}, "hasPlan": true, "has3DTour": false, "has360": true, "hasStaging": false, "topNewDevelopment": false}, {"propertyCode": "91332200", "thumbnail": "https://img3.idealista.com/blur/WEB_LISTING/0/id.pro.es.image.master/84/9d/f8/812136352.jpg", "externalReference": "W-02JUTK", "numPhotos": 24, "floor": "1", "price": 395000.0, "propertyType": "flat", "operation": "sale", "size": 113.0, "exterior": false, "rooms": 4, "bathrooms": 1, "address": "barrio Vila de Gr\u00e0cia", "province": "Barcelona", "municipality": "Barcelona", "district": "Gr\u00e0cia", "country": "es", "neighborhood": "Vila de Gr\u00e0cia", "latitude": 41.4017637, "longitude": 2.1628004, "showAddress": false, "url": "https://www.idealista.com/inmueble/91332200/", "distance": "526", "hasVideo": false, "status": "good", "newDevelopment": false, "hasLift": false, "priceByArea": 3496.0, "detailedType": {"typology": "flat"}, "suggestedTexts": {"subtitle": "Vila de Gr\u00e0cia, Barcelona", "title": "Piso"}, "hasPlan": true, "has3DTour": false, "has360": true, "hasStaging": false, "topNewDevelopment": false}, {"propertyCode": "92493153", "thumbnail": "https://img3.idealista.com/blur/WEB_LISTING/0/id.pro.es.image.master/cc/7e/86/855823851.jpg", "externalReference": "GV613", "numPhotos": 19, "floor": "7", "price": 388000.0, "propertyType": "flat", "operation": "sale", "size": 101.0, "exterior": true, "rooms": 2, "bathrooms": 1, "address": "Calle de Pi i Margall", "province": "Barcelona", "municipality": "Barcelona", "district": "Gr\u00e0cia", "country": "es", "neighborhood": "El Camp d'En Grassot i Gr\u00e0cia Nova", "latitude": 41.4097522, "longitude": 2.1649057, "showAddress": false, "url": "https://www.idealista.com/inmueble/92493153/", "distance": "451", "hasVideo": true, "status": "good", "newDevelopment": false, "hasLift": true, "priceByArea": 3842.0, "detailedType": {"typology": "flat"}, "suggestedTexts": {"subtitle": "El Camp d'En Grassot i Gr\u00e0cia Nova, Barcelona", "title": "Piso en Calle de Pi i Margall"}, "hasPlan": true, "has3DTour": false, "has360": true, "hasStaging": false, "topNewDevelopment": false}, {"propertyCode": "88830935", "thumbnail": "https://img3.idealista.com/blur/WEB_LISTING/0/id.pro.es.image.master/63/9c/c6/756481165.jpg", "externalReference": "8252", "numPhotos": 37, "price": 375000.0, "propertyType": "penthouse", "operation": "sale", "size": 67.0, "exterior": true, "rooms": 1, "bathrooms": 1, "address": "Calle d'en Grassot", "province": "Barcelona", "municipality": "Barcelona", "district": "Gr\u00e0cia", "country": "es", "neighborhood": "El Camp d'En Grassot i Gr\u00e0cia Nova", "latitude": 41.4051434, "longitude": 2.1693125, "showAddress": false, "url": "https://www.idealista.com/inmueble/88830935/", "distance": "644", "hasVideo": true, "status": "good", "newDevelopment": false, "hasLift": true, "priceByArea": 5597.0, "detailedType": {"typology": "flat", "subTypology": "penthouse"}, "suggestedTexts": {"subtitle": "El Camp d'En Grassot i Gr\u00e0cia Nova, Barcelona", "title": "\u00c1tico en Calle d'en Grassot"}, "hasPlan": true, "has3DTour": true, "has360": true, "hasStaging": false, "topNewDevelopment": false}, {"propertyCode": "92625235", "thumbnail": "https://img3.idealista.com/blur/WEB_LISTING/0/id.pro.es.image.master/9a/da/df/855811463.jpg", "externalReference": "FG61-31", "numPhotos": 23, "floor": "3", "price": 488000.0, "propertyType": "flat", "operation": "sale", "size": 118.0, "exterior": false, "rooms": 3, "bathrooms": 1, "address": "Calle Gran de Gr\u00e0cia", "province": "Barcelona", "municipality": "Barcelona", "district": "Gr\u00e0cia", "country": "es", "neighborhood": "Vila de Gr\u00e0cia", "latitude": 41.4011023, "longitude": 2.1574188, "showAddress": false, "url": "https://www.idealista.com/inmueble/92625235/", "distance": "695", "hasVideo": false, "status": "good", "newDevelopment": false, "hasLift": true, "priceByArea": 4136.0, "detailedType": {"typology": "flat"}, "suggestedTexts": {"subtitle": "Vila de Gr\u00e0cia, Barcelona", "title": "Piso en Calle Gran de Gr\u00e0cia"}, "hasPlan": true, "has3DTour": false, "has360": false, "hasStaging": false, "topNewDevelopment": false}, {"propertyCode": "93181159", "thumbnail": "https://img3.idealista.com/blur/WEB_LISTING/0/id.pro.es.image.master/be/ac/0a/856337956.jpg", "externalReference": "VB2103013", "numPhotos": 39, "floor": "1", "price": 395000.0, "propertyType": "flat", "operation": "sale", "size": 76.0, "exterior": true, "rooms": 2, "bathrooms": 1, "address": "barrio Vila de Gr\u00e0cia", "province": "Barcelona", "municipality": "Barcelona", "district": "Gr\u00e0cia", "country": "es", "neighborhood": "Vila de Gr\u00e0cia", "latitude": 41.4019072, "longitude": 2.1592846, "showAddress": false, "url": "https://www.idealista.com/inmueble/93181159/", "distance": "544", "hasVideo": true, "status": "good", "newDevelopment": false, "hasLift": false, "priceByArea": 5197.0, "detailedType": {"typology": "flat"}, "suggestedTexts": {"subtitle": "Vila de Gr\u00e0cia, Barcelona", "title": "Piso"}, "hasPlan": true, "has3DTour": false, "has360": false, "hasStaging": false, "topNewDevelopment": false}, {"propertyCode": "93132138", "thumbnail": "https://img3.idealista.com/blur/WEB_LISTING/0/id.pro.es.image.master/64/7e/c5/855243592.jpg", "externalReference": "VB2103004", "numPhotos": 32, "price": 660000.0, "propertyType": "chalet", "operation": "sale", "size": 125.0, "exterior": false, "rooms": 2, "bathrooms": 2, "address": "barrio El Camp d'En Grassot i Gr\u00e0cia Nova", "province": "Barcelona", "municipality": "Barcelona", "district": "Gr\u00e0cia", "country": "es", "neighborhood": "El Camp d'En Grassot i Gr\u00e0cia Nova", "latitude": 41.4113114, "longitude": 2.1627086, "showAddress": false, "url": "https://www.idealista.com/inmueble/93132138/", "distance": "547", "hasVideo": true, "status": "good", "newDevelopment": false, "priceByArea": 5280.0, "detailedType": {"typology": "chalet"}, "suggestedTexts": {"subtitle": "El Camp d'En Grassot i Gr\u00e0cia Nova, Barcelona", "title": "Chalet"}, "hasPlan": true, "has3DTour": false, "has360": false, "hasStaging": false, "topNewDevelopment": false}, {"propertyCode": "92911172", "thumbnail": "https://img3.idealista.com/blur/WEB_LISTING/0/id.pro.es.image.master/c8/97/66/850881797.jpg", "externalReference": "VB2102040", "numPhotos": 22, "floor": "2", "price": 310000.0, "propertyType": "flat", "operation": "sale", "size": 91.0, "exterior": true, "rooms": 3, "bathrooms": 2, "address": "Calle de la Ind\u00fastria", "province": "Barcelona", "municipality": "Barcelona", "district": "Gr\u00e0cia", "country": "es", "neighborhood": "El Camp d'En Grassot i Gr\u00e0cia Nova", "latitude": 41.4004149, "longitude": 2.1626076, "showAddress": false, "url": "https://www.idealista.com/inmueble/92911172/", "distance": "672", "hasVideo": false, "status": "good", "newDevelopment": false, "hasLift": true, "priceByArea": 3407.0, "detailedType": {"typology": "flat"}, "suggestedTexts": {"subtitle": "El Camp d'En Grassot i Gr\u00e0cia Nova, Barcelona", "title": "Piso en Calle de la Ind\u00fastria"}, "hasPlan": true, "has3DTour": false, "has360": false, "hasStaging": false, "topNewDevelopment": false}, {"propertyCode": "92894134", "thumbnail": "https://img3.idealista.com/blur/WEB_LISTING/0/id.pro.es.image.master/81/14/36/851158360.jpg", "externalReference": "S-31087", "numPhotos": 35, "floor": "4", "price": 269000.0, "propertyType": "flat", "operation": "sale", "size": 64.0, "exterior": true, "rooms": 2, "bathrooms": 1, "address": "Calle de Sardenya", "province": "Barcelona", "municipality": "Barcelona", "district": "Gr\u00e0cia", "country": "es", "neighborhood": "El Camp d'En Grassot i Gr\u00e0cia Nova", "latitude": 41.4051462, "longitude": 2.1694501, "showAddress": false, "url": "https://www.idealista.com/inmueble/92894134/", "distance": "655", "hasVideo": false, "status": "good", "newDevelopment": false, "hasLift": true, "priceByArea": 4203.0, "detailedType": {"typology": "flat"}, "suggestedTexts": {"subtitle": "El Camp d'En Grassot i Gr\u00e0cia Nova, Barcelona", "title": "Piso en Calle de Sardenya"}, "hasPlan": true, "has3DTour": true, "has360": false, "hasStaging": false, "topNewDevelopment": false}, {"propertyCode": "92667444", "thumbnail": "https://img3.idealista.com/blur/WEB_LISTING/0/id.pro.es.image.master/2e/01/eb/845223905.jpg", "externalReference": "P_ALIO", "numPhotos": 45, "floor": "bj", "price": 395000.0, "propertyType": "flat", "operation": "sale", "size": 124.0, "exterior": false, "rooms": 1, "bathrooms": 1, "address": "Ali\u00f3, 23", "province": "Barcelona", "municipality": "Barcelona", "district": "Gr\u00e0cia", "country": "es", "neighborhood": "El Camp d'En Grassot i Gr\u00e0cia Nova", "latitude": 41.4032869, "longitude": 2.1655187, "showAddress": true, "url": "https://www.idealista.com/inmueble/92667444/", "distance": "468", "hasVideo": true, "status": "good", "newDevelopment": false, "hasLift": false, "priceByArea": 3185.0, "detailedType": {"typology": "flat"}, "suggestedTexts": {"subtitle": "El Camp d'En Grassot i Gr\u00e0cia Nova, Barcelona", "title": "Piso en Ali\u00f3, 23"}, "hasPlan": true, "has3DTour": false, "has360": true, "hasStaging": false, "topNewDevelopment": false}, {"propertyCode": "92480222", "thumbnail": "https://img3.idealista.com/blur/WEB_LISTING/0/id.pro.es.image.master/5a/37/dd/840712211.jpg", "externalReference": "BCN26639", "numPhotos": 28, "price": 1280000.0, "propertyType": "flat", "operation": "sale", "size": 306.0, "exterior": true, "rooms": 8, "bathrooms": 4, "address": "barrio Vila de Gr\u00e0cia", "province": "Barcelona", "municipality": "Barcelona", "district": "Gr\u00e0cia", "country": "es", "neighborhood": "Vila de Gr\u00e0cia", "latitude": 41.4008588, "longitude": 2.155351, "showAddress": false, "url": "https://www.idealista.com/inmueble/92480222/", "distance": "819", "hasVideo": false, "status": "renew", "newDevelopment": false, "hasLift": true, "priceByArea": 4183.0, "detailedType": {"typology": "flat"}, "suggestedTexts": {"subtitle": "Vila de Gr\u00e0cia, Barcelona", "title": "Piso"}, "hasPlan": true, "has3DTour": false, "has360": false, "hasStaging": false, "topNewDevelopment": false}, {"propertyCode": "91875465", "thumbnail": "https://img3.idealista.com/blur/WEB_LISTING/0/id.pro.es.image.master/0e/3f/57/825383325.jpg", "externalReference": "BCN25741", "numPhotos": 28, "price": 630000.0, "propertyType": "flat", "operation": "sale", "size": 105.0, "exterior": true, "rooms": 3, "bathrooms": 2, "address": "barrio El Camp d'En Grassot i Gr\u00e0cia Nova", "province": "Barcelona", "municipality": "Barcelona", "district": "Gr\u00e0cia", "country": "es", "neighborhood": "El Camp d'En Grassot i Gr\u00e0cia Nova", "latitude": 41.4039179, "longitude": 2.1653055, "showAddress": false, "url": "https://www.idealista.com/inmueble/91875465/", "distance": "405", "hasVideo": false, "status": "good", "newDevelopment": false, "hasLift": true, "parkingSpace": {"hasParkingSpace": true, "isParkingSpaceIncludedInPrice": true}, "priceByArea": 6000.0, "detailedType": {"typology": "flat"}, "suggestedTexts": {"subtitle": "El Camp d'En Grassot i Gr\u00e0cia Nova, Barcelona", "title": "Piso"}, "hasPlan": true, "has3DTour": false, "has360": false, "hasStaging": false, "topNewDevelopment": false}, {"propertyCode": "92816084", "thumbnail": "https://img3.idealista.com/blur/WEB_LISTING/0/id.pro.es.image.master/08/25/c9/848820420.jpg", "externalReference": "019-21", "numPhotos": 19, "floor": "1", "price": 368000.0, "propertyType": "flat", "operation": "sale", "size": 85.0, "exterior": true, "rooms": 3, "bathrooms": 2, "address": "Calle de les Cam\u00e8lies", "province": "Barcelona", "municipality": "Barcelona", "district": "Horta Guinard\u00f3", "country": "es", "neighborhood": "El Baix Guinard\u00f3", "latitude": 41.4117876, "longitude": 2.1643701, "showAddress": false, "url": "https://www.idealista.com/inmueble/92816084/", "distance": "633", "hasVideo": false, "status": "good", "newDevelopment": false, "hasLift": true, "priceByArea": 4329.0, "detailedType": {"typology": "flat"}, "suggestedTexts": {"subtitle": "El Baix Guinard\u00f3, Barcelona", "title": "Piso en Calle de les Cam\u00e8lies"}, "hasPlan": false, "has3DTour": false, "has360": false, "hasStaging": false, "topNewDevelopment": false}, {"propertyCode": "92773926", "thumbnail": "https://img3.idealista.com/blur/WEB_LISTING/0/id.pro.es.image.master/c1/bd/3e/847799675.jpg", "externalReference": "v59", "numPhotos": 42, "floor": "5", "price": 335000.0, "propertyType": "flat", "operation": "sale", "size": 90.0, "exterior": true, "rooms": 4, "bathrooms": 2, "address": "Calle de Pi i Margall, 77", "province": "Barcelona", "municipality": "Barcelona", "district": "Gr\u00e0cia", "country": "es", "neighborhood": "El Camp d'En Grassot i Gr\u00e0cia Nova", "latitude": 41.4099759, "longitude": 2.1640507, "showAddress": true, "url": "https://www.idealista.com/inmueble/92773926/", "distance": "437", "hasVideo": true, "status": "good", "newDevelopment": false, "hasLift": true, "priceByArea": 3722.0, "detailedType": {"typology": "flat"}, "suggestedTexts": {"subtitle": "El Camp d'En Grassot i Gr\u00e0cia Nova, Barcelona", "title": "Piso en Calle de Pi i Margall, 77"}, "hasPlan": false, "has3DTour": false, "has360": true, "hasStaging": false, "topNewDevelopment": false}, {"propertyCode": "91890897", "thumbnail": "https://img3.idealista.com/blur/WEB_LISTING/0/id.pro.es.image.master/e3/94/a3/825760763.jpg", "externalReference": "1820", "numPhotos": 26, "floor": "4", "price": 278000.0, "propertyType": "flat", "operation": "sale", "size": 65.0, "exterior": false, "rooms": 2, "bathrooms": 1, "address": "Encarnacion", "province": "Barcelona", "municipality": "Barcelona", "district": "Gr\u00e0cia", "country": "es", "neighborhood": "El Camp d'En Grassot i Gr\u00e0cia Nova", "latitude": 41.406544, "longitude": 2.164587, "showAddress": false, "url": "https://www.idealista.com/inmueble/91890897/", "distance": "234", "hasVideo": true, "status": "good", "newDevelopment": false, "hasLift": true, "priceByArea": 4277.0, "detailedType": {"typology": "flat"}, "suggestedTexts": {"subtitle": "El Camp d'En Grassot i Gr\u00e0cia Nova, Barcelona", "title": "Piso en Encarnacion"}, "hasPlan": true, "has3DTour": false, "has360": false, "hasStaging": false, "topNewDevelopment": false}, {"propertyCode": "92655102", "thumbnail": "https://img3.idealista.com/blur/WEB_LISTING/0/id.pro.es.image.master/8d/2a/56/844969766.jpg", "externalReference": "VB2102001", "numPhotos": 58, "price": 1900000.0, "propertyType": "chalet", "operation": "sale", "size": 582.0, "exterior": false, "rooms": 3, "bathrooms": 7, "address": "barrio El Camp d'En Grassot i Gr\u00e0cia Nova", "province": "Barcelona", "municipality": "Barcelona", "district": "Gr\u00e0cia", "country": "es", "neighborhood": "El Camp d'En Grassot i Gr\u00e0cia Nova", "latitude": 41.4115314, "longitude": 2.1640907, "showAddress": false, "url": "https://www.idealista.com/inmueble/92655102/", "distance": "598", "hasVideo": true, "status": "good", "newDevelopment": false, "parkingSpace": {"hasParkingSpace": true, "isParkingSpaceIncludedInPrice": true}, "priceByArea": 3265.0, "detailedType": {"typology": "chalet"}, "suggestedTexts": {"subtitle": "El Camp d'En Grassot i Gr\u00e0cia Nova, Barcelona", "title": "Chalet"}, "hasPlan": true, "has3DTour": false, "has360": false, "hasStaging": false, "topNewDevelopment": false}, {"propertyCode": "91700576", "thumbnail": "https://img3.idealista.com/blur/WEB_LISTING/0/id.pro.es.image.master/bd/35/a3/821143514.jpg", "externalReference": "VB2007016-5", "numPhotos": 22, "floor": "5", "price": 625000.0, "propertyType": "flat", "operation": "sale", "size": 87.0, "exterior": true, "rooms": 3, "bathrooms": 2, "address": "barrio El Baix Guinard\u00f3", "province": "Barcelona", "municipality": "Barcelona", "district": "Horta Guinard\u00f3", "country": "es", "neighborhood": "El Baix Guinard\u00f3", "latitude": 41.408292, "longitude": 2.1693478, "showAddress": false, "url": "https://www.idealista.com/inmueble/91700576/", "distance": "664", "hasVideo": true, "status": "good", "newDevelopment": false, "hasLift": true, "priceByArea": 7184.0, "detailedType": {"typology": "flat"}, "suggestedTexts": {"subtitle": "El Baix Guinard\u00f3, Barcelona", "title": "Piso"}, "hasPlan": true, "has3DTour": false, "has360": false, "hasStaging": false, "topNewDevelopment": false}, {"propertyCode": "91535815", "thumbnail": "https://img3.idealista.com/blur/WEB_LISTING/0/id.pro.es.image.master/42/09/0b/816891222.jpg", "externalReference": "W-02FPFP", "numPhotos": 32, "floor": "bj", "price": 500000.0, "propertyType": "flat", "operation": "sale", "size": 103.0, "exterior": false, "rooms": 2, "bathrooms": 1, "address": "barrio Vila de Gr\u00e0cia", "province": "Barcelona", "municipality": "Barcelona", "district": "Gr\u00e0cia", "country": "es", "neighborhood": "Vila de Gr\u00e0cia", "latitude": 41.4024589, "longitude": 2.1543641, "showAddress": false, "url": "https://www.idealista.com/inmueble/91535815/", "distance": "760", "hasVideo": false, "status": "good", "newDevelopment": false, "hasLift": false, "priceByArea": 4854.0, "detailedType": {"typology": "flat"}, "suggestedTexts": {"subtitle": "Vila de Gr\u00e0cia, Barcelona", "title": "Piso"}, "hasPlan": true, "has3DTour": false, "has360": false, "hasStaging": false, "topNewDevelopment": false}, {"propertyCode": "90325643", "thumbnail": "https://img3.idealista.com/blur/WEB_LISTING/0/id.pro.es.image.master/4c/33/58/788160411.jpg", "externalReference": "W-02J79E", "numPhotos": 31, "floor": "5", "price": 520000.0, "propertyType": "flat", "operation": "sale", "size": 100.0, "exterior": false, "rooms": 4, "bathrooms": 2, "address": "barrio El Camp d'En Grassot i Gr\u00e0cia Nova", "province": "Barcelona", "municipality": "Barcelona", "district": "Gr\u00e0cia", "country": "es", "neighborhood": "El Camp d'En Grassot i Gr\u00e0cia Nova", "latitude": 41.4052178, "longitude": 2.1686102, "showAddress": false, "url": "https://www.idealista.com/inmueble/90325643/", "distance": "585", "hasVideo": false, "status": "good", "newDevelopment": false, "hasLift": true, "parkingSpace": {"hasParkingSpace": true, "isParkingSpaceIncludedInPrice": true}, "priceByArea": 5200.0, "detailedType": {"typology": "flat"}, "suggestedTexts": {"subtitle": "El Camp d'En Grassot i Gr\u00e0cia Nova, Barcelona", "title": "Piso"}, "hasPlan": true, "has3DTour": false, "has360": false, "hasStaging": false, "topNewDevelopment": false}, {"propertyCode": "89447341", "thumbnail": "https://img3.idealista.com/blur/WEB_LISTING/0/id.pro.es.image.master/a1/62/ec/771644190.jpg", "externalReference": "W-02ITJX", "numPhotos": 34, "floor": "8", "price": 495000.0, "propertyType": "penthouse", "operation": "sale", "size": 116.0, "exterior": false, "rooms": 3, "bathrooms": 2, "address": "barrio Can Bar\u00f3", "province": "Barcelona", "municipality": "Barcelona", "district": "Horta Guinard\u00f3", "country": "es", "neighborhood": "Can Bar\u00f3", "latitude": 41.4136736, "longitude": 2.1622082, "showAddress": false, "url": "https://www.idealista.com/inmueble/89447341/", "distance": "805", "hasVideo": false, "status": "good", "newDevelopment": false, "hasLift": true, "parkingSpace": {"hasParkingSpace": true, "isParkingSpaceIncludedInPrice": true}, "priceByArea": 4267.0, "detailedType": {"typology": "flat", "subTypology": "penthouse"}, "suggestedTexts": {"subtitle": "Can Bar\u00f3, Barcelona", "title": "\u00c1tico"}, "hasPlan": true, "has3DTour": false, "has360": false, "hasStaging": false, "topNewDevelopment": false}, {"propertyCode": "92638029", "thumbnail": "https://img3.idealista.com/blur/WEB_LISTING/0/id.pro.es.image.master/09/0a/3d/844546004.jpg", "externalReference": "3708", "numPhotos": 20, "floor": "1", "price": 279000.0, "propertyType": "flat", "operation": "sale", "size": 67.0, "exterior": true, "rooms": 3, "bathrooms": 1, "address": "Calle de les Cam\u00e8lies", "province": "Barcelona", "municipality": "Barcelona", "district": "Horta Guinard\u00f3", "country": "es", "neighborhood": "El Baix Guinard\u00f3", "latitude": 41.4121286, "longitude": 2.1647618, "showAddress": false, "url": "https://www.idealista.com/inmueble/92638029/", "distance": "680", "hasVideo": false, "status": "good", "newDevelopment": false, "hasLift": true, "priceByArea": 4164.0, "detailedType": {"typology": "flat"}, "suggestedTexts": {"subtitle": "El Baix Guinard\u00f3, Barcelona", "title": "Piso en Calle de les Cam\u00e8lies"}, "hasPlan": true, "has3DTour": false, "has360": false, "hasStaging": false, "topNewDevelopment": false}, {"propertyCode": "93044732", "thumbnail": "https://img3.idealista.com/blur/WEB_LISTING/0/id.pro.es.image.master/67/f6/b3/853331671.jpg", "externalReference": "VB2102066", "numPhotos": 30, "floor": "en", "price": 515000.0, "propertyType": "flat", "operation": "sale", "size": 102.0, "exterior": true, "rooms": 4, "bathrooms": 2, "address": "Calle Gran de Gr\u00e0cia", "province": "Barcelona", "municipality": "Barcelona", "district": "Gr\u00e0cia", "country": "es", "neighborhood": "Vila de Gr\u00e0cia", "latitude": 41.4007467, "longitude": 2.1564908, "showAddress": false, "url": "https://www.idealista.com/inmueble/93044732/", "distance": "770", "hasVideo": true, "status": "good", "newDevelopment": false, "hasLift": false, "priceByArea": 5049.0, "detailedType": {"typology": "flat"}, "suggestedTexts": {"subtitle": "Vila de Gr\u00e0cia, Barcelona", "title": "Piso en Calle Gran de Gr\u00e0cia"}, "hasPlan": false, "has3DTour": false, "has360": false, "hasStaging": false, "topNewDevelopment": false}, {"propertyCode": "92867155", "thumbnail": "https://img3.idealista.com/blur/WEB_LISTING/0/id.pro.es.image.master/ab/31/3f/853572886.jpg", "externalReference": "S-30792", "numPhotos": 45, "floor": "en", "price": 189000.0, "propertyType": "flat", "operation": "sale", "size": 50.0, "exterior": true, "rooms": 1, "bathrooms": 1, "address": "Calle de l'Or", "province": "Barcelona", "municipality": "Barcelona", "district": "Gr\u00e0cia", "country": "es", "neighborhood": "Vila de Gr\u00e0cia", "latitude": 41.4054082, "longitude": 2.1576085, "showAddress": false, "url": "https://www.idealista.com/inmueble/92867155/", "distance": "366", "hasVideo": false, "status": "good", "newDevelopment": false, "hasLift": true, "priceByArea": 3780.0, "detailedType": {"typology": "flat"}, "suggestedTexts": {"subtitle": "Vila de Gr\u00e0cia, Barcelona", "title": "Piso en Calle de l'Or"}, "hasPlan": true, "has3DTour": false, "has360": false, "hasStaging": false, "topNewDevelopment": false}, {"propertyCode": "92599781", "thumbnail": "https://img3.idealista.com/blur/WEB_LISTING/0/id.pro.es.image.master/1a/74/10/843673565.jpg", "externalReference": "RB323P1", "numPhotos": 29, "floor": "1", "price": 685400.0, "propertyType": "flat", "operation": "sale", "size": 147.0, "exterior": true, "rooms": 4, "bathrooms": 2, "address": "Calle del Rossell\u00f3, 323", "province": "Barcelona", "municipality": "Barcelona", "district": "Eixample", "country": "es", "neighborhood": "La Dreta de l'Eixample", "latitude": 41.3999563, "longitude": 2.1662268, "showAddress": true, "url": "https://www.idealista.com/inmueble/92599781/", "distance": "809", "hasVideo": false, "status": "renew", "newDevelopment": false, "hasLift": true, "priceByArea": 4663.0, "detailedType": {"typology": "flat"}, "suggestedTexts": {"subtitle": "La Dreta de l'Eixample, Barcelona", "title": "Piso en Calle del Rossell\u00f3, 323"}, "hasPlan": true, "has3DTour": false, "has360": false, "hasStaging": false, "topNewDevelopment": false}, {"propertyCode": "92596940", "thumbnail": "https://img3.idealista.com/blur/WEB_LISTING/0/id.pro.es.image.master/a7/52/f3/855602806.jpg", "externalReference": "S-30616", "numPhotos": 54, "floor": "en", "price": 369000.0, "propertyType": "flat", "operation": "sale", "size": 118.0, "exterior": true, "rooms": 3, "bathrooms": 1, "address": "Calle de Pi i Margall", "province": "Barcelona", "municipality": "Barcelona", "district": "Gr\u00e0cia", "country": "es", "neighborhood": "El Camp d'En Grassot i Gr\u00e0cia Nova", "latitude": 41.4064735, "longitude": 2.1638712, "showAddress": false, "url": "https://www.idealista.com/inmueble/92596940/", "distance": "174", "hasVideo": false, "status": "good", "newDevelopment": false, "hasLift": true, "priceByArea": 3127.0, "detailedType": {"typology": "flat"}, "suggestedTexts": {"subtitle": "El Camp d'En Grassot i Gr\u00e0cia Nova, Barcelona", "title": "Piso en Calle de Pi i Margall"}, "hasPlan": true, "has3DTour": false, "has360": false, "hasStaging": false, "topNewDevelopment": false}, {"propertyCode": "92097031", "thumbnail": "https://img3.idealista.com/blur/WEB_LISTING/0/id.pro.es.image.master/9e/82/d3/830860494.jpg", "externalReference": "BCN06455", "numPhotos": 27, "floor": "4", "price": 465000.0, "propertyType": "flat", "operation": "sale", "size": 118.0, "exterior": true, "rooms": 5, "bathrooms": 2, "address": "barrio La Dreta de l'Eixample", "province": "Barcelona", "municipality": "Barcelona", "district": "Eixample", "country": "es", "neighborhood": "La Dreta de l'Eixample", "latitude": 41.4021599, "longitude": 2.1678097, "showAddress": false, "url": "https://www.idealista.com/inmueble/92097031/", "distance": "691", "hasVideo": false, "status": "renew", "newDevelopment": false, "hasLift": true, "priceByArea": 3941.0, "detailedType": {"typology": "flat"}, "suggestedTexts": {"subtitle": "La Dreta de l'Eixample, Barcelona", "title": "Piso"}, "hasPlan": true, "has3DTour": false, "has360": false, "hasStaging": false, "topNewDevelopment": false}, {"propertyCode": "91903984", "thumbnail": "https://img3.idealista.com/blur/WEB_LISTING/0/id.pro.es.image.master/94/92/7c/826104435.jpg", "externalReference": "BCN06337", "numPhotos": 23, "floor": "2", "price": 745000.0, "propertyType": "flat", "operation": "sale", "size": 136.0, "exterior": true, "rooms": 4, "bathrooms": 3, "address": "barrio La Dreta de l'Eixample", "province": "Barcelona", "municipality": "Barcelona", "district": "Eixample", "country": "es", "neighborhood": "La Dreta de l'Eixample", "latitude": 41.4013436, "longitude": 2.1643126, "showAddress": false, "url": "https://www.idealista.com/inmueble/91903984/", "distance": "603", "hasVideo": false, "status": "good", "newDevelopment": false, "hasLift": true, "priceByArea": 5478.0, "detailedType": {"typology": "flat"}, "suggestedTexts": {"subtitle": "La Dreta de l'Eixample, Barcelona", "title": "Piso"}, "hasPlan": true, "has3DTour": false, "has360": false, "hasStaging": false, "topNewDevelopment": false}, {"propertyCode": "93158415", "thumbnail": "https://img3.idealista.com/blur/WEB_LISTING/0/id.pro.es.image.master/77/96/19/855907298.jpg", "externalReference": "abcn16", "numPhotos": 17, "floor": "6", "price": 339000.0, "propertyType": "flat", "operation": "sale", "size": 98.0, "exterior": true, "rooms": 3, "bathrooms": 1, "address": "Calle de Sardenya, 465", "province": "Barcelona", "municipality": "Barcelona", "district": "Gr\u00e0cia", "country": "es", "neighborhood": "El Camp d'En Grassot i Gr\u00e0cia Nova", "latitude": 41.4090922, "longitude": 2.1656378, "showAddress": true, "url": "https://www.idealista.com/inmueble/93158415/", "distance": "436", "hasVideo": false, "status": "good", "newDevelopment": false, "hasLift": true, "parkingSpace": {"hasParkingSpace": true, "isParkingSpaceIncludedInPrice": false, "parkingSpacePrice": 20000.0}, "priceByArea": 3459.0, "detailedType": {"typology": "flat"}, "suggestedTexts": {"subtitle": "El Camp d'En Grassot i Gr\u00e0cia Nova, Barcelona", "title": "Piso en Calle de Sardenya, 465"}, "hasPlan": true, "has3DTour": false, "has360": false, "hasStaging": false, "topNewDevelopment": false}, {"propertyCode": "92680188", "thumbnail": "https://img3.idealista.com/blur/WEB_LISTING/0/id.pro.es.image.master/39/2c/40/845517094.jpg", "externalReference": "1839", "numPhotos": 15, "floor": "2", "price": 243000.0, "propertyType": "flat", "operation": "sale", "size": 60.0, "exterior": true, "rooms": 3, "bathrooms": 1, "address": "Paseo d'Amunt", "province": "Barcelona", "municipality": "Barcelona", "district": "Gr\u00e0cia", "country": "es", "neighborhood": "El Camp d'En Grassot i Gr\u00e0cia Nova", "latitude": 41.4092469, "longitude": 2.1615643, "showAddress": false, "url": "https://www.idealista.com/inmueble/92680188/", "distance": "313", "hasVideo": true, "status": "good", "newDevelopment": false, "hasLift": true, "priceByArea": 4050.0, "detailedType": {"typology": "flat"}, "suggestedTexts": {"subtitle": "El Camp d'En Grassot i Gr\u00e0cia Nova, Barcelona", "title": "Piso en Paseo d'Amunt"}, "hasPlan": true, "has3DTour": false, "has360": false, "hasStaging": false, "topNewDevelopment": false}, {"propertyCode": "92625229", "thumbnail": "https://img3.idealista.com/blur/WEB_LISTING/0/id.pro.es.image.master/22/6b/89/844230534.jpg", "externalReference": "FG253-23", "numPhotos": 20, "floor": "2", "price": 275000.0, "propertyType": "flat", "operation": "sale", "size": 63.0, "exterior": true, "rooms": 2, "bathrooms": 1, "address": "Calle de Roger de Flor", "province": "Barcelona", "municipality": "Barcelona", "district": "Gr\u00e0cia", "country": "es", "neighborhood": "El Camp d'En Grassot i Gr\u00e0cia Nova", "latitude": 41.4035991, "longitude": 2.1674991, "showAddress": false, "url": "https://www.idealista.com/inmueble/92625229/", "distance": "571", "hasVideo": false, "status": "good", "newDevelopment": false, "hasLift": true, "priceByArea": 4365.0, "detailedType": {"typology": "flat"}, "suggestedTexts": {"subtitle": "El Camp d'En Grassot i Gr\u00e0cia Nova, Barcelona", "title": "Piso en Calle de Roger de Flor"}, "hasPlan": true, "has3DTour": false, "has360": false, "hasStaging": false, "topNewDevelopment": false}, {"propertyCode": "88697325", "thumbnail": "https://img3.idealista.com/blur/WEB_LISTING/0/id.pro.es.image.master/ea/a7/43/756015489.jpg", "externalReference": "W-02BPVK", "numPhotos": 31, "floor": "1", "price": 745000.0, "propertyType": "chalet", "operation": "sale", "size": 186.0, "exterior": false, "rooms": 3, "bathrooms": 3, "address": "barrio Vila de Gr\u00e0cia", "province": "Barcelona", "municipality": "Barcelona", "district": "Gr\u00e0cia", "country": "es", "neighborhood": "Vila de Gr\u00e0cia", "latitude": 41.4074247, "longitude": 2.152889, "showAddress": false, "url": "https://www.idealista.com/inmueble/88697325/", "distance": "749", "hasVideo": false, "status": "good", "newDevelopment": false, "parkingSpace": {"hasParkingSpace": true, "isParkingSpaceIncludedInPrice": true}, "priceByArea": 4005.0, "detailedType": {"typology": "chalet", "subTypology": "terracedHouse"}, "suggestedTexts": {"subtitle": "Vila de Gr\u00e0cia, Barcelona", "title": "Chalet adosado"}, "hasPlan": false, "has3DTour": false, "has360": false, "hasStaging": false, "topNewDevelopment": false}, {"propertyCode": "91456308", "thumbnail": "https://img3.idealista.com/blur/WEB_LISTING/0/id.pro.es.image.master/96/f1/c3/830161124.jpg", "externalReference": "GALA-TOR-", "numPhotos": 34, "floor": "3", "price": 320000.0, "propertyType": "flat", "operation": "sale", "size": 86.0, "exterior": true, "rooms": 2, "bathrooms": 2, "address": "torrent de l'olla", "province": "Barcelona", "municipality": "Barcelona", "district": "Gr\u00e0cia", "country": "es", "neighborhood": "Vila de Gr\u00e0cia", "latitude": 41.4053071, "longitude": 2.1553646, "showAddress": false, "url": "https://www.idealista.com/inmueble/91456308/", "distance": "549", "hasVideo": false, "status": "good", "newDevelopment": false, "hasLift": false, "priceByArea": 3721.0, "detailedType": {"typology": "flat"}, "suggestedTexts": {"subtitle": "Vila de Gr\u00e0cia, Barcelona", "title": "Piso en torrent de l'olla"}, "hasPlan": true, "has3DTour": false, "has360": false, "hasStaging": false, "topNewDevelopment": false}, {"propertyCode": "92286148", "thumbnail": "https://img3.idealista.com/blur/WEB_LISTING/0/id.pro.es.image.master/00/c9/a1/850934504.jpg", "externalReference": "4415", "numPhotos": 21, "floor": "4", "price": 350000.0, "propertyType": "flat", "operation": "sale", "size": 84.0, "exterior": true, "rooms": 4, "bathrooms": 2, "address": "Calle de Roger de Flor", "province": "Barcelona", "municipality": "Barcelona", "district": "Gr\u00e0cia", "country": "es", "neighborhood": "El Camp d'En Grassot i Gr\u00e0cia Nova", "latitude": 41.4011574, "longitude": 2.1681884, "showAddress": false, "url": "https://www.idealista.com/inmueble/92286148/", "distance": "793", "hasVideo": false, "status": "good", "newDevelopment": false, "hasLift": true, "priceByArea": 4167.0, "detailedType": {"typology": "flat"}, "suggestedTexts": {"subtitle": "El Camp d'En Grassot i Gr\u00e0cia Nova, Barcelona", "title": "Piso en Calle de Roger de Flor"}, "hasPlan": false, "has3DTour": false, "has360": false, "hasStaging": false, "topNewDevelopment": false}, {"propertyCode": "92341629", "thumbnail": "https://img3.idealista.com/blur/WEB_LISTING/0/id.pro.es.image.master/ff/5f/1e/852213841.jpg", "externalReference": "244345", "numPhotos": 23, "floor": "bj", "price": 470000.0, "propertyType": "flat", "operation": "sale", "size": 140.0, "exterior": true, "rooms": 3, "bathrooms": 2, "address": "barrio El Camp d'En Grassot i Gr\u00e0cia Nova", "province": "Barcelona", "municipality": "Barcelona", "district": "Gr\u00e0cia", "country": "es", "neighborhood": "El Camp d'En Grassot i Gr\u00e0cia Nova", "latitude": 41.4103984, "longitude": 2.159495, "showAddress": false, "url": "https://www.idealista.com/inmueble/92341629/", "distance": "480", "hasVideo": false, "status": "good", "newDevelopment": false, "hasLift": true, "priceByArea": 3357.0, "detailedType": {"typology": "flat"}, "suggestedTexts": {"subtitle": "El Camp d'En Grassot i Gr\u00e0cia Nova, Barcelona", "title": "Piso"}, "hasPlan": false, "has3DTour": false, "has360": false, "hasStaging": false, "topNewDevelopment": false}, {"propertyCode": "93128443", "thumbnail": "https://img3.idealista.com/blur/WEB_LISTING/0/id.pro.es.image.master/e8/2a/54/855149674.jpg", "externalReference": "imarinasfau", "numPhotos": 27, "floor": "3", "price": 325000.0, "propertyType": "flat", "operation": "sale", "size": 83.0, "exterior": true, "rooms": 4, "bathrooms": 2, "address": "Calle de la Marina", "province": "Barcelona", "municipality": "Barcelona", "district": "Eixample", "country": "es", "neighborhood": "La Sagrada Fam\u00edlia", "latitude": 41.407317, "longitude": 2.1706549, "showAddress": false, "url": "https://www.idealista.com/inmueble/93128443/", "distance": "746", "hasVideo": true, "status": "good", "newDevelopment": false, "hasLift": true, "parkingSpace": {"hasParkingSpace": true, "isParkingSpaceIncludedInPrice": false, "parkingSpacePrice": 10000.0}, "priceByArea": 3916.0, "detailedType": {"typology": "flat"}, "suggestedTexts": {"subtitle": "La Sagrada Fam\u00edlia, Barcelona", "title": "Piso en Calle de la Marina"}, "hasPlan": false, "has3DTour": false, "has360": false, "hasStaging": false, "topNewDevelopment": false}, {"propertyCode": "91592118", "thumbnail": "https://img3.idealista.com/blur/WEB_LISTING/0/id.pro.es.image.master/af/73/4c/854148707.jpg", "externalReference": "PVME58Z", "numPhotos": 48, "floor": "3", "price": 460000.0, "propertyType": "flat", "operation": "sale", "size": 125.0, "exterior": true, "rooms": 3, "bathrooms": 2, "address": "Calle de Sardenya", "province": "Barcelona", "municipality": "Barcelona", "district": "Eixample", "country": "es", "neighborhood": "La Sagrada Fam\u00edlia", "latitude": 41.4067525, "longitude": 2.1686336, "showAddress": false, "url": "https://www.idealista.com/inmueble/91592118/", "distance": "572", "hasVideo": true, "status": "good", "newDevelopment": false, "hasLift": true, "priceByArea": 3680.0, "detailedType": {"typology": "flat"}, "suggestedTexts": {"subtitle": "La Sagrada Fam\u00edlia, Barcelona", "title": "Piso en Calle de Sardenya"}, "hasPlan": true, "has3DTour": false, "has360": false, "hasStaging": false, "topNewDevelopment": false}, {"propertyCode": "92214604", "thumbnail": "https://img3.idealista.com/blur/WEB_LISTING/0/id.pro.es.image.master/79/a4/ae/833844857.jpg", "externalReference": "11282", "numPhotos": 9, "floor": "bj", "price": 530000.0, "propertyType": "studio", "operation": "sale", "size": 170.0, "exterior": true, "rooms": 0, "bathrooms": 1, "address": "Calle de Lepant", "province": "Barcelona", "municipality": "Barcelona", "district": "Eixample", "country": "es", "neighborhood": "La Sagrada Fam\u00edlia", "latitude": 41.4090002, "longitude": 2.1703697, "showAddress": false, "url": "https://www.idealista.com/inmueble/92214604/", "distance": "771", "hasVideo": false, "status": "good", "newDevelopment": false, "hasLift": true, "priceByArea": 3118.0, "detailedType": {"typology": "flat", "subTypology": "studio"}, "suggestedTexts": {"subtitle": "La Sagrada Fam\u00edlia, Barcelona", "title": "Estudio en Calle de Lepant"}, "hasPlan": true, "has3DTour": false, "has360": false, "hasStaging": false, "topNewDevelopment": false}, {"propertyCode": "92111424", "thumbnail": "https://img3.idealista.com/blur/WEB_LISTING/0/id.pro.es.image.master/45/54/34/853382956.jpg", "externalReference": "W-02HNSJ", "numPhotos": 29, "price": 1350000.0, "propertyType": "chalet", "operation": "sale", "size": 325.0, "exterior": false, "rooms": 15, "bathrooms": 4, "address": "barrio El Camp d'En Grassot i Gr\u00e0cia Nova", "province": "Barcelona", "municipality": "Barcelona", "district": "Gr\u00e0cia", "country": "es", "neighborhood": "El Camp d'En Grassot i Gr\u00e0cia Nova", "latitude": 41.4115447, "longitude": 2.1582008, "showAddress": false, "url": "https://www.idealista.com/inmueble/92111424/", "distance": "642", "hasVideo": false, "status": "good", "newDevelopment": false, "priceByArea": 4154.0, "detailedType": {"typology": "chalet", "subTypology": "independantHouse"}, "suggestedTexts": {"subtitle": "El Camp d'En Grassot i Gr\u00e0cia Nova, Barcelona", "title": "Casa independiente"}, "hasPlan": false, "has3DTour": false, "has360": false, "hasStaging": false, "topNewDevelopment": false}, {"propertyCode": "92770534", "thumbnail": "https://img3.idealista.com/blur/WEB_LISTING/0/id.pro.es.image.master/fe/0f/91/847723701.jpg", "externalReference": "JV-RES-1036-019-21", "numPhotos": 19, "floor": "1", "price": 368000.0, "propertyType": "flat", "operation": "sale", "size": 112.0, "exterior": true, "rooms": 3, "bathrooms": 2, "address": "Calle de les Cam\u00e8lies", "province": "Barcelona", "municipality": "Barcelona", "district": "Horta Guinard\u00f3", "country": "es", "neighborhood": "El Baix Guinard\u00f3", "latitude": 41.4114876, "longitude": 2.1608701, "showAddress": false, "url": "https://www.idealista.com/inmueble/92770534/", "distance": "567", "hasVideo": true, "status": "good", "newDevelopment": false, "hasLift": true, "priceByArea": 3286.0, "detailedType": {"typology": "flat"}, "suggestedTexts": {"subtitle": "El Baix Guinard\u00f3, Barcelona", "title": "Piso en Calle de les Cam\u00e8lies"}, "hasPlan": false, "has3DTour": false, "has360": false, "hasStaging": false, "topNewDevelopment": false}, {"propertyCode": "92088400", "thumbnail": "https://img3.idealista.com/blur/WEB_LISTING/0/id.pro.es.image.master/e1/8b/07/830636208.jpg", "externalReference": "G-40678", "numPhotos": 19, "floor": "1", "price": 259000.0, "propertyType": "flat", "operation": "sale", "size": 55.0, "exterior": true, "rooms": 2, "bathrooms": 2, "address": "Banyoles", "province": "Barcelona", "municipality": "Barcelona", "district": "Gr\u00e0cia", "country": "es", "neighborhood": "Vila de Gr\u00e0cia", "latitude": 41.4004534, "longitude": 2.1605311, "showAddress": false, "url": "https://www.idealista.com/inmueble/92088400/", "distance": "672", "hasVideo": true, "status": "good", "newDevelopment": false, "hasLift": true, "priceByArea": 4709.0, "detailedType": {"typology": "flat"}, "suggestedTexts": {"subtitle": "Vila de Gr\u00e0cia, Barcelona", "title": "Piso en Banyoles"}, "hasPlan": false, "has3DTour": false, "has360": false, "hasStaging": false, "topNewDevelopment": false}, {"propertyCode": "92651590", "thumbnail": "https://img3.idealista.com/blur/WEB_LISTING/0/id.pro.es.image.master/eb/25/5d/848007201.jpg", "externalReference": "INVH 0072 E", "numPhotos": 24, "floor": "1", "price": 424000.0, "propertyType": "flat", "operation": "sale", "size": 104.0, "exterior": true, "rooms": 4, "bathrooms": 2, "address": "Calle Gran de Gr\u00e0cia, 222", "province": "Barcelona", "municipality": "Barcelona", "district": "Gr\u00e0cia", "country": "es", "neighborhood": "Vila de Gr\u00e0cia", "latitude": 41.4044014, "longitude": 2.1519501, "showAddress": true, "url": "https://www.idealista.com/inmueble/92651590/", "distance": "850", "hasVideo": false, "status": "good", "newDevelopment": false, "hasLift": false, "priceByArea": 4077.0, "detailedType": {"typology": "flat"}, "suggestedTexts": {"subtitle": "Vila de Gr\u00e0cia, Barcelona", "title": "Piso en Calle Gran de Gr\u00e0cia, 222"}, "hasPlan": false, "has3DTour": false, "has360": false, "hasStaging": false, "topNewDevelopment": false}, {"propertyCode": "92522221", "thumbnail": "https://img3.idealista.com/blur/WEB_LISTING/0/id.pro.es.image.master/e7/2f/1d/841659398.jpg", "externalReference": "4618", "numPhotos": 19, "price": 235000.0, "propertyType": "flat", "operation": "sale", "size": 54.0, "exterior": true, "rooms": 3, "bathrooms": 1, "address": "Calle de Lepant", "province": "Barcelona", "municipality": "Barcelona", "district": "Horta Guinard\u00f3", "country": "es", "neighborhood": "El Baix Guinard\u00f3", "latitude": 41.4094413, "longitude": 2.1699634, "showAddress": false, "url": "https://www.idealista.com/inmueble/92522221/", "distance": "759", "hasVideo": false, "status": "good", "newDevelopment": false, "hasLift": true, "priceByArea": 4352.0, "detailedType": {"typology": "flat"}, "suggestedTexts": {"subtitle": "El Baix Guinard\u00f3, Barcelona", "title": "Piso en Calle de Lepant"}, "hasPlan": false, "has3DTour": false, "has360": false, "hasStaging": false, "topNewDevelopment": false}, {"propertyCode": "87554156", "thumbnail": "https://img3.idealista.com/blur/WEB_LISTING/0/id.pro.es.image.master/8b/35/3b/756020266.jpg", "externalReference": "W-02HBXN", "numPhotos": 13, "floor": "4", "price": 360000.0, "propertyType": "flat", "operation": "sale", "size": 100.0, "exterior": false, "rooms": 2, "bathrooms": 1, "address": "barrio El Camp d'En Grassot i Gr\u00e0cia Nova", "province": "Barcelona", "municipality": "Barcelona", "district": "Gr\u00e0cia", "country": "es", "neighborhood": "El Camp d'En Grassot i Gr\u00e0cia Nova", "latitude": 41.407736, "longitude": 2.1673068, "showAddress": false, "url": "https://www.idealista.com/inmueble/87554156/", "distance": "483", "hasVideo": false, "status": "good", "newDevelopment": false, "hasLift": true, "priceByArea": 3600.0, "detailedType": {"typology": "flat"}, "suggestedTexts": {"subtitle": "El Camp d'En Grassot i Gr\u00e0cia Nova, Barcelona", "title": "Piso"}, "hasPlan": false, "has3DTour": false, "has360": false, "hasStaging": false, "topNewDevelopment": false}, {"propertyCode": "92809204", "thumbnail": "https://img3.idealista.com/blur/WEB_LISTING/0/id.pro.es.image.master/4a/74/4b/850459211.jpg", "externalReference": "_amunt", "numPhotos": 20, "floor": "2", "price": 243000.0, "propertyType": "flat", "operation": "sale", "size": 53.0, "exterior": true, "rooms": 3, "bathrooms": 1, "address": "Paseo amunt", "province": "Barcelona", "municipality": "Barcelona", "district": "Gr\u00e0cia", "country": "es", "neighborhood": "El Camp d'En Grassot i Gr\u00e0cia Nova", "latitude": 41.4097469, "longitude": 2.1629643, "showAddress": false, "url": "https://www.idealista.com/inmueble/92809204/", "distance": "381", "hasVideo": false, "status": "good", "newDevelopment": false, "hasLift": true, "priceByArea": 4585.0, "detailedType": {"typology": "flat"}, "suggestedTexts": {"subtitle": "El Camp d'En Grassot i Gr\u00e0cia Nova, Barcelona", "title": "Piso en Paseo amunt"}, "hasPlan": false, "has3DTour": false, "has360": false, "hasStaging": false, "topNewDevelopment": false}, {"propertyCode": "29369498", "thumbnail": "https://img3.idealista.com/blur/WEB_LISTING/0/id.pro.es.image.master/84/97/1c/84854067.jpg", "externalReference": "3636", "numPhotos": 21, "floor": "1", "price": 349000.0, "propertyType": "flat", "operation": "sale", "size": 90.0, "exterior": true, "rooms": 4, "bathrooms": 2, "address": "Escorial", "province": "Barcelona", "municipality": "Barcelona", "district": "Gr\u00e0cia", "country": "es", "neighborhood": "El Camp d'En Grassot i Gr\u00e0cia Nova", "latitude": 41.4092016, "longitude": 2.1587664, "showAddress": false, "url": "https://www.idealista.com/inmueble/29369498/", "distance": "397", "hasVideo": true, "status": "good", "newDevelopment": false, "hasLift": true, "priceByArea": 3878.0, "detailedType": {"typology": "flat"}, "suggestedTexts": {"subtitle": "El Camp d'En Grassot i Gr\u00e0cia Nova, Barcelona", "title": "Piso en Escorial"}, "hasPlan": false, "has3DTour": false, "has360": false, "hasStaging": false, "topNewDevelopment": false}]