[{"propertyCode": "86950973", "thumbnail": "https://img3.idealista.com/blur/WEB_LISTING/0/id.pro.es.image.master/93/0a/7a/853085136.jpg", "externalReference": "39533", "numPhotos": 35, "price": 2200000.0, "propertyType": "chalet", "operation": "sale", "size": 360.0, "exterior": false, "rooms": 7, "bathrooms": 6, "address": "Plaza de Rovira i Trias", "province": "Barcelona", "municipality": "Barcelona", "district": "Gr\u00e0cia", "country": "es", "neighborhood": "Vila de Gr\u00e0cia", "latitude": 41.4095022, "longitude": 2.1565747, "showAddress": false, "url": "https://www.idealista.com/inmueble/86950973/", "distance": "784", "hasVideo": true, "status": "good", "newDevelopment": false, "priceByArea": 6111.0, "detailedType": {"typology": "chalet", "subTypology": "semidetachedHouse"}, "suggestedTexts": {"subtitle": "Vila de Gr\u00e0cia, Barcelona", "title": "Chalet pareado en Plaza de Rovira i Trias"}, "hasPlan": true, "has3DTour": true, "has360": false, "hasStaging": false, "topNewDevelopment": false}, {"propertyCode": "88993130", "thumbnail": "https://img3.idealista.com/blur/WEB_LISTING/0/id.pro.es.image.master/34/9e/59/761303363.jpg", "externalReference": "W-02D55P", "numPhotos": 32, "floor": "2", "price": 800000.0, "propertyType": "flat", "operation": "sale", "size": 165.0, "exterior": false, "rooms": 4, "bathrooms": 3, "address": "barrio El Putxet i el Farr\u00f3", "province": "Barcelona", "municipality": "Barcelona", "district": "Sarri\u00e0-Sant Gervasi", "country": "es", "neighborhood": "El Putxet i el Farr\u00f3", "latitude": 41.4077268, "longitude": 2.1456862, "showAddress": false, "url": "https://www.idealista.com/inmueble/88993130/", "distance": "474", "hasVideo": false, "status": "good", "newDevelopment": false, "hasLift": true, "parkingSpace": {"hasParkingSpace": true, "isParkingSpaceIncludedInPrice": true}, "priceByArea": 4848.0, "detailedType": {"typology": "flat"}, "suggestedTexts": {"subtitle": "El Putxet i el Farr\u00f3, Barcelona", "title": "Piso"}, "hasPlan": true, "has3DTour": true, "has360": false, "hasStaging": false, "topNewDevelopment": false}, {"propertyCode": "91869060", "thumbnail": "https://img3.idealista.com/blur/WEB_LISTING/0/id.pro.es.image.master/5b/66/7d/825201527.jpg", "externalReference": "VB2011033", "numPhotos": 33, "floor": "1", "price": 985000.0, "propertyType": "flat", "operation": "sale", "size": 210.0, "exterior": true, "rooms": 5, "bathrooms": 4, "address": "barrio El Putxet i el Farr\u00f3", "province": "Barcelona", "municipality": "Barcelona", "district": "Sarri\u00e0-Sant Gervasi", "country": "es", "neighborhood": "El Putxet i el Farr\u00f3", "latitude": 41.405933, "longitude": 2.145408, "showAddress": false, "url": "https://www.idealista.com/inmueble/91869060/", "distance": "671", "hasVideo": true, "status": "good", "newDevelopment": false, "hasLift": true, "parkingSpace": {"hasParkingSpace": true, "isParkingSpaceIncludedInPrice": true}, "priceByArea": 4690.0, "detailedType": {"typology": "flat"}, "suggestedTexts": {"subtitle": "El Putxet i el Farr\u00f3, Barcelona", "title": "Piso"}, "hasPlan": true, "has3DTour": false, "has360": true, "hasStaging": false, "topNewDevelopment": false}, {"propertyCode": "90822259", "thumbnail": "https://img3.idealista.com/blur/WEB_LISTING/0/id.pro.es.image.master/d6/f9/e8/799371723.jpg", "externalReference": "BCN04664", "numPhotos": 22, "floor": "7", "price": 825000.0, "propertyType": "flat", "operation": "sale", "size": 160.0, "exterior": true, "rooms": 3, "bathrooms": 2, "address": "barrio Sant Gervasi - Galvany", "province": "Barcelona", "municipality": "Barcelona", "district": "Sarri\u00e0-Sant Gervasi", "country": "es", "neighborhood": "Sant Gervasi - Galvany", "latitude": 41.4060375, "longitude": 2.142631, "showAddress": false, "url": "https://www.idealista.com/inmueble/90822259/", "distance": "759", "hasVideo": true, "status": "good", "newDevelopment": false, "hasLift": true, "priceByArea": 5156.0, "detailedType": {"typology": "flat"}, "suggestedTexts": {"subtitle": "Sant Gervasi - Galvany, Barcelona", "title": "Piso"}, "hasPlan": true, "has3DTour": false, "has360": false, "hasStaging": false, "topNewDevelopment": false}, {"propertyCode": "89445845", "thumbnail": "https://img3.idealista.com/blur/WEB_LISTING/0/id.pro.es.image.master/d6/73/32/771607601.jpg", "externalReference": "W-02INYS", "numPhotos": 43, "price": 499000.0, "propertyType": "flat", "operation": "sale", "size": 161.0, "exterior": false, "rooms": 4, "bathrooms": 2, "address": "barrio Sant Gervasi - Galvany", "province": "Barcelona", "municipality": "Barcelona", "district": "Sarri\u00e0-Sant Gervasi", "country": "es", "neighborhood": "Sant Gervasi - Galvany", "latitude": 41.4048148, "longitude": 2.1433412, "showAddress": false, "url": "https://www.idealista.com/inmueble/89445845/", "distance": "848", "hasVideo": false, "status": "renew", "newDevelopment": false, "hasLift": true, "priceByArea": 3099.0, "detailedType": {"typology": "flat"}, "suggestedTexts": {"subtitle": "Sant Gervasi - Galvany, Barcelona", "title": "Piso"}, "hasPlan": true, "has3DTour": false, "has360": true, "hasStaging": false, "topNewDevelopment": false}, {"propertyCode": "92764073", "thumbnail": "https://img3.idealista.com/blur/WEB_LISTING/0/id.pro.es.image.master/a0/2e/77/848286284.jpg", "externalReference": "SP100YR", "numPhotos": 37, "floor": "bj", "price": 745000.0, "propertyType": "flat", "operation": "sale", "size": 207.0, "exterior": true, "rooms": 3, "bathrooms": 2, "address": "barrio El Putxet i el Farr\u00f3", "province": "Barcelona", "municipality": "Barcelona", "district": "Sarri\u00e0-Sant Gervasi", "country": "es", "neighborhood": "El Putxet i el Farr\u00f3", "latitude": 41.4105581, "longitude": 2.1426154, "showAddress": false, "url": "https://www.idealista.com/inmueble/92764073/", "distance": "439", "hasVideo": true, "status": "good", "newDevelopment": false, "hasLift": true, "priceByArea": 3599.0, "detailedType": {"typology": "flat"}, "suggestedTexts": {"subtitle": "El Putxet i el Farr\u00f3, Barcelona", "title": "Piso"}, "hasPlan": true, "has3DTour": false, "has360": true, "hasStaging": false, "topNewDevelopment": false}, {"propertyCode": "85190976", "thumbnail": "https://img3.idealista.com/blur/WEB_LISTING/0/id.pro.es.image.master/c9/7c/d7/804946018.jpg", "externalReference": "SP151FM", "numPhotos": 29, "floor": "3", "price": 549000.0, "propertyType": "flat", "operation": "sale", "size": 118.0, "exterior": true, "rooms": 3, "bathrooms": 2, "address": "Paseo de Sant Gervasi, Barcelona", "province": "Barcelona", "municipality": "Barcelona", "district": "Sarri\u00e0-Sant Gervasi", "country": "es", "neighborhood": "El Putxet i el Farr\u00f3", "latitude": 41.4132817, "longitude": 2.1392877, "showAddress": false, "url": "https://www.idealista.com/inmueble/85190976/", "distance": "718", "hasVideo": true, "status": "good", "newDevelopment": false, "hasLift": true, "priceByArea": 4653.0, "detailedType": {"typology": "flat"}, "suggestedTexts": {"subtitle": "El Putxet i el Farr\u00f3, Barcelona", "title": "Piso en Paseo de Sant Gervasi, Barcelona"}, "hasPlan": true, "has3DTour": false, "has360": true, "hasStaging": false, "topNewDevelopment": false}, {"propertyCode": "89705491", "thumbnail": "https://img3.idealista.com/blur/WEB_LISTING/0/id.pro.es.image.master/a8/50/80/800885015.jpg", "externalReference": "0951", "numPhotos": 25, "floor": "2", "price": 399000.0, "propertyType": "flat", "operation": "sale", "size": 105.0, "exterior": true, "rooms": 4, "bathrooms": 2, "address": "barrio El Putxet i el Farr\u00f3", "province": "Barcelona", "municipality": "Barcelona", "district": "Sarri\u00e0-Sant Gervasi", "country": "es", "neighborhood": "El Putxet i el Farr\u00f3", "latitude": 41.4114666, "longitude": 2.139694, "showAddress": false, "url": "https://www.idealista.com/inmueble/89705491/", "distance": "664", "hasVideo": false, "status": "good", "newDevelopment": false, "hasLift": true, "priceByArea": 3800.0, "detailedType": {"typology": "flat"}, "suggestedTexts": {"subtitle": "El Putxet i el Farr\u00f3, Barcelona", "title": "Piso"}, "hasPlan": true, "has3DTour": false, "has360": true, "hasStaging": false, "topNewDevelopment": false}, {"propertyCode": "38881514", "thumbnail": "https://img3.idealista.com/blur/WEB_LISTING/0/id.pro.es.image.master/76/10/3f/848273788.jpg", "externalReference": "BCN04915", "numPhotos": 29, "floor": "2", "price": 800000.0, "propertyType": "duplex", "operation": "sale", "size": 197.0, "exterior": true, "rooms": 3, "bathrooms": 3, "address": "barrio El Putxet i el Farr\u00f3", "province": "Barcelona", "municipality": "Barcelona", "district": "Sarri\u00e0-Sant Gervasi", "country": "es", "neighborhood": "El Putxet i el Farr\u00f3", "latitude": 41.4099121, "longitude": 2.1450005, "showAddress": false, "url": "https://www.idealista.com/inmueble/38881514/", "distance": "299", "hasVideo": false, "status": "good", "newDevelopment": false, "hasLift": true, "parkingSpace": {"hasParkingSpace": true, "isParkingSpaceIncludedInPrice": false, "parkingSpacePrice": 20000.0}, "priceByArea": 4061.0, "detailedType": {"typology": "flat", "subTypology": "duplex"}, "suggestedTexts": {"subtitle": "El Putxet i el Farr\u00f3, Barcelona", "title": "D\u00faplex"}, "hasPlan": true, "has3DTour": false, "has360": true, "hasStaging": false, "topNewDevelopment": false}, {"propertyCode": "93132862", "thumbnail": "https://img3.idealista.com/blur/WEB_LISTING/0/id.pro.es.image.master/38/ff/10/855262634.jpg", "externalReference": "VB2103006", "numPhotos": 56, "floor": "3", "price": 1100000.0, "propertyType": "penthouse", "operation": "sale", "size": 400.0, "exterior": true, "rooms": 4, "bathrooms": 3, "address": "Calle del Torrent de l'Olla", "province": "Barcelona", "municipality": "Barcelona", "district": "Gr\u00e0cia", "country": "es", "neighborhood": "Vila de Gr\u00e0cia", "latitude": 41.406338, "longitude": 2.1501168, "showAddress": false, "url": "https://www.idealista.com/inmueble/93132862/", "distance": "633", "hasVideo": true, "status": "renew", "newDevelopment": false, "hasLift": true, "priceByArea": 2750.0, "detailedType": {"typology": "flat", "subTypology": "penthouse"}, "suggestedTexts": {"subtitle": "Vila de Gr\u00e0cia, Barcelona", "title": "\u00c1tico en Calle del Torrent de l'Olla"}, "hasPlan": true, "has3DTour": false, "has360": false, "hasStaging": false, "topNewDevelopment": false}, {"propertyCode": "93182789", "thumbnail": "https://img3.idealista.com/blur/WEB_LISTING/0/id.pro.es.image.master/66/30/01/856381363.jpg", "externalReference": "D-40703", "numPhotos": 27, "floor": "2", "price": 399000.0, "propertyType": "flat", "operation": "sale", "size": 112.0, "exterior": true, "rooms": 4, "bathrooms": 3, "address": "Avenida de la Riera de Cassoles", "province": "Barcelona", "municipality": "Barcelona", "district": "Gr\u00e0cia", "country": "es", "neighborhood": "Vila de Gr\u00e0cia", "latitude": 41.4046524, "longitude": 2.1482691, "showAddress": false, "url": "https://www.idealista.com/inmueble/93182789/", "distance": "788", "hasVideo": true, "status": "renew", "newDevelopment": false, "hasLift": true, "priceByArea": 3563.0, "detailedType": {"typology": "flat"}, "suggestedTexts": {"subtitle": "Vila de Gr\u00e0cia, Barcelona", "title": "Piso en Avenida de la Riera de Cassoles"}, "hasPlan": true, "has3DTour": false, "has360": false, "hasStaging": false, "topNewDevelopment": false}, {"propertyCode": "92493100", "thumbnail": "https://img3.idealista.com/blur/WEB_LISTING/0/id.pro.es.image.master/9b/30/c2/841436559.jpg", "externalReference": "245132", "numPhotos": 33, "floor": "bj", "price": 620000.0, "propertyType": "duplex", "operation": "sale", "size": 91.0, "exterior": true, "rooms": 3, "bathrooms": 3, "address": "barrio El Putxet i el Farr\u00f3", "province": "Barcelona", "municipality": "Barcelona", "district": "Sarri\u00e0-Sant Gervasi", "country": "es", "neighborhood": "El Putxet i el Farr\u00f3", "latitude": 41.4055634, "longitude": 2.1444171, "showAddress": false, "url": "https://www.idealista.com/inmueble/92493100/", "distance": "736", "hasVideo": false, "status": "good", "newDevelopment": false, "hasLift": true, "parkingSpace": {"hasParkingSpace": true, "isParkingSpaceIncludedInPrice": true}, "priceByArea": 6813.0, "detailedType": {"typology": "flat", "subTypology": "duplex"}, "suggestedTexts": {"subtitle": "El Putxet i el Farr\u00f3, Barcelona", "title": "D\u00faplex"}, "hasPlan": true, "has3DTour": false, "has360": false, "hasStaging": false, "topNewDevelopment": false}, {"propertyCode": "90311630", "thumbnail": "https://img3.idealista.com/blur/WEB_LISTING/0/id.pro.es.image.master/fe/ee/ac/787839564.jpg", "externalReference": "P_HURT", "numPhotos": 37, "floor": "bj", "price": 745000.0, "propertyType": "flat", "operation": "sale", "size": 207.0, "exterior": false, "rooms": 3, "bathrooms": 2, "address": "hurtado, 7", "province": "Barcelona", "municipality": "Barcelona", "district": "Sarri\u00e0-Sant Gervasi", "country": "es", "neighborhood": "El Putxet i el Farr\u00f3", "latitude": 41.4102264, "longitude": 2.1411077, "showAddress": true, "url": "https://www.idealista.com/inmueble/90311630/", "distance": "570", "hasVideo": false, "status": "good", "newDevelopment": false, "hasLift": true, "priceByArea": 3599.0, "detailedType": {"typology": "flat"}, "suggestedTexts": {"subtitle": "El Putxet i el Farr\u00f3, Barcelona", "title": "Piso en hurtado, 7"}, "hasPlan": true, "has3DTour": false, "has360": true, "hasStaging": false, "topNewDevelopment": false}, {"propertyCode": "92560475", "thumbnail": "https://img3.idealista.com/blur/WEB_LISTING/0/id.pro.es.image.master/41/f3/e2/842679905.jpg", "externalReference": "243993", "numPhotos": 25, "floor": "2", "price": 880000.0, "propertyType": "flat", "operation": "sale", "size": 172.0, "exterior": true, "rooms": 3, "bathrooms": 3, "address": "barrio El Putxet i el Farr\u00f3", "province": "Barcelona", "municipality": "Barcelona", "district": "Sarri\u00e0-Sant Gervasi", "country": "es", "neighborhood": "El Putxet i el Farr\u00f3", "latitude": 41.4110355, "longitude": 2.1393086, "showAddress": false, "url": "https://www.idealista.com/inmueble/92560475/", "distance": "700", "hasVideo": false, "status": "good", "newDevelopment": false, "hasLift": true, "priceByArea": 5116.0, "detailedType": {"typology": "flat"}, "suggestedTexts": {"subtitle": "El Putxet i el Farr\u00f3, Barcelona", "title": "Piso"}, "hasPlan": true, "has3DTour": false, "has360": false, "hasStaging": false, "topNewDevelopment": false}, {"propertyCode": "91842091", "thumbnail": "https://img3.idealista.com/blur/WEB_LISTING/0/id.pro.es.image.master/ba/24/83/824572704.jpg", "externalReference": "242955", "numPhotos": 23, "floor": "5", "price": 350000.0, "propertyType": "flat", "operation": "sale", "size": 76.0, "exterior": true, "rooms": 3, "bathrooms": 1, "address": "barrio Vallcarca i els Penitents", "province": "Barcelona", "municipality": "Barcelona", "district": "Gr\u00e0cia", "country": "es", "neighborhood": "Vallcarca i els Penitents", "latitude": 41.4107816, "longitude": 2.1394402, "showAddress": false, "url": "https://www.idealista.com/inmueble/91842091/", "distance": "692", "hasVideo": false, "status": "good", "newDevelopment": false, "hasLift": true, "priceByArea": 4605.0, "detailedType": {"typology": "flat"}, "suggestedTexts": {"subtitle": "Vallcarca i els Penitents, Barcelona", "title": "Piso"}, "hasPlan": true, "has3DTour": false, "has360": false, "hasStaging": false, "topNewDevelopment": false}, {"propertyCode": "91648408", "thumbnail": "https://img3.idealista.com/blur/WEB_LISTING/0/id.pro.es.image.master/48/27/2a/844034961.jpg", "externalReference": "240750", "numPhotos": 22, "floor": "1", "price": 720000.0, "propertyType": "flat", "operation": "sale", "size": 130.0, "exterior": true, "rooms": 4, "bathrooms": 2, "address": "barrio El Putxet i el Farr\u00f3", "province": "Barcelona", "municipality": "Barcelona", "district": "Sarri\u00e0-Sant Gervasi", "country": "es", "neighborhood": "El Putxet i el Farr\u00f3", "latitude": 41.4076663, "longitude": 2.1388275, "showAddress": false, "url": "https://www.idealista.com/inmueble/91648408/", "distance": "863", "hasVideo": false, "status": "good", "newDevelopment": false, "hasLift": true, "parkingSpace": {"hasParkingSpace": true, "isParkingSpaceIncludedInPrice": true}, "priceByArea": 5538.0, "detailedType": {"typology": "flat"}, "suggestedTexts": {"subtitle": "El Putxet i el Farr\u00f3, Barcelona", "title": "Piso"}, "hasPlan": true, "has3DTour": false, "has360": true, "hasStaging": false, "topNewDevelopment": false}, {"propertyCode": "91784565", "thumbnail": "https://img3.idealista.com/blur/WEB_LISTING/0/id.pro.es.image.master/f2/ea/81/823214879.jpg", "externalReference": "VB2011005-1", "numPhotos": 21, "floor": "4", "price": 429000.0, "propertyType": "penthouse", "operation": "sale", "size": 80.0, "exterior": true, "rooms": 1, "bathrooms": 1, "address": "barrio Vallcarca i els Penitents", "province": "Barcelona", "municipality": "Barcelona", "district": "Gr\u00e0cia", "country": "es", "neighborhood": "Vallcarca i els Penitents", "latitude": 41.4114349, "longitude": 2.1499492, "showAddress": false, "url": "https://www.idealista.com/inmueble/91784565/", "distance": "194", "hasVideo": true, "status": "good", "newDevelopment": false, "hasLift": true, "priceByArea": 5363.0, "detailedType": {"typology": "flat", "subTypology": "penthouse"}, "suggestedTexts": {"subtitle": "Vallcarca i els Penitents, Barcelona", "title": "\u00c1tico"}, "hasPlan": true, "has3DTour": false, "has360": false, "hasStaging": false, "topNewDevelopment": false}, {"propertyCode": "91006379", "thumbnail": "https://img3.idealista.com/blur/WEB_LISTING/0/id.pro.es.image.master/48/a0/d7/804675369.jpg", "externalReference": "W-02FB69", "numPhotos": 29, "floor": "1", "price": 375000.0, "propertyType": "flat", "operation": "sale", "size": 100.0, "exterior": false, "rooms": 3, "bathrooms": 2, "address": "barrio El Putxet i el Farr\u00f3", "province": "Barcelona", "municipality": "Barcelona", "district": "Sarri\u00e0-Sant Gervasi", "country": "es", "neighborhood": "El Putxet i el Farr\u00f3", "latitude": 41.4123193, "longitude": 2.1384409, "showAddress": false, "url": "https://www.idealista.com/inmueble/91006379/", "distance": "770", "hasVideo": false, "status": "renew", "newDevelopment": false, "hasLift": true, "priceByArea": 3750.0, "detailedType": {"typology": "flat"}, "suggestedTexts": {"subtitle": "El Putxet i el Farr\u00f3, Barcelona", "title": "Piso"}, "hasPlan": true, "has3DTour": false, "has360": false, "hasStaging": false, "topNewDevelopment": false}, {"propertyCode": "88888638", "thumbnail": "https://img3.idealista.com/blur/WEB_LISTING/0/id.pro.es.image.master/e1/45/1d/757939761.jpg", "externalReference": "W-02ICES", "numPhotos": 22, "floor": "-1", "price": 175000.0, "propertyType": "flat", "operation": "sale", "size": 48.0, "exterior": false, "rooms": 1, "bathrooms": 1, "address": "barrio Vallcarca i els Penitents", "province": "Barcelona", "municipality": "Barcelona", "district": "Gr\u00e0cia", "country": "es", "neighborhood": "Vallcarca i els Penitents", "latitude": 41.4115235, "longitude": 2.1460537, "showAddress": false, "url": "https://www.idealista.com/inmueble/88888638/", "distance": "135", "hasVideo": false, "status": "good", "newDevelopment": false, "hasLift": true, "priceByArea": 3646.0, "detailedType": {"typology": "flat"}, "suggestedTexts": {"subtitle": "Vallcarca i els Penitents, Barcelona", "title": "Piso"}, "hasPlan": true, "has3DTour": false, "has360": false, "hasStaging": false, "topNewDevelopment": false}, {"propertyCode": "83131388", "thumbnail": "https://img3.idealista.com/blur/WEB_LISTING/0/id.pro.es.image.master/dd/84/c5/755895621.jpg", "externalReference": "W-02E6FW", "numPhotos": 48, "price": 598000.0, "propertyType": "flat", "operation": "sale", "size": 248.0, "exterior": false, "rooms": 5, "bathrooms": 2, "address": "barrio Vallcarca i els Penitents", "province": "Barcelona", "municipality": "Barcelona", "district": "Gr\u00e0cia", "country": "es", "neighborhood": "Vallcarca i els Penitents", "latitude": 41.4179281, "longitude": 2.1445119, "showAddress": false, "url": "https://www.idealista.com/inmueble/83131388/", "distance": "737", "hasVideo": false, "status": "good", "newDevelopment": false, "hasLift": false, "priceByArea": 2411.0, "detailedType": {"typology": "flat"}, "suggestedTexts": {"subtitle": "Vallcarca i els Penitents, Barcelona", "title": "Piso"}, "hasPlan": true, "has3DTour": false, "has360": false, "hasStaging": false, "topNewDevelopment": false}, {"propertyCode": "92959266", "thumbnail": "https://img3.idealista.com/blur/WEB_LISTING/0/id.pro.es.image.master/6d/b9/21/852035644.jpg", "externalReference": "RM24", "numPhotos": 32, "floor": "bj", "price": 850000.0, "propertyType": "duplex", "operation": "sale", "size": 222.0, "exterior": true, "rooms": 3, "bathrooms": 3, "address": "Rambla de Mercedes, 24", "province": "Barcelona", "municipality": "Barcelona", "district": "Gr\u00e0cia", "country": "es", "neighborhood": "La Salut", "latitude": 41.412369, "longitude": 2.1546071, "showAddress": true, "url": "https://www.idealista.com/inmueble/92959266/", "distance": "584", "hasVideo": false, "status": "good", "newDevelopment": false, "hasLift": true, "priceByArea": 3829.0, "detailedType": {"typology": "flat", "subTypology": "duplex"}, "suggestedTexts": {"subtitle": "La Salut, Barcelona", "title": "D\u00faplex en Rambla de Mercedes, 24"}, "hasPlan": true, "has3DTour": false, "has360": false, "hasStaging": false, "topNewDevelopment": false}, {"propertyCode": "90416547", "thumbnail": "https://img3.idealista.com/blur/WEB_LISTING/0/id.pro.es.image.master/e5/59/52/790309392.jpg", "externalReference": "9221", "numPhotos": 34, "price": 285000.0, "propertyType": "flat", "operation": "sale", "size": 75.0, "exterior": true, "rooms": 3, "bathrooms": 1, "address": "Calle de la Costa", "province": "Barcelona", "municipality": "Barcelona", "district": "Sarri\u00e0-Sant Gervasi", "country": "es", "neighborhood": "El Putxet i el Farr\u00f3", "latitude": 41.4097158, "longitude": 2.1464021, "showAddress": false, "url": "https://www.idealista.com/inmueble/90416547/", "distance": "247", "hasVideo": true, "status": "good", "newDevelopment": false, "hasLift": true, "priceByArea": 3800.0, "detailedType": {"typology": "flat"}, "suggestedTexts": {"subtitle": "El Putxet i el Farr\u00f3, Barcelona", "title": "Piso en Calle de la Costa"}, "hasPlan": true, "has3DTour": true, "has360": false, "hasStaging": false, "topNewDevelopment": false}, {"propertyCode": "92366056", "thumbnail": "https://img3.idealista.com/blur/WEB_LISTING/0/id.pro.es.image.master/42/6b/4c/853664338.jpg", "externalReference": "V134VL", "numPhotos": 22, "floor": "6", "price": 310000.0, "propertyType": "flat", "operation": "sale", "size": 84.0, "exterior": true, "rooms": 2, "bathrooms": 1, "address": "Paseo de Sant Gervasi, 82", "province": "Barcelona", "municipality": "Barcelona", "district": "Sarri\u00e0-Sant Gervasi", "country": "es", "neighborhood": "El Putxet i el Farr\u00f3", "latitude": 41.4130952, "longitude": 2.1380131, "showAddress": true, "url": "https://www.idealista.com/inmueble/92366056/", "distance": "818", "hasVideo": false, "status": "good", "newDevelopment": false, "hasLift": true, "priceByArea": 3690.0, "detailedType": {"typology": "flat"}, "suggestedTexts": {"subtitle": "El Putxet i el Farr\u00f3, Barcelona", "title": "Piso en Paseo de Sant Gervasi, 82"}, "hasPlan": true, "has3DTour": false, "has360": false, "hasStaging": false, "topNewDevelopment": false}, {"propertyCode": "91595047", "thumbnail": "https://img3.idealista.com/blur/WEB_LISTING/0/id.pro.es.image.master/68/93/55/818522341.jpg", "externalReference": "243424", "numPhotos": 18, "floor": "6", "price": 365000.0, "propertyType": "flat", "operation": "sale", "size": 75.0, "exterior": true, "rooms": 3, "bathrooms": 2, "address": "barrio El Putxet i el Farr\u00f3", "province": "Barcelona", "municipality": "Barcelona", "district": "Sarri\u00e0-Sant Gervasi", "country": "es", "neighborhood": "El Putxet i el Farr\u00f3", "latitude": 41.410274, "longitude": 2.1398229, "showAddress": false, "url": "https://www.idealista.com/inmueble/91595047/", "distance": "672", "hasVideo": false, "status": "good", "newDevelopment": false, "hasLift": true, "priceByArea": 4867.0, "detailedType": {"typology": "flat"}, "suggestedTexts": {"subtitle": "El Putxet i el Farr\u00f3, Barcelona", "title": "Piso"}, "hasPlan": true, "has3DTour": false, "has360": false, "hasStaging": false, "topNewDevelopment": false}, {"propertyCode": "88860058", "thumbnail": "https://img3.idealista.com/blur/WEB_LISTING/0/id.pro.es.image.master/b2/45/06/761181252.jpg", "externalReference": "CASA VERDI", "numPhotos": 63, "price": 745000.0, "propertyType": "chalet", "operation": "sale", "size": 200.0, "exterior": false, "rooms": 4, "bathrooms": 3, "address": "Calle de Verdi", "province": "Barcelona", "municipality": "Barcelona", "district": "Gr\u00e0cia", "country": "es", "neighborhood": "Vila de Gr\u00e0cia", "latitude": 41.4082061, "longitude": 2.1516253, "showAddress": false, "url": "https://www.idealista.com/inmueble/88860058/", "distance": "513", "hasVideo": false, "status": "good", "newDevelopment": false, "parkingSpace": {"hasParkingSpace": true, "isParkingSpaceIncludedInPrice": true}, "priceByArea": 3725.0, "detailedType": {"typology": "chalet", "subTypology": "terracedHouse"}, "suggestedTexts": {"subtitle": "Vila de Gr\u00e0cia, Barcelona", "title": "Chalet adosado en Calle de Verdi"}, "hasPlan": true, "has3DTour": false, "has360": false, "hasStaging": false, "topNewDevelopment": false}, {"propertyCode": "93185677", "thumbnail": "https://img3.idealista.com/blur/WEB_LISTING/0/id.pro.es.image.master/36/6c/8d/856458662.jpg", "externalReference": "001355A", "numPhotos": 36, "floor": "bj", "price": 965000.0, "propertyType": "chalet", "operation": "sale", "size": 178.0, "exterior": false, "rooms": 4, "bathrooms": 3, "address": "Calle d'Escipi\u00f3", "province": "Barcelona", "municipality": "Barcelona", "district": "Sarri\u00e0-Sant Gervasi", "country": "es", "neighborhood": "El Putxet i el Farr\u00f3", "latitude": 41.4055639, "longitude": 2.1464905, "showAddress": false, "url": "https://www.idealista.com/inmueble/93185677/", "distance": "692", "hasVideo": false, "status": "good", "newDevelopment": false, "priceByArea": 5421.0, "detailedType": {"typology": "chalet"}, "suggestedTexts": {"subtitle": "El Putxet i el Farr\u00f3, Barcelona", "title": "Chalet en Calle d'Escipi\u00f3"}, "hasPlan": false, "has3DTour": false, "has360": false, "hasStaging": false, "topNewDevelopment": false}, {"propertyCode": "91742559", "thumbnail": "https://img3.idealista.com/blur/WEB_LISTING/0/id.pro.es.image.master/d2/af/7f/822164138.jpg", "externalReference": "001416", "numPhotos": 36, "floor": "bj", "price": 965000.0, "propertyType": "chalet", "operation": "sale", "size": 178.0, "exterior": false, "rooms": 4, "bathrooms": 3, "address": "Calle d'Escipi\u00f3", "province": "Barcelona", "municipality": "Barcelona", "district": "Sarri\u00e0-Sant Gervasi", "country": "es", "neighborhood": "El Putxet i el Farr\u00f3", "latitude": 41.4084639, "longitude": 2.1460905, "showAddress": false, "url": "https://www.idealista.com/inmueble/91742559/", "distance": "385", "hasVideo": false, "status": "good", "newDevelopment": false, "priceByArea": 5421.0, "detailedType": {"typology": "chalet"}, "suggestedTexts": {"subtitle": "El Putxet i el Farr\u00f3, Barcelona", "title": "Chalet en Calle d'Escipi\u00f3"}, "hasPlan": false, "has3DTour": false, "has360": true, "hasStaging": false, "topNewDevelopment": false}, {"propertyCode": "90939011", "thumbnail": "https://img3.idealista.com/blur/WEB_LISTING/0/id.pro.es.image.master/2a/20/34/802586866.jpg", "externalReference": "W-02JOW4", "numPhotos": 25, "floor": "1", "price": 390000.0, "propertyType": "flat", "operation": "sale", "size": 102.0, "exterior": false, "rooms": 4, "bathrooms": 2, "address": "barrio El Putxet i el Farr\u00f3", "province": "Barcelona", "municipality": "Barcelona", "district": "Sarri\u00e0-Sant Gervasi", "country": "es", "neighborhood": "El Putxet i el Farr\u00f3", "latitude": 41.4117115, "longitude": 2.1401603, "showAddress": false, "url": "https://www.idealista.com/inmueble/90939011/", "distance": "624", "hasVideo": false, "status": "good", "newDevelopment": false, "hasLift": true, "priceByArea": 3824.0, "detailedType": {"typology": "flat"}, "suggestedTexts": {"subtitle": "El Putxet i el Farr\u00f3, Barcelona", "title": "Piso"}, "hasPlan": false, "has3DTour": false, "has360": false, "hasStaging": false, "topNewDevelopment": false}, {"propertyCode": "88697325", "thumbnail": "https://img3.idealista.com/blur/WEB_LISTING/0/id.pro.es.image.master/ea/a7/43/756015489.jpg", "externalReference": "W-02BPVK", "numPhotos": 31, "floor": "1", "price": 745000.0, "propertyType": "chalet", "operation": "sale", "size": 186.0, "exterior": false, "rooms": 3, "bathrooms": 3, "address": "barrio Vila de Gr\u00e0cia", "province": "Barcelona", "municipality": "Barcelona", "district": "Gr\u00e0cia", "country": "es", "neighborhood": "Vila de Gr\u00e0cia", "latitude": 41.4074247, "longitude": 2.152889, "showAddress": false, "url": "https://www.idealista.com/inmueble/88697325/", "distance": "648", "hasVideo": false, "status": "good", "newDevelopment": false, "parkingSpace": {"hasParkingSpace": true, "isParkingSpaceIncludedInPrice": true}, "priceByArea": 4005.0, "detailedType": {"typology": "chalet", "subTypology": "terracedHouse"}, "suggestedTexts": {"subtitle": "Vila de Gr\u00e0cia, Barcelona", "title": "Chalet adosado"}, "hasPlan": false, "has3DTour": false, "has360": false, "hasStaging": false, "topNewDevelopment": false}, {"propertyCode": "91099471", "thumbnail": "https://img3.idealista.com/blur/WEB_LISTING/0/id.pro.es.image.master/a1/99/00/809355901.jpg", "externalReference": "242670", "numPhotos": 25, "floor": "1", "price": 375000.0, "propertyType": "flat", "operation": "sale", "size": 92.0, "exterior": true, "rooms": 2, "bathrooms": 2, "address": "barrio El Putxet i el Farr\u00f3", "province": "Barcelona", "municipality": "Barcelona", "district": "Sarri\u00e0-Sant Gervasi", "country": "es", "neighborhood": "El Putxet i el Farr\u00f3", "latitude": 41.4113978, "longitude": 2.141565, "showAddress": false, "url": "https://www.idealista.com/inmueble/91099471/", "distance": "509", "hasVideo": false, "status": "good", "newDevelopment": false, "hasLift": true, "priceByArea": 4076.0, "detailedType": {"typology": "flat"}, "suggestedTexts": {"subtitle": "El Putxet i el Farr\u00f3, Barcelona", "title": "Piso"}, "hasPlan": true, "has3DTour": false, "has360": false, "hasStaging": false, "topNewDevelopment": false}, {"propertyCode": "87861789", "thumbnail": "https://img3.idealista.com/blur/WEB_LISTING/0/id.pro.es.image.master/12/86/ec/824171476.jpg", "externalReference": "231791", "numPhotos": 26, "floor": "4", "price": 699000.0, "propertyType": "flat", "operation": "sale", "size": 143.0, "exterior": true, "rooms": 3, "bathrooms": 2, "address": "barrio El Putxet i el Farr\u00f3", "province": "Barcelona", "municipality": "Barcelona", "district": "Sarri\u00e0-Sant Gervasi", "country": "es", "neighborhood": "El Putxet i el Farr\u00f3", "latitude": 41.4090327, "longitude": 2.1389474, "showAddress": false, "url": "https://www.idealista.com/inmueble/87861789/", "distance": "785", "hasVideo": false, "status": "renew", "newDevelopment": false, "hasLift": true, "priceByArea": 4888.0, "detailedType": {"typology": "flat"}, "suggestedTexts": {"subtitle": "El Putxet i el Farr\u00f3, Barcelona", "title": "Piso"}, "hasPlan": false, "has3DTour": false, "has360": false, "hasStaging": false, "topNewDevelopment": false}, {"propertyCode": "92926713", "thumbnail": "https://img3.idealista.com/blur/WEB_LISTING/0/id.pro.es.image.master/63/ae/90/851263111.jpg", "externalReference": "11342", "numPhotos": 48, "price": 1240000.0, "propertyType": "chalet", "operation": "sale", "size": 353.0, "exterior": false, "rooms": 5, "bathrooms": 4, "address": "Portola", "province": "Barcelona", "municipality": "Barcelona", "district": "Sarri\u00e0-Sant Gervasi", "country": "es", "neighborhood": "El Putxet i el Farr\u00f3", "latitude": 41.4091114, "longitude": 2.141542, "showAddress": false, "url": "https://www.idealista.com/inmueble/92926713/", "distance": "586", "hasVideo": false, "status": "good", "newDevelopment": false, "parkingSpace": {"hasParkingSpace": true, "isParkingSpaceIncludedInPrice": true}, "priceByArea": 3513.0, "detailedType": {"typology": "chalet", "subTypology": "terracedHouse"}, "suggestedTexts": {"subtitle": "El Putxet i el Farr\u00f3, Barcelona", "title": "Chalet adosado en Portola"}, "hasPlan": false, "has3DTour": false, "has360": false, "hasStaging": false, "topNewDevelopment": false}, {"propertyCode": "91862196", "thumbnail": "https://img3.idealista.com/blur/WEB_LISTING/0/id.pro.es.image.master/51/35/96/825049415.jpg", "externalReference": "1429", "numPhotos": 35, "floor": "4", "price": 800000.0, "propertyType": "flat", "operation": "sale", "size": 122.0, "exterior": true, "rooms": 3, "bathrooms": 2, "address": "barrio El Putxet i el Farr\u00f3", "province": "Barcelona", "municipality": "Barcelona", "district": "Sarri\u00e0-Sant Gervasi", "country": "es", "neighborhood": "El Putxet i el Farr\u00f3", "latitude": 41.4058694, "longitude": 2.1417198, "showAddress": false, "url": "https://www.idealista.com/inmueble/91862196/", "distance": "818", "hasVideo": false, "status": "good", "newDevelopment": false, "hasLift": true, "parkingSpace": {"hasParkingSpace": true, "isParkingSpaceIncludedInPrice": true}, "priceByArea": 6557.0, "detailedType": {"typology": "flat"}, "suggestedTexts": {"subtitle": "El Putxet i el Farr\u00f3, Barcelona", "title": "Piso"}, "hasPlan": true, "has3DTour": false, "has360": false, "hasStaging": false, "topNewDevelopment": false}, {"propertyCode": "90933777", "thumbnail": "https://img3.idealista.com/blur/WEB_LISTING/0/id.pro.es.image.master/ac/6f/dc/802451387.jpg", "externalReference": "W-02IYJ3", "numPhotos": 26, "price": 412000.0, "propertyType": "flat", "operation": "sale", "size": 106.0, "exterior": false, "rooms": 3, "bathrooms": 1, "address": "barrio El Putxet i el Farr\u00f3", "province": "Barcelona", "municipality": "Barcelona", "district": "Sarri\u00e0-Sant Gervasi", "country": "es", "neighborhood": "El Putxet i el Farr\u00f3", "latitude": 41.4101428, "longitude": 2.1418725, "showAddress": false, "url": "https://www.idealista.com/inmueble/90933777/", "distance": "513", "hasVideo": false, "status": "good", "newDevelopment": false, "hasLift": true, "priceByArea": 3887.0, "detailedType": {"typology": "flat"}, "suggestedTexts": {"subtitle": "El Putxet i el Farr\u00f3, Barcelona", "title": "Piso"}, "hasPlan": false, "has3DTour": false, "has360": false, "hasStaging": false, "topNewDevelopment": false}, {"propertyCode": "90850804", "thumbnail": "https://img3.idealista.com/blur/WEB_LISTING/0/id.pro.es.image.master/35/5f/99/828519398.jpg", "externalReference": "W-02JPW7", "numPhotos": 32, "floor": "4", "price": 399000.0, "propertyType": "penthouse", "operation": "sale", "size": 85.0, "exterior": true, "rooms": 1, "bathrooms": 1, "address": "barrio Vallcarca i els Penitents", "province": "Barcelona", "municipality": "Barcelona", "district": "Gr\u00e0cia", "country": "es", "neighborhood": "Vallcarca i els Penitents", "latitude": 41.4099349, "longitude": 2.1469492, "showAddress": false, "url": "https://www.idealista.com/inmueble/90850804/", "distance": "208", "hasVideo": false, "status": "good", "newDevelopment": false, "hasLift": true, "priceByArea": 4694.0, "detailedType": {"typology": "flat", "subTypology": "penthouse"}, "suggestedTexts": {"subtitle": "Vallcarca i els Penitents, Barcelona", "title": "\u00c1tico"}, "hasPlan": false, "has3DTour": false, "has360": false, "hasStaging": false, "topNewDevelopment": false}, {"propertyCode": "84918062", "thumbnail": "https://img3.idealista.com/blur/WEB_LISTING/0/id.pro.es.image.master/f7/89/46/755900178.jpg", "externalReference": "W-02FE09", "numPhotos": 26, "floor": "1", "price": 260000.0, "propertyType": "flat", "operation": "sale", "size": 60.0, "exterior": false, "rooms": 1, "bathrooms": 1, "address": "barrio El Putxet i el Farr\u00f3", "province": "Barcelona", "municipality": "Barcelona", "district": "Sarri\u00e0-Sant Gervasi", "country": "es", "neighborhood": "El Putxet i el Farr\u00f3", "latitude": 41.4117531, "longitude": 2.1448628, "showAddress": false, "url": "https://www.idealista.com/inmueble/84918062/", "distance": "232", "hasVideo": false, "status": "good", "newDevelopment": false, "hasLift": true, "priceByArea": 4333.0, "detailedType": {"typology": "flat"}, "suggestedTexts": {"subtitle": "El Putxet i el Farr\u00f3, Barcelona", "title": "Piso"}, "hasPlan": false, "has3DTour": false, "has360": false, "hasStaging": false, "topNewDevelopment": false}, {"propertyCode": "92963001", "thumbnail": "https://img3.idealista.com/blur/WEB_LISTING/0/id.pro.es.image.master/56/d0/67/855823653.jpg", "externalReference": "GV594", "numPhotos": 30, "floor": "1", "price": 260000.0, "propertyType": "flat", "operation": "sale", "size": 60.0, "exterior": true, "rooms": 1, "bathrooms": 1, "address": "Avenida de la Rep\u00fablica Argentina", "province": "Barcelona", "municipality": "Barcelona", "district": "Sarri\u00e0-Sant Gervasi", "country": "es", "neighborhood": "El Putxet i el Farr\u00f3", "latitude": 41.4097041, "longitude": 2.1478506, "showAddress": false, "url": "https://www.idealista.com/inmueble/92963001/", "distance": "225", "hasVideo": true, "status": "good", "newDevelopment": false, "hasLift": true, "priceByArea": 4333.0, "detailedType": {"typology": "flat"}, "suggestedTexts": {"subtitle": "El Putxet i el Farr\u00f3, Barcelona", "title": "Piso en Avenida de la Rep\u00fablica Argentina"}, "hasPlan": false, "has3DTour": false, "has360": false, "hasStaging": false, "topNewDevelopment": false}, {"propertyCode": "91781937", "thumbnail": "https://img3.idealista.com/blur/WEB_LISTING/0/id.pro.es.image.master/64/f1/ed/823158000.jpg", "externalReference": "13111-OB", "numPhotos": 16, "floor": "1", "price": 284000.0, "propertyType": "flat", "operation": "sale", "size": 70.0, "exterior": false, "rooms": 3, "bathrooms": 2, "address": "Avenida de la Rep\u00fablica Argentina", "province": "Barcelona", "municipality": "Barcelona", "district": "Sarri\u00e0-Sant Gervasi", "country": "es", "neighborhood": "El Putxet i el Farr\u00f3", "latitude": 41.4150009, "longitude": 2.1409282, "showAddress": false, "url": "https://www.idealista.com/inmueble/91781937/", "distance": "668", "hasVideo": false, "status": "good", "newDevelopment": false, "hasLift": true, "priceByArea": 4057.0, "detailedType": {"typology": "flat"}, "suggestedTexts": {"subtitle": "El Putxet i el Farr\u00f3, Barcelona", "title": "Piso en Avenida de la Rep\u00fablica Argentina"}, "hasPlan": false, "has3DTour": false, "has360": false, "hasStaging": false, "topNewDevelopment": false}, {"propertyCode": "92594262", "thumbnail": "https://img3.idealista.com/blur/WEB_LISTING/0/id.pro.es.image.master/99/ef/16/843528633.jpg", "externalReference": "001115A", "numPhotos": 31, "floor": "3", "price": 799000.0, "propertyType": "flat", "operation": "sale", "size": 184.0, "exterior": true, "rooms": 4, "bathrooms": 3, "address": "Paseo de Sant Gervasi", "province": "Barcelona", "municipality": "Barcelona", "district": "Sarri\u00e0-Sant Gervasi", "country": "es", "neighborhood": "Sant Gervasi - La Bonanova", "latitude": 41.4120429, "longitude": 2.1375037, "showAddress": false, "url": "https://www.idealista.com/inmueble/92594262/", "distance": "847", "hasVideo": false, "status": "good", "newDevelopment": false, "hasLift": true, "priceByArea": 4342.0, "detailedType": {"typology": "flat"}, "suggestedTexts": {"subtitle": "Sant Gervasi - La Bonanova, Barcelona", "title": "Piso en Paseo de Sant Gervasi"}, "hasPlan": false, "has3DTour": false, "has360": false, "hasStaging": false, "topNewDevelopment": false}, {"propertyCode": "90227777", "thumbnail": "https://img3.idealista.com/blur/WEB_LISTING/0/id.pro.es.image.master/7e/e5/f3/830232268.jpg", "externalReference": "001115AA", "numPhotos": 31, "floor": "3", "price": 799000.0, "propertyType": "flat", "operation": "sale", "size": 184.0, "exterior": true, "rooms": 4, "bathrooms": 3, "address": "Paseo de Sant Gervasi", "province": "Barcelona", "municipality": "Barcelona", "district": "Sarri\u00e0-Sant Gervasi", "country": "es", "neighborhood": "Sant Gervasi - La Bonanova", "latitude": 41.4102429, "longitude": 2.1381037, "showAddress": false, "url": "https://www.idealista.com/inmueble/90227777/", "distance": "813", "hasVideo": false, "status": "good", "newDevelopment": false, "hasLift": true, "priceByArea": 4342.0, "detailedType": {"typology": "flat"}, "suggestedTexts": {"subtitle": "Sant Gervasi - La Bonanova, Barcelona", "title": "Piso en Paseo de Sant Gervasi"}, "hasPlan": false, "has3DTour": false, "has360": true, "hasStaging": false, "topNewDevelopment": false}, {"propertyCode": "91847102", "thumbnail": "https://img3.idealista.com/blur/WEB_LISTING/0/id.pro.es.image.master/ef/3f/c7/855319543.jpg", "externalReference": "V32514", "numPhotos": 38, "price": 997000.0, "propertyType": "chalet", "operation": "sale", "size": 181.0, "exterior": false, "rooms": 5, "bathrooms": 3, "address": "barrio El Putxet i el Farr\u00f3", "province": "Barcelona", "municipality": "Barcelona", "district": "Sarri\u00e0-Sant Gervasi", "country": "es", "neighborhood": "El Putxet i el Farr\u00f3", "latitude": 41.4098981, "longitude": 2.1452976, "showAddress": false, "url": "https://www.idealista.com/inmueble/91847102/", "distance": "283", "hasVideo": false, "status": "good", "newDevelopment": false, "priceByArea": 5508.0, "detailedType": {"typology": "chalet", "subTypology": "terracedHouse"}, "suggestedTexts": {"subtitle": "El Putxet i el Farr\u00f3, Barcelona", "title": "Chalet adosado"}, "hasPlan": true, "has3DTour": false, "has360": false, "hasStaging": false, "topNewDevelopment": false}, {"propertyCode": "91627782", "thumbnail": "https://img3.idealista.com/blur/WEB_LISTING/0/id.pro.es.image.master/0e/43/cd/819399883.jpg", "numPhotos": 16, "floor": "bj", "price": 200000.0, "propertyType": "studio", "operation": "sale", "size": 63.0, "exterior": true, "rooms": 0, "bathrooms": 1, "address": "Calle de Sostres, 08024 s/n", "province": "Barcelona", "municipality": "Barcelona", "district": "Gr\u00e0cia", "country": "es", "neighborhood": "La Salut", "latitude": 41.4117367, "longitude": 2.1501916, "showAddress": true, "url": "https://www.idealista.com/inmueble/91627782/", "distance": "211", "hasVideo": true, "status": "good", "newDevelopment": false, "hasLift": false, "priceByArea": 3175.0, "detailedType": {"typology": "flat", "subTypology": "studio"}, "suggestedTexts": {"subtitle": "La Salut, Barcelona", "title": "Estudio en Calle de Sostres, 08024 s/n"}, "hasPlan": false, "has3DTour": false, "has360": false, "hasStaging": false, "topNewDevelopment": false}, {"propertyCode": "92185673", "thumbnail": "https://img3.idealista.com/blur/WEB_LISTING/0/id.pro.es.image.master/63/78/52/833041601.jpg", "externalReference": "28058", "numPhotos": 28, "floor": "3", "price": 375000.0, "propertyType": "flat", "operation": "sale", "size": 96.0, "exterior": true, "rooms": 3, "bathrooms": 2, "address": "barrio Vila de Gr\u00e0cia", "province": "Barcelona", "municipality": "Barcelona", "district": "Gr\u00e0cia", "country": "es", "neighborhood": "Vila de Gr\u00e0cia", "latitude": 41.4085612, "longitude": 2.1542429, "showAddress": false, "url": "https://www.idealista.com/inmueble/92185673/", "distance": "652", "hasVideo": false, "status": "good", "newDevelopment": false, "hasLift": true, "priceByArea": 3906.0, "detailedType": {"typology": "flat"}, "suggestedTexts": {"subtitle": "Vila de Gr\u00e0cia, Barcelona", "title": "Piso"}, "hasPlan": false, "has3DTour": false, "has360": true, "hasStaging": false, "topNewDevelopment": false}, {"propertyCode": "92247543", "thumbnail": "https://img3.idealista.com/blur/WEB_LISTING/0/id.pro.es.image.master/0b/15/b1/854148518.jpg", "externalReference": "PVME24", "numPhotos": 10, "floor": "2", "price": 410000.0, "propertyType": "flat", "operation": "sale", "size": 103.0, "exterior": true, "rooms": 4, "bathrooms": 2, "address": "Plaza de Lesseps", "province": "Barcelona", "municipality": "Barcelona", "district": "Sarri\u00e0-Sant Gervasi", "country": "es", "neighborhood": "El Putxet i el Farr\u00f3", "latitude": 41.405815, "longitude": 2.150567, "showAddress": false, "url": "https://www.idealista.com/inmueble/92247543/", "distance": "701", "hasVideo": false, "status": "good", "newDevelopment": false, "hasLift": true, "priceByArea": 3981.0, "detailedType": {"typology": "flat"}, "suggestedTexts": {"subtitle": "El Putxet i el Farr\u00f3, Barcelona", "title": "Piso en Plaza de Lesseps"}, "hasPlan": false, "has3DTour": false, "has360": false, "hasStaging": false, "topNewDevelopment": false}, {"propertyCode": "91966681", "thumbnail": "https://img3.idealista.com/blur/WEB_LISTING/0/id.pro.es.image.master/6a/83/7a/827582196.jpg", "externalReference": "28006", "numPhotos": 12, "floor": "1", "price": 185000.0, "propertyType": "flat", "operation": "sale", "size": 62.0, "exterior": true, "rooms": 2, "bathrooms": 1, "address": "barrio El Coll", "province": "Barcelona", "municipality": "Barcelona", "district": "Gr\u00e0cia", "country": "es", "neighborhood": "El Coll", "latitude": 41.4156885, "longitude": 2.1436425, "showAddress": false, "url": "https://www.idealista.com/inmueble/91966681/", "distance": "552", "hasVideo": false, "status": "good", "newDevelopment": false, "hasLift": false, "priceByArea": 2984.0, "detailedType": {"typology": "flat"}, "suggestedTexts": {"subtitle": "El Coll, Barcelona", "title": "Piso"}, "hasPlan": true, "has3DTour": false, "has360": false, "hasStaging": false, "topNewDevelopment": false}, {"propertyCode": "87524225", "thumbnail": "https://img3.idealista.com/blur/WEB_LISTING/0/id.pro.es.image.master/8f/1d/4f/780730362.jpg", "externalReference": "60492482", "numPhotos": 14, "price": 536500.0, "propertyType": "flat", "operation": "sale", "size": 106.0, "exterior": false, "rooms": 3, "bathrooms": 2, "address": "Travessera de Dalt, 97", "province": "Barcelona", "municipality": "Barcelona", "district": "Gr\u00e0cia", "country": "es", "neighborhood": "La Salut", "latitude": 41.4112249, "longitude": 2.1573078, "showAddress": true, "url": "https://www.idealista.com/obra-nueva/87524225/", "distance": "807", "hasVideo": false, "status": "newdevelopment", "newDevelopment": true, "parkingSpace": {"hasParkingSpace": true, "isParkingSpaceIncludedInPrice": true}, "newDevelopmentFinished": false, "priceByArea": 5061.0, "detailedType": {"typology": "flat"}, "suggestedTexts": {"subtitle": "La Salut, Barcelona", "title": "Piso en Travessera de Dalt, 97"}, "hasPlan": false, "has3DTour": false, "has360": false, "hasStaging": false, "topNewDevelopment": false}, {"propertyCode": "90291578", "thumbnail": "https://img3.idealista.com/blur/WEB_LISTING/0/id.pro.es.image.master/3c/02/86/816186019.jpg", "externalReference": "55803", "numPhotos": 25, "floor": "bj", "price": 965000.0, "propertyType": "duplex", "operation": "sale", "size": 178.0, "exterior": true, "rooms": 4, "bathrooms": 3, "address": "Calle d'Escipi\u00f3", "province": "Barcelona", "municipality": "Barcelona", "district": "Sarri\u00e0-Sant Gervasi", "country": "es", "neighborhood": "El Putxet i el Farr\u00f3", "latitude": 41.4061096, "longitude": 2.1458108, "showAddress": false, "url": "https://www.idealista.com/inmueble/90291578/", "distance": "643", "hasVideo": true, "status": "good", "newDevelopment": false, "hasLift": false, "priceByArea": 5421.0, "detailedType": {"typology": "flat", "subTypology": "duplex"}, "suggestedTexts": {"subtitle": "El Putxet i el Farr\u00f3, Barcelona", "title": "D\u00faplex en Calle d'Escipi\u00f3"}, "hasPlan": true, "has3DTour": true, "has360": false, "hasStaging": false, "topNewDevelopment": false}, {"propertyCode": "89010544", "thumbnail": "https://img3.idealista.com/blur/WEB_LISTING/0/id.pro.es.image.master/69/aa/27/760937530.jpg", "externalReference": "W-02HRGY", "numPhotos": 27, "floor": "3", "price": 510000.0, "propertyType": "flat", "operation": "sale", "size": 132.0, "exterior": false, "rooms": 5, "bathrooms": 3, "address": "barrio El Putxet i el Farr\u00f3", "province": "Barcelona", "municipality": "Barcelona", "district": "Sarri\u00e0-Sant Gervasi", "country": "es", "neighborhood": "El Putxet i el Farr\u00f3", "latitude": 41.4092064, "longitude": 2.1440441, "showAddress": false, "url": "https://www.idealista.com/inmueble/89010544/", "distance": "411", "hasVideo": false, "status": "renew", "newDevelopment": false, "hasLift": true, "parkingSpace": {"hasParkingSpace": true, "isParkingSpaceIncludedInPrice": false, "parkingSpacePrice": 20000.0}, "priceByArea": 3864.0, "detailedType": {"typology": "flat"}, "suggestedTexts": {"subtitle": "El Putxet i el Farr\u00f3, Barcelona", "title": "Piso"}, "hasPlan": true, "has3DTour": true, "has360": false, "hasStaging": false, "topNewDevelopment": false}, {"propertyCode": "90898872", "thumbnail": "https://img3.idealista.com/blur/WEB_LISTING/0/id.pro.es.image.master/7f/51/18/801638381.jpg", "externalReference": "VVM1-2009", "numPhotos": 35, "floor": "2", "price": 365000.0, "propertyType": "flat", "operation": "sale", "size": 78.0, "exterior": true, "rooms": 2, "bathrooms": 1, "address": "Torrent de les Flors", "province": "Barcelona", "municipality": "Barcelona", "district": "Gr\u00e0cia", "country": "es", "neighborhood": "Vila de Gr\u00e0cia", "latitude": 41.4096182, "longitude": 2.1568782, "showAddress": false, "url": "https://www.idealista.com/inmueble/90898872/", "distance": "804", "hasVideo": true, "status": "good", "newDevelopment": false, "hasLift": true, "priceByArea": 4679.0, "detailedType": {"typology": "flat"}, "suggestedTexts": {"subtitle": "Vila de Gr\u00e0cia, Barcelona", "title": "Piso en Torrent de les Flors"}, "hasPlan": true, "has3DTour": false, "has360": true, "hasStaging": false, "topNewDevelopment": false}, {"propertyCode": "92932865", "thumbnail": "https://img3.idealista.com/blur/WEB_LISTING/0/id.pro.es.image.master/64/e3/d5/851437581.jpg", "externalReference": "246682", "numPhotos": 23, "floor": "bj", "price": 650000.0, "propertyType": "flat", "operation": "sale", "size": 130.0, "exterior": true, "rooms": 3, "bathrooms": 2, "address": "barrio Vallcarca i els Penitents", "province": "Barcelona", "municipality": "Barcelona", "district": "Gr\u00e0cia", "country": "es", "neighborhood": "Vallcarca i els Penitents", "latitude": 41.4160768, "longitude": 2.1396924, "showAddress": false, "url": "https://www.idealista.com/inmueble/92932865/", "distance": "821", "hasVideo": true, "status": "good", "newDevelopment": false, "hasLift": true, "priceByArea": 5000.0, "detailedType": {"typology": "flat"}, "suggestedTexts": {"subtitle": "Vallcarca i els Penitents, Barcelona", "title": "Piso"}, "hasPlan": true, "has3DTour": false, "has360": false, "hasStaging": false, "topNewDevelopment": false}]