[{"propertyCode": "87717416", "thumbnail": "https://img3.idealista.com/blur/WEB_LISTING/0/id.pro.es.image.master/aa/fc/7d/755936767.jpg", "externalReference": "W-02GJDC", "numPhotos": 36, "floor": "bj", "price": 1295000.0, "propertyType": "flat", "operation": "sale", "size": 256.0, "exterior": false, "rooms": 4, "bathrooms": 3, "address": "barrio Sant Gervasi - La Bonanova", "province": "Barcelona", "municipality": "Barcelona", "district": "Sarri\u00e0-Sant Gervasi", "country": "es", "neighborhood": "Sant Gervasi - La Bonanova", "latitude": 41.4158985, "longitude": 2.1311214, "showAddress": false, "url": "https://www.idealista.com/inmueble/87717416/", "distance": "799", "hasVideo": false, "status": "good", "newDevelopment": false, "hasLift": true, "parkingSpace": {"hasParkingSpace": true, "isParkingSpaceIncludedInPrice": true}, "priceByArea": 5059.0, "detailedType": {"typology": "flat"}, "suggestedTexts": {"subtitle": "Sant Gervasi - La Bonanova, Barcelona", "title": "Piso"}, "hasPlan": true, "has3DTour": true, "has360": false, "hasStaging": false, "topNewDevelopment": false}, {"propertyCode": "92764073", "thumbnail": "https://img3.idealista.com/blur/WEB_LISTING/0/id.pro.es.image.master/a0/2e/77/848286284.jpg", "externalReference": "SP100YR", "numPhotos": 37, "floor": "bj", "price": 745000.0, "propertyType": "flat", "operation": "sale", "size": 207.0, "exterior": true, "rooms": 3, "bathrooms": 2, "address": "barrio El Putxet i el Farr\u00f3", "province": "Barcelona", "municipality": "Barcelona", "district": "Sarri\u00e0-Sant Gervasi", "country": "es", "neighborhood": "El Putxet i el Farr\u00f3", "latitude": 41.4105581, "longitude": 2.1426154, "showAddress": false, "url": "https://www.idealista.com/inmueble/92764073/", "distance": "738", "hasVideo": true, "status": "good", "newDevelopment": false, "hasLift": true, "priceByArea": 3599.0, "detailedType": {"typology": "flat"}, "suggestedTexts": {"subtitle": "El Putxet i el Farr\u00f3, Barcelona", "title": "Piso"}, "hasPlan": true, "has3DTour": false, "has360": true, "hasStaging": false, "topNewDevelopment": false}, {"propertyCode": "85190976", "thumbnail": "https://img3.idealista.com/blur/WEB_LISTING/0/id.pro.es.image.master/c9/7c/d7/804946018.jpg", "externalReference": "SP151FM", "numPhotos": 29, "floor": "3", "price": 549000.0, "propertyType": "flat", "operation": "sale", "size": 118.0, "exterior": true, "rooms": 3, "bathrooms": 2, "address": "Paseo de Sant Gervasi, Barcelona", "province": "Barcelona", "municipality": "Barcelona", "district": "Sarri\u00e0-Sant Gervasi", "country": "es", "neighborhood": "El Putxet i el Farr\u00f3", "latitude": 41.4132817, "longitude": 2.1392877, "showAddress": false, "url": "https://www.idealista.com/inmueble/85190976/", "distance": "430", "hasVideo": true, "status": "good", "newDevelopment": false, "hasLift": true, "priceByArea": 4653.0, "detailedType": {"typology": "flat"}, "suggestedTexts": {"subtitle": "El Putxet i el Farr\u00f3, Barcelona", "title": "Piso en Paseo de Sant Gervasi, Barcelona"}, "hasPlan": true, "has3DTour": false, "has360": true, "hasStaging": false, "topNewDevelopment": false}, {"propertyCode": "89705491", "thumbnail": "https://img3.idealista.com/blur/WEB_LISTING/0/id.pro.es.image.master/a8/50/80/800885015.jpg", "externalReference": "0951", "numPhotos": 25, "floor": "2", "price": 399000.0, "propertyType": "flat", "operation": "sale", "size": 105.0, "exterior": true, "rooms": 4, "bathrooms": 2, "address": "barrio El Putxet i el Farr\u00f3", "province": "Barcelona", "municipality": "Barcelona", "district": "Sarri\u00e0-Sant Gervasi", "country": "es", "neighborhood": "El Putxet i el Farr\u00f3", "latitude": 41.4114666, "longitude": 2.139694, "showAddress": false, "url": "https://www.idealista.com/inmueble/89705491/", "distance": "622", "hasVideo": false, "status": "good", "newDevelopment": false, "hasLift": true, "priceByArea": 3800.0, "detailedType": {"typology": "flat"}, "suggestedTexts": {"subtitle": "El Putxet i el Farr\u00f3, Barcelona", "title": "Piso"}, "hasPlan": true, "has3DTour": false, "has360": true, "hasStaging": false, "topNewDevelopment": false}, {"propertyCode": "92023188", "thumbnail": "https://img3.idealista.com/blur/WEB_LISTING/0/id.pro.es.image.master/79/4a/7b/828891907.jpg", "externalReference": "1442", "numPhotos": 29, "price": 760000.0, "propertyType": "flat", "operation": "sale", "size": 120.0, "exterior": true, "rooms": 3, "bathrooms": 2, "address": "barrio Vallcarca i els Penitents", "province": "Barcelona", "municipality": "Barcelona", "district": "Gr\u00e0cia", "country": "es", "neighborhood": "Vallcarca i els Penitents", "latitude": 41.4159354, "longitude": 2.1385804, "showAddress": false, "url": "https://www.idealista.com/inmueble/92023188/", "distance": "206", "hasVideo": false, "status": "good", "newDevelopment": false, "hasLift": true, "parkingSpace": {"hasParkingSpace": true, "isParkingSpaceIncludedInPrice": true}, "priceByArea": 6333.0, "detailedType": {"typology": "flat"}, "suggestedTexts": {"subtitle": "Vallcarca i els Penitents, Barcelona", "title": "Piso"}, "hasPlan": false, "has3DTour": false, "has360": true, "hasStaging": false, "topNewDevelopment": false}, {"propertyCode": "90311630", "thumbnail": "https://img3.idealista.com/blur/WEB_LISTING/0/id.pro.es.image.master/fe/ee/ac/787839564.jpg", "externalReference": "P_HURT", "numPhotos": 37, "floor": "bj", "price": 745000.0, "propertyType": "flat", "operation": "sale", "size": 207.0, "exterior": false, "rooms": 3, "bathrooms": 2, "address": "hurtado, 7", "province": "Barcelona", "municipality": "Barcelona", "district": "Sarri\u00e0-Sant Gervasi", "country": "es", "neighborhood": "El Putxet i el Farr\u00f3", "latitude": 41.4102264, "longitude": 2.1411077, "showAddress": true, "url": "https://www.idealista.com/inmueble/90311630/", "distance": "757", "hasVideo": false, "status": "good", "newDevelopment": false, "hasLift": true, "priceByArea": 3599.0, "detailedType": {"typology": "flat"}, "suggestedTexts": {"subtitle": "El Putxet i el Farr\u00f3, Barcelona", "title": "Piso en hurtado, 7"}, "hasPlan": true, "has3DTour": false, "has360": true, "hasStaging": false, "topNewDevelopment": false}, {"propertyCode": "92560475", "thumbnail": "https://img3.idealista.com/blur/WEB_LISTING/0/id.pro.es.image.master/41/f3/e2/842679905.jpg", "externalReference": "243993", "numPhotos": 25, "floor": "2", "price": 880000.0, "propertyType": "flat", "operation": "sale", "size": 172.0, "exterior": true, "rooms": 3, "bathrooms": 3, "address": "barrio El Putxet i el Farr\u00f3", "province": "Barcelona", "municipality": "Barcelona", "district": "Sarri\u00e0-Sant Gervasi", "country": "es", "neighborhood": "El Putxet i el Farr\u00f3", "latitude": 41.4110355, "longitude": 2.1393086, "showAddress": false, "url": "https://www.idealista.com/inmueble/92560475/", "distance": "674", "hasVideo": false, "status": "good", "newDevelopment": false, "hasLift": true, "priceByArea": 5116.0, "detailedType": {"typology": "flat"}, "suggestedTexts": {"subtitle": "El Putxet i el Farr\u00f3, Barcelona", "title": "Piso"}, "hasPlan": true, "has3DTour": false, "has360": false, "hasStaging": false, "topNewDevelopment": false}, {"propertyCode": "91842091", "thumbnail": "https://img3.idealista.com/blur/WEB_LISTING/0/id.pro.es.image.master/ba/24/83/824572704.jpg", "externalReference": "242955", "numPhotos": 23, "floor": "5", "price": 350000.0, "propertyType": "flat", "operation": "sale", "size": 76.0, "exterior": true, "rooms": 3, "bathrooms": 1, "address": "barrio Vallcarca i els Penitents", "province": "Barcelona", "municipality": "Barcelona", "district": "Gr\u00e0cia", "country": "es", "neighborhood": "Vallcarca i els Penitents", "latitude": 41.4107816, "longitude": 2.1394402, "showAddress": false, "url": "https://www.idealista.com/inmueble/91842091/", "distance": "701", "hasVideo": false, "status": "good", "newDevelopment": false, "hasLift": true, "priceByArea": 4605.0, "detailedType": {"typology": "flat"}, "suggestedTexts": {"subtitle": "Vallcarca i els Penitents, Barcelona", "title": "Piso"}, "hasPlan": true, "has3DTour": false, "has360": false, "hasStaging": false, "topNewDevelopment": false}, {"propertyCode": "93157330", "thumbnail": "https://img3.idealista.com/blur/WEB_LISTING/0/id.pro.es.image.master/f9/e8/44/855736577.jpg", "externalReference": "V-VALLCARCAM", "numPhotos": 29, "floor": "2", "price": 265000.0, "propertyType": "flat", "operation": "sale", "size": 65.0, "exterior": true, "rooms": 3, "bathrooms": 1, "address": "Avenida Vallcarca", "province": "Barcelona", "municipality": "Barcelona", "district": "Gr\u00e0cia", "country": "es", "neighborhood": "Vallcarca i els Penitents", "latitude": 41.4187878, "longitude": 2.1417252, "showAddress": false, "url": "https://www.idealista.com/inmueble/93157330/", "distance": "217", "hasVideo": false, "status": "good", "newDevelopment": false, "hasLift": false, "priceByArea": 4077.0, "detailedType": {"typology": "flat"}, "suggestedTexts": {"subtitle": "Vallcarca i els Penitents, Barcelona", "title": "Piso en Avenida Vallcarca"}, "hasPlan": true, "has3DTour": true, "has360": false, "hasStaging": false, "topNewDevelopment": false}, {"propertyCode": "91006379", "thumbnail": "https://img3.idealista.com/blur/WEB_LISTING/0/id.pro.es.image.master/48/a0/d7/804675369.jpg", "externalReference": "W-02FB69", "numPhotos": 29, "floor": "1", "price": 375000.0, "propertyType": "flat", "operation": "sale", "size": 100.0, "exterior": false, "rooms": 3, "bathrooms": 2, "address": "barrio El Putxet i el Farr\u00f3", "province": "Barcelona", "municipality": "Barcelona", "district": "Sarri\u00e0-Sant Gervasi", "country": "es", "neighborhood": "El Putxet i el Farr\u00f3", "latitude": 41.4123193, "longitude": 2.1384409, "showAddress": false, "url": "https://www.idealista.com/inmueble/91006379/", "distance": "553", "hasVideo": false, "status": "renew", "newDevelopment": false, "hasLift": true, "priceByArea": 3750.0, "detailedType": {"typology": "flat"}, "suggestedTexts": {"subtitle": "El Putxet i el Farr\u00f3, Barcelona", "title": "Piso"}, "hasPlan": true, "has3DTour": false, "has360": false, "hasStaging": false, "topNewDevelopment": false}, {"propertyCode": "88888638", "thumbnail": "https://img3.idealista.com/blur/WEB_LISTING/0/id.pro.es.image.master/e1/45/1d/757939761.jpg", "externalReference": "W-02ICES", "numPhotos": 22, "floor": "-1", "price": 175000.0, "propertyType": "flat", "operation": "sale", "size": 48.0, "exterior": false, "rooms": 1, "bathrooms": 1, "address": "barrio Vallcarca i els Penitents", "province": "Barcelona", "municipality": "Barcelona", "district": "Gr\u00e0cia", "country": "es", "neighborhood": "Vallcarca i els Penitents", "latitude": 41.4115235, "longitude": 2.1460537, "showAddress": false, "url": "https://www.idealista.com/inmueble/88888638/", "distance": "763", "hasVideo": false, "status": "good", "newDevelopment": false, "hasLift": true, "priceByArea": 3646.0, "detailedType": {"typology": "flat"}, "suggestedTexts": {"subtitle": "Vallcarca i els Penitents, Barcelona", "title": "Piso"}, "hasPlan": true, "has3DTour": false, "has360": false, "hasStaging": false, "topNewDevelopment": false}, {"propertyCode": "83131388", "thumbnail": "https://img3.idealista.com/blur/WEB_LISTING/0/id.pro.es.image.master/dd/84/c5/755895621.jpg", "externalReference": "W-02E6FW", "numPhotos": 48, "price": 598000.0, "propertyType": "flat", "operation": "sale", "size": 248.0, "exterior": false, "rooms": 5, "bathrooms": 2, "address": "barrio Vallcarca i els Penitents", "province": "Barcelona", "municipality": "Barcelona", "district": "Gr\u00e0cia", "country": "es", "neighborhood": "Vallcarca i els Penitents", "latitude": 41.4179281, "longitude": 2.1445119, "showAddress": false, "url": "https://www.idealista.com/inmueble/83131388/", "distance": "342", "hasVideo": false, "status": "good", "newDevelopment": false, "hasLift": false, "priceByArea": 2411.0, "detailedType": {"typology": "flat"}, "suggestedTexts": {"subtitle": "Vallcarca i els Penitents, Barcelona", "title": "Piso"}, "hasPlan": true, "has3DTour": false, "has360": false, "hasStaging": false, "topNewDevelopment": false}, {"propertyCode": "92366056", "thumbnail": "https://img3.idealista.com/blur/WEB_LISTING/0/id.pro.es.image.master/42/6b/4c/853664338.jpg", "externalReference": "V134VL", "numPhotos": 22, "floor": "6", "price": 310000.0, "propertyType": "flat", "operation": "sale", "size": 84.0, "exterior": true, "rooms": 2, "bathrooms": 1, "address": "Paseo de Sant Gervasi, 82", "province": "Barcelona", "municipality": "Barcelona", "district": "Sarri\u00e0-Sant Gervasi", "country": "es", "neighborhood": "El Putxet i el Farr\u00f3", "latitude": 41.4130952, "longitude": 2.1380131, "showAddress": true, "url": "https://www.idealista.com/inmueble/92366056/", "distance": "487", "hasVideo": false, "status": "good", "newDevelopment": false, "hasLift": true, "priceByArea": 3690.0, "detailedType": {"typology": "flat"}, "suggestedTexts": {"subtitle": "El Putxet i el Farr\u00f3, Barcelona", "title": "Piso en Paseo de Sant Gervasi, 82"}, "hasPlan": true, "has3DTour": false, "has360": false, "hasStaging": false, "topNewDevelopment": false}, {"propertyCode": "91595047", "thumbnail": "https://img3.idealista.com/blur/WEB_LISTING/0/id.pro.es.image.master/68/93/55/818522341.jpg", "externalReference": "243424", "numPhotos": 18, "floor": "6", "price": 365000.0, "propertyType": "flat", "operation": "sale", "size": 75.0, "exterior": true, "rooms": 3, "bathrooms": 2, "address": "barrio El Putxet i el Farr\u00f3", "province": "Barcelona", "municipality": "Barcelona", "district": "Sarri\u00e0-Sant Gervasi", "country": "es", "neighborhood": "El Putxet i el Farr\u00f3", "latitude": 41.410274, "longitude": 2.1398229, "showAddress": false, "url": "https://www.idealista.com/inmueble/91595047/", "distance": "753", "hasVideo": false, "status": "good", "newDevelopment": false, "hasLift": true, "priceByArea": 4867.0, "detailedType": {"typology": "flat"}, "suggestedTexts": {"subtitle": "El Putxet i el Farr\u00f3, Barcelona", "title": "Piso"}, "hasPlan": true, "has3DTour": false, "has360": false, "hasStaging": false, "topNewDevelopment": false}, {"propertyCode": "89131054", "thumbnail": "https://img3.idealista.com/blur/WEB_LISTING/0/id.pro.es.image.master/e0/44/4f/840622681.jpg", "externalReference": "BCN648", "numPhotos": 48, "floor": "bj", "price": 5600000.0, "propertyType": "chalet", "operation": "sale", "size": 773.0, "exterior": false, "rooms": 11, "bathrooms": 8, "address": "Avenida del Tibidabo", "province": "Barcelona", "municipality": "Barcelona", "district": "Sarri\u00e0-Sant Gervasi", "country": "es", "neighborhood": "Sant Gervasi - La Bonanova", "latitude": 41.4137088, "longitude": 2.1320765, "showAddress": false, "url": "https://www.idealista.com/inmueble/89131054/", "distance": "800", "hasVideo": true, "status": "good", "newDevelopment": false, "parkingSpace": {"hasParkingSpace": true, "isParkingSpaceIncludedInPrice": true}, "priceByArea": 7245.0, "detailedType": {"typology": "chalet"}, "suggestedTexts": {"subtitle": "Sant Gervasi - La Bonanova, Barcelona", "title": "Chalet en Avenida del Tibidabo"}, "hasPlan": true, "has3DTour": false, "has360": false, "hasStaging": false, "topNewDevelopment": false}, {"propertyCode": "90939011", "thumbnail": "https://img3.idealista.com/blur/WEB_LISTING/0/id.pro.es.image.master/2a/20/34/802586866.jpg", "externalReference": "W-02JOW4", "numPhotos": 25, "floor": "1", "price": 390000.0, "propertyType": "flat", "operation": "sale", "size": 102.0, "exterior": false, "rooms": 4, "bathrooms": 2, "address": "barrio El Putxet i el Farr\u00f3", "province": "Barcelona", "municipality": "Barcelona", "district": "Sarri\u00e0-Sant Gervasi", "country": "es", "neighborhood": "El Putxet i el Farr\u00f3", "latitude": 41.4117115, "longitude": 2.1401603, "showAddress": false, "url": "https://www.idealista.com/inmueble/90939011/", "distance": "592", "hasVideo": false, "status": "good", "newDevelopment": false, "hasLift": true, "priceByArea": 3824.0, "detailedType": {"typology": "flat"}, "suggestedTexts": {"subtitle": "El Putxet i el Farr\u00f3, Barcelona", "title": "Piso"}, "hasPlan": false, "has3DTour": false, "has360": false, "hasStaging": false, "topNewDevelopment": false}, {"propertyCode": "91099471", "thumbnail": "https://img3.idealista.com/blur/WEB_LISTING/0/id.pro.es.image.master/a1/99/00/809355901.jpg", "externalReference": "242670", "numPhotos": 25, "floor": "1", "price": 375000.0, "propertyType": "flat", "operation": "sale", "size": 92.0, "exterior": true, "rooms": 2, "bathrooms": 2, "address": "barrio El Putxet i el Farr\u00f3", "province": "Barcelona", "municipality": "Barcelona", "district": "Sarri\u00e0-Sant Gervasi", "country": "es", "neighborhood": "El Putxet i el Farr\u00f3", "latitude": 41.4113978, "longitude": 2.141565, "showAddress": false, "url": "https://www.idealista.com/inmueble/91099471/", "distance": "631", "hasVideo": false, "status": "good", "newDevelopment": false, "hasLift": true, "priceByArea": 4076.0, "detailedType": {"typology": "flat"}, "suggestedTexts": {"subtitle": "El Putxet i el Farr\u00f3, Barcelona", "title": "Piso"}, "hasPlan": true, "has3DTour": false, "has360": false, "hasStaging": false, "topNewDevelopment": false}, {"propertyCode": "91760152", "thumbnail": "https://img3.idealista.com/blur/WEB_LISTING/0/id.pro.es.image.master/2f/32/77/842919355.jpg", "externalReference": "R-AVDA REP", "numPhotos": 34, "floor": "2", "price": 400000.0, "propertyType": "flat", "operation": "sale", "size": 126.0, "exterior": true, "rooms": 5, "bathrooms": 2, "address": "Avenida REPUBLICA ARGENTINA", "province": "Barcelona", "municipality": "Barcelona", "district": "Sarri\u00e0-Sant Gervasi", "country": "es", "neighborhood": "El Putxet i el Farr\u00f3", "latitude": 41.41506, "longitude": 2.137496, "showAddress": false, "url": "https://www.idealista.com/inmueble/91760152/", "distance": "338", "hasVideo": false, "status": "renew", "newDevelopment": false, "hasLift": true, "priceByArea": 3175.0, "detailedType": {"typology": "flat"}, "suggestedTexts": {"subtitle": "El Putxet i el Farr\u00f3, Barcelona", "title": "Piso en Avenida REPUBLICA ARGENTINA"}, "hasPlan": false, "has3DTour": true, "has360": false, "hasStaging": false, "topNewDevelopment": false}, {"propertyCode": "90933777", "thumbnail": "https://img3.idealista.com/blur/WEB_LISTING/0/id.pro.es.image.master/ac/6f/dc/802451387.jpg", "externalReference": "W-02IYJ3", "numPhotos": 26, "price": 412000.0, "propertyType": "flat", "operation": "sale", "size": 106.0, "exterior": false, "rooms": 3, "bathrooms": 1, "address": "barrio El Putxet i el Farr\u00f3", "province": "Barcelona", "municipality": "Barcelona", "district": "Sarri\u00e0-Sant Gervasi", "country": "es", "neighborhood": "El Putxet i el Farr\u00f3", "latitude": 41.4101428, "longitude": 2.1418725, "showAddress": false, "url": "https://www.idealista.com/inmueble/90933777/", "distance": "773", "hasVideo": false, "status": "good", "newDevelopment": false, "hasLift": true, "priceByArea": 3887.0, "detailedType": {"typology": "flat"}, "suggestedTexts": {"subtitle": "El Putxet i el Farr\u00f3, Barcelona", "title": "Piso"}, "hasPlan": false, "has3DTour": false, "has360": false, "hasStaging": false, "topNewDevelopment": false}, {"propertyCode": "84918062", "thumbnail": "https://img3.idealista.com/blur/WEB_LISTING/0/id.pro.es.image.master/f7/89/46/755900178.jpg", "externalReference": "W-02FE09", "numPhotos": 26, "floor": "1", "price": 260000.0, "propertyType": "flat", "operation": "sale", "size": 60.0, "exterior": false, "rooms": 1, "bathrooms": 1, "address": "barrio El Putxet i el Farr\u00f3", "province": "Barcelona", "municipality": "Barcelona", "district": "Sarri\u00e0-Sant Gervasi", "country": "es", "neighborhood": "El Putxet i el Farr\u00f3", "latitude": 41.4117531, "longitude": 2.1448628, "showAddress": false, "url": "https://www.idealista.com/inmueble/84918062/", "distance": "686", "hasVideo": false, "status": "good", "newDevelopment": false, "hasLift": true, "priceByArea": 4333.0, "detailedType": {"typology": "flat"}, "suggestedTexts": {"subtitle": "El Putxet i el Farr\u00f3, Barcelona", "title": "Piso"}, "hasPlan": false, "has3DTour": false, "has360": false, "hasStaging": false, "topNewDevelopment": false}, {"propertyCode": "91781937", "thumbnail": "https://img3.idealista.com/blur/WEB_LISTING/0/id.pro.es.image.master/64/f1/ed/823158000.jpg", "externalReference": "13111-OB", "numPhotos": 16, "floor": "1", "price": 284000.0, "propertyType": "flat", "operation": "sale", "size": 70.0, "exterior": false, "rooms": 3, "bathrooms": 2, "address": "Avenida de la Rep\u00fablica Argentina", "province": "Barcelona", "municipality": "Barcelona", "district": "Sarri\u00e0-Sant Gervasi", "country": "es", "neighborhood": "El Putxet i el Farr\u00f3", "latitude": 41.4150009, "longitude": 2.1409282, "showAddress": false, "url": "https://www.idealista.com/inmueble/91781937/", "distance": "227", "hasVideo": false, "status": "good", "newDevelopment": false, "hasLift": true, "priceByArea": 4057.0, "detailedType": {"typology": "flat"}, "suggestedTexts": {"subtitle": "El Putxet i el Farr\u00f3, Barcelona", "title": "Piso en Avenida de la Rep\u00fablica Argentina"}, "hasPlan": false, "has3DTour": false, "has360": false, "hasStaging": false, "topNewDevelopment": false}, {"propertyCode": "92594262", "thumbnail": "https://img3.idealista.com/blur/WEB_LISTING/0/id.pro.es.image.master/99/ef/16/843528633.jpg", "externalReference": "001115A", "numPhotos": 31, "floor": "3", "price": 799000.0, "propertyType": "flat", "operation": "sale", "size": 184.0, "exterior": true, "rooms": 4, "bathrooms": 3, "address": "Paseo de Sant Gervasi", "province": "Barcelona", "municipality": "Barcelona", "district": "Sarri\u00e0-Sant Gervasi", "country": "es", "neighborhood": "Sant Gervasi - La Bonanova", "latitude": 41.4120429, "longitude": 2.1375037, "showAddress": false, "url": "https://www.idealista.com/inmueble/92594262/", "distance": "611", "hasVideo": false, "status": "good", "newDevelopment": false, "hasLift": true, "priceByArea": 4342.0, "detailedType": {"typology": "flat"}, "suggestedTexts": {"subtitle": "Sant Gervasi - La Bonanova, Barcelona", "title": "Piso en Paseo de Sant Gervasi"}, "hasPlan": false, "has3DTour": false, "has360": false, "hasStaging": false, "topNewDevelopment": false}, {"propertyCode": "90227777", "thumbnail": "https://img3.idealista.com/blur/WEB_LISTING/0/id.pro.es.image.master/7e/e5/f3/830232268.jpg", "externalReference": "001115AA", "numPhotos": 31, "floor": "3", "price": 799000.0, "propertyType": "flat", "operation": "sale", "size": 184.0, "exterior": true, "rooms": 4, "bathrooms": 3, "address": "Paseo de Sant Gervasi", "province": "Barcelona", "municipality": "Barcelona", "district": "Sarri\u00e0-Sant Gervasi", "country": "es", "neighborhood": "Sant Gervasi - La Bonanova", "latitude": 41.4102429, "longitude": 2.1381037, "showAddress": false, "url": "https://www.idealista.com/inmueble/90227777/", "distance": "782", "hasVideo": false, "status": "good", "newDevelopment": false, "hasLift": true, "priceByArea": 4342.0, "detailedType": {"typology": "flat"}, "suggestedTexts": {"subtitle": "Sant Gervasi - La Bonanova, Barcelona", "title": "Piso en Paseo de Sant Gervasi"}, "hasPlan": false, "has3DTour": false, "has360": true, "hasStaging": false, "topNewDevelopment": false}, {"propertyCode": "91966681", "thumbnail": "https://img3.idealista.com/blur/WEB_LISTING/0/id.pro.es.image.master/6a/83/7a/827582196.jpg", "externalReference": "28006", "numPhotos": 12, "floor": "1", "price": 185000.0, "propertyType": "flat", "operation": "sale", "size": 62.0, "exterior": true, "rooms": 2, "bathrooms": 1, "address": "barrio El Coll", "province": "Barcelona", "municipality": "Barcelona", "district": "Gr\u00e0cia", "country": "es", "neighborhood": "El Coll", "latitude": 41.4156885, "longitude": 2.1436425, "showAddress": false, "url": "https://www.idealista.com/inmueble/91966681/", "distance": "294", "hasVideo": false, "status": "good", "newDevelopment": false, "hasLift": false, "priceByArea": 2984.0, "detailedType": {"typology": "flat"}, "suggestedTexts": {"subtitle": "El Coll, Barcelona", "title": "Piso"}, "hasPlan": true, "has3DTour": false, "has360": false, "hasStaging": false, "topNewDevelopment": false}, {"propertyCode": "92932865", "thumbnail": "https://img3.idealista.com/blur/WEB_LISTING/0/id.pro.es.image.master/64/e3/d5/851437581.jpg", "externalReference": "246682", "numPhotos": 23, "floor": "bj", "price": 650000.0, "propertyType": "flat", "operation": "sale", "size": 130.0, "exterior": true, "rooms": 3, "bathrooms": 2, "address": "barrio Vallcarca i els Penitents", "province": "Barcelona", "municipality": "Barcelona", "district": "Gr\u00e0cia", "country": "es", "neighborhood": "Vallcarca i els Penitents", "latitude": 41.4160768, "longitude": 2.1396924, "showAddress": false, "url": "https://www.idealista.com/inmueble/92932865/", "distance": "129", "hasVideo": true, "status": "good", "newDevelopment": false, "hasLift": true, "priceByArea": 5000.0, "detailedType": {"typology": "flat"}, "suggestedTexts": {"subtitle": "Vallcarca i els Penitents, Barcelona", "title": "Piso"}, "hasPlan": true, "has3DTour": false, "has360": false, "hasStaging": false, "topNewDevelopment": false}, {"propertyCode": "92757378", "thumbnail": "https://img3.idealista.com/blur/WEB_LISTING/0/id.pro.es.image.master/c3/ac/47/847412390.jpg", "externalReference": "VB2102017", "numPhotos": 29, "floor": "2", "price": 399000.0, "propertyType": "flat", "operation": "sale", "size": 97.0, "exterior": true, "rooms": 4, "bathrooms": 2, "address": "barrio El Putxet i el Farr\u00f3", "province": "Barcelona", "municipality": "Barcelona", "district": "Sarri\u00e0-Sant Gervasi", "country": "es", "neighborhood": "El Putxet i el Farr\u00f3", "latitude": 41.4128604, "longitude": 2.140903, "showAddress": false, "url": "https://www.idealista.com/inmueble/92757378/", "distance": "464", "hasVideo": false, "status": "renew", "newDevelopment": false, "hasLift": true, "priceByArea": 4113.0, "detailedType": {"typology": "flat"}, "suggestedTexts": {"subtitle": "El Putxet i el Farr\u00f3, Barcelona", "title": "Piso"}, "hasPlan": true, "has3DTour": false, "has360": true, "hasStaging": false, "topNewDevelopment": false}, {"propertyCode": "92607844", "thumbnail": "https://img3.idealista.com/blur/WEB_LISTING/0/id.pro.es.image.master/83/b7/46/843887131.jpg", "externalReference": "2-VHG027", "numPhotos": 31, "floor": "3", "price": 215000.0, "propertyType": "flat", "operation": "sale", "size": 68.0, "exterior": false, "rooms": 3, "bathrooms": 1, "address": "Calle d'Arenys", "province": "Barcelona", "municipality": "Barcelona", "district": "Horta Guinard\u00f3", "country": "es", "neighborhood": "La Teixonera", "latitude": 41.423005, "longitude": 2.1412468, "showAddress": false, "url": "https://www.idealista.com/inmueble/92607844/", "distance": "666", "hasVideo": false, "status": "good", "newDevelopment": false, "hasLift": true, "priceByArea": 3162.0, "detailedType": {"typology": "flat"}, "suggestedTexts": {"subtitle": "La Teixonera, Barcelona", "title": "Piso en Calle d'Arenys"}, "hasPlan": true, "has3DTour": false, "has360": true, "hasStaging": false, "topNewDevelopment": false}, {"propertyCode": "92712249", "thumbnail": "https://img3.idealista.com/blur/WEB_LISTING/0/id.pro.es.image.master/b7/ab/02/846310044.jpg", "externalReference": "3451-02127", "numPhotos": 26, "floor": "1", "price": 790000.0, "propertyType": "flat", "operation": "sale", "size": 180.0, "exterior": true, "rooms": 3, "bathrooms": 2, "address": "Calle de Bertran", "province": "Barcelona", "municipality": "Barcelona", "district": "Sarri\u00e0-Sant Gervasi", "country": "es", "neighborhood": "El Putxet i el Farr\u00f3", "latitude": 41.4105083, "longitude": 2.1417454, "showAddress": false, "url": "https://www.idealista.com/inmueble/92712249/", "distance": "731", "hasVideo": false, "status": "good", "newDevelopment": false, "hasLift": true, "parkingSpace": {"hasParkingSpace": true, "isParkingSpaceIncludedInPrice": true}, "priceByArea": 4389.0, "detailedType": {"typology": "flat"}, "suggestedTexts": {"subtitle": "El Putxet i el Farr\u00f3, Barcelona", "title": "Piso en Calle de Bertran"}, "hasPlan": true, "has3DTour": false, "has360": false, "hasStaging": false, "topNewDevelopment": false}, {"propertyCode": "91700606", "thumbnail": "https://img3.idealista.com/blur/WEB_LISTING/0/id.pro.es.image.master/f5/99/ca/821144178.jpg", "externalReference": "VB2007057-5", "numPhotos": 40, "floor": "6", "price": 1250000.0, "propertyType": "flat", "operation": "sale", "size": 257.0, "exterior": true, "rooms": 6, "bathrooms": 4, "address": "Calle de Balmes", "province": "Barcelona", "municipality": "Barcelona", "district": "Sarri\u00e0-Sant Gervasi", "country": "es", "neighborhood": "El Putxet i el Farr\u00f3", "latitude": 41.4107924, "longitude": 2.136419, "showAddress": false, "url": "https://www.idealista.com/inmueble/91700606/", "distance": "775", "hasVideo": true, "status": "good", "newDevelopment": false, "hasLift": true, "parkingSpace": {"hasParkingSpace": true, "isParkingSpaceIncludedInPrice": true}, "priceByArea": 4864.0, "detailedType": {"typology": "flat"}, "suggestedTexts": {"subtitle": "El Putxet i el Farr\u00f3, Barcelona", "title": "Piso en Calle de Balmes"}, "hasPlan": true, "has3DTour": false, "has360": false, "hasStaging": false, "topNewDevelopment": false}, {"propertyCode": "93080374", "thumbnail": "https://img3.idealista.com/blur/WEB_LISTING/0/id.pro.es.image.master/a6/ec/d2/853994320.jpg", "externalReference": "VPD2-2102", "numPhotos": 30, "floor": "4", "price": 450000.0, "propertyType": "penthouse", "operation": "sale", "size": 96.0, "exterior": true, "rooms": 2, "bathrooms": 2, "address": "Calle del Repartidor", "province": "Barcelona", "municipality": "Barcelona", "district": "Gr\u00e0cia", "country": "es", "neighborhood": "La Salut", "latitude": 41.4121106, "longitude": 2.1479476, "showAddress": false, "url": "https://www.idealista.com/inmueble/93080374/", "distance": "821", "hasVideo": false, "status": "good", "newDevelopment": false, "hasLift": false, "priceByArea": 4688.0, "detailedType": {"typology": "flat", "subTypology": "penthouse"}, "suggestedTexts": {"subtitle": "La Salut, Barcelona", "title": "\u00c1tico en Calle del Repartidor"}, "hasPlan": true, "has3DTour": false, "has360": true, "hasStaging": false, "topNewDevelopment": false}, {"propertyCode": "92910599", "thumbnail": "https://img3.idealista.com/blur/WEB_LISTING/0/id.pro.es.image.master/54/8d/39/850867055.jpg", "externalReference": "VSE1-2101", "numPhotos": 46, "floor": "4", "price": 470000.0, "propertyType": "flat", "operation": "sale", "size": 122.0, "exterior": false, "rooms": 3, "bathrooms": 2, "address": "Calle de Gomis", "province": "Barcelona", "municipality": "Barcelona", "district": "Gr\u00e0cia", "country": "es", "neighborhood": "Vallcarca i els Penitents", "latitude": 41.4133702, "longitude": 2.1379879, "showAddress": false, "url": "https://www.idealista.com/inmueble/92910599/", "distance": "460", "hasVideo": false, "status": "good", "newDevelopment": false, "hasLift": true, "priceByArea": 3852.0, "detailedType": {"typology": "flat"}, "suggestedTexts": {"subtitle": "Vallcarca i els Penitents, Barcelona", "title": "Piso en Calle de Gomis"}, "hasPlan": true, "has3DTour": false, "has360": true, "hasStaging": false, "topNewDevelopment": false}, {"propertyCode": "92532689", "thumbnail": "https://img3.idealista.com/blur/WEB_LISTING/0/id.pro.es.image.master/cf/8e/69/841946436.jpg", "externalReference": "322959", "numPhotos": 29, "floor": "2", "price": 345000.0, "propertyType": "flat", "operation": "sale", "size": 101.0, "exterior": true, "rooms": 4, "bathrooms": 2, "address": "Calle de les Medes, 10", "province": "Barcelona", "municipality": "Barcelona", "district": "Gr\u00e0cia", "country": "es", "neighborhood": "Vallcarca i els Penitents", "latitude": 41.4111289, "longitude": 2.1468473, "showAddress": true, "url": "https://www.idealista.com/inmueble/92532689/", "distance": "838", "hasVideo": true, "status": "good", "newDevelopment": false, "hasLift": true, "priceByArea": 3416.0, "detailedType": {"typology": "flat"}, "suggestedTexts": {"subtitle": "Vallcarca i els Penitents, Barcelona", "title": "Piso en Calle de les Medes, 10"}, "hasPlan": true, "has3DTour": false, "has360": false, "hasStaging": false, "topNewDevelopment": false}, {"propertyCode": "93068936", "thumbnail": "https://img3.idealista.com/blur/WEB_LISTING/0/id.pro.es.image.master/ec/01/59/853718974.jpg", "externalReference": "116082", "numPhotos": 40, "floor": "bj", "price": 169000.0, "propertyType": "flat", "operation": "sale", "size": 62.0, "exterior": true, "rooms": 2, "bathrooms": 1, "address": "barrio La Teixonera", "province": "Barcelona", "municipality": "Barcelona", "district": "Horta Guinard\u00f3", "country": "es", "neighborhood": "La Teixonera", "latitude": 41.4220325, "longitude": 2.1463854, "showAddress": false, "url": "https://www.idealista.com/inmueble/93068936/", "distance": "737", "hasVideo": false, "status": "good", "newDevelopment": false, "hasLift": true, "priceByArea": 2726.0, "detailedType": {"typology": "flat"}, "suggestedTexts": {"subtitle": "La Teixonera, Barcelona", "title": "Piso"}, "hasPlan": true, "has3DTour": false, "has360": false, "hasStaging": false, "topNewDevelopment": false}, {"propertyCode": "92853528", "thumbnail": "https://img3.idealista.com/blur/WEB_LISTING/0/id.pro.es.image.master/d1/9f/e0/849535495.jpg", "externalReference": "VB2102029", "numPhotos": 23, "floor": "2", "price": 345000.0, "propertyType": "flat", "operation": "sale", "size": 67.0, "exterior": true, "rooms": 2, "bathrooms": 1, "address": "barrio El Coll", "province": "Barcelona", "municipality": "Barcelona", "district": "Gr\u00e0cia", "country": "es", "neighborhood": "El Coll", "latitude": 41.4195019, "longitude": 2.1483106, "showAddress": false, "url": "https://www.idealista.com/inmueble/92853528/", "distance": "700", "hasVideo": false, "status": "good", "newDevelopment": false, "hasLift": true, "parkingSpace": {"hasParkingSpace": true, "isParkingSpaceIncludedInPrice": true}, "priceByArea": 5149.0, "detailedType": {"typology": "flat"}, "suggestedTexts": {"subtitle": "El Coll, Barcelona", "title": "Piso"}, "hasPlan": true, "has3DTour": false, "has360": false, "hasStaging": false, "topNewDevelopment": false}, {"propertyCode": "86950233", "thumbnail": "https://img3.idealista.com/blur/WEB_LISTING/0/id.pro.es.image.master/29/87/e7/706775467.jpg", "externalReference": "133141", "numPhotos": 26, "floor": "2", "price": 425000.0, "propertyType": "flat", "operation": "sale", "size": 100.0, "exterior": true, "rooms": 4, "bathrooms": 2, "address": "Calle de Marmell\u00e0, 5", "province": "Barcelona", "municipality": "Barcelona", "district": "Sarri\u00e0-Sant Gervasi", "country": "es", "neighborhood": "El Putxet i el Farr\u00f3", "latitude": 41.4105201, "longitude": 2.1421683, "showAddress": true, "url": "https://www.idealista.com/inmueble/86950233/", "distance": "735", "hasVideo": true, "status": "good", "newDevelopment": false, "hasLift": true, "priceByArea": 4250.0, "detailedType": {"typology": "flat"}, "suggestedTexts": {"subtitle": "El Putxet i el Farr\u00f3, Barcelona", "title": "Piso en Calle de Marmell\u00e0, 5"}, "hasPlan": true, "has3DTour": false, "has360": false, "hasStaging": false, "topNewDevelopment": false}, {"propertyCode": "86472559", "thumbnail": "https://img3.idealista.com/blur/WEB_LISTING/0/id.pro.es.image.master/df/9e/b5/694531137.jpg", "externalReference": "1P1866", "numPhotos": 21, "floor": "1", "price": 710000.0, "propertyType": "flat", "operation": "sale", "size": 117.0, "exterior": true, "rooms": 3, "bathrooms": 2, "address": "Avenida de la Rep\u00fablica Argentina", "province": "Barcelona", "municipality": "Barcelona", "district": "Sarri\u00e0-Sant Gervasi", "country": "es", "neighborhood": "El Putxet i el Farr\u00f3", "latitude": 41.4125633, "longitude": 2.1420198, "showAddress": false, "url": "https://www.idealista.com/inmueble/86472559/", "distance": "510", "hasVideo": true, "status": "good", "newDevelopment": false, "hasLift": true, "priceByArea": 6068.0, "detailedType": {"typology": "flat"}, "suggestedTexts": {"subtitle": "El Putxet i el Farr\u00f3, Barcelona", "title": "Piso en Avenida de la Rep\u00fablica Argentina"}, "hasPlan": true, "has3DTour": false, "has360": false, "hasStaging": false, "topNewDevelopment": false}, {"propertyCode": "92094845", "thumbnail": "https://img3.idealista.com/blur/WEB_LISTING/0/id.pro.es.image.master/1b/11/91/834442402.jpg", "externalReference": "115083", "numPhotos": 40, "floor": "en", "price": 369000.0, "propertyType": "flat", "operation": "sale", "size": 80.0, "exterior": true, "rooms": 3, "bathrooms": 1, "address": "barrio Vallcarca i els Penitents", "province": "Barcelona", "municipality": "Barcelona", "district": "Gr\u00e0cia", "country": "es", "neighborhood": "Vallcarca i els Penitents", "latitude": 41.4156897, "longitude": 2.1387148, "showAddress": false, "url": "https://www.idealista.com/inmueble/92094845/", "distance": "215", "hasVideo": false, "status": "good", "newDevelopment": false, "hasLift": true, "priceByArea": 4613.0, "detailedType": {"typology": "flat"}, "suggestedTexts": {"subtitle": "Vallcarca i els Penitents, Barcelona", "title": "Piso"}, "hasPlan": true, "has3DTour": false, "has360": false, "hasStaging": false, "topNewDevelopment": false}, {"propertyCode": "91948962", "thumbnail": "https://img3.idealista.com/blur/WEB_LISTING/0/id.pro.es.image.master/0d/f0/9a/848255630.jpg", "externalReference": "VB2011021-2", "numPhotos": 39, "floor": "bj", "price": 1100000.0, "propertyType": "flat", "operation": "sale", "size": 234.0, "exterior": true, "rooms": 3, "bathrooms": 3, "address": "barrio Sant Gervasi - La Bonanova", "province": "Barcelona", "municipality": "Barcelona", "district": "Sarri\u00e0-Sant Gervasi", "country": "es", "neighborhood": "Sant Gervasi - La Bonanova", "latitude": 41.4148276, "longitude": 2.132361, "showAddress": false, "url": "https://www.idealista.com/inmueble/91948962/", "distance": "728", "hasVideo": false, "status": "good", "newDevelopment": false, "hasLift": true, "parkingSpace": {"hasParkingSpace": true, "isParkingSpaceIncludedInPrice": true}, "priceByArea": 4701.0, "detailedType": {"typology": "flat"}, "suggestedTexts": {"subtitle": "Sant Gervasi - La Bonanova, Barcelona", "title": "Piso"}, "hasPlan": true, "has3DTour": false, "has360": false, "hasStaging": false, "topNewDevelopment": false}, {"propertyCode": "91838554", "thumbnail": "https://img3.idealista.com/blur/WEB_LISTING/0/id.pro.es.image.master/fa/6d/67/824503504.jpg", "externalReference": "306715", "numPhotos": 23, "floor": "2", "price": 230000.0, "propertyType": "flat", "operation": "sale", "size": 90.0, "exterior": true, "rooms": 3, "bathrooms": 2, "address": "Calle de Santa Rosalia s/n", "province": "Barcelona", "municipality": "Barcelona", "district": "Horta Guinard\u00f3", "country": "es", "neighborhood": "La Teixonera", "latitude": 41.42203, "longitude": 2.147561, "showAddress": true, "url": "https://www.idealista.com/inmueble/91838554/", "distance": "804", "hasVideo": true, "status": "good", "newDevelopment": false, "hasLift": false, "priceByArea": 2556.0, "detailedType": {"typology": "flat"}, "suggestedTexts": {"subtitle": "La Teixonera, Barcelona", "title": "Piso en Calle de Santa Rosalia s/n"}, "hasPlan": true, "has3DTour": false, "has360": false, "hasStaging": false, "topNewDevelopment": false}, {"propertyCode": "90247463", "thumbnail": "https://img3.idealista.com/blur/WEB_LISTING/0/id.pro.es.image.master/1f/59/43/786272833.jpg", "externalReference": "54107C", "numPhotos": 16, "floor": "4", "price": 730000.0, "propertyType": "flat", "operation": "sale", "size": 145.0, "exterior": true, "rooms": 4, "bathrooms": 2, "address": "Calle de Roca i Batlle", "province": "Barcelona", "municipality": "Barcelona", "district": "Sarri\u00e0-Sant Gervasi", "country": "es", "neighborhood": "El Putxet i el Farr\u00f3", "latitude": 41.4108015, "longitude": 2.1392579, "showAddress": false, "url": "https://www.idealista.com/inmueble/90247463/", "distance": "701", "hasVideo": true, "status": "good", "newDevelopment": false, "hasLift": true, "priceByArea": 5034.0, "detailedType": {"typology": "flat"}, "suggestedTexts": {"subtitle": "El Putxet i el Farr\u00f3, Barcelona", "title": "Piso en Calle de Roca i Batlle"}, "hasPlan": true, "has3DTour": false, "has360": false, "hasStaging": false, "topNewDevelopment": false}, {"propertyCode": "92808929", "thumbnail": "https://img3.idealista.com/blur/WEB_LISTING/0/id.pro.es.image.master/22/4d/42/848625698.jpg", "externalReference": "104862", "numPhotos": 20, "floor": "1", "price": 110000.0, "propertyType": "flat", "operation": "sale", "size": 49.0, "exterior": false, "rooms": 3, "bathrooms": 1, "address": "Calle Arenys", "province": "Barcelona", "municipality": "Barcelona", "district": "Horta Guinard\u00f3", "country": "es", "neighborhood": "La Teixonera", "latitude": 41.4222692, "longitude": 2.1457515, "showAddress": false, "url": "https://www.idealista.com/inmueble/92808929/", "distance": "724", "hasVideo": true, "status": "good", "newDevelopment": false, "hasLift": false, "priceByArea": 2245.0, "detailedType": {"typology": "flat"}, "suggestedTexts": {"subtitle": "La Teixonera, Barcelona", "title": "Piso en Calle Arenys"}, "hasPlan": true, "has3DTour": false, "has360": false, "hasStaging": false, "topNewDevelopment": false}, {"propertyCode": "92599157", "thumbnail": "https://img3.idealista.com/blur/WEB_LISTING/0/id.pro.es.image.master/5c/e1/ed/843656091.jpg", "externalReference": "86879", "numPhotos": 27, "price": 229000.0, "propertyType": "flat", "operation": "sale", "size": 101.0, "exterior": true, "rooms": 2, "bathrooms": 1, "address": "Calle de Rossell", "province": "Barcelona", "municipality": "Barcelona", "district": "Horta Guinard\u00f3", "country": "es", "neighborhood": "La Teixonera", "latitude": 41.4219881, "longitude": 2.1470433, "showAddress": false, "url": "https://www.idealista.com/inmueble/92599157/", "distance": "770", "hasVideo": false, "status": "good", "newDevelopment": false, "hasLift": true, "parkingSpace": {"hasParkingSpace": true, "isParkingSpaceIncludedInPrice": true}, "priceByArea": 2267.0, "detailedType": {"typology": "flat"}, "suggestedTexts": {"subtitle": "La Teixonera, Barcelona", "title": "Piso en Calle de Rossell"}, "hasPlan": false, "has3DTour": false, "has360": false, "hasStaging": false, "topNewDevelopment": false}, {"propertyCode": "89790029", "thumbnail": "https://img3.idealista.com/blur/WEB_LISTING/0/id.pro.es.image.master/6f/ac/09/776588046.jpg", "externalReference": "V00207-FOVD1", "numPhotos": 48, "floor": "1", "price": 460000.0, "propertyType": "flat", "operation": "sale", "size": 103.0, "exterior": true, "rooms": 3, "bathrooms": 2, "address": "Luc\u00e0", "province": "Barcelona", "municipality": "Barcelona", "district": "Sarri\u00e0-Sant Gervasi", "country": "es", "neighborhood": "El Putxet i el Farr\u00f3", "latitude": 41.4126474, "longitude": 2.1404376, "showAddress": false, "url": "https://www.idealista.com/inmueble/89790029/", "distance": "487", "hasVideo": true, "status": "good", "newDevelopment": false, "hasLift": true, "priceByArea": 4466.0, "detailedType": {"typology": "flat"}, "suggestedTexts": {"subtitle": "El Putxet i el Farr\u00f3, Barcelona", "title": "Piso en Luc\u00e0"}, "hasPlan": true, "has3DTour": false, "has360": false, "hasStaging": false, "topNewDevelopment": false}, {"propertyCode": "92169914", "thumbnail": "https://img3.idealista.com/blur/WEB_LISTING/0/id.pro.es.image.master/fe/10/18/854490185.jpg", "externalReference": "KE-0117", "numPhotos": 33, "floor": "3", "price": 665000.0, "propertyType": "flat", "operation": "sale", "size": 152.0, "exterior": true, "rooms": 4, "bathrooms": 2, "address": "Calle de Gomis", "province": "Barcelona", "municipality": "Barcelona", "district": "Gr\u00e0cia", "country": "es", "neighborhood": "Vallcarca i els Penitents", "latitude": 41.4129087, "longitude": 2.1434715, "showAddress": false, "url": "https://www.idealista.com/inmueble/92169914/", "distance": "517", "hasVideo": false, "status": "good", "newDevelopment": false, "hasLift": true, "parkingSpace": {"hasParkingSpace": true, "isParkingSpaceIncludedInPrice": true}, "priceByArea": 4375.0, "detailedType": {"typology": "flat"}, "suggestedTexts": {"subtitle": "Vallcarca i els Penitents, Barcelona", "title": "Piso en Calle de Gomis"}, "hasPlan": true, "has3DTour": false, "has360": true, "hasStaging": false, "topNewDevelopment": false}, {"propertyCode": "88494288", "thumbnail": "https://img3.idealista.com/blur/WEB_LISTING/0/id.pro.es.image.master/18/cb/f2/748103283.jpg", "externalReference": "1P1901", "numPhotos": 41, "floor": "2", "price": 619000.0, "propertyType": "flat", "operation": "sale", "size": 95.0, "exterior": true, "rooms": 1, "bathrooms": 1, "address": "barrio El Putxet i el Farr\u00f3", "province": "Barcelona", "municipality": "Barcelona", "district": "Sarri\u00e0-Sant Gervasi", "country": "es", "neighborhood": "El Putxet i el Farr\u00f3", "latitude": 41.4110907, "longitude": 2.1393035, "showAddress": false, "url": "https://www.idealista.com/inmueble/88494288/", "distance": "668", "hasVideo": true, "status": "good", "newDevelopment": false, "hasLift": true, "parkingSpace": {"hasParkingSpace": true, "isParkingSpaceIncludedInPrice": true}, "priceByArea": 6516.0, "detailedType": {"typology": "flat"}, "suggestedTexts": {"subtitle": "El Putxet i el Farr\u00f3, Barcelona", "title": "Piso"}, "hasPlan": true, "has3DTour": false, "has360": false, "hasStaging": false, "topNewDevelopment": false}, {"propertyCode": "92890534", "thumbnail": "https://img3.idealista.com/blur/WEB_LISTING/0/id.pro.es.image.master/41/80/c9/853052061.jpg", "externalReference": "TU939LA", "numPhotos": 25, "floor": "4", "price": 395000.0, "propertyType": "flat", "operation": "sale", "size": 81.0, "exterior": true, "rooms": 2, "bathrooms": 1, "address": "Paseo de Sant Gervasi", "province": "Barcelona", "municipality": "Barcelona", "district": "Sarri\u00e0-Sant Gervasi", "country": "es", "neighborhood": "Sant Gervasi - La Bonanova", "latitude": 41.4140537, "longitude": 2.1389386, "showAddress": false, "url": "https://www.idealista.com/inmueble/92890534/", "distance": "358", "hasVideo": false, "status": "good", "newDevelopment": false, "hasLift": true, "priceByArea": 4877.0, "detailedType": {"typology": "flat"}, "suggestedTexts": {"subtitle": "Sant Gervasi - La Bonanova, Barcelona", "title": "Piso en Paseo de Sant Gervasi"}, "hasPlan": true, "has3DTour": false, "has360": false, "hasStaging": false, "topNewDevelopment": false}, {"propertyCode": "92012123", "thumbnail": "https://img3.idealista.com/blur/WEB_LISTING/0/id.pro.es.image.master/94/5a/49/828682496.jpg", "externalReference": "PssgSntGerv", "numPhotos": 24, "floor": "3", "price": 550000.0, "propertyType": "flat", "operation": "sale", "size": 80.0, "exterior": true, "rooms": 2, "bathrooms": 2, "address": "Paseo de Sant Gervasi", "province": "Barcelona", "municipality": "Barcelona", "district": "Sarri\u00e0-Sant Gervasi", "country": "es", "neighborhood": "El Putxet i el Farr\u00f3", "latitude": 41.4123043, "longitude": 2.1396699, "showAddress": false, "url": "https://www.idealista.com/inmueble/92012123/", "distance": "530", "hasVideo": true, "status": "good", "newDevelopment": false, "hasLift": true, "parkingSpace": {"hasParkingSpace": true, "isParkingSpaceIncludedInPrice": true}, "priceByArea": 6875.0, "detailedType": {"typology": "flat"}, "suggestedTexts": {"subtitle": "El Putxet i el Farr\u00f3, Barcelona", "title": "Piso en Paseo de Sant Gervasi"}, "hasPlan": true, "has3DTour": false, "has360": false, "hasStaging": false, "topNewDevelopment": false}, {"propertyCode": "91510112", "thumbnail": "https://img3.idealista.com/blur/WEB_LISTING/180/id.pro.es.image.master/d3/15/9b/839095790.jpg", "numPhotos": 21, "floor": "bj", "price": 290000.0, "propertyType": "flat", "operation": "sale", "size": 92.0, "exterior": true, "rooms": 3, "bathrooms": 2, "address": "Calle de Ferran Puig, 82", "province": "Barcelona", "municipality": "Barcelona", "district": "Sarri\u00e0-Sant Gervasi", "country": "es", "neighborhood": "El Putxet i el Farr\u00f3", "latitude": 41.4105989, "longitude": 2.143605, "showAddress": true, "url": "https://www.idealista.com/inmueble/91510112/", "distance": "757", "hasVideo": false, "status": "renew", "newDevelopment": false, "hasLift": true, "priceByArea": 3152.0, "detailedType": {"typology": "flat"}, "suggestedTexts": {"subtitle": "El Putxet i el Farr\u00f3, Barcelona", "title": "Piso en Calle de Ferran Puig, 82"}, "hasPlan": true, "has3DTour": false, "has360": false, "hasStaging": false, "topNewDevelopment": false}, {"propertyCode": "92710659", "thumbnail": "https://img3.idealista.com/blur/WEB_LISTING/0/id.pro.es.image.master/7b/3d/dd/846202457.jpg", "externalReference": "VB2102009", "numPhotos": 18, "floor": "bj", "price": 260000.0, "propertyType": "studio", "operation": "sale", "size": 50.0, "exterior": true, "rooms": 0, "bathrooms": 1, "address": "barrio El Putxet i el Farr\u00f3", "province": "Barcelona", "municipality": "Barcelona", "district": "Sarri\u00e0-Sant Gervasi", "country": "es", "neighborhood": "El Putxet i el Farr\u00f3", "latitude": 41.4103287, "longitude": 2.1391859, "showAddress": false, "url": "https://www.idealista.com/inmueble/92710659/", "distance": "754", "hasVideo": true, "status": "good", "newDevelopment": false, "hasLift": false, "priceByArea": 5200.0, "detailedType": {"typology": "flat", "subTypology": "studio"}, "suggestedTexts": {"subtitle": "El Putxet i el Farr\u00f3, Barcelona", "title": "Estudio"}, "hasPlan": true, "has3DTour": false, "has360": false, "hasStaging": false, "topNewDevelopment": false}, {"propertyCode": "91954052", "thumbnail": "https://img3.idealista.com/blur/WEB_LISTING/0/id.pro.es.image.master/aa/31/6b/827247614.jpg", "externalReference": "W-02JYKR", "numPhotos": 19, "floor": "1", "price": 318000.0, "propertyType": "flat", "operation": "sale", "size": 125.0, "exterior": false, "rooms": 4, "bathrooms": 3, "address": "barrio La Teixonera", "province": "Barcelona", "municipality": "Barcelona", "district": "Horta Guinard\u00f3", "country": "es", "neighborhood": "La Teixonera", "latitude": 41.4204561, "longitude": 2.1464763, "showAddress": false, "url": "https://www.idealista.com/inmueble/91954052/", "distance": "621", "hasVideo": false, "status": "renew", "newDevelopment": false, "hasLift": false, "priceByArea": 2544.0, "detailedType": {"typology": "flat"}, "suggestedTexts": {"subtitle": "La Teixonera, Barcelona", "title": "Piso"}, "hasPlan": true, "has3DTour": false, "has360": false, "hasStaging": false, "topNewDevelopment": false}]