[{"propertyCode": "91694960", "thumbnail": "https://img3.idealista.com/blur/WEB_LISTING/0/id.pro.es.image.master/15/c5/f8/821001652.jpg", "externalReference": "v7272", "numPhotos": 51, "floor": "5", "price": 530000.0, "propertyType": "flat", "operation": "sale", "size": 138.0, "exterior": true, "rooms": 4, "bathrooms": 2, "address": "barrio Santa Eul\u00e0lia", "province": "Barcelona", "municipality": "Hospitalet de Llobregat", "district": "Santa Eul\u00e0lia", "country": "es", "neighborhood": "Santa Eul\u00e0lia", "latitude": 41.3615306, "longitude": 2.1282983, "showAddress": false, "url": "https://www.idealista.com/inmueble/91694960/", "distance": "1971", "hasVideo": true, "status": "good", "newDevelopment": false, "hasLift": true, "priceByArea": 3841.0, "detailedType": {"typology": "flat"}, "suggestedTexts": {"subtitle": "Santa Eul\u00e0lia, Hospitalet de Llobregat", "title": "Piso"}, "hasPlan": true, "has3DTour": true, "has360": false, "hasStaging": false, "topNewDevelopment": false}, {"propertyCode": "91082776", "thumbnail": "https://img3.idealista.com/blur/WEB_LISTING/0/id.pro.es.image.master/2a/92/7e/853394856.jpg", "externalReference": "230935", "numPhotos": 27, "floor": "1", "price": 352000.0, "propertyType": "flat", "operation": "sale", "size": 109.0, "exterior": true, "rooms": 4, "bathrooms": 2, "address": "barrio La Marina del Port", "province": "Barcelona", "municipality": "Barcelona", "district": "Sants-Montju\u00efc", "country": "es", "neighborhood": "La Marina del Port", "latitude": 41.3593648, "longitude": 2.1405988, "showAddress": false, "url": "https://www.idealista.com/inmueble/91082776/", "distance": "2941", "hasVideo": true, "status": "good", "newDevelopment": false, "hasLift": true, "priceByArea": 3229.0, "detailedType": {"typology": "flat"}, "suggestedTexts": {"subtitle": "La Marina del Port, Barcelona", "title": "Piso"}, "hasPlan": true, "has3DTour": false, "has360": false, "hasStaging": false, "topNewDevelopment": false}, {"propertyCode": "92966417", "thumbnail": "https://img3.idealista.com/blur/WEB_LISTING/0/id.pro.es.image.master/f6/53/9d/852935611.jpg", "externalReference": "246454", "numPhotos": 21, "floor": "1", "price": 235000.0, "propertyType": "flat", "operation": "sale", "size": 55.0, "exterior": true, "rooms": 2, "bathrooms": 1, "address": "barrio Sants - Badal", "province": "Barcelona", "municipality": "Barcelona", "district": "Sants-Montju\u00efc", "country": "es", "neighborhood": "Sants - Badal", "latitude": 41.3746552, "longitude": 2.1296516, "showAddress": false, "url": "https://www.idealista.com/inmueble/92966417/", "distance": "2824", "hasVideo": false, "status": "good", "newDevelopment": false, "hasLift": false, "priceByArea": 4273.0, "detailedType": {"typology": "flat"}, "suggestedTexts": {"subtitle": "Sants - Badal, Barcelona", "title": "Piso"}, "hasPlan": true, "has3DTour": false, "has360": true, "hasStaging": false, "topNewDevelopment": false}, {"propertyCode": "92818839", "thumbnail": "https://img3.idealista.com/blur/WEB_LISTING/0/id.pro.es.image.master/5e/5d/c0/848904592.jpg", "externalReference": "246248", "numPhotos": 25, "floor": "4", "price": 210000.0, "propertyType": "flat", "operation": "sale", "size": 68.0, "exterior": true, "rooms": 4, "bathrooms": 1, "address": "barrio Sants - Badal", "province": "Barcelona", "municipality": "Barcelona", "district": "Sants-Montju\u00efc", "country": "es", "neighborhood": "Sants - Badal", "latitude": 41.3710978, "longitude": 2.1299119, "showAddress": false, "url": "https://www.idealista.com/inmueble/92818839/", "distance": "2579", "hasVideo": false, "status": "good", "newDevelopment": false, "hasLift": true, "priceByArea": 3088.0, "detailedType": {"typology": "flat"}, "suggestedTexts": {"subtitle": "Sants - Badal, Barcelona", "title": "Piso"}, "hasPlan": true, "has3DTour": true, "has360": true, "hasStaging": false, "topNewDevelopment": false}, {"propertyCode": "91903585", "thumbnail": "https://img3.idealista.com/blur/WEB_LISTING/0/id.pro.es.image.master/2d/db/44/826096760.jpg", "externalReference": "CB_BCN_0376_V", "numPhotos": 33, "floor": "9", "price": 475000.0, "propertyType": "penthouse", "operation": "sale", "size": 124.0, "exterior": true, "rooms": 3, "bathrooms": 2, "address": "Calle del Comandant Ben\u00edtez", "province": "Barcelona", "municipality": "Barcelona", "district": "Les Corts", "country": "es", "neighborhood": "La Maternitat i Sant Ramon", "latitude": 41.3799546, "longitude": 2.1285386, "showAddress": false, "url": "https://www.idealista.com/inmueble/91903585/", "distance": "3208", "hasVideo": true, "status": "good", "newDevelopment": false, "hasLift": true, "priceByArea": 3831.0, "detailedType": {"typology": "flat", "subTypology": "penthouse"}, "suggestedTexts": {"subtitle": "La Maternitat i Sant Ramon, Barcelona", "title": "\u00c1tico en Calle del Comandant Ben\u00edtez"}, "hasPlan": true, "has3DTour": false, "has360": true, "hasStaging": false, "topNewDevelopment": false}, {"propertyCode": "91417634", "thumbnail": "https://img3.idealista.com/blur/WEB_LISTING/0/id.pro.es.image.master/04/1d/3e/814070622.jpg", "externalReference": "6502", "numPhotos": 58, "price": 625000.0, "propertyType": "chalet", "operation": "sale", "size": 245.0, "exterior": false, "rooms": 4, "bathrooms": 5, "address": "Calle Major", "province": "Barcelona", "municipality": "Hospitalet de Llobregat", "district": "Centre", "country": "es", "neighborhood": "Centre", "latitude": 41.358062, "longitude": 2.0980035, "showAddress": false, "url": "https://www.idealista.com/inmueble/91417634/", "distance": "641", "hasVideo": false, "status": "good", "newDevelopment": false, "parkingSpace": {"hasParkingSpace": true, "isParkingSpaceIncludedInPrice": true}, "priceByArea": 2551.0, "detailedType": {"typology": "chalet", "subTypology": "semidetachedHouse"}, "suggestedTexts": {"subtitle": "Centre, Hospitalet de Llobregat", "title": "Chalet pareado en Calle Major"}, "hasPlan": true, "has3DTour": false, "has360": true, "hasStaging": false, "topNewDevelopment": false}, {"propertyCode": "92108611", "thumbnail": "https://img3.idealista.com/blur/WEB_LISTING/0/id.pro.es.image.master/8b/43/21/835989983.jpg", "externalReference": "VB2012017", "numPhotos": 27, "floor": "3", "price": 410000.0, "propertyType": "flat", "operation": "sale", "size": 98.0, "exterior": true, "rooms": 4, "bathrooms": 2, "address": "barrio La Maternitat i Sant Ramon", "province": "Barcelona", "municipality": "Barcelona", "district": "Les Corts", "country": "es", "neighborhood": "La Maternitat i Sant Ramon", "latitude": 41.3784791, "longitude": 2.1234518, "showAddress": false, "url": "https://www.idealista.com/inmueble/92108611/", "distance": "2833", "hasVideo": true, "status": "good", "newDevelopment": false, "hasLift": true, "priceByArea": 4184.0, "detailedType": {"typology": "flat"}, "suggestedTexts": {"subtitle": "La Maternitat i Sant Ramon, Barcelona", "title": "Piso"}, "hasPlan": true, "has3DTour": false, "has360": true, "hasStaging": false, "topNewDevelopment": false}, {"propertyCode": "92002091", "thumbnail": "https://img3.idealista.com/blur/WEB_LISTING/0/id.pro.es.image.master/bf/8e/86/828369627.jpg", "externalReference": "v40", "numPhotos": 30, "floor": "3", "price": 410000.0, "propertyType": "flat", "operation": "sale", "size": 101.0, "exterior": true, "rooms": 4, "bathrooms": 2, "address": "Calle Benavent, 8", "province": "Barcelona", "municipality": "Barcelona", "district": "Les Corts", "country": "es", "neighborhood": "La Maternitat i Sant Ramon", "latitude": 41.3779791, "longitude": 2.1254518, "showAddress": true, "url": "https://www.idealista.com/inmueble/92002091/", "distance": "2879", "hasVideo": true, "status": "good", "newDevelopment": false, "hasLift": true, "priceByArea": 4059.0, "detailedType": {"typology": "flat"}, "suggestedTexts": {"subtitle": "La Maternitat i Sant Ramon, Barcelona", "title": "Piso en Calle Benavent, 8"}, "hasPlan": true, "has3DTour": false, "has360": true, "hasStaging": false, "topNewDevelopment": false}, {"propertyCode": "88129785", "thumbnail": "https://img3.idealista.com/blur/WEB_LISTING/0/id.pro.es.image.master/88/d6/bf/739360346.jpg", "externalReference": "B20325", "numPhotos": 44, "price": 1075000.0, "propertyType": "chalet", "operation": "sale", "size": 295.0, "exterior": false, "rooms": 5, "bathrooms": 2, "address": "Carretera del Prat", "province": "Barcelona", "municipality": "Barcelona", "district": "Sants-Montju\u00efc", "country": "es", "neighborhood": "La Marina del Port", "latitude": 41.3585747, "longitude": 2.1351485, "showAddress": false, "url": "https://www.idealista.com/inmueble/88129785/", "distance": "2480", "hasVideo": true, "status": "good", "newDevelopment": false, "parkingSpace": {"hasParkingSpace": true, "isParkingSpaceIncludedInPrice": true}, "priceByArea": 3644.0, "detailedType": {"typology": "chalet", "subTypology": "terracedHouse"}, "suggestedTexts": {"subtitle": "La Marina del Port, Barcelona", "title": "Chalet adosado en Carretera del Prat"}, "hasPlan": true, "has3DTour": false, "has360": true, "hasStaging": false, "topNewDevelopment": false}, {"propertyCode": "92604975", "thumbnail": "https://img3.idealista.com/blur/WEB_LISTING/0/id.pro.es.image.master/7d/5f/22/843807498.jpg", "externalReference": "VB2101034", "numPhotos": 19, "floor": "5", "price": 199000.0, "propertyType": "flat", "operation": "sale", "size": 48.0, "exterior": true, "rooms": 2, "bathrooms": 1, "address": "barrio Sants - Badal", "province": "Barcelona", "municipality": "Barcelona", "district": "Sants-Montju\u00efc", "country": "es", "neighborhood": "Sants - Badal", "latitude": 41.3764138, "longitude": 2.1240547, "showAddress": false, "url": "https://www.idealista.com/inmueble/92604975/", "distance": "2669", "hasVideo": true, "status": "renew", "newDevelopment": false, "hasLift": true, "priceByArea": 4146.0, "detailedType": {"typology": "flat"}, "suggestedTexts": {"subtitle": "Sants - Badal, Barcelona", "title": "Piso"}, "hasPlan": true, "has3DTour": false, "has360": true, "hasStaging": false, "topNewDevelopment": false}, {"propertyCode": "89805610", "thumbnail": "https://img3.idealista.com/blur/WEB_LISTING/0/id.pro.es.image.master/e4/86/0c/777444095.jpg", "externalReference": "729-20V", "numPhotos": 29, "floor": "bj", "price": 490000.0, "propertyType": "duplex", "operation": "sale", "size": 170.0, "exterior": true, "rooms": 3, "bathrooms": 3, "address": "Carretera de Collblanc", "province": "Barcelona", "municipality": "Barcelona", "district": "Les Corts", "country": "es", "neighborhood": "La Maternitat i Sant Ramon", "latitude": 41.3745411, "longitude": 2.1135981, "showAddress": false, "url": "https://www.idealista.com/inmueble/89805610/", "distance": "2079", "hasVideo": false, "status": "good", "newDevelopment": false, "hasLift": true, "priceByArea": 2882.0, "detailedType": {"typology": "flat", "subTypology": "duplex"}, "suggestedTexts": {"subtitle": "La Maternitat i Sant Ramon, Barcelona", "title": "D\u00faplex en Carretera de Collblanc"}, "hasPlan": false, "has3DTour": false, "has360": true, "hasStaging": false, "topNewDevelopment": false}, {"propertyCode": "93195819", "thumbnail": "https://img3.idealista.com/blur/WEB_LISTING/0/id.pro.es.image.master/c2/14/f1/856724862.jpg", "externalReference": "CAVALL 221", "numPhotos": 14, "floor": "2", "price": 221000.0, "propertyType": "flat", "operation": "sale", "size": 55.0, "exterior": true, "rooms": 2, "bathrooms": 1, "address": "Calle Cavall Bernat, 18", "province": "Barcelona", "municipality": "Hospitalet de Llobregat", "district": "Santa Eul\u00e0lia", "country": "es", "neighborhood": "Santa Eul\u00e0lia", "latitude": 41.3672242, "longitude": 2.124769, "showAddress": true, "url": "https://www.idealista.com/inmueble/93195819/", "distance": "1978", "hasVideo": true, "status": "good", "newDevelopment": false, "hasLift": true, "priceByArea": 4018.0, "detailedType": {"typology": "flat"}, "suggestedTexts": {"subtitle": "Santa Eul\u00e0lia, Hospitalet de Llobregat", "title": "Piso en Calle Cavall Bernat, 18"}, "hasPlan": false, "has3DTour": false, "has360": false, "hasStaging": false, "topNewDevelopment": false}, {"propertyCode": "93136859", "thumbnail": "https://img3.idealista.com/blur/WEB_LISTING/0/id.pro.es.image.master/dc/12/7e/855358384.jpg", "externalReference": "0103215090", "numPhotos": 24, "floor": "en", "price": 70000.0, "propertyType": "flat", "operation": "sale", "size": 39.0, "exterior": true, "rooms": 2, "bathrooms": 1, "address": "Calle Enginyer Moncunill", "province": "Barcelona", "municipality": "Hospitalet de Llobregat", "district": "La Florida - Les Planes", "country": "es", "neighborhood": "La Florida", "latitude": 41.3735371, "longitude": 2.1119704, "showAddress": false, "url": "https://www.idealista.com/inmueble/93136859/", "distance": "1932", "hasVideo": false, "status": "good", "newDevelopment": false, "hasLift": false, "priceByArea": 1795.0, "detailedType": {"typology": "flat"}, "suggestedTexts": {"subtitle": "La Florida, Hospitalet de Llobregat", "title": "Piso en Calle Enginyer Moncunill"}, "hasPlan": true, "has3DTour": false, "has360": false, "hasStaging": false, "topNewDevelopment": false}, {"propertyCode": "93104835", "thumbnail": "https://img3.idealista.com/blur/WEB_LISTING/0/id.pro.es.image.master/4b/d7/51/854610679.jpg", "externalReference": "CARDENAL REIG / COLL", "numPhotos": 27, "floor": "bj", "price": 298000.0, "propertyType": "flat", "operation": "sale", "size": 80.0, "exterior": true, "rooms": 3, "bathrooms": 2, "address": "CARDENAL REIG, 31", "province": "Barcelona", "municipality": "Barcelona", "district": "Les Corts", "country": "es", "neighborhood": "La Maternitat i Sant Ramon", "latitude": 41.3781439, "longitude": 2.1153391, "showAddress": true, "url": "https://www.idealista.com/inmueble/93104835/", "distance": "2506", "hasVideo": true, "status": "good", "newDevelopment": false, "hasLift": true, "priceByArea": 3725.0, "detailedType": {"typology": "flat"}, "suggestedTexts": {"subtitle": "La Maternitat i Sant Ramon, Barcelona", "title": "Piso en CARDENAL REIG, 31"}, "hasPlan": false, "has3DTour": false, "has360": false, "hasStaging": false, "topNewDevelopment": false}, {"propertyCode": "92742590", "thumbnail": "https://img3.idealista.com/blur/WEB_LISTING/0/id.pro.es.image.master/84/18/11/847017420.jpg", "externalReference": "CB_BCN_0411_V", "numPhotos": 24, "floor": "1", "price": 162000.0, "propertyType": "flat", "operation": "sale", "size": 80.0, "exterior": true, "rooms": 4, "bathrooms": 1, "address": "Calle Dos de Maig", "province": "Barcelona", "municipality": "Hospitalet de Llobregat", "district": "Collblanc", "country": "es", "neighborhood": "Collblanc", "latitude": 41.3753714, "longitude": 2.1167981, "showAddress": false, "url": "https://www.idealista.com/inmueble/92742590/", "distance": "2264", "hasVideo": true, "status": "renew", "newDevelopment": false, "hasLift": false, "priceByArea": 2025.0, "detailedType": {"typology": "flat"}, "suggestedTexts": {"subtitle": "Collblanc, Hospitalet de Llobregat", "title": "Piso en Calle Dos de Maig"}, "hasPlan": true, "has3DTour": true, "has360": false, "hasStaging": false, "topNewDevelopment": false}, {"propertyCode": "92706675", "thumbnail": "https://img3.idealista.com/blur/WEB_LISTING/0/id.pro.es.image.master/77/87/94/846113429.jpg", "externalReference": "VB2102007", "numPhotos": 30, "floor": "4", "price": 1100000.0, "propertyType": "flat", "operation": "sale", "size": 178.0, "exterior": true, "rooms": 5, "bathrooms": 3, "address": "Avenida Diagonal", "province": "Barcelona", "municipality": "Barcelona", "district": "Les Corts", "country": "es", "neighborhood": "Pedralbes", "latitude": 41.3847942, "longitude": 2.1117112, "showAddress": false, "url": "https://www.idealista.com/inmueble/92706675/", "distance": "3150", "hasVideo": true, "status": "good", "newDevelopment": false, "hasLift": true, "parkingSpace": {"hasParkingSpace": true, "isParkingSpaceIncludedInPrice": true}, "priceByArea": 6180.0, "detailedType": {"typology": "flat"}, "suggestedTexts": {"subtitle": "Pedralbes, Barcelona", "title": "Piso en Avenida Diagonal"}, "hasPlan": true, "has3DTour": false, "has360": false, "hasStaging": false, "topNewDevelopment": false}, {"propertyCode": "91842095", "thumbnail": "https://img3.idealista.com/blur/WEB_LISTING/0/id.pro.es.image.master/3f/b2/e9/843012051.jpg", "externalReference": "244592", "numPhotos": 21, "floor": "1", "price": 170000.0, "propertyType": "flat", "operation": "sale", "size": 79.0, "exterior": true, "rooms": 3, "bathrooms": 1, "address": "barrio Pubilla Cases", "province": "Barcelona", "municipality": "Hospitalet de Llobregat", "district": "Can Serra - Pubilla Cases", "country": "es", "neighborhood": "Pubilla Cases", "latitude": 41.3737499, "longitude": 2.1049476, "showAddress": false, "url": "https://www.idealista.com/inmueble/91842095/", "distance": "1880", "hasVideo": false, "status": "good", "newDevelopment": false, "hasLift": true, "priceByArea": 2152.0, "detailedType": {"typology": "flat"}, "suggestedTexts": {"subtitle": "Pubilla Cases, Hospitalet de Llobregat", "title": "Piso"}, "hasPlan": true, "has3DTour": false, "has360": false, "hasStaging": false, "topNewDevelopment": false}, {"propertyCode": "93170341", "thumbnail": "https://img3.idealista.com/blur/WEB_LISTING/0/id.pro.es.image.master/fb/5f/25/856071155.jpg", "externalReference": "CB_BCN_0448_V", "numPhotos": 25, "floor": "6", "price": 300000.0, "propertyType": "flat", "operation": "sale", "size": 83.0, "exterior": true, "rooms": 4, "bathrooms": 2, "address": "Calle del Tenor Masini", "province": "Barcelona", "municipality": "Barcelona", "district": "Sants-Montju\u00efc", "country": "es", "neighborhood": "Sants", "latitude": 41.3788714, "longitude": 2.1294036, "showAddress": false, "url": "https://www.idealista.com/inmueble/93170341/", "distance": "3157", "hasVideo": true, "status": "good", "newDevelopment": false, "hasLift": true, "priceByArea": 3614.0, "detailedType": {"typology": "flat"}, "suggestedTexts": {"subtitle": "Sants, Barcelona", "title": "Piso en Calle del Tenor Masini"}, "hasPlan": true, "has3DTour": false, "has360": false, "hasStaging": false, "topNewDevelopment": false}, {"propertyCode": "91224583", "thumbnail": "https://img3.idealista.com/blur/WEB_LISTING/0/id.pro.es.image.master/b2/46/dd/809555960.jpg", "externalReference": "BC-40640", "numPhotos": 25, "floor": "5", "price": 180000.0, "propertyType": "flat", "operation": "sale", "size": 82.0, "exterior": true, "rooms": 3, "bathrooms": 1, "address": "Avenida Catalunya", "province": "Barcelona", "municipality": "Hospitalet de Llobregat", "district": "La Florida - Les Planes", "country": "es", "neighborhood": "Les Planes", "latitude": 41.3691558, "longitude": 2.1166934, "showAddress": false, "url": "https://www.idealista.com/inmueble/91224583/", "distance": "1656", "hasVideo": true, "status": "good", "newDevelopment": false, "hasLift": true, "priceByArea": 2195.0, "detailedType": {"typology": "flat"}, "suggestedTexts": {"subtitle": "Les Planes, Hospitalet de Llobregat", "title": "Piso en Avenida Catalunya"}, "hasPlan": true, "has3DTour": true, "has360": false, "hasStaging": false, "topNewDevelopment": false}, {"propertyCode": "91561354", "thumbnail": "https://img3.idealista.com/blur/WEB_LISTING/0/id.pro.es.image.master/27/cb/e4/817510035.jpg", "externalReference": "W-02D6M9", "numPhotos": 26, "floor": "3", "price": 399000.0, "propertyType": "flat", "operation": "sale", "size": 117.0, "exterior": false, "rooms": 3, "bathrooms": 2, "address": "barrio La Maternitat i Sant Ramon", "province": "Barcelona", "municipality": "Barcelona", "district": "Les Corts", "country": "es", "neighborhood": "La Maternitat i Sant Ramon", "latitude": 41.3780895, "longitude": 2.1173664, "showAddress": false, "url": "https://www.idealista.com/inmueble/91561354/", "distance": "2560", "hasVideo": false, "status": "good", "newDevelopment": false, "hasLift": true, "priceByArea": 3410.0, "detailedType": {"typology": "flat"}, "suggestedTexts": {"subtitle": "La Maternitat i Sant Ramon, Barcelona", "title": "Piso"}, "hasPlan": true, "has3DTour": false, "has360": false, "hasStaging": false, "topNewDevelopment": false}, {"propertyCode": "91521219", "thumbnail": "https://img3.idealista.com/blur/WEB_LISTING/0/id.pro.es.image.master/49/b2/fd/816554023.jpg", "externalReference": "VB2002024-5", "numPhotos": 26, "price": 750000.0, "propertyType": "chalet", "operation": "sale", "size": 264.0, "exterior": false, "rooms": 4, "bathrooms": 2, "address": "Centre", "province": "Barcelona", "municipality": "Esplugues de Llobregat", "district": "Centre", "country": "es", "latitude": 41.37691, "longitude": 2.08678, "showAddress": false, "url": "https://www.idealista.com/inmueble/91521219/", "distance": "2724", "hasVideo": false, "status": "good", "newDevelopment": false, "parkingSpace": {"hasParkingSpace": true, "isParkingSpaceIncludedInPrice": true}, "priceByArea": 2841.0, "detailedType": {"typology": "chalet"}, "suggestedTexts": {"subtitle": "Centre, Esplugues de Llobregat", "title": "Chalet"}, "hasPlan": true, "has3DTour": false, "has360": false, "hasStaging": false, "topNewDevelopment": false}, {"propertyCode": "91094188", "thumbnail": "https://img3.idealista.com/blur/WEB_LISTING/0/id.pro.es.image.master/62/1b/f4/806621965.jpg", "externalReference": "W-02I1QN", "numPhotos": 28, "floor": "1", "price": 295000.0, "propertyType": "flat", "operation": "sale", "size": 80.0, "exterior": false, "rooms": 3, "bathrooms": 2, "address": "barrio La Maternitat i Sant Ramon", "province": "Barcelona", "municipality": "Barcelona", "district": "Les Corts", "country": "es", "neighborhood": "La Maternitat i Sant Ramon", "latitude": 41.3785883, "longitude": 2.1233407, "showAddress": false, "url": "https://www.idealista.com/inmueble/91094188/", "distance": "2838", "hasVideo": false, "status": "good", "newDevelopment": false, "hasLift": true, "priceByArea": 3688.0, "detailedType": {"typology": "flat"}, "suggestedTexts": {"subtitle": "La Maternitat i Sant Ramon, Barcelona", "title": "Piso"}, "hasPlan": true, "has3DTour": false, "has360": false, "hasStaging": false, "topNewDevelopment": false}, {"propertyCode": "93184353", "thumbnail": "https://img3.idealista.com/blur/WEB_LISTING/0/id.pro.es.image.master/1a/ef/69/856429321.jpg", "externalReference": "PARETO", "numPhotos": 20, "floor": "1", "price": 219000.0, "propertyType": "flat", "operation": "sale", "size": 100.0, "exterior": true, "rooms": 4, "bathrooms": 2, "address": "PARETO, 10", "province": "Barcelona", "municipality": "Hospitalet de Llobregat", "district": "Santa Eul\u00e0lia", "country": "es", "neighborhood": "Santa Eul\u00e0lia", "latitude": 41.3664739, "longitude": 2.1269674, "showAddress": true, "url": "https://www.idealista.com/inmueble/93184353/", "distance": "2085", "hasVideo": true, "status": "renew", "newDevelopment": false, "hasLift": true, "priceByArea": 2190.0, "detailedType": {"typology": "flat"}, "suggestedTexts": {"subtitle": "Santa Eul\u00e0lia, Hospitalet de Llobregat", "title": "Piso en PARETO, 10"}, "hasPlan": false, "has3DTour": false, "has360": false, "hasStaging": false, "topNewDevelopment": false}, {"propertyCode": "92479519", "thumbnail": "https://img3.idealista.com/blur/WEB_LISTING/0/id.pro.es.image.master/0a/3f/58/856506202.jpg", "externalReference": "245887", "numPhotos": 20, "floor": "1", "price": 195000.0, "propertyType": "flat", "operation": "sale", "size": 62.0, "exterior": true, "rooms": 2, "bathrooms": 1, "address": "barrio Sants - Badal", "province": "Barcelona", "municipality": "Barcelona", "district": "Sants-Montju\u00efc", "country": "es", "neighborhood": "Sants - Badal", "latitude": 41.3779113, "longitude": 2.1255687, "showAddress": false, "url": "https://www.idealista.com/inmueble/92479519/", "distance": "2878", "hasVideo": false, "status": "good", "newDevelopment": false, "hasLift": true, "priceByArea": 3145.0, "detailedType": {"typology": "flat"}, "suggestedTexts": {"subtitle": "Sants - Badal, Barcelona", "title": "Piso"}, "hasPlan": true, "has3DTour": false, "has360": false, "hasStaging": false, "topNewDevelopment": false}, {"propertyCode": "92442718", "thumbnail": "https://img3.idealista.com/blur/WEB_LISTING/0/id.pro.es.image.master/87/11/9e/845828733.jpg", "externalReference": "VILADECANS 199K", "numPhotos": 25, "floor": "3", "price": 182000.0, "propertyType": "flat", "operation": "sale", "size": 60.0, "exterior": true, "rooms": 3, "bathrooms": 1, "address": "Calle de Viladecans s/n", "province": "Barcelona", "municipality": "Barcelona", "district": "Sants-Montju\u00efc", "country": "es", "neighborhood": "La Bordeta", "latitude": 41.3696117, "longitude": 2.1389769, "showAddress": true, "url": "https://www.idealista.com/inmueble/92442718/", "distance": "3132", "hasVideo": false, "status": "good", "newDevelopment": false, "hasLift": true, "priceByArea": 3033.0, "detailedType": {"typology": "flat"}, "suggestedTexts": {"subtitle": "La Bordeta, Barcelona", "title": "Piso en Calle de Viladecans s/n"}, "hasPlan": true, "has3DTour": false, "has360": false, "hasStaging": false, "topNewDevelopment": false}, {"propertyCode": "93112341", "thumbnail": "https://img3.idealista.com/blur/WEB_LISTING/0/id.pro.es.image.master/6e/84/d7/854783114.jpg", "numPhotos": 25, "floor": "1", "price": 489000.0, "propertyType": "flat", "operation": "sale", "size": 118.0, "exterior": true, "rooms": 4, "bathrooms": 2, "address": "Avenida de Madrid s/n", "province": "Barcelona", "municipality": "Barcelona", "district": "Les Corts", "country": "es", "neighborhood": "Les Corts", "latitude": 41.3793697, "longitude": 2.1291354, "showAddress": true, "url": "https://www.idealista.com/inmueble/93112341/", "distance": "3186", "hasVideo": false, "status": "good", "newDevelopment": false, "hasLift": true, "priceByArea": 4144.0, "detailedType": {"typology": "flat"}, "suggestedTexts": {"subtitle": "Les Corts, Barcelona", "title": "Piso en Avenida de Madrid s/n"}, "hasPlan": false, "has3DTour": false, "has360": false, "hasStaging": false, "topNewDevelopment": false}, {"propertyCode": "92962742", "thumbnail": "https://img3.idealista.com/blur/WEB_LISTING/0/id.pro.es.image.master/0f/fe/56/852124019.jpg", "externalReference": "0109-679-224-V", "numPhotos": 25, "floor": "1", "price": 283000.0, "propertyType": "flat", "operation": "sale", "size": 77.0, "exterior": true, "rooms": 3, "bathrooms": 1, "address": "Calle d'Em\u00e8rita Augusta", "province": "Barcelona", "municipality": "Barcelona", "district": "Les Corts", "country": "es", "neighborhood": "La Maternitat i Sant Ramon", "latitude": 41.3786525, "longitude": 2.1277291, "showAddress": false, "url": "https://www.idealista.com/inmueble/92962742/", "distance": "3052", "hasVideo": true, "status": "renew", "newDevelopment": false, "hasLift": true, "priceByArea": 3675.0, "detailedType": {"typology": "flat"}, "suggestedTexts": {"subtitle": "La Maternitat i Sant Ramon, Barcelona", "title": "Piso en Calle d'Em\u00e8rita Augusta"}, "hasPlan": true, "has3DTour": false, "has360": false, "hasStaging": false, "topNewDevelopment": false}, {"propertyCode": "92957827", "thumbnail": "https://img3.idealista.com/blur/WEB_LISTING/0/id.pro.es.image.master/67/0a/69/851998857.jpg", "externalReference": "CB_BCN_0434_V", "numPhotos": 33, "floor": "6", "price": 720000.0, "propertyType": "flat", "operation": "sale", "size": 190.0, "exterior": true, "rooms": 5, "bathrooms": 3, "address": "Calle d'Em\u00e8rita Augusta", "province": "Barcelona", "municipality": "Barcelona", "district": "Les Corts", "country": "es", "neighborhood": "La Maternitat i Sant Ramon", "latitude": 41.3773888, "longitude": 2.1252041, "showAddress": false, "url": "https://www.idealista.com/inmueble/92957827/", "distance": "2813", "hasVideo": true, "status": "good", "newDevelopment": false, "hasLift": true, "priceByArea": 3789.0, "detailedType": {"typology": "flat"}, "suggestedTexts": {"subtitle": "La Maternitat i Sant Ramon, Barcelona", "title": "Piso en Calle d'Em\u00e8rita Augusta"}, "hasPlan": true, "has3DTour": false, "has360": false, "hasStaging": false, "topNewDevelopment": false}, {"propertyCode": "92920393", "thumbnail": "https://img3.idealista.com/blur/WEB_LISTING/0/id.pro.es.image.master/40/a7/92/851112292.jpg", "externalReference": "JUAN BRAVO 225K", "numPhotos": 26, "floor": "bj", "price": 225000.0, "propertyType": "flat", "operation": "sale", "size": 70.0, "exterior": false, "rooms": 3, "bathrooms": 1, "address": "Juan Bravo s/n", "province": "Barcelona", "municipality": "Barcelona", "district": "Sants-Montju\u00efc", "country": "es", "neighborhood": "La Bordeta", "latitude": 41.3714738, "longitude": 2.1383338, "showAddress": true, "url": "https://www.idealista.com/inmueble/92920393/", "distance": "3185", "hasVideo": true, "status": "good", "newDevelopment": false, "hasLift": true, "priceByArea": 3214.0, "detailedType": {"typology": "flat"}, "suggestedTexts": {"subtitle": "La Bordeta, Barcelona", "title": "Piso en Juan Bravo s/n"}, "hasPlan": true, "has3DTour": false, "has360": false, "hasStaging": false, "topNewDevelopment": false}, {"propertyCode": "92807156", "thumbnail": "https://img3.idealista.com/blur/WEB_LISTING/0/id.pro.es.image.master/cd/e5/24/848587794.jpg", "externalReference": "0104-655-935-V", "numPhotos": 27, "floor": "bj", "price": 298500.0, "propertyType": "flat", "operation": "sale", "size": 77.0, "exterior": false, "rooms": 4, "bathrooms": 2, "address": "Calle del Comandant Ben\u00edtez", "province": "Barcelona", "municipality": "Barcelona", "district": "Les Corts", "country": "es", "neighborhood": "La Maternitat i Sant Ramon", "latitude": 41.3804659, "longitude": 2.127825, "showAddress": false, "url": "https://www.idealista.com/inmueble/92807156/", "distance": "3219", "hasVideo": true, "status": "good", "newDevelopment": false, "hasLift": true, "priceByArea": 3877.0, "detailedType": {"typology": "flat"}, "suggestedTexts": {"subtitle": "La Maternitat i Sant Ramon, Barcelona", "title": "Piso en Calle del Comandant Ben\u00edtez"}, "hasPlan": true, "has3DTour": true, "has360": false, "hasStaging": false, "topNewDevelopment": false}, {"propertyCode": "92775766", "thumbnail": "https://img3.idealista.com/blur/WEB_LISTING/0/id.pro.es.image.master/c0/33/f5/847840861.jpg", "externalReference": "0105-679-924-V", "numPhotos": 24, "floor": "6", "price": 463000.0, "propertyType": "flat", "operation": "sale", "size": 120.0, "exterior": true, "rooms": 3, "bathrooms": 2, "address": "Avenida de Madrid", "province": "Barcelona", "municipality": "Barcelona", "district": "Sants-Montju\u00efc", "country": "es", "neighborhood": "Sants - Badal", "latitude": 41.3787234, "longitude": 2.1263978, "showAddress": false, "url": "https://www.idealista.com/inmueble/92775766/", "distance": "2992", "hasVideo": true, "status": "good", "newDevelopment": false, "hasLift": true, "priceByArea": 3858.0, "detailedType": {"typology": "flat"}, "suggestedTexts": {"subtitle": "Sants - Badal, Barcelona", "title": "Piso en Avenida de Madrid"}, "hasPlan": true, "has3DTour": false, "has360": false, "hasStaging": false, "topNewDevelopment": false}, {"propertyCode": "92759121", "thumbnail": "https://img3.idealista.com/blur/WEB_LISTING/0/id.pro.es.image.master/40/d1/12/847454846.jpg", "externalReference": "CB_BCN_0424_V", "numPhotos": 23, "floor": "1", "price": 378500.0, "propertyType": "flat", "operation": "sale", "size": 106.0, "exterior": true, "rooms": 4, "bathrooms": 2, "address": "Avenida de Madrid", "province": "Barcelona", "municipality": "Barcelona", "district": "Les Corts", "country": "es", "neighborhood": "La Maternitat i Sant Ramon", "latitude": 41.379582, "longitude": 2.1281851, "showAddress": false, "url": "https://www.idealista.com/inmueble/92759121/", "distance": "3157", "hasVideo": true, "status": "good", "newDevelopment": false, "hasLift": true, "priceByArea": 3571.0, "detailedType": {"typology": "flat"}, "suggestedTexts": {"subtitle": "La Maternitat i Sant Ramon, Barcelona", "title": "Piso en Avenida de Madrid"}, "hasPlan": true, "has3DTour": true, "has360": false, "hasStaging": false, "topNewDevelopment": false}, {"propertyCode": "90164001", "thumbnail": "https://img3.idealista.com/blur/WEB_LISTING/0/id.pro.es.image.master/03/2f/07/805374283.jpg", "externalReference": "B20563", "numPhotos": 51, "price": 980000.0, "propertyType": "chalet", "operation": "sale", "size": 295.0, "exterior": false, "rooms": 5, "bathrooms": 4, "address": "Mileva Maric", "province": "Barcelona", "municipality": "Hospitalet de Llobregat", "district": "Granvia L-H", "country": "es", "neighborhood": "Gran Via L-H", "latitude": 41.3558, "longitude": 2.13083, "showAddress": false, "url": "https://www.idealista.com/inmueble/90164001/", "distance": "2115", "hasVideo": true, "status": "good", "newDevelopment": false, "parkingSpace": {"hasParkingSpace": true, "isParkingSpaceIncludedInPrice": true}, "priceByArea": 3322.0, "detailedType": {"typology": "chalet", "subTypology": "terracedHouse"}, "suggestedTexts": {"subtitle": "Gran Via L-H, Hospitalet de Llobregat", "title": "Chalet adosado en Mileva Maric"}, "hasPlan": true, "has3DTour": false, "has360": false, "hasStaging": false, "topNewDevelopment": false}, {"propertyCode": "90513526", "thumbnail": "https://img3.idealista.com/blur/WEB_LISTING/0/id.pro.es.image.master/e4/13/9a/792119946.jpg", "externalReference": "W-02JDY9", "numPhotos": 24, "floor": "bj", "price": 180000.0, "propertyType": "flat", "operation": "sale", "size": 166.0, "exterior": false, "rooms": 2, "bathrooms": 2, "address": "Calle Bellavista", "province": "Barcelona", "municipality": "Hospitalet de Llobregat", "district": "Centre", "country": "es", "neighborhood": "Centre", "latitude": 41.3624125, "longitude": 2.0965745, "showAddress": false, "url": "https://www.idealista.com/inmueble/90513526/", "distance": "969", "hasVideo": false, "status": "good", "newDevelopment": false, "hasLift": false, "priceByArea": 1084.0, "detailedType": {"typology": "flat"}, "suggestedTexts": {"subtitle": "Centre, Hospitalet de Llobregat", "title": "Piso en Calle Bellavista"}, "hasPlan": false, "has3DTour": false, "has360": false, "hasStaging": false, "topNewDevelopment": false}, {"propertyCode": "87374781", "thumbnail": "https://img3.idealista.com/blur/WEB_LISTING/0/id.pro.es.image.master/3a/6b/d0/719210030.jpg", "externalReference": "B19297", "numPhotos": 44, "price": 1075000.0, "propertyType": "chalet", "operation": "sale", "size": 295.0, "exterior": false, "rooms": 5, "bathrooms": 2, "address": "Calle de Mileva Maric", "province": "Barcelona", "municipality": "Hospitalet de Llobregat", "district": "Granvia L-H", "country": "es", "neighborhood": "Gran Via L-H", "latitude": 41.3557, "longitude": 2.13043, "showAddress": false, "url": "https://www.idealista.com/inmueble/87374781/", "distance": "2083", "hasVideo": true, "status": "good", "newDevelopment": false, "parkingSpace": {"hasParkingSpace": true, "isParkingSpaceIncludedInPrice": true}, "priceByArea": 3644.0, "detailedType": {"typology": "chalet", "subTypology": "terracedHouse"}, "suggestedTexts": {"subtitle": "Gran Via L-H, Hospitalet de Llobregat", "title": "Chalet adosado en Calle de Mileva Maric"}, "hasPlan": true, "has3DTour": false, "has360": false, "hasStaging": false, "topNewDevelopment": false}, {"propertyCode": "93130862", "thumbnail": "https://img3.idealista.com/blur/WEB_LISTING/0/id.pro.es.image.master/e3/e6/42/855208547.jpg", "externalReference": "3585", "numPhotos": 17, "floor": "3", "price": 259900.0, "propertyType": "flat", "operation": "sale", "size": 110.0, "exterior": true, "rooms": 4, "bathrooms": 2, "address": "Calle de la Muntanya", "province": "Barcelona", "municipality": "Hospitalet de Llobregat", "district": "Centre", "country": "es", "neighborhood": "Sant Josep", "latitude": 41.3615044, "longitude": 2.1102711, "showAddress": false, "url": "https://www.idealista.com/inmueble/93130862/", "distance": "652", "hasVideo": false, "status": "good", "newDevelopment": false, "hasLift": true, "priceByArea": 2363.0, "detailedType": {"typology": "flat"}, "suggestedTexts": {"subtitle": "Sant Josep, Hospitalet de Llobregat", "title": "Piso en Calle de la Muntanya"}, "hasPlan": true, "has3DTour": false, "has360": false, "hasStaging": false, "topNewDevelopment": false}, {"propertyCode": "93114056", "thumbnail": "https://img3.idealista.com/blur/WEB_LISTING/0/id.pro.es.image.master/eb/19/55/854825397.jpg", "externalReference": "2648", "numPhotos": 18, "floor": "2", "price": 164900.0, "propertyType": "flat", "operation": "sale", "size": 77.0, "exterior": true, "rooms": 3, "bathrooms": 1, "address": "Calle de Roca i Umbert", "province": "Barcelona", "municipality": "Hospitalet de Llobregat", "district": "Centre", "country": "es", "neighborhood": "Carretera del Mig", "latitude": 41.3583698, "longitude": 2.1010069, "showAddress": false, "url": "https://www.idealista.com/inmueble/93114056/", "distance": "412", "hasVideo": false, "status": "good", "newDevelopment": false, "hasLift": true, "priceByArea": 2142.0, "detailedType": {"typology": "flat"}, "suggestedTexts": {"subtitle": "Carretera del Mig, Hospitalet de Llobregat", "title": "Piso en Calle de Roca i Umbert"}, "hasPlan": true, "has3DTour": false, "has360": false, "hasStaging": false, "topNewDevelopment": false}, {"propertyCode": "93047375", "thumbnail": "https://img3.idealista.com/blur/WEB_LISTING/0/id.pro.es.image.master/bc/ae/eb/853372616.jpg", "externalReference": "0103215034", "numPhotos": 18, "floor": "5", "price": 99000.0, "propertyType": "flat", "operation": "sale", "size": 96.0, "exterior": true, "rooms": 3, "bathrooms": 1, "address": "Calle Piera", "province": "Barcelona", "municipality": "Hospitalet de Llobregat", "district": "La Florida - Les Planes", "country": "es", "neighborhood": "La Florida", "latitude": 41.3703311, "longitude": 2.111734, "showAddress": false, "url": "https://www.idealista.com/inmueble/93047375/", "distance": "1586", "hasVideo": false, "status": "good", "newDevelopment": false, "hasLift": false, "priceByArea": 1031.0, "detailedType": {"typology": "flat"}, "suggestedTexts": {"subtitle": "La Florida, Hospitalet de Llobregat", "title": "Piso en Calle Piera"}, "hasPlan": true, "has3DTour": false, "has360": false, "hasStaging": false, "topNewDevelopment": false}, {"propertyCode": "92783681", "thumbnail": "https://img3.idealista.com/blur/WEB_LISTING/0/id.pro.es.image.master/03/f5/ce/848047886.jpg", "externalReference": "246446", "numPhotos": 25, "floor": "7", "price": 340000.0, "propertyType": "flat", "operation": "sale", "size": 89.0, "exterior": true, "rooms": 4, "bathrooms": 2, "address": "barrio Sants", "province": "Barcelona", "municipality": "Barcelona", "district": "Sants-Montju\u00efc", "country": "es", "neighborhood": "Sants", "latitude": 41.3741143, "longitude": 2.1321366, "showAddress": false, "url": "https://www.idealista.com/inmueble/92783681/", "distance": "2936", "hasVideo": false, "status": "good", "newDevelopment": false, "hasLift": true, "priceByArea": 3820.0, "detailedType": {"typology": "flat"}, "suggestedTexts": {"subtitle": "Sants, Barcelona", "title": "Piso"}, "hasPlan": false, "has3DTour": false, "has360": true, "hasStaging": false, "topNewDevelopment": false}, {"propertyCode": "92452950", "thumbnail": "https://img3.idealista.com/blur/WEB_LISTING/0/id.pro.es.image.master/4f/e6/fd/854718734.jpg", "externalReference": "CB_BCN_0408_V", "numPhotos": 27, "floor": "bj", "price": 145000.0, "propertyType": "flat", "operation": "sale", "size": 52.0, "exterior": false, "rooms": 2, "bathrooms": 2, "address": "Calle del Comandant Ben\u00edtez", "province": "Barcelona", "municipality": "Barcelona", "district": "Les Corts", "country": "es", "neighborhood": "La Maternitat i Sant Ramon", "latitude": 41.378424, "longitude": 2.1273001, "showAddress": false, "url": "https://www.idealista.com/inmueble/92452950/", "distance": "3010", "hasVideo": true, "status": "renew", "newDevelopment": false, "hasLift": false, "priceByArea": 2788.0, "detailedType": {"typology": "flat"}, "suggestedTexts": {"subtitle": "La Maternitat i Sant Ramon, Barcelona", "title": "Piso en Calle del Comandant Ben\u00edtez"}, "hasPlan": true, "has3DTour": false, "has360": false, "hasStaging": false, "topNewDevelopment": false}, {"propertyCode": "92398551", "thumbnail": "https://img3.idealista.com/blur/WEB_LISTING/0/id.pro.es.image.master/1b/ab/ae/838820053.jpg", "externalReference": "CB_BCN_0390_V", "numPhotos": 36, "price": 985000.0, "propertyType": "chalet", "operation": "sale", "size": 400.0, "exterior": false, "rooms": 3, "bathrooms": 4, "address": "Calle del Tenor Masini", "province": "Barcelona", "municipality": "Barcelona", "district": "Sants-Montju\u00efc", "country": "es", "neighborhood": "Sants", "latitude": 41.3763834, "longitude": 2.1306499, "showAddress": false, "url": "https://www.idealista.com/inmueble/92398551/", "distance": "3019", "hasVideo": true, "status": "good", "newDevelopment": false, "parkingSpace": {"hasParkingSpace": true, "isParkingSpaceIncludedInPrice": true}, "priceByArea": 2463.0, "detailedType": {"typology": "chalet", "subTypology": "independantHouse"}, "suggestedTexts": {"subtitle": "Sants, Barcelona", "title": "Casa independiente en Calle del Tenor Masini"}, "hasPlan": true, "has3DTour": false, "has360": false, "hasStaging": false, "topNewDevelopment": false}, {"propertyCode": "91627605", "thumbnail": "https://img3.idealista.com/blur/WEB_LISTING/0/id.pro.es.image.master/c6/b4/d7/819395339.jpg", "externalReference": "CB_BCN_0361_V", "numPhotos": 21, "floor": "bj", "price": 199000.0, "propertyType": "flat", "operation": "sale", "size": 41.0, "exterior": true, "rooms": 1, "bathrooms": 1, "address": "Calle de Juan de Sada", "province": "Barcelona", "municipality": "Barcelona", "district": "Sants-Montju\u00efc", "country": "es", "neighborhood": "Sants - Badal", "latitude": 41.3773638, "longitude": 2.1289425, "showAddress": false, "url": "https://www.idealista.com/inmueble/91627605/", "distance": "3004", "hasVideo": true, "status": "good", "newDevelopment": false, "hasLift": false, "priceByArea": 4854.0, "detailedType": {"typology": "flat"}, "suggestedTexts": {"subtitle": "Sants - Badal, Barcelona", "title": "Piso en Calle de Juan de Sada"}, "hasPlan": true, "has3DTour": false, "has360": false, "hasStaging": false, "topNewDevelopment": false}, {"propertyCode": "92789487", "thumbnail": "https://img3.idealista.com/blur/WEB_LISTING/0/id.pro.es.image.master/ab/50/28/848198379.jpg", "externalReference": "CVDS0383", "numPhotos": 29, "floor": "en", "price": 160000.0, "propertyType": "flat", "operation": "sale", "size": 67.0, "exterior": true, "rooms": 3, "bathrooms": 1, "address": "Andorra", "province": "Barcelona", "municipality": "Hospitalet de Llobregat", "district": "Can Serra - Pubilla Cases", "country": "es", "neighborhood": "Can Serra", "latitude": 41.3693131, "longitude": 2.1000989, "showAddress": false, "url": "https://www.idealista.com/inmueble/92789487/", "distance": "1458", "hasVideo": true, "status": "good", "newDevelopment": false, "hasLift": false, "priceByArea": 2388.0, "detailedType": {"typology": "flat"}, "suggestedTexts": {"subtitle": "Can Serra, Hospitalet de Llobregat", "title": "Piso en Andorra"}, "hasPlan": true, "has3DTour": false, "has360": false, "hasStaging": false, "topNewDevelopment": false}, {"propertyCode": "91996613", "thumbnail": "https://img3.idealista.com/blur/WEB_LISTING/0/id.pro.es.image.master/b2/e2/dc/835798882.jpg", "externalReference": "4313", "numPhotos": 29, "floor": "3", "price": 410000.0, "propertyType": "flat", "operation": "sale", "size": 101.0, "exterior": false, "rooms": 4, "bathrooms": 2, "address": "Calle de Benavent", "province": "Barcelona", "municipality": "Barcelona", "district": "Les Corts", "country": "es", "neighborhood": "La Maternitat i Sant Ramon", "latitude": 41.3760791, "longitude": 2.1261518, "showAddress": false, "url": "https://www.idealista.com/inmueble/91996613/", "distance": "2745", "hasVideo": false, "status": "good", "newDevelopment": false, "hasLift": true, "priceByArea": 4059.0, "detailedType": {"typology": "flat"}, "suggestedTexts": {"subtitle": "La Maternitat i Sant Ramon, Barcelona", "title": "Piso en Calle de Benavent"}, "hasPlan": false, "has3DTour": false, "has360": false, "hasStaging": false, "topNewDevelopment": false}, {"propertyCode": "91610666", "thumbnail": "https://img3.idealista.com/blur/WEB_LISTING/0/id.pro.es.image.master/53/5d/b9/825844001.jpg", "externalReference": "W-02KB9L", "numPhotos": 20, "floor": "13", "price": 340000.0, "propertyType": "penthouse", "operation": "sale", "size": 80.0, "exterior": false, "rooms": 3, "bathrooms": 1, "address": "barrio La Bordeta", "province": "Barcelona", "municipality": "Barcelona", "district": "Sants-Montju\u00efc", "country": "es", "neighborhood": "La Bordeta", "latitude": 41.3726541, "longitude": 2.1315425, "showAddress": false, "url": "https://www.idealista.com/inmueble/91610666/", "distance": "2794", "hasVideo": false, "status": "good", "newDevelopment": false, "hasLift": true, "priceByArea": 4250.0, "detailedType": {"typology": "flat", "subTypology": "penthouse"}, "suggestedTexts": {"subtitle": "La Bordeta, Barcelona", "title": "\u00c1tico"}, "hasPlan": false, "has3DTour": false, "has360": false, "hasStaging": false, "topNewDevelopment": false}, {"propertyCode": "85298117", "thumbnail": "https://img3.idealista.com/blur/WEB_LISTING/0/id.pro.es.image.master/03/76/44/754557931.jpg", "externalReference": "2147", "numPhotos": 23, "price": 380000.0, "propertyType": "flat", "operation": "sale", "size": 110.0, "exterior": true, "rooms": 3, "bathrooms": 2, "address": "Avenida Pau Casals", "province": "Barcelona", "municipality": "Hospitalet de Llobregat", "district": "Centre", "country": "es", "neighborhood": "Centre", "latitude": 41.3590897, "longitude": 2.1056067, "showAddress": false, "url": "https://www.idealista.com/inmueble/85298117/", "distance": "249", "hasVideo": false, "status": "good", "newDevelopment": false, "hasLift": true, "priceByArea": 3455.0, "detailedType": {"typology": "flat"}, "suggestedTexts": {"subtitle": "Centre, Hospitalet de Llobregat", "title": "Piso en Avenida Pau Casals"}, "hasPlan": false, "has3DTour": false, "has360": false, "hasStaging": false, "topNewDevelopment": false}, {"propertyCode": "93170048", "thumbnail": "https://img3.idealista.com/blur/WEB_LISTING/0/id.pro.es.image.master/a2/e8/44/856058863.jpg", "externalReference": "IGUALDAD", "numPhotos": 14, "floor": "3", "price": 155000.0, "propertyType": "flat", "operation": "sale", "size": 60.0, "exterior": true, "rooms": 3, "bathrooms": 1, "address": "IGUALDAD, 40", "province": "Barcelona", "municipality": "Hospitalet de Llobregat", "district": "Santa Eul\u00e0lia", "country": "es", "neighborhood": "Santa Eul\u00e0lia", "latitude": 41.3601937, "longitude": 2.1256307, "showAddress": true, "url": "https://www.idealista.com/inmueble/93170048/", "distance": "1719", "hasVideo": false, "status": "good", "newDevelopment": false, "hasLift": true, "priceByArea": 2583.0, "detailedType": {"typology": "flat"}, "suggestedTexts": {"subtitle": "Santa Eul\u00e0lia, Hospitalet de Llobregat", "title": "Piso en IGUALDAD, 40"}, "hasPlan": false, "has3DTour": false, "has360": false, "hasStaging": false, "topNewDevelopment": false}, {"propertyCode": "92773574", "thumbnail": "https://img3.idealista.com/blur/WEB_LISTING/0/id.pro.es.image.master/a2/1c/94/847793162.jpg", "externalReference": "EPR-SJ169", "numPhotos": 13, "floor": "2", "price": 159000.0, "propertyType": "flat", "operation": "sale", "size": 90.0, "exterior": true, "rooms": 3, "bathrooms": 1, "address": "enric prat de la riba", "province": "Barcelona", "municipality": "Hospitalet de Llobregat", "district": "Centre", "country": "es", "neighborhood": "Sant Josep", "latitude": 41.3630384, "longitude": 2.1058058, "showAddress": false, "url": "https://www.idealista.com/inmueble/92773574/", "distance": "689", "hasVideo": false, "status": "good", "newDevelopment": false, "hasLift": false, "priceByArea": 1767.0, "detailedType": {"typology": "flat"}, "suggestedTexts": {"subtitle": "Sant Josep, Hospitalet de Llobregat", "title": "Piso en enric prat de la riba"}, "hasPlan": true, "has3DTour": false, "has360": false, "hasStaging": false, "topNewDevelopment": false}, {"propertyCode": "92522783", "thumbnail": "https://img3.idealista.com/blur/WEB_LISTING/0/id.pro.es.image.master/ea/cf/d1/841687297.jpg", "externalReference": "S-30609", "numPhotos": 33, "floor": "1", "price": 439000.0, "propertyType": "duplex", "operation": "sale", "size": 149.0, "exterior": true, "rooms": 5, "bathrooms": 3, "address": "Calle del Pintor Pahissa", "province": "Barcelona", "municipality": "Barcelona", "district": "Les Corts", "country": "es", "neighborhood": "La Maternitat i Sant Ramon", "latitude": 41.3793613, "longitude": 2.121386, "showAddress": false, "url": "https://www.idealista.com/inmueble/92522783/", "distance": "2832", "hasVideo": false, "status": "good", "newDevelopment": false, "hasLift": true, "priceByArea": 2946.0, "detailedType": {"typology": "flat", "subTypology": "duplex"}, "suggestedTexts": {"subtitle": "La Maternitat i Sant Ramon, Barcelona", "title": "D\u00faplex en Calle del Pintor Pahissa"}, "hasPlan": true, "has3DTour": true, "has360": false, "hasStaging": false, "topNewDevelopment": false}, {"propertyCode": "92066182", "thumbnail": "https://img3.idealista.com/blur/WEB_LISTING/0/id.pro.es.image.master/79/35/99/830033481.jpg", "externalReference": "JS2011-064JS", "numPhotos": 20, "floor": "4", "price": 188000.0, "propertyType": "flat", "operation": "sale", "size": 37.0, "exterior": true, "rooms": 1, "bathrooms": 1, "address": "SANTS", "province": "Barcelona", "municipality": "Barcelona", "district": "Sants-Montju\u00efc", "country": "es", "neighborhood": "Sants - Badal", "latitude": 41.3769124, "longitude": 2.1254448, "showAddress": false, "url": "https://www.idealista.com/inmueble/92066182/", "distance": "2782", "hasVideo": true, "status": "good", "newDevelopment": false, "hasLift": true, "priceByArea": 5081.0, "detailedType": {"typology": "flat"}, "suggestedTexts": {"subtitle": "Sants - Badal, Barcelona", "title": "Piso en SANTS"}, "hasPlan": false, "has3DTour": false, "has360": false, "hasStaging": false, "topNewDevelopment": false}]