[{"propertyCode": "91082776", "thumbnail": "https://img3.idealista.com/blur/WEB_LISTING/0/id.pro.es.image.master/2a/92/7e/853394856.jpg", "externalReference": "230935", "numPhotos": 27, "floor": "1", "price": 352000.0, "propertyType": "flat", "operation": "sale", "size": 109.0, "exterior": true, "rooms": 4, "bathrooms": 2, "address": "barrio La Marina del Port", "province": "Barcelona", "municipality": "Barcelona", "district": "Sants-Montju\u00efc", "country": "es", "neighborhood": "La Marina del Port", "latitude": 41.3593648, "longitude": 2.1405988, "showAddress": false, "url": "https://www.idealista.com/inmueble/91082776/", "distance": "2908", "hasVideo": true, "status": "good", "newDevelopment": false, "hasLift": true, "priceByArea": 3229.0, "detailedType": {"typology": "flat"}, "suggestedTexts": {"subtitle": "La Marina del Port, Barcelona", "title": "Piso"}, "hasPlan": true, "has3DTour": false, "has360": false, "hasStaging": false, "topNewDevelopment": false}, {"propertyCode": "88129785", "thumbnail": "https://img3.idealista.com/blur/WEB_LISTING/0/id.pro.es.image.master/88/d6/bf/739360346.jpg", "externalReference": "B20325", "numPhotos": 44, "price": 1075000.0, "propertyType": "chalet", "operation": "sale", "size": 295.0, "exterior": false, "rooms": 5, "bathrooms": 2, "address": "Carretera del Prat", "province": "Barcelona", "municipality": "Barcelona", "district": "Sants-Montju\u00efc", "country": "es", "neighborhood": "La Marina del Port", "latitude": 41.3585747, "longitude": 2.1351485, "showAddress": false, "url": "https://www.idealista.com/inmueble/88129785/", "distance": "3097", "hasVideo": true, "status": "good", "newDevelopment": false, "parkingSpace": {"hasParkingSpace": true, "isParkingSpaceIncludedInPrice": true}, "priceByArea": 3644.0, "detailedType": {"typology": "chalet", "subTypology": "terracedHouse"}, "suggestedTexts": {"subtitle": "La Marina del Port, Barcelona", "title": "Chalet adosado en Carretera del Prat"}, "hasPlan": true, "has3DTour": false, "has360": true, "hasStaging": false, "topNewDevelopment": false}, {"propertyCode": "92814911", "thumbnail": "https://img3.idealista.com/blur/WEB_LISTING/0/id.pro.es.image.master/a8/e8/b4/848788645.jpg", "externalReference": "0110-656-831-V", "numPhotos": 23, "floor": "3", "price": 205000.0, "propertyType": "flat", "operation": "sale", "size": 93.0, "exterior": true, "rooms": 3, "bathrooms": 1, "address": "Plaza del Mig de Can Clos", "province": "Barcelona", "municipality": "Barcelona", "district": "Sants-Montju\u00efc", "country": "es", "neighborhood": "La Marina del Port", "latitude": 41.361351, "longitude": 2.1455091, "showAddress": false, "url": "https://www.idealista.com/inmueble/92814911/", "distance": "2923", "hasVideo": true, "status": "good", "newDevelopment": false, "hasLift": true, "priceByArea": 2204.0, "detailedType": {"typology": "flat"}, "suggestedTexts": {"subtitle": "La Marina del Port, Barcelona", "title": "Piso en Plaza del Mig de Can Clos"}, "hasPlan": true, "has3DTour": false, "has360": false, "hasStaging": false, "topNewDevelopment": false}, {"propertyCode": "90164001", "thumbnail": "https://img3.idealista.com/blur/WEB_LISTING/0/id.pro.es.image.master/03/2f/07/805374283.jpg", "externalReference": "B20563", "numPhotos": 51, "price": 980000.0, "propertyType": "chalet", "operation": "sale", "size": 295.0, "exterior": false, "rooms": 5, "bathrooms": 4, "address": "Mileva Maric", "province": "Barcelona", "municipality": "Hospitalet de Llobregat", "district": "Granvia L-H", "country": "es", "neighborhood": "Gran Via L-H", "latitude": 41.3558, "longitude": 2.13083, "showAddress": false, "url": "https://www.idealista.com/inmueble/90164001/", "distance": "3121", "hasVideo": true, "status": "good", "newDevelopment": false, "parkingSpace": {"hasParkingSpace": true, "isParkingSpaceIncludedInPrice": true}, "priceByArea": 3322.0, "detailedType": {"typology": "chalet", "subTypology": "terracedHouse"}, "suggestedTexts": {"subtitle": "Gran Via L-H, Hospitalet de Llobregat", "title": "Chalet adosado en Mileva Maric"}, "hasPlan": true, "has3DTour": false, "has360": false, "hasStaging": false, "topNewDevelopment": false}, {"propertyCode": "87374781", "thumbnail": "https://img3.idealista.com/blur/WEB_LISTING/0/id.pro.es.image.master/3a/6b/d0/719210030.jpg", "externalReference": "B19297", "numPhotos": 44, "price": 1075000.0, "propertyType": "chalet", "operation": "sale", "size": 295.0, "exterior": false, "rooms": 5, "bathrooms": 2, "address": "Calle de Mileva Maric", "province": "Barcelona", "municipality": "Hospitalet de Llobregat", "district": "Granvia L-H", "country": "es", "neighborhood": "Gran Via L-H", "latitude": 41.3557, "longitude": 2.13043, "showAddress": false, "url": "https://www.idealista.com/inmueble/87374781/", "distance": "3139", "hasVideo": true, "status": "good", "newDevelopment": false, "parkingSpace": {"hasParkingSpace": true, "isParkingSpaceIncludedInPrice": true}, "priceByArea": 3644.0, "detailedType": {"typology": "chalet", "subTypology": "terracedHouse"}, "suggestedTexts": {"subtitle": "Gran Via L-H, Hospitalet de Llobregat", "title": "Chalet adosado en Calle de Mileva Maric"}, "hasPlan": true, "has3DTour": false, "has360": false, "hasStaging": false, "topNewDevelopment": false}, {"propertyCode": "92534164", "thumbnail": "https://img3.idealista.com/blur/WEB_LISTING/0/id.pro.es.image.master/46/ab/62/842337848.jpg", "externalReference": "B21602", "numPhotos": 18, "floor": "1", "price": 275000.0, "propertyType": "flat", "operation": "sale", "size": 80.0, "exterior": true, "rooms": 2, "bathrooms": 2, "address": "Calle Ciencies", "province": "Barcelona", "municipality": "Hospitalet de Llobregat", "district": "Granvia L-H", "country": "es", "neighborhood": "Gran Via L-H", "latitude": 41.3570969, "longitude": 2.1307505, "showAddress": false, "url": "https://www.idealista.com/inmueble/92534164/", "distance": "3225", "hasVideo": true, "status": "good", "newDevelopment": false, "hasLift": true, "priceByArea": 3438.0, "detailedType": {"typology": "flat"}, "suggestedTexts": {"subtitle": "Gran Via L-H, Hospitalet de Llobregat", "title": "Piso en Calle Ciencies"}, "hasPlan": true, "has3DTour": false, "has360": false, "hasStaging": false, "topNewDevelopment": false}, {"propertyCode": "91822671", "thumbnail": "https://img3.idealista.com/blur/WEB_LISTING/0/id.pro.es.image.master/d5/2c/65/841280653.jpg", "externalReference": "517", "numPhotos": 15, "floor": "2", "price": 269000.0, "propertyType": "flat", "operation": "sale", "size": 80.0, "exterior": true, "rooms": 3, "bathrooms": 1, "address": "Calle de la Mare de D\u00e9u de Port, 200", "province": "Barcelona", "municipality": "Barcelona", "district": "Sants-Montju\u00efc", "country": "es", "neighborhood": "La Marina del Port", "latitude": 41.3599144, "longitude": 2.1416675, "showAddress": true, "url": "https://www.idealista.com/inmueble/91822671/", "distance": "2916", "hasVideo": true, "status": "good", "newDevelopment": false, "hasLift": true, "priceByArea": 3363.0, "detailedType": {"typology": "flat"}, "suggestedTexts": {"subtitle": "La Marina del Port, Barcelona", "title": "Piso en Calle de la Mare de D\u00e9u de Port, 200"}, "hasPlan": false, "has3DTour": false, "has360": false, "hasStaging": false, "topNewDevelopment": false}, {"propertyCode": "92963023", "thumbnail": "https://img3.idealista.com/blur/WEB_LISTING/0/id.pro.es.image.master/6e/59/c7/852129689.jpg", "externalReference": "329884", "numPhotos": 30, "floor": "2", "price": 279500.0, "propertyType": "flat", "operation": "sale", "size": 99.0, "exterior": true, "rooms": 3, "bathrooms": 2, "address": "Calle dels Ferrocarrils Catalans, 41", "province": "Barcelona", "municipality": "Barcelona", "district": "Sants-Montju\u00efc", "country": "es", "neighborhood": "La Marina del Port", "latitude": 41.3577893, "longitude": 2.1444421, "showAddress": true, "url": "https://www.idealista.com/inmueble/92963023/", "distance": "2599", "hasVideo": true, "status": "good", "newDevelopment": false, "hasLift": true, "priceByArea": 2823.0, "detailedType": {"typology": "flat"}, "suggestedTexts": {"subtitle": "La Marina del Port, Barcelona", "title": "Piso en Calle dels Ferrocarrils Catalans, 41"}, "hasPlan": true, "has3DTour": false, "has360": false, "hasStaging": false, "topNewDevelopment": false}, {"propertyCode": "92911235", "thumbnail": "https://img3.idealista.com/blur/WEB_LISTING/0/id.pro.es.image.master/23/2d/b3/850883689.jpg", "externalReference": "293793", "numPhotos": 20, "floor": "2", "price": 249000.0, "propertyType": "flat", "operation": "sale", "size": 79.0, "exterior": true, "rooms": 3, "bathrooms": 1, "address": "Calle de la Mec\u00e0nica, 15", "province": "Barcelona", "municipality": "Barcelona", "district": "Sants-Montju\u00efc", "country": "es", "neighborhood": "La Marina del Port", "latitude": 41.3590224, "longitude": 2.1374989, "showAddress": true, "url": "https://www.idealista.com/inmueble/92911235/", "distance": "3018", "hasVideo": true, "status": "good", "newDevelopment": false, "hasLift": true, "priceByArea": 3152.0, "detailedType": {"typology": "flat"}, "suggestedTexts": {"subtitle": "La Marina del Port, Barcelona", "title": "Piso en Calle de la Mec\u00e0nica, 15"}, "hasPlan": true, "has3DTour": false, "has360": false, "hasStaging": false, "topNewDevelopment": false}, {"propertyCode": "92748577", "thumbnail": "https://img3.idealista.com/blur/WEB_LISTING/0/id.pro.es.image.master/a4/04/c9/848656196.jpg", "numPhotos": 20, "floor": "2", "price": 159500.0, "propertyType": "flat", "operation": "sale", "size": 82.0, "exterior": true, "rooms": 3, "bathrooms": 1, "address": "Paseo de la Zona Franca s/n", "province": "Barcelona", "municipality": "Barcelona", "district": "Sants-Montju\u00efc", "country": "es", "neighborhood": "La Marina del Port", "latitude": 41.3577249, "longitude": 2.1409479, "showAddress": true, "url": "https://www.idealista.com/inmueble/92748577/", "distance": "2737", "hasVideo": false, "status": "renew", "newDevelopment": false, "hasLift": true, "priceByArea": 1945.0, "detailedType": {"typology": "flat"}, "suggestedTexts": {"subtitle": "La Marina del Port, Barcelona", "title": "Piso en Paseo de la Zona Franca s/n"}, "hasPlan": true, "has3DTour": false, "has360": false, "hasStaging": false, "topNewDevelopment": false}, {"propertyCode": "92176322", "thumbnail": "https://img3.idealista.com/blur/WEB_LISTING/0/id.pro.es.image.master/bd/c0/85/832820646.jpg", "externalReference": "G25_761211", "numPhotos": 19, "floor": "2", "price": 185000.0, "propertyType": "flat", "operation": "sale", "size": 96.0, "exterior": false, "rooms": 3, "bathrooms": 1, "address": "barrio La Marina del Port", "province": "Barcelona", "municipality": "Barcelona", "district": "Sants-Montju\u00efc", "country": "es", "neighborhood": "La Marina del Port", "latitude": 41.3612185, "longitude": 2.1390853, "showAddress": false, "url": "https://www.idealista.com/inmueble/92176322/", "distance": "3149", "hasVideo": false, "status": "good", "newDevelopment": false, "hasLift": true, "priceByArea": 1927.0, "detailedType": {"typology": "flat"}, "suggestedTexts": {"subtitle": "La Marina del Port, Barcelona", "title": "Piso"}, "hasPlan": true, "has3DTour": false, "has360": false, "hasStaging": false, "topNewDevelopment": false}, {"propertyCode": "92571483", "thumbnail": "https://img3.idealista.com/blur/WEB_LISTING/0/id.pro.es.image.master/0a/cd/09/842952862.jpg", "externalReference": "a1S1t000005mL0NEAU.f", "numPhotos": 14, "floor": "2", "price": 163900.0, "propertyType": "flat", "operation": "sale", "size": 55.0, "exterior": true, "rooms": 1, "bathrooms": 1, "address": "Calle del Foc, 30", "province": "Barcelona", "municipality": "Barcelona", "district": "Sants-Montju\u00efc", "country": "es", "neighborhood": "La Marina del Prat Vermell", "latitude": 41.3541007, "longitude": 2.1372753, "showAddress": true, "url": "https://www.idealista.com/obra-nueva/92571483/", "distance": "2605", "hasVideo": false, "status": "newdevelopment", "newDevelopment": true, "hasLift": true, "newDevelopmentFinished": false, "priceByArea": 2980.0, "detailedType": {"typology": "flat"}, "suggestedTexts": {"subtitle": "La Marina del Prat Vermell, Barcelona", "title": "Piso en Calle del Foc, 30"}, "hasPlan": true, "has3DTour": false, "has360": false, "hasStaging": false, "topNewDevelopment": false}, {"propertyCode": "92571639", "thumbnail": "https://img3.idealista.com/blur/WEB_LISTING/0/id.pro.es.image.master/0a/cd/09/842952862.jpg", "externalReference": "a1S1t000005mL0NEAU.h.f", "numPhotos": 14, "floor": "1", "price": 271600.0, "propertyType": "flat", "operation": "sale", "size": 91.0, "exterior": true, "rooms": 3, "bathrooms": 2, "address": "Calle del Foc, 30", "province": "Barcelona", "municipality": "Barcelona", "district": "Sants-Montju\u00efc", "country": "es", "neighborhood": "La Marina del Prat Vermell", "latitude": 41.3541007, "longitude": 2.1372753, "showAddress": true, "url": "https://www.idealista.com/obra-nueva/92571639/", "distance": "2605", "hasVideo": false, "status": "newdevelopment", "newDevelopment": true, "hasLift": true, "newDevelopmentFinished": false, "priceByArea": 2985.0, "detailedType": {"typology": "flat"}, "suggestedTexts": {"subtitle": "La Marina del Prat Vermell, Barcelona", "title": "Piso en Calle del Foc, 30"}, "hasPlan": true, "has3DTour": false, "has360": false, "hasStaging": false, "topNewDevelopment": false}, {"propertyCode": "92571541", "thumbnail": "https://img3.idealista.com/blur/WEB_LISTING/0/id.pro.es.image.master/0a/cd/09/842952862.jpg", "externalReference": "a1S1t000005mL0NEAU.g", "numPhotos": 14, "floor": "1", "price": 218600.0, "propertyType": "flat", "operation": "sale", "size": 75.0, "exterior": true, "rooms": 2, "bathrooms": 2, "address": "Calle del Foc, 30", "province": "Barcelona", "municipality": "Barcelona", "district": "Sants-Montju\u00efc", "country": "es", "neighborhood": "La Marina del Prat Vermell", "latitude": 41.3541007, "longitude": 2.1372753, "showAddress": true, "url": "https://www.idealista.com/obra-nueva/92571541/", "distance": "2605", "hasVideo": false, "status": "newdevelopment", "newDevelopment": true, "hasLift": true, "newDevelopmentFinished": false, "priceByArea": 2915.0, "detailedType": {"typology": "flat"}, "suggestedTexts": {"subtitle": "La Marina del Prat Vermell, Barcelona", "title": "Piso en Calle del Foc, 30"}, "hasPlan": true, "has3DTour": false, "has360": false, "hasStaging": false, "topNewDevelopment": false}, {"propertyCode": "90313533", "thumbnail": "https://img3.idealista.com/blur/WEB_LISTING/0/id.pro.es.image.master/19/a2/62/787887071.jpg", "externalReference": "V-FRA3", "numPhotos": 32, "floor": "3", "price": 420000.0, "propertyType": "flat", "operation": "sale", "size": 118.0, "exterior": true, "rooms": 4, "bathrooms": 2, "address": "Calle de Francesc Boix Campo", "province": "Barcelona", "municipality": "Barcelona", "district": "Sants-Montju\u00efc", "country": "es", "neighborhood": "La Marina del Port", "latitude": 41.3600315, "longitude": 2.1367773, "showAddress": false, "url": "https://www.idealista.com/inmueble/90313533/", "distance": "3144", "hasVideo": false, "status": "good", "newDevelopment": false, "hasLift": true, "parkingSpace": {"hasParkingSpace": true, "isParkingSpaceIncludedInPrice": true}, "priceByArea": 3559.0, "detailedType": {"typology": "flat"}, "suggestedTexts": {"subtitle": "La Marina del Port, Barcelona", "title": "Piso en Calle de Francesc Boix Campo"}, "hasPlan": true, "has3DTour": false, "has360": false, "hasStaging": false, "topNewDevelopment": false}, {"propertyCode": "92598002", "thumbnail": "https://img3.idealista.com/blur/WEB_LISTING/0/id.pro.es.image.master/1b/88/1f/786126263.jpg", "externalReference": "a1S1t000005mL0KEAU.al", "numPhotos": 12, "floor": "1", "price": 185000.0, "propertyType": "flat", "operation": "sale", "size": 57.0, "exterior": true, "rooms": 1, "bathrooms": 1, "address": "Calle del Foc, 30", "province": "Barcelona", "municipality": "Barcelona", "district": "Sants-Montju\u00efc", "country": "es", "neighborhood": "La Marina del Prat Vermell", "latitude": 41.3541007, "longitude": 2.1372753, "showAddress": true, "url": "https://www.idealista.com/obra-nueva/92598002/", "distance": "2605", "hasVideo": false, "status": "newdevelopment", "newDevelopment": true, "hasLift": true, "newDevelopmentFinished": false, "priceByArea": 3246.0, "detailedType": {"typology": "flat"}, "suggestedTexts": {"subtitle": "La Marina del Prat Vermell, Barcelona", "title": "Piso en Calle del Foc, 30"}, "hasPlan": true, "has3DTour": false, "has360": false, "hasStaging": false, "topNewDevelopment": false}, {"propertyCode": "91566532", "thumbnail": "https://img3.idealista.com/blur/WEB_LISTING/0/id.pro.es.image.master/1b/88/1f/786126263.jpg", "externalReference": "a1S1t000005mL0KEAU.ah", "numPhotos": 12, "floor": "2", "price": 291700.0, "propertyType": "flat", "operation": "sale", "size": 84.0, "exterior": true, "rooms": 3, "bathrooms": 2, "address": "Calle del Foc, 30", "province": "Barcelona", "municipality": "Barcelona", "district": "Sants-Montju\u00efc", "country": "es", "neighborhood": "La Marina del Prat Vermell", "latitude": 41.3541007, "longitude": 2.1372753, "showAddress": true, "url": "https://www.idealista.com/obra-nueva/91566532/", "distance": "2605", "hasVideo": false, "status": "newdevelopment", "newDevelopment": true, "hasLift": true, "newDevelopmentFinished": false, "priceByArea": 3473.0, "detailedType": {"typology": "flat"}, "suggestedTexts": {"subtitle": "La Marina del Prat Vermell, Barcelona", "title": "Piso en Calle del Foc, 30"}, "hasPlan": true, "has3DTour": false, "has360": false, "hasStaging": false, "topNewDevelopment": false}, {"propertyCode": "89930867", "thumbnail": "https://img3.idealista.com/blur/WEB_LISTING/0/id.pro.es.image.master/1b/88/1f/786126263.jpg", "externalReference": "a1S1t000005mL0KEAU.x", "numPhotos": 12, "floor": "1", "price": 502000.0, "propertyType": "flat", "operation": "sale", "size": 118.0, "exterior": true, "rooms": 4, "bathrooms": 2, "address": "Calle del Foc, 30", "province": "Barcelona", "municipality": "Barcelona", "district": "Sants-Montju\u00efc", "country": "es", "neighborhood": "La Marina del Prat Vermell", "latitude": 41.3541007, "longitude": 2.1372753, "showAddress": true, "url": "https://www.idealista.com/obra-nueva/89930867/", "distance": "2605", "hasVideo": false, "status": "newdevelopment", "newDevelopment": true, "hasLift": true, "newDevelopmentFinished": false, "priceByArea": 4254.0, "detailedType": {"typology": "flat"}, "suggestedTexts": {"subtitle": "La Marina del Prat Vermell, Barcelona", "title": "Piso en Calle del Foc, 30"}, "hasPlan": true, "has3DTour": false, "has360": false, "hasStaging": false, "topNewDevelopment": false}, {"propertyCode": "93063326", "thumbnail": "https://img3.idealista.com/blur/WEB_LISTING/0/id.pro.es.image.master/51/4b/86/853633544.jpg", "externalReference": "GEIMSU00368", "numPhotos": 36, "floor": "5", "price": 200000.0, "propertyType": "flat", "operation": "sale", "size": 71.0, "exterior": true, "rooms": 3, "bathrooms": 1, "address": "Paseo de la Zona Franca", "province": "Barcelona", "municipality": "Barcelona", "district": "Sants-Montju\u00efc", "country": "es", "neighborhood": "La Marina del Port", "latitude": 41.3606067, "longitude": 2.1405629, "showAddress": false, "url": "https://www.idealista.com/inmueble/93063326/", "distance": "3028", "hasVideo": false, "status": "good", "newDevelopment": false, "hasLift": true, "priceByArea": 2817.0, "detailedType": {"typology": "flat"}, "suggestedTexts": {"subtitle": "La Marina del Port, Barcelona", "title": "Piso en Paseo de la Zona Franca"}, "hasPlan": false, "has3DTour": false, "has360": false, "hasStaging": false, "topNewDevelopment": false}, {"propertyCode": "91840402", "thumbnail": "https://img3.idealista.com/blur/WEB_LISTING/0/id.pro.es.image.master/d8/e4/f6/826361206.jpg", "externalReference": "V-898R", "numPhotos": 26, "floor": "2", "price": 175000.0, "propertyType": "flat", "operation": "sale", "size": 70.0, "exterior": true, "rooms": 3, "bathrooms": 1, "address": "Calle dels Alts Forns", "province": "Barcelona", "municipality": "Barcelona", "district": "Sants-Montju\u00efc", "country": "es", "neighborhood": "La Marina del Port", "latitude": 41.3547131, "longitude": 2.1357973, "showAddress": false, "url": "https://www.idealista.com/inmueble/91840402/", "distance": "2739", "hasVideo": true, "status": "good", "newDevelopment": false, "hasLift": true, "priceByArea": 2500.0, "detailedType": {"typology": "flat"}, "suggestedTexts": {"subtitle": "La Marina del Port, Barcelona", "title": "Piso en Calle dels Alts Forns"}, "hasPlan": false, "has3DTour": false, "has360": false, "hasStaging": false, "topNewDevelopment": false}, {"propertyCode": "90344605", "thumbnail": "https://img3.idealista.com/blur/WEB_LISTING/0/id.pro.es.image.master/66/4f/24/788629468.jpg", "externalReference": "AC-RES-934-088-20", "numPhotos": 23, "floor": "3", "price": 209000.0, "propertyType": "flat", "operation": "sale", "size": 74.0, "exterior": true, "rooms": 3, "bathrooms": 1, "address": "Calle de la Mineria", "province": "Barcelona", "municipality": "Barcelona", "district": "Sants-Montju\u00efc", "country": "es", "neighborhood": "La Marina del Port", "latitude": 41.3625672, "longitude": 2.1401503, "showAddress": false, "url": "https://www.idealista.com/inmueble/90344605/", "distance": "3236", "hasVideo": true, "status": "good", "newDevelopment": false, "hasLift": true, "priceByArea": 2824.0, "detailedType": {"typology": "flat"}, "suggestedTexts": {"subtitle": "La Marina del Port, Barcelona", "title": "Piso en Calle de la Mineria"}, "hasPlan": false, "has3DTour": false, "has360": false, "hasStaging": false, "topNewDevelopment": false}, {"propertyCode": "92743915", "thumbnail": "https://img3.idealista.com/blur/WEB_LISTING/0/id.pro.es.image.master/5e/59/d9/849397478.jpg", "externalReference": "IGBCN01", "numPhotos": 22, "floor": "7", "price": 445000.0, "propertyType": "flat", "operation": "sale", "size": 118.0, "exterior": true, "rooms": 4, "bathrooms": 2, "address": "Calle de Francesc Boix Campo", "province": "Barcelona", "municipality": "Barcelona", "district": "Sants-Montju\u00efc", "country": "es", "neighborhood": "La Marina del Port", "latitude": 41.3602783, "longitude": 2.1359765, "showAddress": false, "url": "https://www.idealista.com/inmueble/92743915/", "distance": "3205", "hasVideo": false, "status": "good", "newDevelopment": false, "hasLift": true, "priceByArea": 3771.0, "detailedType": {"typology": "flat"}, "suggestedTexts": {"subtitle": "La Marina del Port, Barcelona", "title": "Piso en Calle de Francesc Boix Campo"}, "hasPlan": false, "has3DTour": false, "has360": false, "hasStaging": false, "topNewDevelopment": false}, {"propertyCode": "89974195", "thumbnail": "https://img3.idealista.com/blur/WEB_LISTING/0/id.pro.es.image.master/42/26/ed/780520275.jpg", "externalReference": "v7186", "numPhotos": 17, "floor": "3", "price": 250000.0, "propertyType": "flat", "operation": "sale", "size": 125.0, "exterior": true, "rooms": 3, "bathrooms": 1, "address": "barrio La Marina del Port", "province": "Barcelona", "municipality": "Barcelona", "district": "Sants-Montju\u00efc", "country": "es", "neighborhood": "La Marina del Port", "latitude": 41.361156, "longitude": 2.1432927, "showAddress": false, "url": "https://www.idealista.com/inmueble/89974195/", "distance": "2977", "hasVideo": true, "status": "good", "newDevelopment": false, "hasLift": true, "parkingSpace": {"hasParkingSpace": true, "isParkingSpaceIncludedInPrice": true}, "priceByArea": 2000.0, "detailedType": {"typology": "flat"}, "suggestedTexts": {"subtitle": "La Marina del Port, Barcelona", "title": "Piso"}, "hasPlan": false, "has3DTour": false, "has360": false, "hasStaging": false, "topNewDevelopment": false}, {"propertyCode": "91762684", "thumbnail": "https://img3.idealista.com/blur/WEB_LISTING/0/id.pro.es.image.master/55/da/5f/822680293.jpg", "numPhotos": 31, "floor": "5", "price": 200000.0, "propertyType": "flat", "operation": "sale", "size": 71.0, "exterior": true, "rooms": 3, "bathrooms": 1, "address": "Paseo de la Zona Franca", "province": "Barcelona", "municipality": "Barcelona", "district": "Sants-Montju\u00efc", "country": "es", "neighborhood": "La Marina del Port", "latitude": 41.3575067, "longitude": 2.1417629, "showAddress": false, "url": "https://www.idealista.com/inmueble/91762684/", "distance": "2681", "hasVideo": true, "status": "good", "newDevelopment": false, "hasLift": true, "priceByArea": 2817.0, "detailedType": {"typology": "flat"}, "suggestedTexts": {"subtitle": "La Marina del Port, Barcelona", "title": "Piso en Paseo de la Zona Franca"}, "hasPlan": false, "has3DTour": false, "has360": false, "hasStaging": false, "topNewDevelopment": false}, {"propertyCode": "91897706", "thumbnail": "https://img3.idealista.com/blur/WEB_LISTING/0/id.pro.es.image.master/47/ec/13/825934840.jpg", "externalReference": "AC-RES-988-142-20", "numPhotos": 17, "floor": "2", "price": 154000.0, "propertyType": "flat", "operation": "sale", "size": 65.0, "exterior": true, "rooms": 3, "bathrooms": 1, "address": "mare de deu de port", "province": "Barcelona", "municipality": "Barcelona", "district": "Sants-Montju\u00efc", "country": "es", "neighborhood": "La Marina del Port", "latitude": 41.3562466, "longitude": 2.1433531, "showAddress": false, "url": "https://www.idealista.com/inmueble/91897706/", "distance": "2492", "hasVideo": true, "status": "good", "newDevelopment": false, "hasLift": false, "priceByArea": 2369.0, "detailedType": {"typology": "flat"}, "suggestedTexts": {"subtitle": "La Marina del Port, Barcelona", "title": "Piso en mare de deu de port"}, "hasPlan": false, "has3DTour": false, "has360": false, "hasStaging": false, "topNewDevelopment": false}, {"propertyCode": "91578502", "thumbnail": "https://img3.idealista.com/blur/WEB_LISTING/0/id.pro.es.image.master/8c/ae/44/818048929.jpg", "externalReference": "AC-RES-988-142-20", "numPhotos": 18, "floor": "1", "price": 154000.0, "propertyType": "flat", "operation": "sale", "size": 65.0, "exterior": true, "rooms": 3, "bathrooms": 1, "address": "Calle de la Mare de D\u00e9u de Port", "province": "Barcelona", "municipality": "Barcelona", "district": "Sants-Montju\u00efc", "country": "es", "neighborhood": "La Marina del Port", "latitude": 41.3576466, "longitude": 2.1434531, "showAddress": false, "url": "https://www.idealista.com/inmueble/91578502/", "distance": "2623", "hasVideo": true, "status": "good", "newDevelopment": false, "hasLift": false, "priceByArea": 2369.0, "detailedType": {"typology": "flat"}, "suggestedTexts": {"subtitle": "La Marina del Port, Barcelona", "title": "Piso en Calle de la Mare de D\u00e9u de Port"}, "hasPlan": false, "has3DTour": false, "has360": false, "hasStaging": false, "topNewDevelopment": false}, {"propertyCode": "91728500", "thumbnail": "https://img3.idealista.com/blur/WEB_LISTING/0/id.pro.es.image.master/1d/72/5b/828400918.jpg", "externalReference": "IAUzonafrancaC", "numPhotos": 36, "floor": "5", "price": 210000.0, "propertyType": "flat", "operation": "sale", "size": 71.0, "exterior": true, "rooms": 3, "bathrooms": 1, "address": "barrio La Marina del Port", "province": "Barcelona", "municipality": "Barcelona", "district": "Sants-Montju\u00efc", "country": "es", "neighborhood": "La Marina del Port", "latitude": 41.3594067, "longitude": 2.1386629, "showAddress": false, "url": "https://www.idealista.com/inmueble/91728500/", "distance": "2998", "hasVideo": false, "status": "good", "newDevelopment": false, "hasLift": true, "priceByArea": 2958.0, "detailedType": {"typology": "flat"}, "suggestedTexts": {"subtitle": "La Marina del Port, Barcelona", "title": "Piso"}, "hasPlan": false, "has3DTour": false, "has360": false, "hasStaging": false, "topNewDevelopment": false}, {"propertyCode": "92994390", "thumbnail": "https://img3.idealista.com/blur/WEB_LISTING/0/id.pro.es.image.master/c3/c1/8a/852663935.jpg", "externalReference": "PASSEIG ZONA FRNCA", "numPhotos": 25, "floor": "9", "price": 260000.0, "propertyType": "penthouse", "operation": "sale", "size": 90.0, "exterior": false, "rooms": 3, "bathrooms": 2, "address": "ZONA FRANCA", "province": "Barcelona", "municipality": "Barcelona", "district": "Sants-Montju\u00efc", "country": "es", "neighborhood": "La Marina del Port", "latitude": 41.3605046, "longitude": 2.1405912, "showAddress": false, "url": "https://www.idealista.com/inmueble/92994390/", "distance": "3017", "hasVideo": false, "status": "good", "newDevelopment": false, "hasLift": true, "priceByArea": 2889.0, "detailedType": {"typology": "flat", "subTypology": "penthouse"}, "suggestedTexts": {"subtitle": "La Marina del Port, Barcelona", "title": "\u00c1tico en ZONA FRANCA"}, "hasPlan": false, "has3DTour": false, "has360": false, "hasStaging": false, "topNewDevelopment": false}, {"propertyCode": "92077137", "thumbnail": "https://img3.idealista.com/blur/WEB_LISTING/0/id.pro.es.image.master/84/e1/c8/830341810.jpg", "externalReference": "LuxSantsMontjuic", "numPhotos": 33, "floor": "2", "price": 225000.0, "propertyType": "flat", "operation": "sale", "size": 60.0, "exterior": true, "rooms": 2, "bathrooms": 1, "address": "barrio La Marina del Port", "province": "Barcelona", "municipality": "Barcelona", "district": "Sants-Montju\u00efc", "country": "es", "neighborhood": "La Marina del Port", "latitude": 41.3604179, "longitude": 2.1423121, "showAddress": false, "url": "https://www.idealista.com/inmueble/92077137/", "distance": "2940", "hasVideo": true, "status": "good", "newDevelopment": false, "hasLift": true, "priceByArea": 3750.0, "detailedType": {"typology": "flat"}, "suggestedTexts": {"subtitle": "La Marina del Port, Barcelona", "title": "Piso"}, "hasPlan": false, "has3DTour": false, "has360": false, "hasStaging": false, "topNewDevelopment": false}, {"propertyCode": "91260416", "thumbnail": "https://img3.idealista.com/blur/WEB_LISTING/0/id.pro.es.image.master/15/91/2f/810459914.jpg", "externalReference": "DUX0075", "numPhotos": 13, "floor": "5", "price": 210000.0, "propertyType": "flat", "operation": "sale", "size": 104.0, "exterior": true, "rooms": 4, "bathrooms": 2, "address": "Calle dels Ferrocarrils Catalans", "province": "Barcelona", "municipality": "Barcelona", "district": "Sants-Montju\u00efc", "country": "es", "neighborhood": "La Marina del Port", "latitude": 41.3589173, "longitude": 2.144114, "showAddress": false, "url": "https://www.idealista.com/inmueble/91260416/", "distance": "2723", "hasVideo": false, "status": "good", "newDevelopment": false, "hasLift": true, "priceByArea": 2019.0, "detailedType": {"typology": "flat"}, "suggestedTexts": {"subtitle": "La Marina del Port, Barcelona", "title": "Piso en Calle dels Ferrocarrils Catalans"}, "hasPlan": false, "has3DTour": false, "has360": false, "hasStaging": false, "topNewDevelopment": false}, {"propertyCode": "92557089", "thumbnail": "https://img3.idealista.com/blur/WEB_LISTING/0/id.pro.es.image.master/af/56/49/855172524.jpg", "externalReference": "210125", "numPhotos": 23, "floor": "4", "price": 186000.0, "propertyType": "flat", "operation": "sale", "size": 70.0, "exterior": true, "rooms": 3, "bathrooms": 1, "address": "barrio La Marina del Port", "province": "Barcelona", "municipality": "Barcelona", "district": "Sants-Montju\u00efc", "country": "es", "neighborhood": "La Marina del Port", "latitude": 41.3587512, "longitude": 2.1440876, "showAddress": false, "url": "https://www.idealista.com/inmueble/92557089/", "distance": "2708", "hasVideo": true, "status": "good", "newDevelopment": false, "hasLift": true, "priceByArea": 2657.0, "detailedType": {"typology": "flat"}, "suggestedTexts": {"subtitle": "La Marina del Port, Barcelona", "title": "Piso"}, "hasPlan": false, "has3DTour": false, "has360": false, "hasStaging": false, "topNewDevelopment": false}, {"propertyCode": "92599106", "thumbnail": "https://img3.idealista.com/blur/WEB_LISTING/0/id.pro.es.image.master/dd/ef/72/754740143.jpg", "externalReference": "2080", "numPhotos": 6, "floor": "1", "price": 250000.0, "propertyType": "flat", "operation": "sale", "size": 79.0, "exterior": true, "rooms": 3, "bathrooms": 1, "address": "Carrer de la Mare de D\u00e9u de Port", "province": "Barcelona", "municipality": "Barcelona", "district": "Sants-Montju\u00efc", "country": "es", "neighborhood": "La Marina del Port", "latitude": 41.3579618, "longitude": 2.1432351, "showAddress": false, "url": "https://www.idealista.com/inmueble/92599106/", "distance": "2663", "hasVideo": false, "status": "good", "newDevelopment": false, "hasLift": false, "priceByArea": 3165.0, "detailedType": {"typology": "flat"}, "suggestedTexts": {"subtitle": "La Marina del Port, Barcelona", "title": "Piso en Carrer de la Mare de D\u00e9u de Port"}, "hasPlan": false, "has3DTour": false, "has360": false, "hasStaging": false, "topNewDevelopment": false}, {"propertyCode": "93202926", "thumbnail": "https://img3.idealista.com/blur/WEB_LISTING/0/id.pro.es.image.master/2b/ec/0e/856892562.jpg", "externalReference": "SE-40697", "numPhotos": 21, "floor": "2", "price": 170000.0, "propertyType": "flat", "operation": "sale", "size": 54.0, "exterior": false, "rooms": 1, "bathrooms": 1, "address": "Calle dels Ferrocarrils Catalans", "province": "Barcelona", "municipality": "Barcelona", "district": "Sants-Montju\u00efc", "country": "es", "neighborhood": "La Marina del Port", "latitude": 41.3626574, "longitude": 2.1423215, "showAddress": false, "url": "https://www.idealista.com/inmueble/93202926/", "distance": "3163", "hasVideo": false, "status": "good", "newDevelopment": false, "hasLift": false, "priceByArea": 3148.0, "detailedType": {"typology": "flat"}, "suggestedTexts": {"subtitle": "La Marina del Port, Barcelona", "title": "Piso en Calle dels Ferrocarrils Catalans"}, "hasPlan": true, "has3DTour": false, "has360": false, "hasStaging": false, "topNewDevelopment": false}, {"propertyCode": "93191637", "thumbnail": "https://img3.idealista.com/blur/WEB_LISTING/0/id.pro.es.image.master/ae/c3/fe/856633077.jpg", "externalReference": "Can Sabat\u00e9", "numPhotos": 21, "floor": "2", "price": 259000.0, "propertyType": "flat", "operation": "sale", "size": 100.0, "exterior": true, "rooms": 3, "bathrooms": 1, "address": "Calle de la Mare de D\u00e9u de Port", "province": "Barcelona", "municipality": "Barcelona", "district": "Sants-Montju\u00efc", "country": "es", "neighborhood": "La Marina del Port", "latitude": 41.3613466, "longitude": 2.1411463, "showAddress": false, "url": "https://www.idealista.com/inmueble/93191637/", "distance": "3077", "hasVideo": false, "status": "good", "newDevelopment": false, "hasLift": true, "priceByArea": 2590.0, "detailedType": {"typology": "flat"}, "suggestedTexts": {"subtitle": "La Marina del Port, Barcelona", "title": "Piso en Calle de la Mare de D\u00e9u de Port"}, "hasPlan": false, "has3DTour": false, "has360": false, "hasStaging": false, "topNewDevelopment": false}, {"propertyCode": "93084125", "thumbnail": "https://img3.idealista.com/blur/WEB_LISTING/0/id.pro.es.image.master/28/49/6c/854094618.jpg", "externalReference": "MPS 506", "numPhotos": 8, "floor": "6", "price": 265000.0, "propertyType": "flat", "operation": "sale", "size": 84.0, "exterior": false, "rooms": 3, "bathrooms": 1, "address": "Calle de la Mare de D\u00e9u de Port, 335", "province": "Barcelona", "municipality": "Barcelona", "district": "Sants-Montju\u00efc", "country": "es", "neighborhood": "La Marina del Port", "latitude": 41.3616889, "longitude": 2.1395404, "showAddress": true, "url": "https://www.idealista.com/inmueble/93084125/", "distance": "3175", "hasVideo": false, "status": "good", "newDevelopment": false, "hasLift": true, "priceByArea": 3155.0, "detailedType": {"typology": "flat"}, "suggestedTexts": {"subtitle": "La Marina del Port, Barcelona", "title": "Piso en Calle de la Mare de D\u00e9u de Port, 335"}, "hasPlan": false, "has3DTour": false, "has360": false, "hasStaging": false, "topNewDevelopment": false}, {"propertyCode": "88165369", "thumbnail": "https://img3.idealista.com/blur/WEB_LISTING/0/id.pro.es.image.master/6c/0d/b3/804383966.jpg", "externalReference": "234006", "numPhotos": 24, "floor": "6", "price": 320000.0, "propertyType": "flat", "operation": "sale", "size": 83.0, "exterior": true, "rooms": 3, "bathrooms": 2, "address": "barrio La Marina del Port", "province": "Barcelona", "municipality": "Barcelona", "district": "Sants-Montju\u00efc", "country": "es", "neighborhood": "La Marina del Port", "latitude": 41.3585061, "longitude": 2.1338328, "showAddress": false, "url": "https://www.idealista.com/inmueble/88165369/", "distance": "3162", "hasVideo": false, "status": "good", "newDevelopment": false, "hasLift": true, "priceByArea": 3855.0, "detailedType": {"typology": "flat"}, "suggestedTexts": {"subtitle": "La Marina del Port, Barcelona", "title": "Piso"}, "hasPlan": true, "has3DTour": false, "has360": true, "hasStaging": false, "topNewDevelopment": false}, {"propertyCode": "93156857", "thumbnail": "https://img3.idealista.com/blur/WEB_LISTING/0/id.pro.es.image.master/3f/1b/c7/855724469.jpg", "externalReference": "1672-T", "numPhotos": 25, "floor": "2", "price": 210000.0, "propertyType": "flat", "operation": "sale", "size": 82.0, "exterior": true, "rooms": 3, "bathrooms": 1, "address": "Calle dels Alts Forns", "province": "Barcelona", "municipality": "Barcelona", "district": "Sants-Montju\u00efc", "country": "es", "neighborhood": "La Marina del Port", "latitude": 41.3593117, "longitude": 2.1423136, "showAddress": false, "url": "https://www.idealista.com/inmueble/93156857/", "distance": "2831", "hasVideo": true, "status": "good", "newDevelopment": false, "hasLift": true, "parkingSpace": {"hasParkingSpace": true, "isParkingSpaceIncludedInPrice": false, "parkingSpacePrice": 20000.0}, "priceByArea": 2561.0, "detailedType": {"typology": "flat"}, "suggestedTexts": {"subtitle": "La Marina del Port, Barcelona", "title": "Piso en Calle dels Alts Forns"}, "hasPlan": true, "has3DTour": false, "has360": false, "hasStaging": false, "topNewDevelopment": false}, {"propertyCode": "93121005", "thumbnail": "https://img3.idealista.com/blur/WEB_LISTING/0/id.pro.es.image.master/67/03/f3/854979045.jpg", "externalReference": "AP152-55", "numPhotos": 35, "floor": "5", "price": 200000.0, "propertyType": "flat", "operation": "sale", "size": 71.0, "exterior": false, "rooms": 3, "bathrooms": 1, "address": "Paseo de la Zona Franca", "province": "Barcelona", "municipality": "Barcelona", "district": "Sants-Montju\u00efc", "country": "es", "neighborhood": "La Marina del Port", "latitude": 41.3590067, "longitude": 2.1417629, "showAddress": false, "url": "https://www.idealista.com/inmueble/93121005/", "distance": "2824", "hasVideo": false, "status": "good", "newDevelopment": false, "hasLift": true, "priceByArea": 2817.0, "detailedType": {"typology": "flat"}, "suggestedTexts": {"subtitle": "La Marina del Port, Barcelona", "title": "Piso en Paseo de la Zona Franca"}, "hasPlan": false, "has3DTour": false, "has360": false, "hasStaging": false, "topNewDevelopment": false}, {"propertyCode": "92150202", "thumbnail": "https://img3.idealista.com/blur/WEB_LISTING/0/id.pro.es.image.master/3a/d8/8e/832152433.jpg", "externalReference": "R-MECANICA", "numPhotos": 34, "floor": "3", "price": 247000.0, "propertyType": "flat", "operation": "sale", "size": 79.0, "exterior": true, "rooms": 3, "bathrooms": 1, "address": "Calle de la Mec\u00e0nica", "province": "Barcelona", "municipality": "Barcelona", "district": "Sants-Montju\u00efc", "country": "es", "neighborhood": "La Marina del Port", "latitude": 41.3575005, "longitude": 2.1370808, "showAddress": false, "url": "https://www.idealista.com/inmueble/92150202/", "distance": "2903", "hasVideo": false, "status": "good", "newDevelopment": false, "hasLift": true, "priceByArea": 3127.0, "detailedType": {"typology": "flat"}, "suggestedTexts": {"subtitle": "La Marina del Port, Barcelona", "title": "Piso en Calle de la Mec\u00e0nica"}, "hasPlan": true, "has3DTour": true, "has360": false, "hasStaging": false, "topNewDevelopment": false}, {"propertyCode": "87552311", "thumbnail": "https://img3.idealista.com/blur/WEB_LISTING/0/id.pro.es.image.master/c6/45/8e/724549794.jpg", "externalReference": "14596317", "numPhotos": 24, "floor": "4", "price": 247100.0, "propertyType": "flat", "operation": "sale", "size": 100.0, "exterior": false, "rooms": 4, "bathrooms": 2, "address": "barrio El Poble Sec - Parc de Montju\u00efc", "province": "Barcelona", "municipality": "Barcelona", "district": "Sants-Montju\u00efc", "country": "es", "neighborhood": "El Poble Sec - Parc de Montju\u00efc", "latitude": 41.3578865, "longitude": 2.1446874, "showAddress": false, "url": "https://www.idealista.com/inmueble/87552311/", "distance": "2599", "hasVideo": false, "status": "good", "newDevelopment": false, "hasLift": true, "priceByArea": 2471.0, "detailedType": {"typology": "flat"}, "suggestedTexts": {"subtitle": "El Poble Sec - Parc de Montju\u00efc, Barcelona", "title": "Piso"}, "hasPlan": false, "has3DTour": false, "has360": false, "hasStaging": false, "topNewDevelopment": false}, {"propertyCode": "89832108", "thumbnail": "https://img3.idealista.com/blur/WEB_LISTING/0/id.pro.es.image.master/8c/cb/90/790147164.jpg", "externalReference": "235222", "numPhotos": 28, "floor": "bj", "price": 360000.0, "propertyType": "duplex", "operation": "sale", "size": 105.0, "exterior": true, "rooms": 2, "bathrooms": 2, "address": "barrio La Marina del Port", "province": "Barcelona", "municipality": "Barcelona", "district": "Sants-Montju\u00efc", "country": "es", "neighborhood": "La Marina del Port", "latitude": 41.3561651, "longitude": 2.1424346, "showAddress": false, "url": "https://www.idealista.com/inmueble/89832108/", "distance": "2524", "hasVideo": false, "status": "good", "newDevelopment": false, "hasLift": true, "priceByArea": 3429.0, "detailedType": {"typology": "flat", "subTypology": "duplex"}, "suggestedTexts": {"subtitle": "La Marina del Port, Barcelona", "title": "D\u00faplex"}, "hasPlan": true, "has3DTour": false, "has360": false, "hasStaging": false, "topNewDevelopment": false}, {"propertyCode": "89832104", "thumbnail": "https://img3.idealista.com/blur/WEB_LISTING/0/id.pro.es.image.master/91/ea/d2/790147119.jpg", "externalReference": "235220", "numPhotos": 25, "floor": "bj", "price": 320000.0, "propertyType": "duplex", "operation": "sale", "size": 91.0, "exterior": true, "rooms": 2, "bathrooms": 2, "address": "barrio La Marina del Port", "province": "Barcelona", "municipality": "Barcelona", "district": "Sants-Montju\u00efc", "country": "es", "neighborhood": "La Marina del Port", "latitude": 41.3582651, "longitude": 2.1426346, "showAddress": false, "url": "https://www.idealista.com/inmueble/89832104/", "distance": "2717", "hasVideo": false, "status": "good", "newDevelopment": false, "hasLift": true, "priceByArea": 3516.0, "detailedType": {"typology": "flat", "subTypology": "duplex"}, "suggestedTexts": {"subtitle": "La Marina del Port, Barcelona", "title": "D\u00faplex"}, "hasPlan": true, "has3DTour": false, "has360": false, "hasStaging": false, "topNewDevelopment": false}, {"propertyCode": "91108864", "thumbnail": "https://img3.idealista.com/blur/WEB_LISTING/0/id.pro.es.image.master/7b/09/95/806962280.jpg", "externalReference": "AP3420", "numPhotos": 29, "floor": "bj", "price": 175000.0, "propertyType": "flat", "operation": "sale", "size": 66.0, "exterior": true, "rooms": 2, "bathrooms": 1, "address": "riudaura s/n", "province": "Barcelona", "municipality": "Barcelona", "district": "Sants-Montju\u00efc", "country": "es", "neighborhood": "La Marina del Port", "latitude": 41.361779, "longitude": 2.1417703, "showAddress": true, "url": "https://www.idealista.com/inmueble/91108864/", "distance": "3095", "hasVideo": true, "status": "good", "newDevelopment": false, "hasLift": true, "priceByArea": 2652.0, "detailedType": {"typology": "flat"}, "suggestedTexts": {"subtitle": "La Marina del Port, Barcelona", "title": "Piso en riudaura s/n"}, "hasPlan": true, "has3DTour": false, "has360": false, "hasStaging": false, "topNewDevelopment": false}, {"propertyCode": "92787735", "thumbnail": "https://img3.idealista.com/blur/WEB_LISTING/0/id.pro.es.image.master/a2/ab/cd/848147514.jpg", "externalReference": "1672a", "numPhotos": 22, "floor": "2", "price": 210000.0, "propertyType": "flat", "operation": "sale", "size": 82.0, "exterior": true, "rooms": 3, "bathrooms": 1, "address": "Calle dels Alts Forns", "province": "Barcelona", "municipality": "Barcelona", "district": "Sants-Montju\u00efc", "country": "es", "neighborhood": "La Marina del Port", "latitude": 41.3580361, "longitude": 2.1416946, "showAddress": false, "url": "https://www.idealista.com/inmueble/92787735/", "distance": "2734", "hasVideo": true, "status": "good", "newDevelopment": false, "hasLift": true, "parkingSpace": {"hasParkingSpace": true, "isParkingSpaceIncludedInPrice": false, "parkingSpacePrice": 20000.0}, "priceByArea": 2561.0, "detailedType": {"typology": "flat"}, "suggestedTexts": {"subtitle": "La Marina del Port, Barcelona", "title": "Piso en Calle dels Alts Forns"}, "hasPlan": true, "has3DTour": false, "has360": false, "hasStaging": false, "topNewDevelopment": false}, {"propertyCode": "93178351", "thumbnail": "https://img3.idealista.com/blur/WEB_LISTING/0/id.pro.es.image.master/4c/a7/c2/856267267.jpg", "numPhotos": 35, "floor": "7", "price": 445000.0, "propertyType": "flat", "operation": "sale", "size": 117.0, "exterior": true, "rooms": 4, "bathrooms": 2, "address": "Calle de Francesc Boix Campo", "province": "Barcelona", "municipality": "Barcelona", "district": "Sants-Montju\u00efc", "country": "es", "neighborhood": "La Marina del Port", "latitude": 41.3601783, "longitude": 2.1373765, "showAddress": false, "url": "https://www.idealista.com/inmueble/93178351/", "distance": "3129", "hasVideo": false, "status": "good", "newDevelopment": false, "hasLift": true, "parkingSpace": {"hasParkingSpace": true, "isParkingSpaceIncludedInPrice": true}, "priceByArea": 3803.0, "detailedType": {"typology": "flat"}, "suggestedTexts": {"subtitle": "La Marina del Port, Barcelona", "title": "Piso en Calle de Francesc Boix Campo"}, "hasPlan": false, "has3DTour": false, "has360": false, "hasStaging": false, "topNewDevelopment": false}, {"propertyCode": "92571643", "thumbnail": "https://img3.idealista.com/blur/WEB_LISTING/0/id.pro.es.image.master/0a/cd/09/842952862.jpg", "externalReference": "a1S1t000005mL0NEAU.i", "numPhotos": 14, "floor": "6", "price": 425700.0, "propertyType": "flat", "operation": "sale", "size": 134.0, "exterior": true, "rooms": 4, "bathrooms": 2, "address": "Calle del Foc, 30", "province": "Barcelona", "municipality": "Barcelona", "district": "Sants-Montju\u00efc", "country": "es", "neighborhood": "La Marina del Prat Vermell", "latitude": 41.3541007, "longitude": 2.1372753, "showAddress": true, "url": "https://www.idealista.com/obra-nueva/92571643/", "distance": "2605", "hasVideo": false, "status": "newdevelopment", "newDevelopment": true, "hasLift": true, "newDevelopmentFinished": false, "priceByArea": 3177.0, "detailedType": {"typology": "flat"}, "suggestedTexts": {"subtitle": "La Marina del Prat Vermell, Barcelona", "title": "Piso en Calle del Foc, 30"}, "hasPlan": true, "has3DTour": false, "has360": false, "hasStaging": false, "topNewDevelopment": false}, {"propertyCode": "91568692", "thumbnail": "https://img3.idealista.com/blur/WEB_LISTING/0/id.pro.es.image.master/7b/40/e9/812835014.jpg", "externalReference": "a1S1t000005mL0OEAU.e", "numPhotos": 13, "floor": "6", "price": 456000.0, "propertyType": "flat", "operation": "sale", "size": 102.0, "exterior": true, "rooms": 4, "bathrooms": 2, "address": "Calle del Foc, 30", "province": "Barcelona", "municipality": "Barcelona", "district": "Sants-Montju\u00efc", "country": "es", "neighborhood": "La Marina del Prat Vermell", "latitude": 41.3541007, "longitude": 2.1372753, "showAddress": true, "url": "https://www.idealista.com/obra-nueva/91568692/", "distance": "2605", "hasVideo": false, "status": "newdevelopment", "newDevelopment": true, "hasLift": true, "newDevelopmentFinished": false, "priceByArea": 4471.0, "detailedType": {"typology": "flat"}, "suggestedTexts": {"subtitle": "La Marina del Prat Vermell, Barcelona", "title": "Piso en Calle del Foc, 30"}, "hasPlan": true, "has3DTour": false, "has360": false, "hasStaging": false, "topNewDevelopment": false}, {"propertyCode": "92659114", "thumbnail": "https://img3.idealista.com/blur/WEB_LISTING/0/id.pro.es.image.master/7b/40/e9/812835014.jpg", "externalReference": "a1S1t000005mL0OEAU.e", "numPhotos": 13, "floor": "3", "price": 295000.0, "propertyType": "flat", "operation": "sale", "size": 89.0, "exterior": true, "rooms": 3, "bathrooms": 2, "address": "Calle del Foc, 30", "province": "Barcelona", "municipality": "Barcelona", "district": "Sants-Montju\u00efc", "country": "es", "neighborhood": "La Marina del Prat Vermell", "latitude": 41.3541007, "longitude": 2.1372753, "showAddress": true, "url": "https://www.idealista.com/obra-nueva/92659114/", "distance": "2605", "hasVideo": false, "status": "newdevelopment", "newDevelopment": true, "hasLift": true, "newDevelopmentFinished": false, "priceByArea": 3315.0, "detailedType": {"typology": "flat"}, "suggestedTexts": {"subtitle": "La Marina del Prat Vermell, Barcelona", "title": "Piso en Calle del Foc, 30"}, "hasPlan": true, "has3DTour": false, "has360": false, "hasStaging": false, "topNewDevelopment": false}, {"propertyCode": "91762124", "thumbnail": "https://img3.idealista.com/blur/WEB_LISTING/0/id.pro.es.image.master/89/2d/00/812835028.jpg", "externalReference": "a1S1t000005mL0OEAU.a", "numPhotos": 13, "price": 165300.0, "propertyType": "flat", "operation": "sale", "size": 47.0, "exterior": true, "rooms": 1, "bathrooms": 1, "address": "Calle del Foc, 30", "province": "Barcelona", "municipality": "Barcelona", "district": "Sants-Montju\u00efc", "country": "es", "neighborhood": "La Marina del Prat Vermell", "latitude": 41.3541007, "longitude": 2.1372753, "showAddress": true, "url": "https://www.idealista.com/obra-nueva/91762124/", "distance": "2605", "hasVideo": false, "status": "newdevelopment", "newDevelopment": true, "hasLift": true, "newDevelopmentFinished": false, "priceByArea": 3517.0, "detailedType": {"typology": "flat"}, "suggestedTexts": {"subtitle": "La Marina del Prat Vermell, Barcelona", "title": "Piso en Calle del Foc, 30"}, "hasPlan": true, "has3DTour": false, "has360": false, "hasStaging": false, "topNewDevelopment": false}, {"propertyCode": "92659113", "thumbnail": "https://img3.idealista.com/blur/WEB_LISTING/0/id.pro.es.image.master/89/2d/00/812835028.jpg", "externalReference": "a1S1t000005mL0OEAU.d", "numPhotos": 13, "floor": "1", "price": 225000.0, "propertyType": "flat", "operation": "sale", "size": 61.0, "exterior": true, "rooms": 2, "bathrooms": 2, "address": "Calle del Foc, 30", "province": "Barcelona", "municipality": "Barcelona", "district": "Sants-Montju\u00efc", "country": "es", "neighborhood": "La Marina del Prat Vermell", "latitude": 41.3541007, "longitude": 2.1372753, "showAddress": true, "url": "https://www.idealista.com/obra-nueva/92659113/", "distance": "2605", "hasVideo": false, "status": "newdevelopment", "newDevelopment": true, "hasLift": true, "newDevelopmentFinished": false, "priceByArea": 3689.0, "detailedType": {"typology": "flat"}, "suggestedTexts": {"subtitle": "La Marina del Prat Vermell, Barcelona", "title": "Piso en Calle del Foc, 30"}, "hasPlan": true, "has3DTour": false, "has360": false, "hasStaging": false, "topNewDevelopment": false}]