[{"propertyCode": "88343855", "thumbnail": "https://img3.idealista.com/blur/WEB_LISTING/0/id.pro.es.image.master/4b/1a/c0/755922999.jpg", "externalReference": "W-02EV4Q", "numPhotos": 36, "floor": "2", "price": 465000.0, "propertyType": "flat", "operation": "sale", "size": 105.0, "exterior": false, "rooms": 2, "bathrooms": 2, "address": "barrio L'Antiga Esquerra de l'Eixample", "province": "Barcelona", "municipality": "Barcelona", "district": "Eixample", "country": "es", "neighborhood": "L'Antiga Esquerra de l'Eixample", "latitude": 41.3847224, "longitude": 2.1608534, "showAddress": false, "url": "https://www.idealista.com/inmueble/88343855/", "distance": "738", "hasVideo": false, "status": "good", "newDevelopment": false, "hasLift": true, "parkingSpace": {"hasParkingSpace": true, "isParkingSpaceIncludedInPrice": false, "parkingSpacePrice": 25000.0}, "priceByArea": 4429.0, "detailedType": {"typology": "flat"}, "suggestedTexts": {"subtitle": "L'Antiga Esquerra de l'Eixample, Barcelona", "title": "Piso"}, "hasPlan": true, "has3DTour": true, "has360": false, "hasStaging": false, "topNewDevelopment": false}, {"propertyCode": "92379011", "thumbnail": "https://img3.idealista.com/blur/WEB_LISTING/0/id.pro.es.image.master/a0/30/a5/838412740.jpg", "externalReference": "VB2012005-1", "numPhotos": 27, "floor": "1", "price": 675000.0, "propertyType": "flat", "operation": "sale", "size": 152.0, "exterior": true, "rooms": 3, "bathrooms": 2, "address": "Calle del Comte Borrell", "province": "Barcelona", "municipality": "Barcelona", "district": "Eixample", "country": "es", "neighborhood": "La Nova Esquerra de l'Eixample", "latitude": 41.3852075, "longitude": 2.1487027, "showAddress": false, "url": "https://www.idealista.com/inmueble/92379011/", "distance": "771", "hasVideo": true, "status": "good", "newDevelopment": false, "hasLift": true, "priceByArea": 4441.0, "detailedType": {"typology": "flat"}, "suggestedTexts": {"subtitle": "La Nova Esquerra de l'Eixample, Barcelona", "title": "Piso en Calle del Comte Borrell"}, "hasPlan": true, "has3DTour": false, "has360": true, "hasStaging": false, "topNewDevelopment": false}, {"propertyCode": "91312447", "thumbnail": "https://img3.idealista.com/blur/WEB_LISTING/0/id.pro.es.image.master/eb/e0/f8/811688344.jpg", "externalReference": "VB2010010", "numPhotos": 27, "floor": "6", "price": 695000.0, "propertyType": "penthouse", "operation": "sale", "size": 157.0, "exterior": true, "rooms": 4, "bathrooms": 2, "address": "Calle de Cal\u00e0bria", "province": "Barcelona", "municipality": "Barcelona", "district": "Eixample", "country": "es", "neighborhood": "Sant Antoni", "latitude": 41.3747549, "longitude": 2.1587567, "showAddress": false, "url": "https://www.idealista.com/inmueble/91312447/", "distance": "667", "hasVideo": true, "status": "good", "newDevelopment": false, "hasLift": true, "priceByArea": 4427.0, "detailedType": {"typology": "flat", "subTypology": "penthouse"}, "suggestedTexts": {"subtitle": "Sant Antoni, Barcelona", "title": "\u00c1tico en Calle de Cal\u00e0bria"}, "hasPlan": true, "has3DTour": false, "has360": true, "hasStaging": false, "topNewDevelopment": false}, {"propertyCode": "91229353", "thumbnail": "https://img3.idealista.com/blur/WEB_LISTING/0/id.pro.es.image.master/91/1d/ce/809680282.jpg", "externalReference": "VB2010003", "numPhotos": 36, "floor": "2", "price": 995000.0, "propertyType": "flat", "operation": "sale", "size": 181.0, "exterior": true, "rooms": 5, "bathrooms": 3, "address": "Calle de Viladomat", "province": "Barcelona", "municipality": "Barcelona", "district": "Eixample", "country": "es", "neighborhood": "Sant Antoni", "latitude": 41.3816805, "longitude": 2.1561999, "showAddress": false, "url": "https://www.idealista.com/inmueble/91229353/", "distance": "229", "hasVideo": true, "status": "good", "newDevelopment": false, "hasLift": true, "priceByArea": 5497.0, "detailedType": {"typology": "flat"}, "suggestedTexts": {"subtitle": "Sant Antoni, Barcelona", "title": "Piso en Calle de Viladomat"}, "hasPlan": true, "has3DTour": false, "has360": true, "hasStaging": false, "topNewDevelopment": false}, {"propertyCode": "91631474", "thumbnail": "https://img3.idealista.com/blur/WEB_LISTING/0/id.pro.es.image.master/9f/c9/66/819490912.jpg", "externalReference": "BCN25906", "numPhotos": 37, "price": 540000.0, "propertyType": "flat", "operation": "sale", "size": 116.0, "exterior": true, "rooms": 3, "bathrooms": 2, "address": "barrio Sant Antoni", "province": "Barcelona", "municipality": "Barcelona", "district": "Eixample", "country": "es", "neighborhood": "Sant Antoni", "latitude": 41.3803905, "longitude": 2.158935, "showAddress": false, "url": "https://www.idealista.com/inmueble/91631474/", "distance": "355", "hasVideo": false, "status": "good", "newDevelopment": false, "hasLift": true, "priceByArea": 4655.0, "detailedType": {"typology": "flat"}, "suggestedTexts": {"subtitle": "Sant Antoni, Barcelona", "title": "Piso"}, "hasPlan": true, "has3DTour": false, "has360": true, "hasStaging": false, "topNewDevelopment": false}, {"propertyCode": "87601397", "thumbnail": "https://img3.idealista.com/blur/WEB_LISTING/0/id.pro.es.image.master/8c/b0/4b/725850874.jpg", "externalReference": "BCN21193", "numPhotos": 42, "price": 1890000.0, "propertyType": "penthouse", "operation": "sale", "size": 336.0, "exterior": true, "rooms": 6, "bathrooms": 6, "address": "barrio La Nova Esquerra de l'Eixample", "province": "Barcelona", "municipality": "Barcelona", "district": "Eixample", "country": "es", "neighborhood": "La Nova Esquerra de l'Eixample", "latitude": 41.3843004, "longitude": 2.1499029, "showAddress": false, "url": "https://www.idealista.com/inmueble/87601397/", "distance": "629", "hasVideo": false, "status": "good", "newDevelopment": false, "hasLift": true, "parkingSpace": {"hasParkingSpace": true, "isParkingSpaceIncludedInPrice": true}, "priceByArea": 5625.0, "detailedType": {"typology": "flat", "subTypology": "penthouse"}, "suggestedTexts": {"subtitle": "La Nova Esquerra de l'Eixample, Barcelona", "title": "\u00c1tico"}, "hasPlan": true, "has3DTour": false, "has360": true, "hasStaging": false, "topNewDevelopment": false}, {"propertyCode": "92197943", "thumbnail": "https://img3.idealista.com/blur/WEB_LISTING/0/id.pro.es.image.master/7c/c1/91/833351150.jpg", "externalReference": "VB2012026", "numPhotos": 25, "floor": "1", "price": 250000.0, "propertyType": "flat", "operation": "sale", "size": 53.0, "exterior": true, "rooms": 2, "bathrooms": 1, "address": "barrio El Poble Sec - Parc de Montju\u00efc", "province": "Barcelona", "municipality": "Barcelona", "district": "Sants-Montju\u00efc", "country": "es", "neighborhood": "El Poble Sec - Parc de Montju\u00efc", "latitude": 41.3726605, "longitude": 2.1551583, "showAddress": false, "url": "https://www.idealista.com/inmueble/92197943/", "distance": "809", "hasVideo": true, "status": "good", "newDevelopment": false, "hasLift": false, "priceByArea": 4717.0, "detailedType": {"typology": "flat"}, "suggestedTexts": {"subtitle": "El Poble Sec - Parc de Montju\u00efc, Barcelona", "title": "Piso"}, "hasPlan": true, "has3DTour": false, "has360": true, "hasStaging": false, "topNewDevelopment": false}, {"propertyCode": "92744895", "thumbnail": "https://img3.idealista.com/blur/WEB_LISTING/0/id.pro.es.image.master/9e/55/9c/857057910.jpg", "externalReference": "210009", "numPhotos": 28, "floor": "3", "price": 259000.0, "propertyType": "flat", "operation": "sale", "size": 79.0, "exterior": false, "rooms": 3, "bathrooms": 2, "address": "barrio El Raval", "province": "Barcelona", "municipality": "Barcelona", "district": "Ciutat Vella", "country": "es", "neighborhood": "El Raval", "latitude": 41.3817305, "longitude": 2.1646298, "showAddress": false, "url": "https://www.idealista.com/inmueble/92744895/", "distance": "850", "hasVideo": false, "status": "good", "newDevelopment": false, "hasLift": true, "priceByArea": 3278.0, "detailedType": {"typology": "flat"}, "suggestedTexts": {"subtitle": "El Raval, Barcelona", "title": "Piso"}, "hasPlan": true, "has3DTour": false, "has360": true, "hasStaging": false, "topNewDevelopment": false}, {"propertyCode": "92567198", "thumbnail": "https://img3.idealista.com/blur/WEB_LISTING/0/id.pro.es.image.master/5d/1e/3f/843578238.jpg", "externalReference": "836-21V", "numPhotos": 22, "floor": "3", "price": 299000.0, "propertyType": "flat", "operation": "sale", "size": 86.0, "exterior": true, "rooms": 4, "bathrooms": 1, "address": "Calle d'Enten\u00e7a", "province": "Barcelona", "municipality": "Barcelona", "district": "Eixample", "country": "es", "neighborhood": "La Nova Esquerra de l'Eixample", "latitude": 41.378928, "longitude": 2.1526336, "showAddress": false, "url": "https://www.idealista.com/inmueble/92567198/", "distance": "206", "hasVideo": false, "status": "good", "newDevelopment": false, "hasLift": true, "priceByArea": 3477.0, "detailedType": {"typology": "flat"}, "suggestedTexts": {"subtitle": "La Nova Esquerra de l'Eixample, Barcelona", "title": "Piso en Calle d'Enten\u00e7a"}, "hasPlan": true, "has3DTour": false, "has360": true, "hasStaging": false, "topNewDevelopment": false}, {"propertyCode": "91389206", "thumbnail": "https://img3.idealista.com/blur/WEB_LISTING/0/id.pro.es.image.master/98/12/9c/813441367.jpg", "externalReference": "SP185FM", "numPhotos": 26, "floor": "3", "price": 560000.0, "propertyType": "flat", "operation": "sale", "size": 120.0, "exterior": true, "rooms": 3, "bathrooms": 2, "address": "Gran Via de les Corts Catalanes", "province": "Barcelona", "municipality": "Barcelona", "district": "Eixample", "country": "es", "neighborhood": "La Nova Esquerra de l'Eixample", "latitude": 41.3803851, "longitude": 2.156777, "showAddress": false, "url": "https://www.idealista.com/inmueble/91389206/", "distance": "178", "hasVideo": false, "status": "good", "newDevelopment": false, "hasLift": true, "priceByArea": 4667.0, "detailedType": {"typology": "flat"}, "suggestedTexts": {"subtitle": "La Nova Esquerra de l'Eixample, Barcelona", "title": "Piso en Gran Via de les Corts Catalanes"}, "hasPlan": false, "has3DTour": false, "has360": true, "hasStaging": false, "topNewDevelopment": false}, {"propertyCode": "89815923", "thumbnail": "https://img3.idealista.com/blur/WEB_LISTING/0/id.pro.es.image.master/80/cb/34/777219623.jpg", "externalReference": "3602", "numPhotos": 20, "floor": "1", "price": 260000.0, "propertyType": "flat", "operation": "sale", "size": 77.0, "exterior": true, "rooms": 1, "bathrooms": 1, "address": "Calle de Cal\u00e0bria", "province": "Barcelona", "municipality": "Barcelona", "district": "Eixample", "country": "es", "neighborhood": "La Nova Esquerra de l'Eixample", "latitude": 41.3847119, "longitude": 2.1466095, "showAddress": false, "url": "https://www.idealista.com/inmueble/89815923/", "distance": "859", "hasVideo": false, "status": "good", "newDevelopment": false, "hasLift": true, "priceByArea": 3377.0, "detailedType": {"typology": "flat"}, "suggestedTexts": {"subtitle": "La Nova Esquerra de l'Eixample, Barcelona", "title": "Piso en Calle de Cal\u00e0bria"}, "hasPlan": true, "has3DTour": false, "has360": true, "hasStaging": false, "topNewDevelopment": false}, {"propertyCode": "92710736", "thumbnail": "https://img3.idealista.com/blur/WEB_LISTING/0/id.pro.es.image.master/09/f7/c9/846204206.jpg", "externalReference": "BCN06476", "numPhotos": 34, "floor": "6", "price": 795000.0, "propertyType": "flat", "operation": "sale", "size": 140.0, "exterior": true, "rooms": 4, "bathrooms": 2, "address": "barrio Sant Antoni", "province": "Barcelona", "municipality": "Barcelona", "district": "Eixample", "country": "es", "neighborhood": "Sant Antoni", "latitude": 41.3797156, "longitude": 2.1534071, "showAddress": false, "url": "https://www.idealista.com/inmueble/92710736/", "distance": "112", "hasVideo": false, "status": "good", "newDevelopment": false, "hasLift": true, "priceByArea": 5679.0, "detailedType": {"typology": "flat"}, "suggestedTexts": {"subtitle": "Sant Antoni, Barcelona", "title": "Piso"}, "hasPlan": true, "has3DTour": false, "has360": true, "hasStaging": false, "topNewDevelopment": false}, {"propertyCode": "92517661", "thumbnail": "https://img3.idealista.com/blur/WEB_LISTING/0/id.pro.es.image.master/3d/4e/be/841568010.jpg", "externalReference": "BCN06001", "numPhotos": 32, "floor": "1", "price": 990000.0, "propertyType": "flat", "operation": "sale", "size": 211.0, "exterior": true, "rooms": 5, "bathrooms": 2, "address": "barrio La Nova Esquerra de l'Eixample", "province": "Barcelona", "municipality": "Barcelona", "district": "Eixample", "country": "es", "neighborhood": "La Nova Esquerra de l'Eixample", "latitude": 41.3805792, "longitude": 2.1549631, "showAddress": false, "url": "https://www.idealista.com/inmueble/92517661/", "distance": "74", "hasVideo": false, "status": "good", "newDevelopment": false, "hasLift": true, "priceByArea": 4692.0, "detailedType": {"typology": "flat"}, "suggestedTexts": {"subtitle": "La Nova Esquerra de l'Eixample, Barcelona", "title": "Piso"}, "hasPlan": true, "has3DTour": false, "has360": true, "hasStaging": false, "topNewDevelopment": false}, {"propertyCode": "91237754", "thumbnail": "https://img3.idealista.com/blur/WEB_LISTING/0/id.pro.es.image.master/6b/3e/11/809899380.jpg", "externalReference": "BCN06427", "numPhotos": 27, "floor": "6", "price": 695000.0, "propertyType": "penthouse", "operation": "sale", "size": 167.0, "exterior": true, "rooms": 4, "bathrooms": 2, "address": "barrio Sant Antoni", "province": "Barcelona", "municipality": "Barcelona", "district": "Eixample", "country": "es", "neighborhood": "Sant Antoni", "latitude": 41.3741549, "longitude": 2.1588567, "showAddress": false, "url": "https://www.idealista.com/inmueble/91237754/", "distance": "729", "hasVideo": false, "status": "good", "newDevelopment": false, "hasLift": true, "priceByArea": 4162.0, "detailedType": {"typology": "flat", "subTypology": "penthouse"}, "suggestedTexts": {"subtitle": "Sant Antoni, Barcelona", "title": "\u00c1tico"}, "hasPlan": true, "has3DTour": false, "has360": true, "hasStaging": false, "topNewDevelopment": false}, {"propertyCode": "90716884", "thumbnail": "https://img3.idealista.com/blur/WEB_LISTING/0/id.pro.es.image.master/75/f3/5d/796832767.jpg", "externalReference": "240866", "numPhotos": 20, "floor": "5", "price": 395000.0, "propertyType": "flat", "operation": "sale", "size": 92.0, "exterior": true, "rooms": 3, "bathrooms": 2, "address": "barrio La Nova Esquerra de l'Eixample", "province": "Barcelona", "municipality": "Barcelona", "district": "Eixample", "country": "es", "neighborhood": "La Nova Esquerra de l'Eixample", "latitude": 41.3808537, "longitude": 2.1464343, "showAddress": false, "url": "https://www.idealista.com/inmueble/90716884/", "distance": "698", "hasVideo": false, "status": "renew", "newDevelopment": false, "hasLift": true, "priceByArea": 4293.0, "detailedType": {"typology": "flat"}, "suggestedTexts": {"subtitle": "La Nova Esquerra de l'Eixample, Barcelona", "title": "Piso"}, "hasPlan": true, "has3DTour": false, "has360": true, "hasStaging": false, "topNewDevelopment": false}, {"propertyCode": "91866036", "thumbnail": "https://img3.idealista.com/blur/WEB_LISTING/0/id.pro.es.image.master/27/f5/3b/825130079.jpg", "externalReference": "SP115TV", "numPhotos": 28, "floor": "3", "price": 348000.0, "propertyType": "penthouse", "operation": "sale", "size": 95.0, "exterior": true, "rooms": 3, "bathrooms": 2, "address": "barrio El Poble Sec - Parc de Montju\u00efc", "province": "Barcelona", "municipality": "Barcelona", "district": "Sants-Montju\u00efc", "country": "es", "neighborhood": "El Poble Sec - Parc de Montju\u00efc", "latitude": 41.3738406, "longitude": 2.1586686, "showAddress": false, "url": "https://www.idealista.com/inmueble/91866036/", "distance": "753", "hasVideo": false, "status": "good", "newDevelopment": false, "hasLift": true, "priceByArea": 3663.0, "detailedType": {"typology": "flat", "subTypology": "penthouse"}, "suggestedTexts": {"subtitle": "El Poble Sec - Parc de Montju\u00efc, Barcelona", "title": "\u00c1tico"}, "hasPlan": true, "has3DTour": false, "has360": true, "hasStaging": false, "topNewDevelopment": false}, {"propertyCode": "87303192", "thumbnail": "https://img3.idealista.com/blur/WEB_LISTING/0/id.pro.es.image.master/31/00/f7/717155480.jpg", "externalReference": "10970", "numPhotos": 18, "floor": "5", "price": 450000.0, "propertyType": "flat", "operation": "sale", "size": 72.0, "exterior": true, "rooms": 3, "bathrooms": 1, "address": "Calle d'Aribau", "province": "Barcelona", "municipality": "Barcelona", "district": "Eixample", "country": "es", "neighborhood": "L'Antiga Esquerra de l'Eixample", "latitude": 41.3845636, "longitude": 2.1616192, "showAddress": false, "url": "https://www.idealista.com/inmueble/87303192/", "distance": "772", "hasVideo": false, "status": "good", "newDevelopment": false, "hasLift": true, "priceByArea": 6250.0, "detailedType": {"typology": "flat"}, "suggestedTexts": {"subtitle": "L'Antiga Esquerra de l'Eixample, Barcelona", "title": "Piso en Calle d'Aribau"}, "hasPlan": true, "has3DTour": false, "has360": true, "hasStaging": false, "topNewDevelopment": false}, {"propertyCode": "87398266", "thumbnail": "https://img3.idealista.com/blur/WEB_LISTING/0/id.pro.es.image.master/4c/74/51/719922970.jpg", "externalReference": "4216", "numPhotos": 30, "floor": "3", "price": 440000.0, "propertyType": "flat", "operation": "sale", "size": 102.0, "exterior": true, "rooms": 4, "bathrooms": 2, "address": "Calle Casanova", "province": "Barcelona", "municipality": "Barcelona", "district": "Eixample", "country": "es", "neighborhood": "L'Antiga Esquerra de l'Eixample", "latitude": 41.3858443, "longitude": 2.1605871, "showAddress": false, "url": "https://www.idealista.com/inmueble/87398266/", "distance": "819", "hasVideo": true, "status": "good", "newDevelopment": false, "hasLift": true, "parkingSpace": {"hasParkingSpace": true, "isParkingSpaceIncludedInPrice": true}, "priceByArea": 4314.0, "detailedType": {"typology": "flat"}, "suggestedTexts": {"subtitle": "L'Antiga Esquerra de l'Eixample, Barcelona", "title": "Piso en Calle Casanova"}, "hasPlan": true, "has3DTour": false, "has360": true, "hasStaging": false, "topNewDevelopment": false}, {"propertyCode": "89813262", "thumbnail": "https://img3.idealista.com/blur/WEB_LISTING/0/id.pro.es.image.master/62/de/d6/777159251.jpg", "externalReference": "DUX0054", "numPhotos": 16, "floor": "7", "price": 475000.0, "propertyType": "flat", "operation": "sale", "size": 109.0, "exterior": true, "rooms": 4, "bathrooms": 2, "address": "Calle de Mallorca", "province": "Barcelona", "municipality": "Barcelona", "district": "Eixample", "country": "es", "neighborhood": "La Nova Esquerra de l'Eixample", "latitude": 41.3865366, "longitude": 2.1519311, "showAddress": false, "url": "https://www.idealista.com/inmueble/89813262/", "distance": "769", "hasVideo": true, "status": "good", "newDevelopment": false, "hasLift": true, "priceByArea": 4358.0, "detailedType": {"typology": "flat"}, "suggestedTexts": {"subtitle": "La Nova Esquerra de l'Eixample, Barcelona", "title": "Piso en Calle de Mallorca"}, "hasPlan": true, "has3DTour": false, "has360": true, "hasStaging": false, "topNewDevelopment": false}, {"propertyCode": "92959560", "thumbnail": "https://img3.idealista.com/blur/WEB_LISTING/0/id.pro.es.image.master/c4/63/a2/852043229.jpg", "externalReference": "VB2102054", "numPhotos": 28, "floor": "4", "price": 499000.0, "propertyType": "flat", "operation": "sale", "size": 147.0, "exterior": true, "rooms": 4, "bathrooms": 2, "address": "Gran Via de les Corts Catalanes", "province": "Barcelona", "municipality": "Barcelona", "district": "Eixample", "country": "es", "neighborhood": "La Nova Esquerra de l'Eixample", "latitude": 41.3832603, "longitude": 2.1580528, "showAddress": false, "url": "https://www.idealista.com/inmueble/92959560/", "distance": "462", "hasVideo": true, "status": "renew", "newDevelopment": false, "hasLift": true, "priceByArea": 3395.0, "detailedType": {"typology": "flat"}, "suggestedTexts": {"subtitle": "La Nova Esquerra de l'Eixample, Barcelona", "title": "Piso en Gran Via de les Corts Catalanes"}, "hasPlan": true, "has3DTour": false, "has360": false, "hasStaging": false, "topNewDevelopment": false}, {"propertyCode": "92157464", "thumbnail": "https://img3.idealista.com/blur/WEB_LISTING/0/id.pro.es.image.master/41/68/c5/832330077.jpg", "externalReference": "10303", "numPhotos": 34, "price": 645000.0, "propertyType": "flat", "operation": "sale", "size": 130.0, "exterior": true, "rooms": 3, "bathrooms": 2, "address": "Calle del Parlament", "province": "Barcelona", "municipality": "Barcelona", "district": "Eixample", "country": "es", "neighborhood": "Sant Antoni", "latitude": 41.3786153, "longitude": 2.164354, "showAddress": false, "url": "https://www.idealista.com/inmueble/92157464/", "distance": "817", "hasVideo": false, "status": "good", "newDevelopment": false, "hasLift": true, "priceByArea": 4962.0, "detailedType": {"typology": "flat"}, "suggestedTexts": {"subtitle": "Sant Antoni, Barcelona", "title": "Piso en Calle del Parlament"}, "hasPlan": true, "has3DTour": true, "has360": false, "hasStaging": false, "topNewDevelopment": false}, {"propertyCode": "91700607", "thumbnail": "https://img3.idealista.com/blur/WEB_LISTING/0/id.pro.es.image.master/bf/0a/14/821144245.jpg", "externalReference": "VB2007054-5", "numPhotos": 27, "floor": "en", "price": 1325000.0, "propertyType": "flat", "operation": "sale", "size": 148.0, "exterior": true, "rooms": 2, "bathrooms": 3, "address": "Calle de la Diputaci\u00f3", "province": "Barcelona", "municipality": "Barcelona", "district": "Eixample", "country": "es", "neighborhood": "L'Antiga Esquerra de l'Eixample", "latitude": 41.3858885, "longitude": 2.1606455, "showAddress": false, "url": "https://www.idealista.com/inmueble/91700607/", "distance": "826", "hasVideo": true, "status": "good", "newDevelopment": false, "hasLift": true, "priceByArea": 8953.0, "detailedType": {"typology": "flat"}, "suggestedTexts": {"subtitle": "L'Antiga Esquerra de l'Eixample, Barcelona", "title": "Piso en Calle de la Diputaci\u00f3"}, "hasPlan": true, "has3DTour": false, "has360": false, "hasStaging": false, "topNewDevelopment": false}, {"propertyCode": "93168442", "thumbnail": "https://img3.idealista.com/blur/WEB_LISTING/0/id.pro.es.image.master/40/bf/84/856016822.jpg", "externalReference": "BCN06481", "numPhotos": 34, "floor": "4", "price": 750000.0, "propertyType": "flat", "operation": "sale", "size": 108.0, "exterior": true, "rooms": 2, "bathrooms": 2, "address": "barrio L'Antiga Esquerra de l'Eixample", "province": "Barcelona", "municipality": "Barcelona", "district": "Eixample", "country": "es", "neighborhood": "L'Antiga Esquerra de l'Eixample", "latitude": 41.3853572, "longitude": 2.1585799, "showAddress": false, "url": "https://www.idealista.com/inmueble/93168442/", "distance": "683", "hasVideo": false, "status": "good", "newDevelopment": false, "hasLift": true, "priceByArea": 6944.0, "detailedType": {"typology": "flat"}, "suggestedTexts": {"subtitle": "L'Antiga Esquerra de l'Eixample, Barcelona", "title": "Piso"}, "hasPlan": true, "has3DTour": false, "has360": false, "hasStaging": false, "topNewDevelopment": false}, {"propertyCode": "92900739", "thumbnail": "https://img3.idealista.com/blur/WEB_LISTING/0/id.pro.es.image.master/69/dc/64/850600546.jpg", "externalReference": "BCN24901", "numPhotos": 48, "price": 845000.0, "propertyType": "penthouse", "operation": "sale", "size": 129.0, "exterior": true, "rooms": 2, "bathrooms": 2, "address": "barrio Sant Antoni", "province": "Barcelona", "municipality": "Barcelona", "district": "Eixample", "country": "es", "neighborhood": "Sant Antoni", "latitude": 41.3757353, "longitude": 2.1583514, "showAddress": false, "url": "https://www.idealista.com/inmueble/92900739/", "distance": "556", "hasVideo": false, "status": "good", "newDevelopment": false, "hasLift": true, "priceByArea": 6550.0, "detailedType": {"typology": "flat", "subTypology": "penthouse"}, "suggestedTexts": {"subtitle": "Sant Antoni, Barcelona", "title": "\u00c1tico"}, "hasPlan": true, "has3DTour": false, "has360": false, "hasStaging": false, "topNewDevelopment": false}, {"propertyCode": "93202118", "thumbnail": "https://img3.idealista.com/blur/WEB_LISTING/0/id.pro.es.image.master/da/de/9f/856874112.jpg", "externalReference": "LG00636", "numPhotos": 19, "floor": "1", "price": 427000.0, "propertyType": "flat", "operation": "sale", "size": 69.0, "exterior": true, "rooms": 2, "bathrooms": 2, "address": "Calle del Comte d'Urgell", "province": "Barcelona", "municipality": "Barcelona", "district": "Eixample", "country": "es", "neighborhood": "L'Antiga Esquerra de l'Eixample", "latitude": 41.3834538, "longitude": 2.1599617, "showAddress": false, "url": "https://www.idealista.com/inmueble/93202118/", "distance": "586", "hasVideo": false, "status": "good", "newDevelopment": false, "hasLift": true, "priceByArea": 6188.0, "detailedType": {"typology": "flat"}, "suggestedTexts": {"subtitle": "L'Antiga Esquerra de l'Eixample, Barcelona", "title": "Piso en Calle del Comte d'Urgell"}, "hasPlan": false, "has3DTour": false, "has360": false, "hasStaging": false, "topNewDevelopment": false}, {"propertyCode": "93182186", "thumbnail": "https://img3.idealista.com/blur/WEB_LISTING/0/id.pro.es.image.master/f4/2a/c6/856362962.jpg", "externalReference": "0122-680-691-V", "numPhotos": 23, "floor": "3", "price": 255000.0, "propertyType": "flat", "operation": "sale", "size": 53.0, "exterior": true, "rooms": 2, "bathrooms": 1, "address": "Calle de Rocafort", "province": "Barcelona", "municipality": "Barcelona", "district": "Eixample", "country": "es", "neighborhood": "La Nova Esquerra de l'Eixample", "latitude": 41.381846, "longitude": 2.1497258, "showAddress": false, "url": "https://www.idealista.com/inmueble/93182186/", "distance": "467", "hasVideo": true, "status": "good", "newDevelopment": false, "hasLift": true, "priceByArea": 4811.0, "detailedType": {"typology": "flat"}, "suggestedTexts": {"subtitle": "La Nova Esquerra de l'Eixample, Barcelona", "title": "Piso en Calle de Rocafort"}, "hasPlan": true, "has3DTour": false, "has360": false, "hasStaging": false, "topNewDevelopment": false}, {"propertyCode": "91756984", "thumbnail": "https://img3.idealista.com/blur/WEB_LISTING/0/id.pro.es.image.master/6c/46/6b/822531962.jpg", "externalReference": "11253", "numPhotos": 23, "floor": "2", "price": 480000.0, "propertyType": "flat", "operation": "sale", "size": 93.0, "exterior": true, "rooms": 4, "bathrooms": 1, "address": "Calle de Cal\u00e0bria", "province": "Barcelona", "municipality": "Barcelona", "district": "Eixample", "country": "es", "neighborhood": "Sant Antoni", "latitude": 41.3775507, "longitude": 2.1578931, "showAddress": false, "url": "https://www.idealista.com/inmueble/91756984/", "distance": "374", "hasVideo": false, "status": "good", "newDevelopment": false, "hasLift": true, "priceByArea": 5161.0, "detailedType": {"typology": "flat"}, "suggestedTexts": {"subtitle": "Sant Antoni, Barcelona", "title": "Piso en Calle de Cal\u00e0bria"}, "hasPlan": true, "has3DTour": false, "has360": false, "hasStaging": false, "topNewDevelopment": false}, {"propertyCode": "90365700", "thumbnail": "https://img3.idealista.com/blur/WEB_LISTING/0/id.pro.es.image.master/d5/d2/f5/827718779.jpg", "externalReference": "240467", "numPhotos": 25, "floor": "1", "price": 435000.0, "propertyType": "flat", "operation": "sale", "size": 148.0, "exterior": true, "rooms": 5, "bathrooms": 2, "address": "barrio La Nova Esquerra de l'Eixample", "province": "Barcelona", "municipality": "Barcelona", "district": "Eixample", "country": "es", "neighborhood": "La Nova Esquerra de l'Eixample", "latitude": 41.3808649, "longitude": 2.1531106, "showAddress": false, "url": "https://www.idealista.com/inmueble/90365700/", "distance": "169", "hasVideo": false, "status": "good", "newDevelopment": false, "hasLift": true, "priceByArea": 2939.0, "detailedType": {"typology": "flat"}, "suggestedTexts": {"subtitle": "La Nova Esquerra de l'Eixample, Barcelona", "title": "Piso"}, "hasPlan": true, "has3DTour": false, "has360": true, "hasStaging": false, "topNewDevelopment": false}, {"propertyCode": "82879646", "thumbnail": "https://img3.idealista.com/blur/WEB_LISTING/0/id.pro.es.image.master/94/10/9e/856777070.jpg", "externalReference": "199907", "numPhotos": 25, "floor": "1", "price": 575000.0, "propertyType": "flat", "operation": "sale", "size": 145.0, "exterior": true, "rooms": 4, "bathrooms": 2, "address": "barrio L'Antiga Esquerra de l'Eixample", "province": "Barcelona", "municipality": "Barcelona", "district": "Eixample", "country": "es", "neighborhood": "L'Antiga Esquerra de l'Eixample", "latitude": 41.387073, "longitude": 2.1528988, "showAddress": false, "url": "https://www.idealista.com/inmueble/82879646/", "distance": "807", "hasVideo": false, "status": "good", "newDevelopment": false, "hasLift": true, "parkingSpace": {"hasParkingSpace": true, "isParkingSpaceIncludedInPrice": true}, "priceByArea": 3966.0, "detailedType": {"typology": "flat"}, "suggestedTexts": {"subtitle": "L'Antiga Esquerra de l'Eixample, Barcelona", "title": "Piso"}, "hasPlan": true, "has3DTour": false, "has360": false, "hasStaging": false, "topNewDevelopment": false}, {"propertyCode": "92082951", "thumbnail": "https://img3.idealista.com/blur/WEB_LISTING/0/id.pro.es.image.master/0d/23/a7/830497892.jpg", "externalReference": "VB1905010-6", "numPhotos": 30, "floor": "9", "price": 525000.0, "propertyType": "flat", "operation": "sale", "size": 91.0, "exterior": true, "rooms": 2, "bathrooms": 2, "address": "Calle de C\u00f2rsega", "province": "Barcelona", "municipality": "Barcelona", "district": "Eixample", "country": "es", "neighborhood": "La Nova Esquerra de l'Eixample", "latitude": 41.383131, "longitude": 2.1456363, "showAddress": false, "url": "https://www.idealista.com/inmueble/92082951/", "distance": "836", "hasVideo": true, "status": "good", "newDevelopment": false, "hasLift": true, "priceByArea": 5769.0, "detailedType": {"typology": "flat"}, "suggestedTexts": {"subtitle": "La Nova Esquerra de l'Eixample, Barcelona", "title": "Piso en Calle de C\u00f2rsega"}, "hasPlan": false, "has3DTour": false, "has360": false, "hasStaging": false, "topNewDevelopment": false}, {"propertyCode": "91992343", "thumbnail": "https://img3.idealista.com/blur/WEB_LISTING/0/id.pro.es.image.master/1d/b7/f2/828138764.jpg", "externalReference": "VB2011057", "numPhotos": 24, "floor": "2", "price": 462000.0, "propertyType": "flat", "operation": "sale", "size": 127.0, "exterior": true, "rooms": 3, "bathrooms": 2, "address": "barrio Sant Antoni", "province": "Barcelona", "municipality": "Barcelona", "district": "Eixample", "country": "es", "neighborhood": "Sant Antoni", "latitude": 41.3835404, "longitude": 2.1617695, "showAddress": false, "url": "https://www.idealista.com/inmueble/91992343/", "distance": "711", "hasVideo": true, "status": "renew", "newDevelopment": false, "hasLift": true, "priceByArea": 3638.0, "detailedType": {"typology": "flat"}, "suggestedTexts": {"subtitle": "Sant Antoni, Barcelona", "title": "Piso"}, "hasPlan": true, "has3DTour": false, "has360": false, "hasStaging": false, "topNewDevelopment": false}, {"propertyCode": "91684916", "thumbnail": "https://img3.idealista.com/blur/WEB_LISTING/0/id.pro.es.image.master/ac/89/42/820756920.jpg", "externalReference": "VB2005013-5", "numPhotos": 35, "floor": "4", "price": 795000.0, "propertyType": "flat", "operation": "sale", "size": 136.0, "exterior": true, "rooms": 4, "bathrooms": 2, "address": "barrio Sant Antoni", "province": "Barcelona", "municipality": "Barcelona", "district": "Eixample", "country": "es", "neighborhood": "Sant Antoni", "latitude": 41.3769317, "longitude": 2.1551002, "showAddress": false, "url": "https://www.idealista.com/inmueble/91684916/", "distance": "335", "hasVideo": true, "status": "good", "newDevelopment": false, "hasLift": true, "priceByArea": 5846.0, "detailedType": {"typology": "flat"}, "suggestedTexts": {"subtitle": "Sant Antoni, Barcelona", "title": "Piso"}, "hasPlan": true, "has3DTour": false, "has360": false, "hasStaging": false, "topNewDevelopment": false}, {"propertyCode": "90776042", "thumbnail": "https://img3.idealista.com/blur/WEB_LISTING/0/id.pro.es.image.master/0a/6b/95/819322503.jpg", "externalReference": "W-02JMMY", "numPhotos": 28, "floor": "2", "price": 209000.0, "propertyType": "flat", "operation": "sale", "size": 70.0, "exterior": false, "rooms": 3, "bathrooms": 1, "address": "barrio El Raval", "province": "Barcelona", "municipality": "Barcelona", "district": "Ciutat Vella", "country": "es", "neighborhood": "El Raval", "latitude": 41.3788787, "longitude": 2.1649034, "showAddress": false, "url": "https://www.idealista.com/inmueble/90776042/", "distance": "857", "hasVideo": false, "status": "good", "newDevelopment": false, "hasLift": true, "priceByArea": 2986.0, "detailedType": {"typology": "flat"}, "suggestedTexts": {"subtitle": "El Raval, Barcelona", "title": "Piso"}, "hasPlan": true, "has3DTour": false, "has360": false, "hasStaging": false, "topNewDevelopment": false}, {"propertyCode": "89016718", "thumbnail": "https://img3.idealista.com/blur/WEB_LISTING/0/id.pro.es.image.master/6b/98/0f/761097312.jpg", "externalReference": "W-02HTXG", "numPhotos": 28, "floor": "1", "price": 220000.0, "propertyType": "flat", "operation": "sale", "size": 62.0, "exterior": false, "rooms": 1, "bathrooms": 1, "address": "barrio Sant Antoni", "province": "Barcelona", "municipality": "Barcelona", "district": "Eixample", "country": "es", "neighborhood": "Sant Antoni", "latitude": 41.3751384, "longitude": 2.1608816, "showAddress": false, "url": "https://www.idealista.com/inmueble/89016718/", "distance": "741", "hasVideo": false, "status": "good", "newDevelopment": false, "hasLift": true, "priceByArea": 3548.0, "detailedType": {"typology": "flat"}, "suggestedTexts": {"subtitle": "Sant Antoni, Barcelona", "title": "Piso"}, "hasPlan": true, "has3DTour": true, "has360": false, "hasStaging": false, "topNewDevelopment": false}, {"propertyCode": "88837082", "thumbnail": "https://img3.idealista.com/blur/WEB_LISTING/0/id.pro.es.image.master/43/8e/70/756648045.jpg", "externalReference": "v7119", "numPhotos": 48, "floor": "9", "price": 1190000.0, "propertyType": "penthouse", "operation": "sale", "size": 123.0, "exterior": true, "rooms": 3, "bathrooms": 3, "address": "barrio La Nova Esquerra de l'Eixample", "province": "Barcelona", "municipality": "Barcelona", "district": "Eixample", "country": "es", "neighborhood": "La Nova Esquerra de l'Eixample", "latitude": 41.3821657, "longitude": 2.1498013, "showAddress": false, "url": "https://www.idealista.com/inmueble/88837082/", "distance": "479", "hasVideo": true, "status": "good", "newDevelopment": false, "hasLift": true, "priceByArea": 9675.0, "detailedType": {"typology": "flat", "subTypology": "penthouse"}, "suggestedTexts": {"subtitle": "La Nova Esquerra de l'Eixample, Barcelona", "title": "\u00c1tico"}, "hasPlan": true, "has3DTour": true, "has360": false, "hasStaging": false, "topNewDevelopment": false}, {"propertyCode": "85983290", "thumbnail": "https://img3.idealista.com/blur/WEB_LISTING/0/id.pro.es.image.master/b8/bd/d9/824527685.jpg", "externalReference": "W-02G5SP", "numPhotos": 29, "floor": "1", "price": 349000.0, "propertyType": "flat", "operation": "sale", "size": 190.0, "exterior": false, "rooms": 4, "bathrooms": 2, "address": "barrio Sant Antoni", "province": "Barcelona", "municipality": "Barcelona", "district": "Eixample", "country": "es", "neighborhood": "Sant Antoni", "latitude": 41.37577, "longitude": 2.1564457, "showAddress": false, "url": "https://www.idealista.com/inmueble/85983290/", "distance": "485", "hasVideo": false, "status": "good", "newDevelopment": false, "hasLift": false, "priceByArea": 1837.0, "detailedType": {"typology": "flat"}, "suggestedTexts": {"subtitle": "Sant Antoni, Barcelona", "title": "Piso"}, "hasPlan": true, "has3DTour": false, "has360": false, "hasStaging": false, "topNewDevelopment": false}, {"propertyCode": "92778732", "thumbnail": "https://img3.idealista.com/blur/WEB_LISTING/0/id.pro.es.image.master/8e/4e/ed/847913183.jpg", "externalReference": "A6012", "numPhotos": 40, "floor": "2", "price": 370000.0, "propertyType": "flat", "operation": "sale", "size": 87.0, "exterior": true, "rooms": 3, "bathrooms": 2, "address": "Calle de Arag\u00f3n, 60", "province": "Barcelona", "municipality": "Barcelona", "district": "Eixample", "country": "es", "neighborhood": "La Nova Esquerra de l'Eixample", "latitude": 41.3818687, "longitude": 2.1513448, "showAddress": true, "url": "https://www.idealista.com/inmueble/92778732/", "distance": "353", "hasVideo": false, "status": "renew", "newDevelopment": false, "hasLift": true, "priceByArea": 4253.0, "detailedType": {"typology": "flat"}, "suggestedTexts": {"subtitle": "La Nova Esquerra de l'Eixample, Barcelona", "title": "Piso en Calle de Arag\u00f3n, 60"}, "hasPlan": true, "has3DTour": false, "has360": false, "hasStaging": false, "topNewDevelopment": false}, {"propertyCode": "91876270", "thumbnail": "https://img3.idealista.com/blur/WEB_LISTING/0/id.pro.es.image.master/96/a3/8e/825403398.jpg", "externalReference": "VB1711059-6", "numPhotos": 17, "floor": "en", "price": 550000.0, "propertyType": "flat", "operation": "sale", "size": 112.0, "exterior": true, "rooms": 2, "bathrooms": 2, "address": "Calle de la Diputaci\u00f3", "province": "Barcelona", "municipality": "Barcelona", "district": "Eixample", "country": "es", "neighborhood": "La Nova Esquerra de l'Eixample", "latitude": 41.3797274, "longitude": 2.1536866, "showAddress": false, "url": "https://www.idealista.com/inmueble/91876270/", "distance": "89", "hasVideo": false, "status": "good", "newDevelopment": false, "hasLift": true, "priceByArea": 4911.0, "detailedType": {"typology": "flat"}, "suggestedTexts": {"subtitle": "La Nova Esquerra de l'Eixample, Barcelona", "title": "Piso en Calle de la Diputaci\u00f3"}, "hasPlan": true, "has3DTour": false, "has360": false, "hasStaging": false, "topNewDevelopment": false}, {"propertyCode": "92605344", "thumbnail": "https://img3.idealista.com/blur/WEB_LISTING/0/id.pro.es.image.master/d2/b6/c6/843817309.jpg", "externalReference": "V-2079", "numPhotos": 26, "floor": "6", "price": 450000.0, "propertyType": "flat", "operation": "sale", "size": 120.0, "exterior": true, "rooms": 4, "bathrooms": 2, "address": "Floridablanca", "province": "Barcelona", "municipality": "Barcelona", "district": "Eixample", "country": "es", "neighborhood": "Sant Antoni", "latitude": 41.3806196, "longitude": 2.1618463, "showAddress": false, "url": "https://www.idealista.com/inmueble/92605344/", "distance": "599", "hasVideo": false, "status": "renew", "newDevelopment": false, "hasLift": true, "priceByArea": 3750.0, "detailedType": {"typology": "flat"}, "suggestedTexts": {"subtitle": "Sant Antoni, Barcelona", "title": "Piso en Floridablanca"}, "hasPlan": false, "has3DTour": false, "has360": false, "hasStaging": false, "topNewDevelopment": false}, {"propertyCode": "92780900", "thumbnail": "https://img3.idealista.com/blur/WEB_LISTING/0/id.pro.es.image.master/f7/c3/b9/847970375.jpg", "externalReference": "0106-679-470-V", "numPhotos": 21, "floor": "2", "price": 359000.0, "propertyType": "flat", "operation": "sale", "size": 75.0, "exterior": true, "rooms": 3, "bathrooms": 1, "address": "Calle de Viladomat", "province": "Barcelona", "municipality": "Barcelona", "district": "Eixample", "country": "es", "neighborhood": "Sant Antoni", "latitude": 41.3769574, "longitude": 2.1608893, "showAddress": false, "url": "https://www.idealista.com/inmueble/92780900/", "distance": "612", "hasVideo": true, "status": "good", "newDevelopment": false, "hasLift": false, "priceByArea": 4787.0, "detailedType": {"typology": "flat"}, "suggestedTexts": {"subtitle": "Sant Antoni, Barcelona", "title": "Piso en Calle de Viladomat"}, "hasPlan": true, "has3DTour": true, "has360": false, "hasStaging": false, "topNewDevelopment": false}, {"propertyCode": "92991518", "thumbnail": "https://img3.idealista.com/blur/WEB_LISTING/0/id.pro.es.image.master/4c/3f/5c/852621157.jpg", "externalReference": "TANDEM-FLORIDABLANCA", "numPhotos": 32, "floor": "5", "price": 450000.0, "propertyType": "flat", "operation": "sale", "size": 140.0, "exterior": true, "rooms": 4, "bathrooms": 2, "address": "FLORIDABLANCA", "province": "Barcelona", "municipality": "Barcelona", "district": "Eixample", "country": "es", "neighborhood": "Sant Antoni", "latitude": 41.3817196, "longitude": 2.1610463, "showAddress": false, "url": "https://www.idealista.com/inmueble/92991518/", "distance": "564", "hasVideo": false, "status": "good", "newDevelopment": false, "hasLift": true, "priceByArea": 3214.0, "detailedType": {"typology": "flat"}, "suggestedTexts": {"subtitle": "Sant Antoni, Barcelona", "title": "Piso en FLORIDABLANCA"}, "hasPlan": false, "has3DTour": false, "has360": false, "hasStaging": false, "topNewDevelopment": false}, {"propertyCode": "92499831", "thumbnail": "https://img3.idealista.com/blur/WEB_LISTING/0/id.pro.es.image.master/98/e3/89/841136642.jpg", "externalReference": "VB2012001-1", "numPhotos": 35, "floor": "en", "price": 570000.0, "propertyType": "flat", "operation": "sale", "size": 122.0, "exterior": true, "rooms": 3, "bathrooms": 2, "address": "Calle de la Diputaci\u00f3", "province": "Barcelona", "municipality": "Barcelona", "district": "Eixample", "country": "es", "neighborhood": "L'Antiga Esquerra de l'Eixample", "latitude": 41.3865087, "longitude": 2.1582094, "showAddress": false, "url": "https://www.idealista.com/inmueble/92499831/", "distance": "786", "hasVideo": false, "status": "good", "newDevelopment": false, "hasLift": true, "priceByArea": 4672.0, "detailedType": {"typology": "flat"}, "suggestedTexts": {"subtitle": "L'Antiga Esquerra de l'Eixample, Barcelona", "title": "Piso en Calle de la Diputaci\u00f3"}, "hasPlan": false, "has3DTour": false, "has360": false, "hasStaging": false, "topNewDevelopment": false}, {"propertyCode": "92314598", "thumbnail": "https://img3.idealista.com/blur/WEB_LISTING/0/id.pro.es.image.master/f2/17/d3/836779790.jpg", "externalReference": "553", "numPhotos": 27, "floor": "1", "price": 300000.0, "propertyType": "flat", "operation": "sale", "size": 60.0, "exterior": true, "rooms": 2, "bathrooms": 1, "address": "Ronda de Sant Antoni", "province": "Barcelona", "municipality": "Barcelona", "district": "Eixample", "country": "es", "neighborhood": "Sant Antoni", "latitude": 41.3800592, "longitude": 2.1646769, "showAddress": false, "url": "https://www.idealista.com/inmueble/92314598/", "distance": "831", "hasVideo": true, "status": "good", "newDevelopment": false, "hasLift": false, "priceByArea": 5000.0, "detailedType": {"typology": "flat"}, "suggestedTexts": {"subtitle": "Sant Antoni, Barcelona", "title": "Piso en Ronda de Sant Antoni"}, "hasPlan": true, "has3DTour": false, "has360": false, "hasStaging": false, "topNewDevelopment": false}, {"propertyCode": "89103722", "thumbnail": "https://img3.idealista.com/blur/WEB_LISTING/0/id.pro.es.image.master/78/6b/72/763335738.jpg", "externalReference": "019263", "numPhotos": 26, "price": 1325000.0, "propertyType": "flat", "operation": "sale", "size": 149.0, "exterior": true, "rooms": 2, "bathrooms": 3, "address": "Calle de la Diputaci\u00f3", "province": "Barcelona", "municipality": "Barcelona", "district": "Eixample", "country": "es", "neighborhood": "L'Antiga Esquerra de l'Eixample", "latitude": 41.3844885, "longitude": 2.1607455, "showAddress": false, "url": "https://www.idealista.com/inmueble/89103722/", "distance": "713", "hasVideo": false, "status": "good", "newDevelopment": false, "hasLift": true, "priceByArea": 8893.0, "detailedType": {"typology": "flat"}, "suggestedTexts": {"subtitle": "L'Antiga Esquerra de l'Eixample, Barcelona", "title": "Piso en Calle de la Diputaci\u00f3"}, "hasPlan": false, "has3DTour": false, "has360": false, "hasStaging": false, "topNewDevelopment": false}, {"propertyCode": "91763933", "thumbnail": "https://img3.idealista.com/blur/WEB_LISTING/0/id.pro.es.image.master/ff/4c/5b/845803785.jpg", "externalReference": "S-29945", "numPhotos": 24, "floor": "6", "price": 319000.0, "propertyType": "flat", "operation": "sale", "size": 90.0, "exterior": true, "rooms": 3, "bathrooms": 2, "address": "Calle del Rossell\u00f3", "province": "Barcelona", "municipality": "Barcelona", "district": "Eixample", "country": "es", "neighborhood": "La Nova Esquerra de l'Eixample", "latitude": 41.3820826, "longitude": 2.1462668, "showAddress": false, "url": "https://www.idealista.com/inmueble/91763933/", "distance": "744", "hasVideo": false, "status": "good", "newDevelopment": false, "hasLift": true, "priceByArea": 3544.0, "detailedType": {"typology": "flat"}, "suggestedTexts": {"subtitle": "La Nova Esquerra de l'Eixample, Barcelona", "title": "Piso en Calle del Rossell\u00f3"}, "hasPlan": true, "has3DTour": true, "has360": false, "hasStaging": false, "topNewDevelopment": false}, {"propertyCode": "89824417", "thumbnail": "https://img3.idealista.com/blur/WEB_LISTING/0/id.pro.es.image.master/31/14/a0/828538959.jpg", "externalReference": "BCN06381", "numPhotos": 24, "floor": "8", "price": 795000.0, "propertyType": "flat", "operation": "sale", "size": 180.0, "exterior": true, "rooms": 4, "bathrooms": 2, "address": "barrio La Nova Esquerra de l'Eixample", "province": "Barcelona", "municipality": "Barcelona", "district": "Eixample", "country": "es", "neighborhood": "La Nova Esquerra de l'Eixample", "latitude": 41.3814869, "longitude": 2.1594459, "showAddress": false, "url": "https://www.idealista.com/inmueble/89824417/", "distance": "430", "hasVideo": false, "status": "good", "newDevelopment": false, "hasLift": true, "parkingSpace": {"hasParkingSpace": true, "isParkingSpaceIncludedInPrice": false, "parkingSpacePrice": 25000.0}, "priceByArea": 4417.0, "detailedType": {"typology": "flat"}, "suggestedTexts": {"subtitle": "La Nova Esquerra de l'Eixample, Barcelona", "title": "Piso"}, "hasPlan": true, "has3DTour": false, "has360": false, "hasStaging": false, "topNewDevelopment": false}, {"propertyCode": "92966434", "thumbnail": "https://img3.idealista.com/blur/WEB_LISTING/0/id.pro.es.image.master/24/b0/28/856506432.jpg", "externalReference": "246929", "numPhotos": 23, "floor": "5", "price": 275000.0, "propertyType": "penthouse", "operation": "sale", "size": 66.0, "exterior": true, "rooms": 1, "bathrooms": 1, "address": "barrio El Raval", "province": "Barcelona", "municipality": "Barcelona", "district": "Ciutat Vella", "country": "es", "neighborhood": "El Raval", "latitude": 41.3783676, "longitude": 2.1645358, "showAddress": false, "url": "https://www.idealista.com/inmueble/92966434/", "distance": "837", "hasVideo": false, "status": "good", "newDevelopment": false, "hasLift": false, "priceByArea": 4167.0, "detailedType": {"typology": "flat", "subTypology": "penthouse"}, "suggestedTexts": {"subtitle": "El Raval, Barcelona", "title": "\u00c1tico"}, "hasPlan": false, "has3DTour": false, "has360": false, "hasStaging": false, "topNewDevelopment": false}, {"propertyCode": "92753511", "thumbnail": "https://img3.idealista.com/blur/WEB_LISTING/0/id.pro.es.image.master/d4/14/05/847296703.jpg", "externalReference": "BCN27357", "numPhotos": 29, "price": 795000.0, "propertyType": "flat", "operation": "sale", "size": 135.0, "exterior": true, "rooms": 4, "bathrooms": 2, "address": "barrio Sant Antoni", "province": "Barcelona", "municipality": "Barcelona", "district": "Eixample", "country": "es", "neighborhood": "Sant Antoni", "latitude": 41.3773156, "longitude": 2.1534071, "showAddress": false, "url": "https://www.idealista.com/inmueble/92753511/", "distance": "311", "hasVideo": false, "status": "good", "newDevelopment": false, "hasLift": true, "priceByArea": 5889.0, "detailedType": {"typology": "flat"}, "suggestedTexts": {"subtitle": "Sant Antoni, Barcelona", "title": "Piso"}, "hasPlan": false, "has3DTour": false, "has360": false, "hasStaging": false, "topNewDevelopment": false}, {"propertyCode": "93085349", "thumbnail": "https://img3.idealista.com/blur/WEB_LISTING/0/id.pro.es.image.master/aa/6e/c3/854158959.jpg", "externalReference": "037-1348", "numPhotos": 51, "floor": "6", "price": 795000.0, "propertyType": "flat", "operation": "sale", "size": 155.0, "exterior": true, "rooms": 4, "bathrooms": 2, "address": "Gran Via de les Corts Catalanes", "province": "Barcelona", "municipality": "Barcelona", "district": "Eixample", "country": "es", "neighborhood": "Sant Antoni", "latitude": 41.3774156, "longitude": 2.1535071, "showAddress": false, "url": "https://www.idealista.com/inmueble/93085349/", "distance": "297", "hasVideo": false, "status": "good", "newDevelopment": false, "hasLift": true, "priceByArea": 5129.0, "detailedType": {"typology": "flat"}, "suggestedTexts": {"subtitle": "Sant Antoni, Barcelona", "title": "Piso en Gran Via de les Corts Catalanes"}, "hasPlan": true, "has3DTour": false, "has360": false, "hasStaging": false, "topNewDevelopment": false}, {"propertyCode": "92524329", "thumbnail": "https://img3.idealista.com/blur/WEB_LISTING/0/id.pro.es.image.master/2c/40/db/844579025.jpg", "externalReference": "S-30569", "numPhotos": 19, "floor": "3", "price": 289000.0, "propertyType": "flat", "operation": "sale", "size": 69.0, "exterior": true, "rooms": 3, "bathrooms": 1, "address": "Calle d'Enten\u00e7a", "province": "Barcelona", "municipality": "Barcelona", "district": "Eixample", "country": "es", "neighborhood": "La Nova Esquerra de l'Eixample", "latitude": 41.3825314, "longitude": 2.1483092, "showAddress": false, "url": "https://www.idealista.com/inmueble/92524329/", "distance": "607", "hasVideo": false, "status": "good", "newDevelopment": false, "hasLift": true, "priceByArea": 4188.0, "detailedType": {"typology": "flat"}, "suggestedTexts": {"subtitle": "La Nova Esquerra de l'Eixample, Barcelona", "title": "Piso en Calle d'Enten\u00e7a"}, "hasPlan": true, "has3DTour": true, "has360": false, "hasStaging": false, "topNewDevelopment": false}]