[{"propertyCode": "88993130", "thumbnail": "https://img3.idealista.com/blur/WEB_LISTING/0/id.pro.es.image.master/34/9e/59/761303363.jpg", "externalReference": "W-02D55P", "numPhotos": 32, "floor": "2", "price": 800000.0, "propertyType": "flat", "operation": "sale", "size": 165.0, "exterior": false, "rooms": 4, "bathrooms": 3, "address": "barrio El Putxet i el Farr\u00f3", "province": "Barcelona", "municipality": "Barcelona", "district": "Sarri\u00e0-Sant Gervasi", "country": "es", "neighborhood": "El Putxet i el Farr\u00f3", "latitude": 41.4077268, "longitude": 2.1456862, "showAddress": false, "url": "https://www.idealista.com/inmueble/88993130/", "distance": "615", "hasVideo": false, "status": "good", "newDevelopment": false, "hasLift": true, "parkingSpace": {"hasParkingSpace": true, "isParkingSpaceIncludedInPrice": true}, "priceByArea": 4848.0, "detailedType": {"typology": "flat"}, "suggestedTexts": {"subtitle": "El Putxet i el Farr\u00f3, Barcelona", "title": "Piso"}, "hasPlan": true, "has3DTour": true, "has360": false, "hasStaging": false, "topNewDevelopment": false}, {"propertyCode": "86954951", "thumbnail": "https://img3.idealista.com/blur/WEB_LISTING/0/id.pro.es.image.master/7f/45/8d/755900056.jpg", "externalReference": "W-02GRFP", "numPhotos": 38, "floor": "1", "price": 1100000.0, "propertyType": "flat", "operation": "sale", "size": 234.0, "exterior": false, "rooms": 3, "bathrooms": 3, "address": "barrio Sant Gervasi - La Bonanova", "province": "Barcelona", "municipality": "Barcelona", "district": "Sarri\u00e0-Sant Gervasi", "country": "es", "neighborhood": "Sant Gervasi - La Bonanova", "latitude": 41.4130985, "longitude": 2.1310214, "showAddress": false, "url": "https://www.idealista.com/inmueble/86954951/", "distance": "812", "hasVideo": false, "status": "good", "newDevelopment": false, "hasLift": false, "parkingSpace": {"hasParkingSpace": true, "isParkingSpaceIncludedInPrice": true}, "priceByArea": 4701.0, "detailedType": {"typology": "flat"}, "suggestedTexts": {"subtitle": "Sant Gervasi - La Bonanova, Barcelona", "title": "Piso"}, "hasPlan": true, "has3DTour": true, "has360": false, "hasStaging": false, "topNewDevelopment": false}, {"propertyCode": "86274419", "thumbnail": "https://img3.idealista.com/blur/WEB_LISTING/0/id.pro.es.image.master/24/62/c4/755952906.jpg", "externalReference": "W-02E79H", "numPhotos": 43, "price": 830000.0, "propertyType": "penthouse", "operation": "sale", "size": 184.0, "exterior": false, "rooms": 5, "bathrooms": 2, "address": "barrio Sant Gervasi - La Bonanova", "province": "Barcelona", "municipality": "Barcelona", "district": "Sarri\u00e0-Sant Gervasi", "country": "es", "neighborhood": "Sant Gervasi - La Bonanova", "latitude": 41.4055359, "longitude": 2.1364713, "showAddress": false, "url": "https://www.idealista.com/inmueble/86274419/", "distance": "769", "hasVideo": false, "status": "good", "newDevelopment": false, "hasLift": true, "priceByArea": 4511.0, "detailedType": {"typology": "flat", "subTypology": "penthouse"}, "suggestedTexts": {"subtitle": "Sant Gervasi - La Bonanova, Barcelona", "title": "\u00c1tico"}, "hasPlan": true, "has3DTour": true, "has360": false, "hasStaging": false, "topNewDevelopment": false}, {"propertyCode": "88869912", "thumbnail": "https://img3.idealista.com/blur/WEB_LISTING/0/id.pro.es.image.master/65/cd/4f/757476750.jpg", "externalReference": "BCN15755", "numPhotos": 26, "price": 1700000.0, "propertyType": "penthouse", "operation": "sale", "size": 316.0, "exterior": true, "rooms": 6, "bathrooms": 3, "address": "barrio Sant Gervasi - Galvany", "province": "Barcelona", "municipality": "Barcelona", "district": "Sarri\u00e0-Sant Gervasi", "country": "es", "neighborhood": "Sant Gervasi - Galvany", "latitude": 41.4043581, "longitude": 2.1412002, "showAddress": false, "url": "https://www.idealista.com/inmueble/88869912/", "distance": "821", "hasVideo": false, "status": "good", "newDevelopment": false, "hasLift": true, "parkingSpace": {"hasParkingSpace": true, "isParkingSpaceIncludedInPrice": true}, "priceByArea": 5380.0, "detailedType": {"typology": "flat", "subTypology": "penthouse"}, "suggestedTexts": {"subtitle": "Sant Gervasi - Galvany, Barcelona", "title": "\u00c1tico"}, "hasPlan": false, "has3DTour": true, "has360": false, "hasStaging": false, "topNewDevelopment": false}, {"propertyCode": "91869060", "thumbnail": "https://img3.idealista.com/blur/WEB_LISTING/0/id.pro.es.image.master/5b/66/7d/825201527.jpg", "externalReference": "VB2011033", "numPhotos": 33, "floor": "1", "price": 985000.0, "propertyType": "flat", "operation": "sale", "size": 210.0, "exterior": true, "rooms": 5, "bathrooms": 4, "address": "barrio El Putxet i el Farr\u00f3", "province": "Barcelona", "municipality": "Barcelona", "district": "Sarri\u00e0-Sant Gervasi", "country": "es", "neighborhood": "El Putxet i el Farr\u00f3", "latitude": 41.405933, "longitude": 2.145408, "showAddress": false, "url": "https://www.idealista.com/inmueble/91869060/", "distance": "759", "hasVideo": true, "status": "good", "newDevelopment": false, "hasLift": true, "parkingSpace": {"hasParkingSpace": true, "isParkingSpaceIncludedInPrice": true}, "priceByArea": 4690.0, "detailedType": {"typology": "flat"}, "suggestedTexts": {"subtitle": "El Putxet i el Farr\u00f3, Barcelona", "title": "Piso"}, "hasPlan": true, "has3DTour": false, "has360": true, "hasStaging": false, "topNewDevelopment": false}, {"propertyCode": "90822259", "thumbnail": "https://img3.idealista.com/blur/WEB_LISTING/0/id.pro.es.image.master/d6/f9/e8/799371723.jpg", "externalReference": "BCN04664", "numPhotos": 22, "floor": "7", "price": 825000.0, "propertyType": "flat", "operation": "sale", "size": 160.0, "exterior": true, "rooms": 3, "bathrooms": 2, "address": "barrio Sant Gervasi - Galvany", "province": "Barcelona", "municipality": "Barcelona", "district": "Sarri\u00e0-Sant Gervasi", "country": "es", "neighborhood": "Sant Gervasi - Galvany", "latitude": 41.4060375, "longitude": 2.142631, "showAddress": false, "url": "https://www.idealista.com/inmueble/90822259/", "distance": "655", "hasVideo": true, "status": "good", "newDevelopment": false, "hasLift": true, "priceByArea": 5156.0, "detailedType": {"typology": "flat"}, "suggestedTexts": {"subtitle": "Sant Gervasi - Galvany, Barcelona", "title": "Piso"}, "hasPlan": true, "has3DTour": false, "has360": false, "hasStaging": false, "topNewDevelopment": false}, {"propertyCode": "89445845", "thumbnail": "https://img3.idealista.com/blur/WEB_LISTING/0/id.pro.es.image.master/d6/73/32/771607601.jpg", "externalReference": "W-02INYS", "numPhotos": 43, "price": 499000.0, "propertyType": "flat", "operation": "sale", "size": 161.0, "exterior": false, "rooms": 4, "bathrooms": 2, "address": "barrio Sant Gervasi - Galvany", "province": "Barcelona", "municipality": "Barcelona", "district": "Sarri\u00e0-Sant Gervasi", "country": "es", "neighborhood": "Sant Gervasi - Galvany", "latitude": 41.4048148, "longitude": 2.1433412, "showAddress": false, "url": "https://www.idealista.com/inmueble/89445845/", "distance": "802", "hasVideo": false, "status": "renew", "newDevelopment": false, "hasLift": true, "priceByArea": 3099.0, "detailedType": {"typology": "flat"}, "suggestedTexts": {"subtitle": "Sant Gervasi - Galvany, Barcelona", "title": "Piso"}, "hasPlan": true, "has3DTour": false, "has360": true, "hasStaging": false, "topNewDevelopment": false}, {"propertyCode": "92764073", "thumbnail": "https://img3.idealista.com/blur/WEB_LISTING/0/id.pro.es.image.master/a0/2e/77/848286284.jpg", "externalReference": "SP100YR", "numPhotos": 37, "floor": "bj", "price": 745000.0, "propertyType": "flat", "operation": "sale", "size": 207.0, "exterior": true, "rooms": 3, "bathrooms": 2, "address": "barrio El Putxet i el Farr\u00f3", "province": "Barcelona", "municipality": "Barcelona", "district": "Sarri\u00e0-Sant Gervasi", "country": "es", "neighborhood": "El Putxet i el Farr\u00f3", "latitude": 41.4105581, "longitude": 2.1426154, "showAddress": false, "url": "https://www.idealista.com/inmueble/92764073/", "distance": "213", "hasVideo": true, "status": "good", "newDevelopment": false, "hasLift": true, "priceByArea": 3599.0, "detailedType": {"typology": "flat"}, "suggestedTexts": {"subtitle": "El Putxet i el Farr\u00f3, Barcelona", "title": "Piso"}, "hasPlan": true, "has3DTour": false, "has360": true, "hasStaging": false, "topNewDevelopment": false}, {"propertyCode": "85190976", "thumbnail": "https://img3.idealista.com/blur/WEB_LISTING/0/id.pro.es.image.master/c9/7c/d7/804946018.jpg", "externalReference": "SP151FM", "numPhotos": 29, "floor": "3", "price": 549000.0, "propertyType": "flat", "operation": "sale", "size": 118.0, "exterior": true, "rooms": 3, "bathrooms": 2, "address": "Paseo de Sant Gervasi, Barcelona", "province": "Barcelona", "municipality": "Barcelona", "district": "Sarri\u00e0-Sant Gervasi", "country": "es", "neighborhood": "El Putxet i el Farr\u00f3", "latitude": 41.4132817, "longitude": 2.1392877, "showAddress": false, "url": "https://www.idealista.com/inmueble/85190976/", "distance": "203", "hasVideo": true, "status": "good", "newDevelopment": false, "hasLift": true, "priceByArea": 4653.0, "detailedType": {"typology": "flat"}, "suggestedTexts": {"subtitle": "El Putxet i el Farr\u00f3, Barcelona", "title": "Piso en Paseo de Sant Gervasi, Barcelona"}, "hasPlan": true, "has3DTour": false, "has360": true, "hasStaging": false, "topNewDevelopment": false}, {"propertyCode": "89705491", "thumbnail": "https://img3.idealista.com/blur/WEB_LISTING/0/id.pro.es.image.master/a8/50/80/800885015.jpg", "externalReference": "0951", "numPhotos": 25, "floor": "2", "price": 399000.0, "propertyType": "flat", "operation": "sale", "size": 105.0, "exterior": true, "rooms": 4, "bathrooms": 2, "address": "barrio El Putxet i el Farr\u00f3", "province": "Barcelona", "municipality": "Barcelona", "district": "Sarri\u00e0-Sant Gervasi", "country": "es", "neighborhood": "El Putxet i el Farr\u00f3", "latitude": 41.4114666, "longitude": 2.139694, "showAddress": false, "url": "https://www.idealista.com/inmueble/89705491/", "distance": "80", "hasVideo": false, "status": "good", "newDevelopment": false, "hasLift": true, "priceByArea": 3800.0, "detailedType": {"typology": "flat"}, "suggestedTexts": {"subtitle": "El Putxet i el Farr\u00f3, Barcelona", "title": "Piso"}, "hasPlan": true, "has3DTour": false, "has360": true, "hasStaging": false, "topNewDevelopment": false}, {"propertyCode": "38881514", "thumbnail": "https://img3.idealista.com/blur/WEB_LISTING/0/id.pro.es.image.master/76/10/3f/848273788.jpg", "externalReference": "BCN04915", "numPhotos": 29, "floor": "2", "price": 800000.0, "propertyType": "duplex", "operation": "sale", "size": 197.0, "exterior": true, "rooms": 3, "bathrooms": 3, "address": "barrio El Putxet i el Farr\u00f3", "province": "Barcelona", "municipality": "Barcelona", "district": "Sarri\u00e0-Sant Gervasi", "country": "es", "neighborhood": "El Putxet i el Farr\u00f3", "latitude": 41.4099121, "longitude": 2.1450005, "showAddress": false, "url": "https://www.idealista.com/inmueble/38881514/", "distance": "419", "hasVideo": false, "status": "good", "newDevelopment": false, "hasLift": true, "parkingSpace": {"hasParkingSpace": true, "isParkingSpaceIncludedInPrice": false, "parkingSpacePrice": 20000.0}, "priceByArea": 4061.0, "detailedType": {"typology": "flat", "subTypology": "duplex"}, "suggestedTexts": {"subtitle": "El Putxet i el Farr\u00f3, Barcelona", "title": "D\u00faplex"}, "hasPlan": true, "has3DTour": false, "has360": true, "hasStaging": false, "topNewDevelopment": false}, {"propertyCode": "92244864", "thumbnail": "https://img3.idealista.com/blur/WEB_LISTING/0/id.pro.es.image.master/53/a4/aa/857057725.jpg", "externalReference": "200135", "numPhotos": 45, "floor": "6", "price": 1149000.0, "propertyType": "duplex", "operation": "sale", "size": 248.0, "exterior": true, "rooms": 3, "bathrooms": 3, "address": "barrio El Putxet i el Farr\u00f3", "province": "Barcelona", "municipality": "Barcelona", "district": "Sarri\u00e0-Sant Gervasi", "country": "es", "neighborhood": "El Putxet i el Farr\u00f3", "latitude": 41.40521, "longitude": 2.13924, "showAddress": false, "url": "https://www.idealista.com/inmueble/92244864/", "distance": "733", "hasVideo": false, "status": "good", "newDevelopment": false, "hasLift": true, "priceByArea": 4633.0, "detailedType": {"typology": "flat", "subTypology": "duplex"}, "suggestedTexts": {"subtitle": "El Putxet i el Farr\u00f3, Barcelona", "title": "D\u00faplex"}, "hasPlan": true, "has3DTour": false, "has360": true, "hasStaging": false, "topNewDevelopment": false}, {"propertyCode": "92023188", "thumbnail": "https://img3.idealista.com/blur/WEB_LISTING/0/id.pro.es.image.master/79/4a/7b/828891907.jpg", "externalReference": "1442", "numPhotos": 29, "price": 760000.0, "propertyType": "flat", "operation": "sale", "size": 120.0, "exterior": true, "rooms": 3, "bathrooms": 2, "address": "barrio Vallcarca i els Penitents", "province": "Barcelona", "municipality": "Barcelona", "district": "Gr\u00e0cia", "country": "es", "neighborhood": "Vallcarca i els Penitents", "latitude": 41.4159354, "longitude": 2.1385804, "showAddress": false, "url": "https://www.idealista.com/inmueble/92023188/", "distance": "496", "hasVideo": false, "status": "good", "newDevelopment": false, "hasLift": true, "parkingSpace": {"hasParkingSpace": true, "isParkingSpaceIncludedInPrice": true}, "priceByArea": 6333.0, "detailedType": {"typology": "flat"}, "suggestedTexts": {"subtitle": "Vallcarca i els Penitents, Barcelona", "title": "Piso"}, "hasPlan": false, "has3DTour": false, "has360": true, "hasStaging": false, "topNewDevelopment": false}, {"propertyCode": "92493100", "thumbnail": "https://img3.idealista.com/blur/WEB_LISTING/0/id.pro.es.image.master/9b/30/c2/841436559.jpg", "externalReference": "245132", "numPhotos": 33, "floor": "bj", "price": 620000.0, "propertyType": "duplex", "operation": "sale", "size": 91.0, "exterior": true, "rooms": 3, "bathrooms": 3, "address": "barrio El Putxet i el Farr\u00f3", "province": "Barcelona", "municipality": "Barcelona", "district": "Sarri\u00e0-Sant Gervasi", "country": "es", "neighborhood": "El Putxet i el Farr\u00f3", "latitude": 41.4055634, "longitude": 2.1444171, "showAddress": false, "url": "https://www.idealista.com/inmueble/92493100/", "distance": "756", "hasVideo": false, "status": "good", "newDevelopment": false, "hasLift": true, "parkingSpace": {"hasParkingSpace": true, "isParkingSpaceIncludedInPrice": true}, "priceByArea": 6813.0, "detailedType": {"typology": "flat", "subTypology": "duplex"}, "suggestedTexts": {"subtitle": "El Putxet i el Farr\u00f3, Barcelona", "title": "D\u00faplex"}, "hasPlan": true, "has3DTour": false, "has360": false, "hasStaging": false, "topNewDevelopment": false}, {"propertyCode": "90311630", "thumbnail": "https://img3.idealista.com/blur/WEB_LISTING/0/id.pro.es.image.master/fe/ee/ac/787839564.jpg", "externalReference": "P_HURT", "numPhotos": 37, "floor": "bj", "price": 745000.0, "propertyType": "flat", "operation": "sale", "size": 207.0, "exterior": false, "rooms": 3, "bathrooms": 2, "address": "hurtado, 7", "province": "Barcelona", "municipality": "Barcelona", "district": "Sarri\u00e0-Sant Gervasi", "country": "es", "neighborhood": "El Putxet i el Farr\u00f3", "latitude": 41.4102264, "longitude": 2.1411077, "showAddress": true, "url": "https://www.idealista.com/inmueble/90311630/", "distance": "172", "hasVideo": false, "status": "good", "newDevelopment": false, "hasLift": true, "priceByArea": 3599.0, "detailedType": {"typology": "flat"}, "suggestedTexts": {"subtitle": "El Putxet i el Farr\u00f3, Barcelona", "title": "Piso en hurtado, 7"}, "hasPlan": true, "has3DTour": false, "has360": true, "hasStaging": false, "topNewDevelopment": false}, {"propertyCode": "92560536", "thumbnail": "https://img3.idealista.com/blur/WEB_LISTING/0/id.pro.es.image.master/ac/63/84/848463274.jpg", "externalReference": "246088", "numPhotos": 26, "floor": "bj", "price": 313000.0, "propertyType": "flat", "operation": "sale", "size": 54.0, "exterior": true, "rooms": 3, "bathrooms": 1, "address": "barrio Sant Gervasi - La Bonanova", "province": "Barcelona", "municipality": "Barcelona", "district": "Sarri\u00e0-Sant Gervasi", "country": "es", "neighborhood": "Sant Gervasi - La Bonanova", "latitude": 41.410206, "longitude": 2.1354206, "showAddress": false, "url": "https://www.idealista.com/inmueble/92560536/", "distance": "463", "hasVideo": false, "status": "renew", "newDevelopment": false, "hasLift": true, "priceByArea": 5796.0, "detailedType": {"typology": "flat"}, "suggestedTexts": {"subtitle": "Sant Gervasi - La Bonanova, Barcelona", "title": "Piso"}, "hasPlan": true, "has3DTour": false, "has360": true, "hasStaging": false, "topNewDevelopment": false}, {"propertyCode": "92560475", "thumbnail": "https://img3.idealista.com/blur/WEB_LISTING/0/id.pro.es.image.master/41/f3/e2/842679905.jpg", "externalReference": "243993", "numPhotos": 25, "floor": "2", "price": 880000.0, "propertyType": "flat", "operation": "sale", "size": 172.0, "exterior": true, "rooms": 3, "bathrooms": 3, "address": "barrio El Putxet i el Farr\u00f3", "province": "Barcelona", "municipality": "Barcelona", "district": "Sarri\u00e0-Sant Gervasi", "country": "es", "neighborhood": "El Putxet i el Farr\u00f3", "latitude": 41.4110355, "longitude": 2.1393086, "showAddress": false, "url": "https://www.idealista.com/inmueble/92560475/", "distance": "131", "hasVideo": false, "status": "good", "newDevelopment": false, "hasLift": true, "priceByArea": 5116.0, "detailedType": {"typology": "flat"}, "suggestedTexts": {"subtitle": "El Putxet i el Farr\u00f3, Barcelona", "title": "Piso"}, "hasPlan": true, "has3DTour": false, "has360": false, "hasStaging": false, "topNewDevelopment": false}, {"propertyCode": "91842091", "thumbnail": "https://img3.idealista.com/blur/WEB_LISTING/0/id.pro.es.image.master/ba/24/83/824572704.jpg", "externalReference": "242955", "numPhotos": 23, "floor": "5", "price": 350000.0, "propertyType": "flat", "operation": "sale", "size": 76.0, "exterior": true, "rooms": 3, "bathrooms": 1, "address": "barrio Vallcarca i els Penitents", "province": "Barcelona", "municipality": "Barcelona", "district": "Gr\u00e0cia", "country": "es", "neighborhood": "Vallcarca i els Penitents", "latitude": 41.4107816, "longitude": 2.1394402, "showAddress": false, "url": "https://www.idealista.com/inmueble/91842091/", "distance": "142", "hasVideo": false, "status": "good", "newDevelopment": false, "hasLift": true, "priceByArea": 4605.0, "detailedType": {"typology": "flat"}, "suggestedTexts": {"subtitle": "Vallcarca i els Penitents, Barcelona", "title": "Piso"}, "hasPlan": true, "has3DTour": false, "has360": false, "hasStaging": false, "topNewDevelopment": false}, {"propertyCode": "91648408", "thumbnail": "https://img3.idealista.com/blur/WEB_LISTING/0/id.pro.es.image.master/48/27/2a/844034961.jpg", "externalReference": "240750", "numPhotos": 22, "floor": "1", "price": 720000.0, "propertyType": "flat", "operation": "sale", "size": 130.0, "exterior": true, "rooms": 4, "bathrooms": 2, "address": "barrio El Putxet i el Farr\u00f3", "province": "Barcelona", "municipality": "Barcelona", "district": "Sarri\u00e0-Sant Gervasi", "country": "es", "neighborhood": "El Putxet i el Farr\u00f3", "latitude": 41.4076663, "longitude": 2.1388275, "showAddress": false, "url": "https://www.idealista.com/inmueble/91648408/", "distance": "475", "hasVideo": false, "status": "good", "newDevelopment": false, "hasLift": true, "parkingSpace": {"hasParkingSpace": true, "isParkingSpaceIncludedInPrice": true}, "priceByArea": 5538.0, "detailedType": {"typology": "flat"}, "suggestedTexts": {"subtitle": "El Putxet i el Farr\u00f3, Barcelona", "title": "Piso"}, "hasPlan": true, "has3DTour": false, "has360": true, "hasStaging": false, "topNewDevelopment": false}, {"propertyCode": "93173352", "thumbnail": "https://img3.idealista.com/blur/WEB_LISTING/0/id.pro.es.image.master/00/4f/00/856139471.jpg", "externalReference": "B07491BA", "numPhotos": 28, "floor": "1", "price": 950000.0, "propertyType": "flat", "operation": "sale", "size": 156.0, "exterior": true, "rooms": 6, "bathrooms": 3, "address": "Calle de Muntaner", "province": "Barcelona", "municipality": "Barcelona", "district": "Sarri\u00e0-Sant Gervasi", "country": "es", "neighborhood": "Sant Gervasi - La Bonanova", "latitude": 41.4070844, "longitude": 2.1325264, "showAddress": false, "url": "https://www.idealista.com/inmueble/93173352/", "distance": "847", "hasVideo": true, "status": "renew", "newDevelopment": false, "hasLift": true, "parkingSpace": {"hasParkingSpace": true, "isParkingSpaceIncludedInPrice": true}, "priceByArea": 6090.0, "detailedType": {"typology": "flat"}, "suggestedTexts": {"subtitle": "Sant Gervasi - La Bonanova, Barcelona", "title": "Piso en Calle de Muntaner"}, "hasPlan": false, "has3DTour": false, "has360": false, "hasStaging": false, "topNewDevelopment": false}, {"propertyCode": "93157330", "thumbnail": "https://img3.idealista.com/blur/WEB_LISTING/0/id.pro.es.image.master/f9/e8/44/855736577.jpg", "externalReference": "V-VALLCARCAM", "numPhotos": 29, "floor": "2", "price": 265000.0, "propertyType": "flat", "operation": "sale", "size": 65.0, "exterior": true, "rooms": 3, "bathrooms": 1, "address": "Avenida Vallcarca", "province": "Barcelona", "municipality": "Barcelona", "district": "Gr\u00e0cia", "country": "es", "neighborhood": "Vallcarca i els Penitents", "latitude": 41.4187878, "longitude": 2.1417252, "showAddress": false, "url": "https://www.idealista.com/inmueble/93157330/", "distance": "790", "hasVideo": false, "status": "good", "newDevelopment": false, "hasLift": false, "priceByArea": 4077.0, "detailedType": {"typology": "flat"}, "suggestedTexts": {"subtitle": "Vallcarca i els Penitents, Barcelona", "title": "Piso en Avenida Vallcarca"}, "hasPlan": true, "has3DTour": true, "has360": false, "hasStaging": false, "topNewDevelopment": false}, {"propertyCode": "91784565", "thumbnail": "https://img3.idealista.com/blur/WEB_LISTING/0/id.pro.es.image.master/f2/ea/81/823214879.jpg", "externalReference": "VB2011005-1", "numPhotos": 21, "floor": "4", "price": 429000.0, "propertyType": "penthouse", "operation": "sale", "size": 80.0, "exterior": true, "rooms": 1, "bathrooms": 1, "address": "barrio Vallcarca i els Penitents", "province": "Barcelona", "municipality": "Barcelona", "district": "Gr\u00e0cia", "country": "es", "neighborhood": "Vallcarca i els Penitents", "latitude": 41.4114349, "longitude": 2.1499492, "showAddress": false, "url": "https://www.idealista.com/inmueble/91784565/", "distance": "781", "hasVideo": true, "status": "good", "newDevelopment": false, "hasLift": true, "priceByArea": 5363.0, "detailedType": {"typology": "flat", "subTypology": "penthouse"}, "suggestedTexts": {"subtitle": "Vallcarca i els Penitents, Barcelona", "title": "\u00c1tico"}, "hasPlan": true, "has3DTour": false, "has360": false, "hasStaging": false, "topNewDevelopment": false}, {"propertyCode": "91006379", "thumbnail": "https://img3.idealista.com/blur/WEB_LISTING/0/id.pro.es.image.master/48/a0/d7/804675369.jpg", "externalReference": "W-02FB69", "numPhotos": 29, "floor": "1", "price": 375000.0, "propertyType": "flat", "operation": "sale", "size": 100.0, "exterior": false, "rooms": 3, "bathrooms": 2, "address": "barrio El Putxet i el Farr\u00f3", "province": "Barcelona", "municipality": "Barcelona", "district": "Sarri\u00e0-Sant Gervasi", "country": "es", "neighborhood": "El Putxet i el Farr\u00f3", "latitude": 41.4123193, "longitude": 2.1384409, "showAddress": false, "url": "https://www.idealista.com/inmueble/91006379/", "distance": "190", "hasVideo": false, "status": "renew", "newDevelopment": false, "hasLift": true, "priceByArea": 3750.0, "detailedType": {"typology": "flat"}, "suggestedTexts": {"subtitle": "El Putxet i el Farr\u00f3, Barcelona", "title": "Piso"}, "hasPlan": true, "has3DTour": false, "has360": false, "hasStaging": false, "topNewDevelopment": false}, {"propertyCode": "90773471", "thumbnail": "https://img3.idealista.com/blur/WEB_LISTING/0/id.pro.es.image.master/2d/02/30/798227268.jpg", "externalReference": "W-02HCFX", "numPhotos": 60, "floor": "7", "price": 960000.0, "propertyType": "flat", "operation": "sale", "size": 155.0, "exterior": false, "rooms": 4, "bathrooms": 2, "address": "barrio Sant Gervasi - La Bonanova", "province": "Barcelona", "municipality": "Barcelona", "district": "Sarri\u00e0-Sant Gervasi", "country": "es", "neighborhood": "Sant Gervasi - La Bonanova", "latitude": 41.4095506, "longitude": 2.1329555, "showAddress": false, "url": "https://www.idealista.com/inmueble/90773471/", "distance": "681", "hasVideo": false, "status": "good", "newDevelopment": false, "hasLift": true, "parkingSpace": {"hasParkingSpace": true, "isParkingSpaceIncludedInPrice": false, "parkingSpacePrice": 23000.0}, "priceByArea": 6194.0, "detailedType": {"typology": "flat"}, "suggestedTexts": {"subtitle": "Sant Gervasi - La Bonanova, Barcelona", "title": "Piso"}, "hasPlan": true, "has3DTour": false, "has360": false, "hasStaging": false, "topNewDevelopment": false}, {"propertyCode": "88888638", "thumbnail": "https://img3.idealista.com/blur/WEB_LISTING/0/id.pro.es.image.master/e1/45/1d/757939761.jpg", "externalReference": "W-02ICES", "numPhotos": 22, "floor": "-1", "price": 175000.0, "propertyType": "flat", "operation": "sale", "size": 48.0, "exterior": false, "rooms": 1, "bathrooms": 1, "address": "barrio Vallcarca i els Penitents", "province": "Barcelona", "municipality": "Barcelona", "district": "Gr\u00e0cia", "country": "es", "neighborhood": "Vallcarca i els Penitents", "latitude": 41.4115235, "longitude": 2.1460537, "showAddress": false, "url": "https://www.idealista.com/inmueble/88888638/", "distance": "456", "hasVideo": false, "status": "good", "newDevelopment": false, "hasLift": true, "priceByArea": 3646.0, "detailedType": {"typology": "flat"}, "suggestedTexts": {"subtitle": "Vallcarca i els Penitents, Barcelona", "title": "Piso"}, "hasPlan": true, "has3DTour": false, "has360": false, "hasStaging": false, "topNewDevelopment": false}, {"propertyCode": "83131388", "thumbnail": "https://img3.idealista.com/blur/WEB_LISTING/0/id.pro.es.image.master/dd/84/c5/755895621.jpg", "externalReference": "W-02E6FW", "numPhotos": 48, "price": 598000.0, "propertyType": "flat", "operation": "sale", "size": 248.0, "exterior": false, "rooms": 5, "bathrooms": 2, "address": "barrio Vallcarca i els Penitents", "province": "Barcelona", "municipality": "Barcelona", "district": "Gr\u00e0cia", "country": "es", "neighborhood": "Vallcarca i els Penitents", "latitude": 41.4179281, "longitude": 2.1445119, "showAddress": false, "url": "https://www.idealista.com/inmueble/83131388/", "distance": "762", "hasVideo": false, "status": "good", "newDevelopment": false, "hasLift": false, "priceByArea": 2411.0, "detailedType": {"typology": "flat"}, "suggestedTexts": {"subtitle": "Vallcarca i els Penitents, Barcelona", "title": "Piso"}, "hasPlan": true, "has3DTour": false, "has360": false, "hasStaging": false, "topNewDevelopment": false}, {"propertyCode": "92643937", "thumbnail": "https://img3.idealista.com/blur/WEB_LISTING/0/id.pro.es.image.master/5f/9d/06/844693539.jpg", "externalReference": "10256", "numPhotos": 35, "price": 799000.0, "propertyType": "flat", "operation": "sale", "size": 167.0, "exterior": false, "rooms": 5, "bathrooms": 2, "address": "Calle de Teodora Lamadrid", "province": "Barcelona", "municipality": "Barcelona", "district": "Sarri\u00e0-Sant Gervasi", "country": "es", "neighborhood": "Sant Gervasi - La Bonanova", "latitude": 41.4060674, "longitude": 2.138254, "showAddress": false, "url": "https://www.idealista.com/inmueble/92643937/", "distance": "659", "hasVideo": false, "status": "good", "newDevelopment": false, "hasLift": true, "priceByArea": 4784.0, "detailedType": {"typology": "flat"}, "suggestedTexts": {"subtitle": "Sant Gervasi - La Bonanova, Barcelona", "title": "Piso en Calle de Teodora Lamadrid"}, "hasPlan": true, "has3DTour": true, "has360": false, "hasStaging": false, "topNewDevelopment": false}, {"propertyCode": "90416547", "thumbnail": "https://img3.idealista.com/blur/WEB_LISTING/0/id.pro.es.image.master/e5/59/52/790309392.jpg", "externalReference": "9221", "numPhotos": 34, "price": 285000.0, "propertyType": "flat", "operation": "sale", "size": 75.0, "exterior": true, "rooms": 3, "bathrooms": 1, "address": "Calle de la Costa", "province": "Barcelona", "municipality": "Barcelona", "district": "Sarri\u00e0-Sant Gervasi", "country": "es", "neighborhood": "El Putxet i el Farr\u00f3", "latitude": 41.4097158, "longitude": 2.1464021, "showAddress": false, "url": "https://www.idealista.com/inmueble/90416547/", "distance": "534", "hasVideo": true, "status": "good", "newDevelopment": false, "hasLift": true, "priceByArea": 3800.0, "detailedType": {"typology": "flat"}, "suggestedTexts": {"subtitle": "El Putxet i el Farr\u00f3, Barcelona", "title": "Piso en Calle de la Costa"}, "hasPlan": true, "has3DTour": true, "has360": false, "hasStaging": false, "topNewDevelopment": false}, {"propertyCode": "92366056", "thumbnail": "https://img3.idealista.com/blur/WEB_LISTING/0/id.pro.es.image.master/42/6b/4c/853664338.jpg", "externalReference": "V134VL", "numPhotos": 22, "floor": "6", "price": 310000.0, "propertyType": "flat", "operation": "sale", "size": 84.0, "exterior": true, "rooms": 2, "bathrooms": 1, "address": "Paseo de Sant Gervasi, 82", "province": "Barcelona", "municipality": "Barcelona", "district": "Sarri\u00e0-Sant Gervasi", "country": "es", "neighborhood": "El Putxet i el Farr\u00f3", "latitude": 41.4130952, "longitude": 2.1380131, "showAddress": true, "url": "https://www.idealista.com/inmueble/92366056/", "distance": "262", "hasVideo": false, "status": "good", "newDevelopment": false, "hasLift": true, "priceByArea": 3690.0, "detailedType": {"typology": "flat"}, "suggestedTexts": {"subtitle": "El Putxet i el Farr\u00f3, Barcelona", "title": "Piso en Paseo de Sant Gervasi, 82"}, "hasPlan": true, "has3DTour": false, "has360": false, "hasStaging": false, "topNewDevelopment": false}, {"propertyCode": "91595047", "thumbnail": "https://img3.idealista.com/blur/WEB_LISTING/0/id.pro.es.image.master/68/93/55/818522341.jpg", "externalReference": "243424", "numPhotos": 18, "floor": "6", "price": 365000.0, "propertyType": "flat", "operation": "sale", "size": 75.0, "exterior": true, "rooms": 3, "bathrooms": 2, "address": "barrio El Putxet i el Farr\u00f3", "province": "Barcelona", "municipality": "Barcelona", "district": "Sarri\u00e0-Sant Gervasi", "country": "es", "neighborhood": "El Putxet i el Farr\u00f3", "latitude": 41.410274, "longitude": 2.1398229, "showAddress": false, "url": "https://www.idealista.com/inmueble/91595047/", "distance": "174", "hasVideo": false, "status": "good", "newDevelopment": false, "hasLift": true, "priceByArea": 4867.0, "detailedType": {"typology": "flat"}, "suggestedTexts": {"subtitle": "El Putxet i el Farr\u00f3, Barcelona", "title": "Piso"}, "hasPlan": true, "has3DTour": false, "has360": false, "hasStaging": false, "topNewDevelopment": false}, {"propertyCode": "89131054", "thumbnail": "https://img3.idealista.com/blur/WEB_LISTING/0/id.pro.es.image.master/e0/44/4f/840622681.jpg", "externalReference": "BCN648", "numPhotos": 48, "floor": "bj", "price": 5600000.0, "propertyType": "chalet", "operation": "sale", "size": 773.0, "exterior": false, "rooms": 11, "bathrooms": 8, "address": "Avenida del Tibidabo", "province": "Barcelona", "municipality": "Barcelona", "district": "Sarri\u00e0-Sant Gervasi", "country": "es", "neighborhood": "Sant Gervasi - La Bonanova", "latitude": 41.4137088, "longitude": 2.1320765, "showAddress": false, "url": "https://www.idealista.com/inmueble/89131054/", "distance": "743", "hasVideo": true, "status": "good", "newDevelopment": false, "parkingSpace": {"hasParkingSpace": true, "isParkingSpaceIncludedInPrice": true}, "priceByArea": 7245.0, "detailedType": {"typology": "chalet"}, "suggestedTexts": {"subtitle": "Sant Gervasi - La Bonanova, Barcelona", "title": "Chalet en Avenida del Tibidabo"}, "hasPlan": true, "has3DTour": false, "has360": false, "hasStaging": false, "topNewDevelopment": false}, {"propertyCode": "93185677", "thumbnail": "https://img3.idealista.com/blur/WEB_LISTING/0/id.pro.es.image.master/36/6c/8d/856458662.jpg", "externalReference": "001355A", "numPhotos": 36, "floor": "bj", "price": 965000.0, "propertyType": "chalet", "operation": "sale", "size": 178.0, "exterior": false, "rooms": 4, "bathrooms": 3, "address": "Calle d'Escipi\u00f3", "province": "Barcelona", "municipality": "Barcelona", "district": "Sarri\u00e0-Sant Gervasi", "country": "es", "neighborhood": "El Putxet i el Farr\u00f3", "latitude": 41.4055639, "longitude": 2.1464905, "showAddress": false, "url": "https://www.idealista.com/inmueble/93185677/", "distance": "844", "hasVideo": false, "status": "good", "newDevelopment": false, "priceByArea": 5421.0, "detailedType": {"typology": "chalet"}, "suggestedTexts": {"subtitle": "El Putxet i el Farr\u00f3, Barcelona", "title": "Chalet en Calle d'Escipi\u00f3"}, "hasPlan": false, "has3DTour": false, "has360": false, "hasStaging": false, "topNewDevelopment": false}, {"propertyCode": "91742559", "thumbnail": "https://img3.idealista.com/blur/WEB_LISTING/0/id.pro.es.image.master/d2/af/7f/822164138.jpg", "externalReference": "001416", "numPhotos": 36, "floor": "bj", "price": 965000.0, "propertyType": "chalet", "operation": "sale", "size": 178.0, "exterior": false, "rooms": 4, "bathrooms": 3, "address": "Calle d'Escipi\u00f3", "province": "Barcelona", "municipality": "Barcelona", "district": "Sarri\u00e0-Sant Gervasi", "country": "es", "neighborhood": "El Putxet i el Farr\u00f3", "latitude": 41.4084639, "longitude": 2.1460905, "showAddress": false, "url": "https://www.idealista.com/inmueble/91742559/", "distance": "585", "hasVideo": false, "status": "good", "newDevelopment": false, "priceByArea": 5421.0, "detailedType": {"typology": "chalet"}, "suggestedTexts": {"subtitle": "El Putxet i el Farr\u00f3, Barcelona", "title": "Chalet en Calle d'Escipi\u00f3"}, "hasPlan": false, "has3DTour": false, "has360": true, "hasStaging": false, "topNewDevelopment": false}, {"propertyCode": "90939011", "thumbnail": "https://img3.idealista.com/blur/WEB_LISTING/0/id.pro.es.image.master/2a/20/34/802586866.jpg", "externalReference": "W-02JOW4", "numPhotos": 25, "floor": "1", "price": 390000.0, "propertyType": "flat", "operation": "sale", "size": 102.0, "exterior": false, "rooms": 4, "bathrooms": 2, "address": "barrio El Putxet i el Farr\u00f3", "province": "Barcelona", "municipality": "Barcelona", "district": "Sarri\u00e0-Sant Gervasi", "country": "es", "neighborhood": "El Putxet i el Farr\u00f3", "latitude": 41.4117115, "longitude": 2.1401603, "showAddress": false, "url": "https://www.idealista.com/inmueble/90939011/", "distance": "35", "hasVideo": false, "status": "good", "newDevelopment": false, "hasLift": true, "priceByArea": 3824.0, "detailedType": {"typology": "flat"}, "suggestedTexts": {"subtitle": "El Putxet i el Farr\u00f3, Barcelona", "title": "Piso"}, "hasPlan": false, "has3DTour": false, "has360": false, "hasStaging": false, "topNewDevelopment": false}, {"propertyCode": "91099471", "thumbnail": "https://img3.idealista.com/blur/WEB_LISTING/0/id.pro.es.image.master/a1/99/00/809355901.jpg", "externalReference": "242670", "numPhotos": 25, "floor": "1", "price": 375000.0, "propertyType": "flat", "operation": "sale", "size": 92.0, "exterior": true, "rooms": 2, "bathrooms": 2, "address": "barrio El Putxet i el Farr\u00f3", "province": "Barcelona", "municipality": "Barcelona", "district": "Sarri\u00e0-Sant Gervasi", "country": "es", "neighborhood": "El Putxet i el Farr\u00f3", "latitude": 41.4113978, "longitude": 2.141565, "showAddress": false, "url": "https://www.idealista.com/inmueble/91099471/", "distance": "89", "hasVideo": false, "status": "good", "newDevelopment": false, "hasLift": true, "priceByArea": 4076.0, "detailedType": {"typology": "flat"}, "suggestedTexts": {"subtitle": "El Putxet i el Farr\u00f3, Barcelona", "title": "Piso"}, "hasPlan": true, "has3DTour": false, "has360": false, "hasStaging": false, "topNewDevelopment": false}, {"propertyCode": "87861789", "thumbnail": "https://img3.idealista.com/blur/WEB_LISTING/0/id.pro.es.image.master/12/86/ec/824171476.jpg", "externalReference": "231791", "numPhotos": 26, "floor": "4", "price": 699000.0, "propertyType": "flat", "operation": "sale", "size": 143.0, "exterior": true, "rooms": 3, "bathrooms": 2, "address": "barrio El Putxet i el Farr\u00f3", "province": "Barcelona", "municipality": "Barcelona", "district": "Sarri\u00e0-Sant Gervasi", "country": "es", "neighborhood": "El Putxet i el Farr\u00f3", "latitude": 41.4090327, "longitude": 2.1389474, "showAddress": false, "url": "https://www.idealista.com/inmueble/87861789/", "distance": "329", "hasVideo": false, "status": "renew", "newDevelopment": false, "hasLift": true, "priceByArea": 4888.0, "detailedType": {"typology": "flat"}, "suggestedTexts": {"subtitle": "El Putxet i el Farr\u00f3, Barcelona", "title": "Piso"}, "hasPlan": false, "has3DTour": false, "has360": false, "hasStaging": false, "topNewDevelopment": false}, {"propertyCode": "92926713", "thumbnail": "https://img3.idealista.com/blur/WEB_LISTING/0/id.pro.es.image.master/63/ae/90/851263111.jpg", "externalReference": "11342", "numPhotos": 48, "price": 1240000.0, "propertyType": "chalet", "operation": "sale", "size": 353.0, "exterior": false, "rooms": 5, "bathrooms": 4, "address": "Portola", "province": "Barcelona", "municipality": "Barcelona", "district": "Sarri\u00e0-Sant Gervasi", "country": "es", "neighborhood": "El Putxet i el Farr\u00f3", "latitude": 41.4091114, "longitude": 2.141542, "showAddress": false, "url": "https://www.idealista.com/inmueble/92926713/", "distance": "301", "hasVideo": false, "status": "good", "newDevelopment": false, "parkingSpace": {"hasParkingSpace": true, "isParkingSpaceIncludedInPrice": true}, "priceByArea": 3513.0, "detailedType": {"typology": "chalet", "subTypology": "terracedHouse"}, "suggestedTexts": {"subtitle": "El Putxet i el Farr\u00f3, Barcelona", "title": "Chalet adosado en Portola"}, "hasPlan": false, "has3DTour": false, "has360": false, "hasStaging": false, "topNewDevelopment": false}, {"propertyCode": "91760152", "thumbnail": "https://img3.idealista.com/blur/WEB_LISTING/0/id.pro.es.image.master/2f/32/77/842919355.jpg", "externalReference": "R-AVDA REP", "numPhotos": 34, "floor": "2", "price": 400000.0, "propertyType": "flat", "operation": "sale", "size": 126.0, "exterior": true, "rooms": 5, "bathrooms": 2, "address": "Avenida REPUBLICA ARGENTINA", "province": "Barcelona", "municipality": "Barcelona", "district": "Sarri\u00e0-Sant Gervasi", "country": "es", "neighborhood": "El Putxet i el Farr\u00f3", "latitude": 41.41506, "longitude": 2.137496, "showAddress": false, "url": "https://www.idealista.com/inmueble/91760152/", "distance": "451", "hasVideo": false, "status": "renew", "newDevelopment": false, "hasLift": true, "priceByArea": 3175.0, "detailedType": {"typology": "flat"}, "suggestedTexts": {"subtitle": "El Putxet i el Farr\u00f3, Barcelona", "title": "Piso en Avenida REPUBLICA ARGENTINA"}, "hasPlan": false, "has3DTour": true, "has360": false, "hasStaging": false, "topNewDevelopment": false}, {"propertyCode": "91862196", "thumbnail": "https://img3.idealista.com/blur/WEB_LISTING/0/id.pro.es.image.master/51/35/96/825049415.jpg", "externalReference": "1429", "numPhotos": 35, "floor": "4", "price": 800000.0, "propertyType": "flat", "operation": "sale", "size": 122.0, "exterior": true, "rooms": 3, "bathrooms": 2, "address": "barrio El Putxet i el Farr\u00f3", "province": "Barcelona", "municipality": "Barcelona", "district": "Sarri\u00e0-Sant Gervasi", "country": "es", "neighborhood": "El Putxet i el Farr\u00f3", "latitude": 41.4058694, "longitude": 2.1417198, "showAddress": false, "url": "https://www.idealista.com/inmueble/91862196/", "distance": "658", "hasVideo": false, "status": "good", "newDevelopment": false, "hasLift": true, "parkingSpace": {"hasParkingSpace": true, "isParkingSpaceIncludedInPrice": true}, "priceByArea": 6557.0, "detailedType": {"typology": "flat"}, "suggestedTexts": {"subtitle": "El Putxet i el Farr\u00f3, Barcelona", "title": "Piso"}, "hasPlan": true, "has3DTour": false, "has360": false, "hasStaging": false, "topNewDevelopment": false}, {"propertyCode": "90933777", "thumbnail": "https://img3.idealista.com/blur/WEB_LISTING/0/id.pro.es.image.master/ac/6f/dc/802451387.jpg", "externalReference": "W-02IYJ3", "numPhotos": 26, "price": 412000.0, "propertyType": "flat", "operation": "sale", "size": 106.0, "exterior": false, "rooms": 3, "bathrooms": 1, "address": "barrio El Putxet i el Farr\u00f3", "province": "Barcelona", "municipality": "Barcelona", "district": "Sarri\u00e0-Sant Gervasi", "country": "es", "neighborhood": "El Putxet i el Farr\u00f3", "latitude": 41.4101428, "longitude": 2.1418725, "showAddress": false, "url": "https://www.idealista.com/inmueble/90933777/", "distance": "206", "hasVideo": false, "status": "good", "newDevelopment": false, "hasLift": true, "priceByArea": 3887.0, "detailedType": {"typology": "flat"}, "suggestedTexts": {"subtitle": "El Putxet i el Farr\u00f3, Barcelona", "title": "Piso"}, "hasPlan": false, "has3DTour": false, "has360": false, "hasStaging": false, "topNewDevelopment": false}, {"propertyCode": "90850804", "thumbnail": "https://img3.idealista.com/blur/WEB_LISTING/0/id.pro.es.image.master/35/5f/99/828519398.jpg", "externalReference": "W-02JPW7", "numPhotos": 32, "floor": "4", "price": 399000.0, "propertyType": "penthouse", "operation": "sale", "size": 85.0, "exterior": true, "rooms": 1, "bathrooms": 1, "address": "barrio Vallcarca i els Penitents", "province": "Barcelona", "municipality": "Barcelona", "district": "Gr\u00e0cia", "country": "es", "neighborhood": "Vallcarca i els Penitents", "latitude": 41.4099349, "longitude": 2.1469492, "showAddress": false, "url": "https://www.idealista.com/inmueble/90850804/", "distance": "566", "hasVideo": false, "status": "good", "newDevelopment": false, "hasLift": true, "priceByArea": 4694.0, "detailedType": {"typology": "flat", "subTypology": "penthouse"}, "suggestedTexts": {"subtitle": "Vallcarca i els Penitents, Barcelona", "title": "\u00c1tico"}, "hasPlan": false, "has3DTour": false, "has360": false, "hasStaging": false, "topNewDevelopment": false}, {"propertyCode": "84918062", "thumbnail": "https://img3.idealista.com/blur/WEB_LISTING/0/id.pro.es.image.master/f7/89/46/755900178.jpg", "externalReference": "W-02FE09", "numPhotos": 26, "floor": "1", "price": 260000.0, "propertyType": "flat", "operation": "sale", "size": 60.0, "exterior": false, "rooms": 1, "bathrooms": 1, "address": "barrio El Putxet i el Farr\u00f3", "province": "Barcelona", "municipality": "Barcelona", "district": "Sarri\u00e0-Sant Gervasi", "country": "es", "neighborhood": "El Putxet i el Farr\u00f3", "latitude": 41.4117531, "longitude": 2.1448628, "showAddress": false, "url": "https://www.idealista.com/inmueble/84918062/", "distance": "356", "hasVideo": false, "status": "good", "newDevelopment": false, "hasLift": true, "priceByArea": 4333.0, "detailedType": {"typology": "flat"}, "suggestedTexts": {"subtitle": "El Putxet i el Farr\u00f3, Barcelona", "title": "Piso"}, "hasPlan": false, "has3DTour": false, "has360": false, "hasStaging": false, "topNewDevelopment": false}, {"propertyCode": "92772665", "thumbnail": "https://img3.idealista.com/blur/WEB_LISTING/0/id.pro.es.image.master/4e/27/1f/847770280.jpg", "externalReference": "PP0197-AC", "numPhotos": 24, "floor": "3", "price": 720000.0, "propertyType": "flat", "operation": "sale", "size": 138.0, "exterior": false, "rooms": 4, "bathrooms": 2, "address": "Calle de Muntaner", "province": "Barcelona", "municipality": "Barcelona", "district": "Sarri\u00e0-Sant Gervasi", "country": "es", "neighborhood": "Sant Gervasi - La Bonanova", "latitude": 41.4070941, "longitude": 2.1336248, "showAddress": false, "url": "https://www.idealista.com/inmueble/92772665/", "distance": "776", "hasVideo": false, "status": "renew", "newDevelopment": false, "hasLift": true, "priceByArea": 5217.0, "detailedType": {"typology": "flat"}, "suggestedTexts": {"subtitle": "Sant Gervasi - La Bonanova, Barcelona", "title": "Piso en Calle de Muntaner"}, "hasPlan": true, "has3DTour": false, "has360": false, "hasStaging": false, "topNewDevelopment": false}, {"propertyCode": "92963001", "thumbnail": "https://img3.idealista.com/blur/WEB_LISTING/0/id.pro.es.image.master/56/d0/67/855823653.jpg", "externalReference": "GV594", "numPhotos": 30, "floor": "1", "price": 260000.0, "propertyType": "flat", "operation": "sale", "size": 60.0, "exterior": true, "rooms": 1, "bathrooms": 1, "address": "Avenida de la Rep\u00fablica Argentina", "province": "Barcelona", "municipality": "Barcelona", "district": "Sarri\u00e0-Sant Gervasi", "country": "es", "neighborhood": "El Putxet i el Farr\u00f3", "latitude": 41.4097041, "longitude": 2.1478506, "showAddress": false, "url": "https://www.idealista.com/inmueble/92963001/", "distance": "646", "hasVideo": true, "status": "good", "newDevelopment": false, "hasLift": true, "priceByArea": 4333.0, "detailedType": {"typology": "flat"}, "suggestedTexts": {"subtitle": "El Putxet i el Farr\u00f3, Barcelona", "title": "Piso en Avenida de la Rep\u00fablica Argentina"}, "hasPlan": false, "has3DTour": false, "has360": false, "hasStaging": false, "topNewDevelopment": false}, {"propertyCode": "91781937", "thumbnail": "https://img3.idealista.com/blur/WEB_LISTING/0/id.pro.es.image.master/64/f1/ed/823158000.jpg", "externalReference": "13111-OB", "numPhotos": 16, "floor": "1", "price": 284000.0, "propertyType": "flat", "operation": "sale", "size": 70.0, "exterior": false, "rooms": 3, "bathrooms": 2, "address": "Avenida de la Rep\u00fablica Argentina", "province": "Barcelona", "municipality": "Barcelona", "district": "Sarri\u00e0-Sant Gervasi", "country": "es", "neighborhood": "El Putxet i el Farr\u00f3", "latitude": 41.4150009, "longitude": 2.1409282, "showAddress": false, "url": "https://www.idealista.com/inmueble/91781937/", "distance": "364", "hasVideo": false, "status": "good", "newDevelopment": false, "hasLift": true, "priceByArea": 4057.0, "detailedType": {"typology": "flat"}, "suggestedTexts": {"subtitle": "El Putxet i el Farr\u00f3, Barcelona", "title": "Piso en Avenida de la Rep\u00fablica Argentina"}, "hasPlan": false, "has3DTour": false, "has360": false, "hasStaging": false, "topNewDevelopment": false}, {"propertyCode": "92915813", "thumbnail": "https://img3.idealista.com/blur/WEB_LISTING/0/id.pro.es.image.master/9d/6f/5e/851004305.jpg", "externalReference": "246347", "numPhotos": 26, "floor": "bj", "price": 720000.0, "propertyType": "flat", "operation": "sale", "size": 150.0, "exterior": true, "rooms": 4, "bathrooms": 2, "address": "barrio Sant Gervasi - La Bonanova", "province": "Barcelona", "municipality": "Barcelona", "district": "Sarri\u00e0-Sant Gervasi", "country": "es", "neighborhood": "Sant Gervasi - La Bonanova", "latitude": 41.4057941, "longitude": 2.1344248, "showAddress": false, "url": "https://www.idealista.com/inmueble/92915813/", "distance": "836", "hasVideo": false, "status": "renew", "newDevelopment": false, "hasLift": true, "priceByArea": 4800.0, "detailedType": {"typology": "flat"}, "suggestedTexts": {"subtitle": "Sant Gervasi - La Bonanova, Barcelona", "title": "Piso"}, "hasPlan": false, "has3DTour": false, "has360": false, "hasStaging": false, "topNewDevelopment": false}, {"propertyCode": "92057684", "thumbnail": "https://img3.idealista.com/blur/WEB_LISTING/0/id.pro.es.image.master/c9/85/8d/840934541.jpg", "externalReference": "28035", "numPhotos": 28, "floor": "2", "price": 599000.0, "propertyType": "flat", "operation": "sale", "size": 95.0, "exterior": true, "rooms": 3, "bathrooms": 2, "address": "barrio Sant Gervasi - La Bonanova", "province": "Barcelona", "municipality": "Barcelona", "district": "Sarri\u00e0-Sant Gervasi", "country": "es", "neighborhood": "Sant Gervasi - La Bonanova", "latitude": 41.4067369, "longitude": 2.1337454, "showAddress": false, "url": "https://www.idealista.com/inmueble/92057684/", "distance": "796", "hasVideo": false, "status": "good", "newDevelopment": false, "hasLift": true, "priceByArea": 6305.0, "detailedType": {"typology": "flat"}, "suggestedTexts": {"subtitle": "Sant Gervasi - La Bonanova, Barcelona", "title": "Piso"}, "hasPlan": true, "has3DTour": false, "has360": true, "hasStaging": false, "topNewDevelopment": false}, {"propertyCode": "92594262", "thumbnail": "https://img3.idealista.com/blur/WEB_LISTING/0/id.pro.es.image.master/99/ef/16/843528633.jpg", "externalReference": "001115A", "numPhotos": 31, "floor": "3", "price": 799000.0, "propertyType": "flat", "operation": "sale", "size": 184.0, "exterior": true, "rooms": 4, "bathrooms": 3, "address": "Paseo de Sant Gervasi", "province": "Barcelona", "municipality": "Barcelona", "district": "Sarri\u00e0-Sant Gervasi", "country": "es", "neighborhood": "Sant Gervasi - La Bonanova", "latitude": 41.4120429, "longitude": 2.1375037, "showAddress": false, "url": "https://www.idealista.com/inmueble/92594262/", "distance": "259", "hasVideo": false, "status": "good", "newDevelopment": false, "hasLift": true, "priceByArea": 4342.0, "detailedType": {"typology": "flat"}, "suggestedTexts": {"subtitle": "Sant Gervasi - La Bonanova, Barcelona", "title": "Piso en Paseo de Sant Gervasi"}, "hasPlan": false, "has3DTour": false, "has360": false, "hasStaging": false, "topNewDevelopment": false}, {"propertyCode": "90227777", "thumbnail": "https://img3.idealista.com/blur/WEB_LISTING/0/id.pro.es.image.master/7e/e5/f3/830232268.jpg", "externalReference": "001115AA", "numPhotos": 31, "floor": "3", "price": 799000.0, "propertyType": "flat", "operation": "sale", "size": 184.0, "exterior": true, "rooms": 4, "bathrooms": 3, "address": "Paseo de Sant Gervasi", "province": "Barcelona", "municipality": "Barcelona", "district": "Sarri\u00e0-Sant Gervasi", "country": "es", "neighborhood": "Sant Gervasi - La Bonanova", "latitude": 41.4102429, "longitude": 2.1381037, "showAddress": false, "url": "https://www.idealista.com/inmueble/90227777/", "distance": "265", "hasVideo": false, "status": "good", "newDevelopment": false, "hasLift": true, "priceByArea": 4342.0, "detailedType": {"typology": "flat"}, "suggestedTexts": {"subtitle": "Sant Gervasi - La Bonanova, Barcelona", "title": "Piso en Paseo de Sant Gervasi"}, "hasPlan": false, "has3DTour": false, "has360": true, "hasStaging": false, "topNewDevelopment": false}, {"propertyCode": "91847102", "thumbnail": "https://img3.idealista.com/blur/WEB_LISTING/0/id.pro.es.image.master/ef/3f/c7/855319543.jpg", "externalReference": "V32514", "numPhotos": 38, "price": 997000.0, "propertyType": "chalet", "operation": "sale", "size": 181.0, "exterior": false, "rooms": 5, "bathrooms": 3, "address": "barrio El Putxet i el Farr\u00f3", "province": "Barcelona", "municipality": "Barcelona", "district": "Sarri\u00e0-Sant Gervasi", "country": "es", "neighborhood": "El Putxet i el Farr\u00f3", "latitude": 41.4098981, "longitude": 2.1452976, "showAddress": false, "url": "https://www.idealista.com/inmueble/91847102/", "distance": "442", "hasVideo": false, "status": "good", "newDevelopment": false, "priceByArea": 5508.0, "detailedType": {"typology": "chalet", "subTypology": "terracedHouse"}, "suggestedTexts": {"subtitle": "El Putxet i el Farr\u00f3, Barcelona", "title": "Chalet adosado"}, "hasPlan": true, "has3DTour": false, "has360": false, "hasStaging": false, "topNewDevelopment": false}]