[{"propertyCode": "91658993", "thumbnail": "https://img3.idealista.com/blur/WEB_LISTING/0/id.pro.es.image.master/c0/2a/b5/820119045.jpg", "externalReference": "019280", "numPhotos": 27, "floor": "en", "price": 845000.0, "propertyType": "flat", "operation": "sale", "size": 116.0, "exterior": true, "rooms": 3, "bathrooms": 2, "address": "barrio Sant Gervasi - La Bonanova", "province": "Barcelona", "municipality": "Barcelona", "district": "Sarri\u00e0-Sant Gervasi", "country": "es", "neighborhood": "Sant Gervasi - La Bonanova", "latitude": 41.4022298, "longitude": 2.1322432, "showAddress": false, "url": "https://www.idealista.com/inmueble/91658993/", "distance": "671", "hasVideo": false, "status": "good", "newDevelopment": false, "hasLift": true, "priceByArea": 7284.0, "detailedType": {"typology": "flat"}, "suggestedTexts": {"subtitle": "Sant Gervasi - La Bonanova, Barcelona", "title": "Piso"}, "hasPlan": true, "has3DTour": true, "has360": true, "hasStaging": false, "topNewDevelopment": false}, {"propertyCode": "86954951", "thumbnail": "https://img3.idealista.com/blur/WEB_LISTING/0/id.pro.es.image.master/7f/45/8d/755900056.jpg", "externalReference": "W-02GRFP", "numPhotos": 38, "floor": "1", "price": 1100000.0, "propertyType": "flat", "operation": "sale", "size": 234.0, "exterior": false, "rooms": 3, "bathrooms": 3, "address": "barrio Sant Gervasi - La Bonanova", "province": "Barcelona", "municipality": "Barcelona", "district": "Sarri\u00e0-Sant Gervasi", "country": "es", "neighborhood": "Sant Gervasi - La Bonanova", "latitude": 41.4130985, "longitude": 2.1310214, "showAddress": false, "url": "https://www.idealista.com/inmueble/86954951/", "distance": "832", "hasVideo": false, "status": "good", "newDevelopment": false, "hasLift": false, "parkingSpace": {"hasParkingSpace": true, "isParkingSpaceIncludedInPrice": true}, "priceByArea": 4701.0, "detailedType": {"typology": "flat"}, "suggestedTexts": {"subtitle": "Sant Gervasi - La Bonanova, Barcelona", "title": "Piso"}, "hasPlan": true, "has3DTour": true, "has360": false, "hasStaging": false, "topNewDevelopment": false}, {"propertyCode": "86274419", "thumbnail": "https://img3.idealista.com/blur/WEB_LISTING/0/id.pro.es.image.master/24/62/c4/755952906.jpg", "externalReference": "W-02E79H", "numPhotos": 43, "price": 830000.0, "propertyType": "penthouse", "operation": "sale", "size": 184.0, "exterior": false, "rooms": 5, "bathrooms": 2, "address": "barrio Sant Gervasi - La Bonanova", "province": "Barcelona", "municipality": "Barcelona", "district": "Sarri\u00e0-Sant Gervasi", "country": "es", "neighborhood": "Sant Gervasi - La Bonanova", "latitude": 41.4055359, "longitude": 2.1364713, "showAddress": false, "url": "https://www.idealista.com/inmueble/86274419/", "distance": "840", "hasVideo": false, "status": "good", "newDevelopment": false, "hasLift": true, "priceByArea": 4511.0, "detailedType": {"typology": "flat", "subTypology": "penthouse"}, "suggestedTexts": {"subtitle": "Sant Gervasi - La Bonanova, Barcelona", "title": "\u00c1tico"}, "hasPlan": true, "has3DTour": true, "has360": false, "hasStaging": false, "topNewDevelopment": false}, {"propertyCode": "86206425", "thumbnail": "https://img3.idealista.com/blur/WEB_LISTING/0/id.pro.es.image.master/2e/9c/e3/755969197.jpg", "externalReference": "W-02AHUH", "numPhotos": 41, "floor": "1", "price": 1200000.0, "propertyType": "flat", "operation": "sale", "size": 130.0, "exterior": false, "rooms": 3, "bathrooms": 2, "address": "barrio Sant Gervasi - La Bonanova", "province": "Barcelona", "municipality": "Barcelona", "district": "Sarri\u00e0-Sant Gervasi", "country": "es", "neighborhood": "Sant Gervasi - La Bonanova", "latitude": 41.4093987, "longitude": 2.1278007, "showAddress": false, "url": "https://www.idealista.com/inmueble/86206425/", "distance": "348", "hasVideo": false, "status": "good", "newDevelopment": false, "hasLift": true, "parkingSpace": {"hasParkingSpace": true, "isParkingSpaceIncludedInPrice": true}, "priceByArea": 9231.0, "detailedType": {"typology": "flat"}, "suggestedTexts": {"subtitle": "Sant Gervasi - La Bonanova, Barcelona", "title": "Piso"}, "hasPlan": true, "has3DTour": true, "has360": false, "hasStaging": false, "topNewDevelopment": false}, {"propertyCode": "89784716", "thumbnail": "https://img3.idealista.com/blur/WEB_LISTING/0/id.pro.es.image.master/41/1e/b7/776472593.jpg", "externalReference": "019271", "numPhotos": 28, "floor": "1", "price": 864000.0, "propertyType": "flat", "operation": "sale", "size": 155.0, "exterior": false, "rooms": 5, "bathrooms": 2, "address": "Calle de Calatrava", "province": "Barcelona", "municipality": "Barcelona", "district": "Sarri\u00e0-Sant Gervasi", "country": "es", "neighborhood": "Les Tres Torres", "latitude": 41.4023503, "longitude": 2.1295338, "showAddress": false, "url": "https://www.idealista.com/inmueble/89784716/", "distance": "521", "hasVideo": true, "status": "good", "newDevelopment": false, "hasLift": true, "parkingSpace": {"hasParkingSpace": true, "isParkingSpaceIncludedInPrice": true}, "priceByArea": 5574.0, "detailedType": {"typology": "flat"}, "suggestedTexts": {"subtitle": "Les Tres Torres, Barcelona", "title": "Piso en Calle de Calatrava"}, "hasPlan": true, "has3DTour": false, "has360": false, "hasStaging": false, "topNewDevelopment": false}, {"propertyCode": "90384893", "thumbnail": "https://img3.idealista.com/blur/WEB_LISTING/0/id.pro.es.image.master/88/53/6a/843810011.jpg", "externalReference": "01840", "numPhotos": 36, "floor": "2", "price": 1080000.0, "propertyType": "flat", "operation": "sale", "size": 162.0, "exterior": true, "rooms": 5, "bathrooms": 3, "address": "Calle de Ganduxer", "province": "Barcelona", "municipality": "Barcelona", "district": "Sarri\u00e0-Sant Gervasi", "country": "es", "neighborhood": "Les Tres Torres", "latitude": 41.4021385, "longitude": 2.1308518, "showAddress": false, "url": "https://www.idealista.com/inmueble/90384893/", "distance": "601", "hasVideo": true, "status": "good", "newDevelopment": false, "hasLift": true, "parkingSpace": {"hasParkingSpace": true, "isParkingSpaceIncludedInPrice": true}, "priceByArea": 6667.0, "detailedType": {"typology": "flat"}, "suggestedTexts": {"subtitle": "Les Tres Torres, Barcelona", "title": "Piso en Calle de Ganduxer"}, "hasPlan": true, "has3DTour": true, "has360": true, "hasStaging": false, "topNewDevelopment": false}, {"propertyCode": "92335180", "thumbnail": "https://img3.idealista.com/blur/WEB_LISTING/0/id.pro.es.image.master/76/a1/c2/837279998.jpg", "externalReference": "VB2101003", "numPhotos": 34, "floor": "1", "price": 870000.0, "propertyType": "flat", "operation": "sale", "size": 160.0, "exterior": true, "rooms": 3, "bathrooms": 3, "address": "barrio Les Tres Torres", "province": "Barcelona", "municipality": "Barcelona", "district": "Sarri\u00e0-Sant Gervasi", "country": "es", "neighborhood": "Les Tres Torres", "latitude": 41.4042049, "longitude": 2.1282219, "showAddress": false, "url": "https://www.idealista.com/inmueble/92335180/", "distance": "287", "hasVideo": true, "status": "renew", "newDevelopment": false, "hasLift": true, "parkingSpace": {"hasParkingSpace": true, "isParkingSpaceIncludedInPrice": true}, "priceByArea": 5438.0, "detailedType": {"typology": "flat"}, "suggestedTexts": {"subtitle": "Les Tres Torres, Barcelona", "title": "Piso"}, "hasPlan": true, "has3DTour": false, "has360": false, "hasStaging": false, "topNewDevelopment": false}, {"propertyCode": "88662911", "thumbnail": "https://img3.idealista.com/blur/WEB_LISTING/0/id.pro.es.image.master/35/7a/f2/767465049.jpg", "externalReference": "B20337", "numPhotos": 38, "floor": "5", "price": 890000.0, "propertyType": "flat", "operation": "sale", "size": 200.0, "exterior": true, "rooms": 5, "bathrooms": 2, "address": "Calle de Ricardo Calvo", "province": "Barcelona", "municipality": "Barcelona", "district": "Sarri\u00e0-Sant Gervasi", "country": "es", "neighborhood": "Sant Gervasi - La Bonanova", "latitude": 41.4038397, "longitude": 2.1311439, "showAddress": false, "url": "https://www.idealista.com/inmueble/88662911/", "distance": "485", "hasVideo": true, "status": "good", "newDevelopment": false, "hasLift": true, "parkingSpace": {"hasParkingSpace": true, "isParkingSpaceIncludedInPrice": true}, "priceByArea": 4450.0, "detailedType": {"typology": "flat"}, "suggestedTexts": {"subtitle": "Sant Gervasi - La Bonanova, Barcelona", "title": "Piso en Calle de Ricardo Calvo"}, "hasPlan": true, "has3DTour": false, "has360": true, "hasStaging": true, "topNewDevelopment": false}, {"propertyCode": "89909378", "thumbnail": "https://img3.idealista.com/blur/WEB_LISTING/0/id.pro.es.image.master/51/6b/c8/779093094.jpg", "externalReference": "BCN06385", "numPhotos": 38, "price": 2425000.0, "propertyType": "chalet", "operation": "sale", "size": 585.0, "exterior": false, "rooms": 6, "bathrooms": 5, "address": "barrio Sant Gervasi - La Bonanova", "province": "Barcelona", "municipality": "Barcelona", "district": "Sarri\u00e0-Sant Gervasi", "country": "es", "neighborhood": "Sant Gervasi - La Bonanova", "latitude": 41.4102488, "longitude": 2.1236358, "showAddress": false, "url": "https://www.idealista.com/inmueble/89909378/", "distance": "485", "hasVideo": true, "status": "good", "newDevelopment": false, "parkingSpace": {"hasParkingSpace": true, "isParkingSpaceIncludedInPrice": true}, "priceByArea": 4145.0, "detailedType": {"typology": "chalet", "subTypology": "independantHouse"}, "suggestedTexts": {"subtitle": "Sant Gervasi - La Bonanova, Barcelona", "title": "Casa independiente"}, "hasPlan": true, "has3DTour": false, "has360": false, "hasStaging": false, "topNewDevelopment": false}, {"propertyCode": "88513665", "thumbnail": "https://img3.idealista.com/blur/WEB_LISTING/0/id.pro.es.image.master/ff/53/ed/748584425.jpg", "externalReference": "BCN21995", "numPhotos": 37, "price": 1950000.0, "propertyType": "chalet", "operation": "sale", "size": 284.0, "exterior": false, "rooms": 4, "bathrooms": 4, "address": "barrio Sant Gervasi - La Bonanova", "province": "Barcelona", "municipality": "Barcelona", "district": "Sarri\u00e0-Sant Gervasi", "country": "es", "neighborhood": "Sant Gervasi - La Bonanova", "latitude": 41.4100349, "longitude": 2.1221368, "showAddress": false, "url": "https://www.idealista.com/inmueble/88513665/", "distance": "538", "hasVideo": false, "status": "good", "newDevelopment": false, "parkingSpace": {"hasParkingSpace": true, "isParkingSpaceIncludedInPrice": true}, "priceByArea": 6866.0, "detailedType": {"typology": "chalet"}, "suggestedTexts": {"subtitle": "Sant Gervasi - La Bonanova, Barcelona", "title": "Chalet"}, "hasPlan": false, "has3DTour": false, "has360": true, "hasStaging": false, "topNewDevelopment": false}, {"propertyCode": "92560536", "thumbnail": "https://img3.idealista.com/blur/WEB_LISTING/0/id.pro.es.image.master/ac/63/84/848463274.jpg", "externalReference": "246088", "numPhotos": 26, "floor": "bj", "price": 313000.0, "propertyType": "flat", "operation": "sale", "size": 54.0, "exterior": true, "rooms": 3, "bathrooms": 1, "address": "barrio Sant Gervasi - La Bonanova", "province": "Barcelona", "municipality": "Barcelona", "district": "Sarri\u00e0-Sant Gervasi", "country": "es", "neighborhood": "Sant Gervasi - La Bonanova", "latitude": 41.410206, "longitude": 2.1354206, "showAddress": false, "url": "https://www.idealista.com/inmueble/92560536/", "distance": "856", "hasVideo": false, "status": "renew", "newDevelopment": false, "hasLift": true, "priceByArea": 5796.0, "detailedType": {"typology": "flat"}, "suggestedTexts": {"subtitle": "Sant Gervasi - La Bonanova, Barcelona", "title": "Piso"}, "hasPlan": true, "has3DTour": false, "has360": true, "hasStaging": false, "topNewDevelopment": false}, {"propertyCode": "90571031", "thumbnail": "https://img3.idealista.com/blur/WEB_LISTING/0/id.pro.es.image.master/e7/bb/d9/793414034.jpg", "externalReference": "BCN24619", "numPhotos": 43, "price": 2300000.0, "propertyType": "flat", "operation": "sale", "size": 351.0, "exterior": true, "rooms": 6, "bathrooms": 5, "address": "barrio Les Tres Torres", "province": "Barcelona", "municipality": "Barcelona", "district": "Sarri\u00e0-Sant Gervasi", "country": "es", "neighborhood": "Les Tres Torres", "latitude": 41.401307, "longitude": 2.1291549, "showAddress": false, "url": "https://www.idealista.com/inmueble/90571031/", "distance": "612", "hasVideo": false, "status": "renew", "newDevelopment": false, "hasLift": true, "parkingSpace": {"hasParkingSpace": true, "isParkingSpaceIncludedInPrice": true}, "priceByArea": 6553.0, "detailedType": {"typology": "flat"}, "suggestedTexts": {"subtitle": "Les Tres Torres, Barcelona", "title": "Piso"}, "hasPlan": true, "has3DTour": false, "has360": false, "hasStaging": false, "topNewDevelopment": false}, {"propertyCode": "93173352", "thumbnail": "https://img3.idealista.com/blur/WEB_LISTING/0/id.pro.es.image.master/00/4f/00/856139471.jpg", "externalReference": "B07491BA", "numPhotos": 28, "floor": "1", "price": 950000.0, "propertyType": "flat", "operation": "sale", "size": 156.0, "exterior": true, "rooms": 6, "bathrooms": 3, "address": "Calle de Muntaner", "province": "Barcelona", "municipality": "Barcelona", "district": "Sarri\u00e0-Sant Gervasi", "country": "es", "neighborhood": "Sant Gervasi - La Bonanova", "latitude": 41.4070844, "longitude": 2.1325264, "showAddress": false, "url": "https://www.idealista.com/inmueble/93173352/", "distance": "510", "hasVideo": true, "status": "renew", "newDevelopment": false, "hasLift": true, "parkingSpace": {"hasParkingSpace": true, "isParkingSpaceIncludedInPrice": true}, "priceByArea": 6090.0, "detailedType": {"typology": "flat"}, "suggestedTexts": {"subtitle": "Sant Gervasi - La Bonanova, Barcelona", "title": "Piso en Calle de Muntaner"}, "hasPlan": false, "has3DTour": false, "has360": false, "hasStaging": false, "topNewDevelopment": false}, {"propertyCode": "93180492", "thumbnail": "https://img3.idealista.com/blur/WEB_LISTING/0/id.pro.es.image.master/0e/fa/5f/856319596.jpg", "externalReference": "VB2103012", "numPhotos": 42, "floor": "en", "price": 1150000.0, "propertyType": "flat", "operation": "sale", "size": 164.0, "exterior": true, "rooms": 3, "bathrooms": 3, "address": "barrio Les Tres Torres", "province": "Barcelona", "municipality": "Barcelona", "district": "Sarri\u00e0-Sant Gervasi", "country": "es", "neighborhood": "Les Tres Torres", "latitude": 41.4035056, "longitude": 2.1278735, "showAddress": false, "url": "https://www.idealista.com/inmueble/93180492/", "distance": "346", "hasVideo": true, "status": "good", "newDevelopment": false, "hasLift": true, "parkingSpace": {"hasParkingSpace": true, "isParkingSpaceIncludedInPrice": true}, "priceByArea": 7012.0, "detailedType": {"typology": "flat"}, "suggestedTexts": {"subtitle": "Les Tres Torres, Barcelona", "title": "Piso"}, "hasPlan": false, "has3DTour": false, "has360": false, "hasStaging": false, "topNewDevelopment": false}, {"propertyCode": "92029224", "thumbnail": "https://img3.idealista.com/blur/WEB_LISTING/0/id.pro.es.image.master/a0/cd/bf/829036414.jpg", "externalReference": "V7287", "numPhotos": 20, "floor": "bj", "price": 845000.0, "propertyType": "flat", "operation": "sale", "size": 160.0, "exterior": true, "rooms": 3, "bathrooms": 2, "address": "barrio Sant Gervasi - La Bonanova", "province": "Barcelona", "municipality": "Barcelona", "district": "Sarri\u00e0-Sant Gervasi", "country": "es", "neighborhood": "Sant Gervasi - La Bonanova", "latitude": 41.4044298, "longitude": 2.1322432, "showAddress": false, "url": "https://www.idealista.com/inmueble/92029224/", "distance": "531", "hasVideo": true, "status": "good", "newDevelopment": false, "hasLift": true, "priceByArea": 5281.0, "detailedType": {"typology": "flat"}, "suggestedTexts": {"subtitle": "Sant Gervasi - La Bonanova, Barcelona", "title": "Piso"}, "hasPlan": true, "has3DTour": false, "has360": false, "hasStaging": false, "topNewDevelopment": false}, {"propertyCode": "91213761", "thumbnail": "https://img3.idealista.com/blur/WEB_LISTING/0/id.pro.es.image.master/df/39/10/809287139.jpg", "externalReference": "W-02JDHD", "numPhotos": 44, "floor": "3", "price": 1140000.0, "propertyType": "flat", "operation": "sale", "size": 160.0, "exterior": false, "rooms": 4, "bathrooms": 3, "address": "barrio Sarri\u00e0", "province": "Barcelona", "municipality": "Barcelona", "district": "Sarri\u00e0-Sant Gervasi", "country": "es", "neighborhood": "Sarri\u00e0", "latitude": 41.4020774, "longitude": 2.1245468, "showAddress": false, "url": "https://www.idealista.com/inmueble/91213761/", "distance": "509", "hasVideo": false, "status": "good", "newDevelopment": false, "hasLift": true, "parkingSpace": {"hasParkingSpace": true, "isParkingSpaceIncludedInPrice": true}, "priceByArea": 7125.0, "detailedType": {"typology": "flat"}, "suggestedTexts": {"subtitle": "Sarri\u00e0, Barcelona", "title": "Piso"}, "hasPlan": true, "has3DTour": false, "has360": false, "hasStaging": false, "topNewDevelopment": false}, {"propertyCode": "90773471", "thumbnail": "https://img3.idealista.com/blur/WEB_LISTING/0/id.pro.es.image.master/2d/02/30/798227268.jpg", "externalReference": "W-02HCFX", "numPhotos": 60, "floor": "7", "price": 960000.0, "propertyType": "flat", "operation": "sale", "size": 155.0, "exterior": false, "rooms": 4, "bathrooms": 2, "address": "barrio Sant Gervasi - La Bonanova", "province": "Barcelona", "municipality": "Barcelona", "district": "Sarri\u00e0-Sant Gervasi", "country": "es", "neighborhood": "Sant Gervasi - La Bonanova", "latitude": 41.4095506, "longitude": 2.1329555, "showAddress": false, "url": "https://www.idealista.com/inmueble/90773471/", "distance": "642", "hasVideo": false, "status": "good", "newDevelopment": false, "hasLift": true, "parkingSpace": {"hasParkingSpace": true, "isParkingSpaceIncludedInPrice": false, "parkingSpacePrice": 23000.0}, "priceByArea": 6194.0, "detailedType": {"typology": "flat"}, "suggestedTexts": {"subtitle": "Sant Gervasi - La Bonanova, Barcelona", "title": "Piso"}, "hasPlan": true, "has3DTour": false, "has360": false, "hasStaging": false, "topNewDevelopment": false}, {"propertyCode": "88036349", "thumbnail": "https://img3.idealista.com/blur/WEB_LISTING/0/id.pro.es.image.master/8d/bc/9e/755970610.jpg", "externalReference": "W-02AAZ4", "numPhotos": 29, "floor": "1", "price": 899000.0, "propertyType": "flat", "operation": "sale", "size": 185.0, "exterior": false, "rooms": 6, "bathrooms": 3, "address": "barrio Les Tres Torres", "province": "Barcelona", "municipality": "Barcelona", "district": "Sarri\u00e0-Sant Gervasi", "country": "es", "neighborhood": "Les Tres Torres", "latitude": 41.4033289, "longitude": 2.1289823, "showAddress": false, "url": "https://www.idealista.com/inmueble/88036349/", "distance": "404", "hasVideo": false, "status": "good", "newDevelopment": false, "hasLift": false, "priceByArea": 4859.0, "detailedType": {"typology": "flat"}, "suggestedTexts": {"subtitle": "Les Tres Torres, Barcelona", "title": "Piso"}, "hasPlan": true, "has3DTour": false, "has360": false, "hasStaging": false, "topNewDevelopment": false}, {"propertyCode": "84485092", "thumbnail": "https://img3.idealista.com/blur/WEB_LISTING/0/id.pro.es.image.master/05/3c/54/754624274.jpg", "externalReference": "5702", "numPhotos": 29, "floor": "3", "price": 990000.0, "propertyType": "flat", "operation": "sale", "size": 185.0, "exterior": true, "rooms": 3, "bathrooms": 2, "address": "Calle de Calatrava", "province": "Barcelona", "municipality": "Barcelona", "district": "Sarri\u00e0-Sant Gervasi", "country": "es", "neighborhood": "Les Tres Torres", "latitude": 41.4002267, "longitude": 2.1295305, "showAddress": false, "url": "https://www.idealista.com/inmueble/84485092/", "distance": "736", "hasVideo": true, "status": "good", "newDevelopment": false, "hasLift": true, "parkingSpace": {"hasParkingSpace": true, "isParkingSpaceIncludedInPrice": true}, "priceByArea": 5351.0, "detailedType": {"typology": "flat"}, "suggestedTexts": {"subtitle": "Les Tres Torres, Barcelona", "title": "Piso en Calle de Calatrava"}, "hasPlan": true, "has3DTour": false, "has360": false, "hasStaging": false, "topNewDevelopment": false}, {"propertyCode": "91299611", "thumbnail": "https://img3.idealista.com/blur/WEB_LISTING/0/id.pro.es.image.master/c7/a9/28/847039686.jpg", "externalReference": "PRI-SOLIPADRIS001", "numPhotos": 54, "floor": "1", "price": 1180000.0, "propertyType": "flat", "operation": "sale", "size": 331.0, "exterior": true, "rooms": 5, "bathrooms": 3, "address": "Calle de Sol i Padr\u00eds", "province": "Barcelona", "municipality": "Barcelona", "district": "Sarri\u00e0-Sant Gervasi", "country": "es", "neighborhood": "Sarri\u00e0", "latitude": 41.4004686, "longitude": 2.120838, "showAddress": false, "url": "https://www.idealista.com/inmueble/91299611/", "distance": "812", "hasVideo": true, "status": "good", "newDevelopment": false, "hasLift": true, "parkingSpace": {"hasParkingSpace": true, "isParkingSpaceIncludedInPrice": true}, "priceByArea": 3565.0, "detailedType": {"typology": "flat"}, "suggestedTexts": {"subtitle": "Sarri\u00e0, Barcelona", "title": "Piso en Calle de Sol i Padr\u00eds"}, "hasPlan": true, "has3DTour": true, "has360": false, "hasStaging": false, "topNewDevelopment": false}, {"propertyCode": "33743918", "thumbnail": "https://img3.idealista.com/blur/WEB_LISTING/0/id.pro.es.image.master/85/ca/86/637729259.jpg", "externalReference": "BCN2468", "numPhotos": 32, "price": 2600000.0, "propertyType": "chalet", "operation": "sale", "size": 488.0, "exterior": false, "rooms": 7, "bathrooms": 8, "address": "barrio Sant Gervasi - La Bonanova", "province": "Barcelona", "municipality": "Barcelona", "district": "Sarri\u00e0-Sant Gervasi", "country": "es", "neighborhood": "Sant Gervasi - La Bonanova", "latitude": 41.4061366, "longitude": 2.1213645, "showAddress": false, "url": "https://www.idealista.com/inmueble/33743918/", "distance": "426", "hasVideo": false, "status": "good", "newDevelopment": false, "parkingSpace": {"hasParkingSpace": true, "isParkingSpaceIncludedInPrice": true}, "priceByArea": 5328.0, "detailedType": {"typology": "chalet"}, "suggestedTexts": {"subtitle": "Sant Gervasi - La Bonanova, Barcelona", "title": "Chalet"}, "hasPlan": false, "has3DTour": false, "has360": false, "hasStaging": false, "topNewDevelopment": false}, {"propertyCode": "88969840", "thumbnail": "https://img3.idealista.com/blur/WEB_LISTING/0/id.pro.es.image.master/2b/35/3c/759997569.jpg", "externalReference": "BCN22967", "numPhotos": 33, "price": 1290000.0, "propertyType": "flat", "operation": "sale", "size": 129.0, "exterior": true, "rooms": 3, "bathrooms": 2, "address": "barrio Sant Gervasi - La Bonanova", "province": "Barcelona", "municipality": "Barcelona", "district": "Sarri\u00e0-Sant Gervasi", "country": "es", "neighborhood": "Sant Gervasi - La Bonanova", "latitude": 41.41358, "longitude": 2.12297, "showAddress": false, "url": "https://www.idealista.com/inmueble/88969840/", "distance": "846", "hasVideo": false, "status": "renew", "newDevelopment": false, "hasLift": true, "parkingSpace": {"hasParkingSpace": true, "isParkingSpaceIncludedInPrice": true}, "priceByArea": 10000.0, "detailedType": {"typology": "flat"}, "suggestedTexts": {"subtitle": "Sant Gervasi - La Bonanova, Barcelona", "title": "Piso"}, "hasPlan": false, "has3DTour": false, "has360": false, "hasStaging": false, "topNewDevelopment": false}, {"propertyCode": "88661233", "thumbnail": "https://img3.idealista.com/blur/WEB_LISTING/0/id.pro.es.image.master/d1/5a/4a/752149531.jpg", "externalReference": "BCN22485", "numPhotos": 75, "price": 4500000.0, "propertyType": "chalet", "operation": "sale", "size": 730.0, "exterior": false, "rooms": 7, "bathrooms": 4, "address": "barrio Sant Gervasi - La Bonanova", "province": "Barcelona", "municipality": "Barcelona", "district": "Sarri\u00e0-Sant Gervasi", "country": "es", "neighborhood": "Sant Gervasi - La Bonanova", "latitude": 41.406233, "longitude": 2.1283323, "showAddress": false, "url": "https://www.idealista.com/inmueble/88661233/", "distance": "157", "hasVideo": false, "status": "renew", "newDevelopment": false, "priceByArea": 6164.0, "detailedType": {"typology": "chalet"}, "suggestedTexts": {"subtitle": "Sant Gervasi - La Bonanova, Barcelona", "title": "Chalet"}, "hasPlan": false, "has3DTour": false, "has360": false, "hasStaging": false, "topNewDevelopment": false}, {"propertyCode": "88376448", "thumbnail": "https://img3.idealista.com/blur/WEB_LISTING/0/id.pro.es.image.master/b2/4a/43/745294357.jpg", "externalReference": "BCN14958", "numPhotos": 35, "price": 3900000.0, "propertyType": "chalet", "operation": "sale", "size": 512.0, "exterior": false, "rooms": 6, "bathrooms": 6, "address": "barrio Sarri\u00e0", "province": "Barcelona", "municipality": "Barcelona", "district": "Sarri\u00e0-Sant Gervasi", "country": "es", "neighborhood": "Sarri\u00e0", "latitude": 41.4005037, "longitude": 2.1224093, "showAddress": false, "url": "https://www.idealista.com/inmueble/88376448/", "distance": "740", "hasVideo": false, "status": "renew", "newDevelopment": false, "parkingSpace": {"hasParkingSpace": true, "isParkingSpaceIncludedInPrice": true}, "priceByArea": 7617.0, "detailedType": {"typology": "chalet"}, "suggestedTexts": {"subtitle": "Sarri\u00e0, Barcelona", "title": "Chalet"}, "hasPlan": false, "has3DTour": false, "has360": false, "hasStaging": false, "topNewDevelopment": false}, {"propertyCode": "92042861", "thumbnail": "https://img3.idealista.com/blur/WEB_LISTING/0/id.pro.es.image.master/88/87/69/829384787.jpg", "externalReference": "VB2012009", "numPhotos": 23, "floor": "2", "price": 550000.0, "propertyType": "flat", "operation": "sale", "size": 82.0, "exterior": true, "rooms": 3, "bathrooms": 1, "address": "barrio Sant Gervasi - La Bonanova", "province": "Barcelona", "municipality": "Barcelona", "district": "Sarri\u00e0-Sant Gervasi", "country": "es", "neighborhood": "Sant Gervasi - La Bonanova", "latitude": 41.403459, "longitude": 2.133673, "showAddress": false, "url": "https://www.idealista.com/inmueble/92042861/", "distance": "686", "hasVideo": true, "status": "good", "newDevelopment": false, "hasLift": true, "parkingSpace": {"hasParkingSpace": true, "isParkingSpaceIncludedInPrice": true}, "priceByArea": 6707.0, "detailedType": {"typology": "flat"}, "suggestedTexts": {"subtitle": "Sant Gervasi - La Bonanova, Barcelona", "title": "Piso"}, "hasPlan": false, "has3DTour": false, "has360": false, "hasStaging": false, "topNewDevelopment": false}, {"propertyCode": "91700598", "thumbnail": "https://img3.idealista.com/blur/WEB_LISTING/0/id.pro.es.image.master/b0/4b/d0/821143908.jpg", "externalReference": "VB2007042-5", "numPhotos": 29, "floor": "3", "price": 650000.0, "propertyType": "flat", "operation": "sale", "size": 118.0, "exterior": true, "rooms": 3, "bathrooms": 2, "address": "barrio Sant Gervasi - La Bonanova", "province": "Barcelona", "municipality": "Barcelona", "district": "Sarri\u00e0-Sant Gervasi", "country": "es", "neighborhood": "Sant Gervasi - La Bonanova", "latitude": 41.40411, "longitude": 2.13167, "showAddress": false, "url": "https://www.idealista.com/inmueble/91700598/", "distance": "505", "hasVideo": true, "status": "renew", "newDevelopment": false, "hasLift": true, "priceByArea": 5508.0, "detailedType": {"typology": "flat"}, "suggestedTexts": {"subtitle": "Sant Gervasi - La Bonanova, Barcelona", "title": "Piso"}, "hasPlan": false, "has3DTour": false, "has360": false, "hasStaging": false, "topNewDevelopment": false}, {"propertyCode": "90159205", "thumbnail": "https://img3.idealista.com/blur/WEB_LISTING/0/id.pro.es.image.master/00/35/c1/784568369.jpg", "externalReference": "W-02F78G", "numPhotos": 32, "floor": "4", "price": 1350000.0, "propertyType": "flat", "operation": "sale", "size": 166.0, "exterior": false, "rooms": 3, "bathrooms": 3, "address": "barrio Les Tres Torres", "province": "Barcelona", "municipality": "Barcelona", "district": "Sarri\u00e0-Sant Gervasi", "country": "es", "neighborhood": "Les Tres Torres", "latitude": 41.4025358, "longitude": 2.1295021, "showAddress": false, "url": "https://www.idealista.com/inmueble/90159205/", "distance": "502", "hasVideo": false, "status": "good", "newDevelopment": false, "hasLift": true, "parkingSpace": {"hasParkingSpace": true, "isParkingSpaceIncludedInPrice": true}, "priceByArea": 8133.0, "detailedType": {"typology": "flat"}, "suggestedTexts": {"subtitle": "Les Tres Torres, Barcelona", "title": "Piso"}, "hasPlan": false, "has3DTour": false, "has360": false, "hasStaging": false, "topNewDevelopment": false}, {"propertyCode": "92772665", "thumbnail": "https://img3.idealista.com/blur/WEB_LISTING/0/id.pro.es.image.master/4e/27/1f/847770280.jpg", "externalReference": "PP0197-AC", "numPhotos": 24, "floor": "3", "price": 720000.0, "propertyType": "flat", "operation": "sale", "size": 138.0, "exterior": false, "rooms": 4, "bathrooms": 2, "address": "Calle de Muntaner", "province": "Barcelona", "municipality": "Barcelona", "district": "Sarri\u00e0-Sant Gervasi", "country": "es", "neighborhood": "Sant Gervasi - La Bonanova", "latitude": 41.4070941, "longitude": 2.1336248, "showAddress": false, "url": "https://www.idealista.com/inmueble/92772665/", "distance": "601", "hasVideo": false, "status": "renew", "newDevelopment": false, "hasLift": true, "priceByArea": 5217.0, "detailedType": {"typology": "flat"}, "suggestedTexts": {"subtitle": "Sant Gervasi - La Bonanova, Barcelona", "title": "Piso en Calle de Muntaner"}, "hasPlan": true, "has3DTour": false, "has360": false, "hasStaging": false, "topNewDevelopment": false}, {"propertyCode": "92932853", "thumbnail": "https://img3.idealista.com/blur/WEB_LISTING/0/id.pro.es.image.master/6e/95/dd/851437666.jpg", "externalReference": "246643", "numPhotos": 40, "floor": "6", "price": 3200000.0, "propertyType": "penthouse", "operation": "sale", "size": 428.0, "exterior": false, "rooms": 10, "bathrooms": 4, "address": "barrio Sant Gervasi - La Bonanova", "province": "Barcelona", "municipality": "Barcelona", "district": "Sarri\u00e0-Sant Gervasi", "country": "es", "neighborhood": "Sant Gervasi - La Bonanova", "latitude": 41.4040941, "longitude": 2.1355248, "showAddress": false, "url": "https://www.idealista.com/inmueble/92932853/", "distance": "799", "hasVideo": false, "status": "renew", "newDevelopment": false, "hasLift": true, "priceByArea": 7477.0, "detailedType": {"typology": "flat", "subTypology": "penthouse"}, "suggestedTexts": {"subtitle": "Sant Gervasi - La Bonanova, Barcelona", "title": "\u00c1tico"}, "hasPlan": false, "has3DTour": false, "has360": false, "hasStaging": false, "topNewDevelopment": false}, {"propertyCode": "92915813", "thumbnail": "https://img3.idealista.com/blur/WEB_LISTING/0/id.pro.es.image.master/9d/6f/5e/851004305.jpg", "externalReference": "246347", "numPhotos": 26, "floor": "bj", "price": 720000.0, "propertyType": "flat", "operation": "sale", "size": 150.0, "exterior": true, "rooms": 4, "bathrooms": 2, "address": "barrio Sant Gervasi - La Bonanova", "province": "Barcelona", "municipality": "Barcelona", "district": "Sarri\u00e0-Sant Gervasi", "country": "es", "neighborhood": "Sant Gervasi - La Bonanova", "latitude": 41.4057941, "longitude": 2.1344248, "showAddress": false, "url": "https://www.idealista.com/inmueble/92915813/", "distance": "667", "hasVideo": false, "status": "renew", "newDevelopment": false, "hasLift": true, "priceByArea": 4800.0, "detailedType": {"typology": "flat"}, "suggestedTexts": {"subtitle": "Sant Gervasi - La Bonanova, Barcelona", "title": "Piso"}, "hasPlan": false, "has3DTour": false, "has360": false, "hasStaging": false, "topNewDevelopment": false}, {"propertyCode": "92520576", "thumbnail": "https://img3.idealista.com/blur/WEB_LISTING/0/id.pro.es.image.master/76/9e/cd/841602084.jpg", "externalReference": "vda- mandri", "numPhotos": 27, "floor": "1", "price": 875000.0, "propertyType": "flat", "operation": "sale", "size": 186.0, "exterior": true, "rooms": 4, "bathrooms": 3, "address": "Calle de Mandri", "province": "Barcelona", "municipality": "Barcelona", "district": "Sarri\u00e0-Sant Gervasi", "country": "es", "neighborhood": "Sant Gervasi - La Bonanova", "latitude": 41.4043212, "longitude": 2.1307505, "showAddress": false, "url": "https://www.idealista.com/inmueble/92520576/", "distance": "427", "hasVideo": true, "status": "good", "newDevelopment": false, "hasLift": true, "parkingSpace": {"hasParkingSpace": true, "isParkingSpaceIncludedInPrice": false, "parkingSpacePrice": 30000.0}, "priceByArea": 4704.0, "detailedType": {"typology": "flat"}, "suggestedTexts": {"subtitle": "Sant Gervasi - La Bonanova, Barcelona", "title": "Piso en Calle de Mandri"}, "hasPlan": false, "has3DTour": false, "has360": false, "hasStaging": false, "topNewDevelopment": false}, {"propertyCode": "92057684", "thumbnail": "https://img3.idealista.com/blur/WEB_LISTING/0/id.pro.es.image.master/c9/85/8d/840934541.jpg", "externalReference": "28035", "numPhotos": 28, "floor": "2", "price": 599000.0, "propertyType": "flat", "operation": "sale", "size": 95.0, "exterior": true, "rooms": 3, "bathrooms": 2, "address": "barrio Sant Gervasi - La Bonanova", "province": "Barcelona", "municipality": "Barcelona", "district": "Sarri\u00e0-Sant Gervasi", "country": "es", "neighborhood": "Sant Gervasi - La Bonanova", "latitude": 41.4067369, "longitude": 2.1337454, "showAddress": false, "url": "https://www.idealista.com/inmueble/92057684/", "distance": "608", "hasVideo": false, "status": "good", "newDevelopment": false, "hasLift": true, "priceByArea": 6305.0, "detailedType": {"typology": "flat"}, "suggestedTexts": {"subtitle": "Sant Gervasi - La Bonanova, Barcelona", "title": "Piso"}, "hasPlan": true, "has3DTour": false, "has360": true, "hasStaging": false, "topNewDevelopment": false}, {"propertyCode": "92666194", "thumbnail": "https://img3.idealista.com/blur/WEB_LISTING/0/id.pro.es.image.master/c4/dc/ec/855823975.jpg", "externalReference": "GVRM", "numPhotos": 17, "floor": "2", "price": 325000.0, "propertyType": "flat", "operation": "sale", "size": 60.0, "exterior": true, "rooms": 2, "bathrooms": 1, "address": "barrio Sarri\u00e0", "province": "Barcelona", "municipality": "Barcelona", "district": "Sarri\u00e0-Sant Gervasi", "country": "es", "neighborhood": "Sarri\u00e0", "latitude": 41.4011036, "longitude": 2.1204111, "showAddress": false, "url": "https://www.idealista.com/inmueble/92666194/", "distance": "778", "hasVideo": true, "status": "good", "newDevelopment": false, "hasLift": true, "priceByArea": 5417.0, "detailedType": {"typology": "flat"}, "suggestedTexts": {"subtitle": "Sarri\u00e0, Barcelona", "title": "Piso"}, "hasPlan": true, "has3DTour": false, "has360": false, "hasStaging": false, "topNewDevelopment": false}, {"propertyCode": "92160941", "thumbnail": "https://img3.idealista.com/blur/WEB_LISTING/0/id.pro.es.image.master/c7/99/fc/832430910.jpg", "externalReference": "BCN26311", "numPhotos": 7, "price": 5250000.0, "propertyType": "chalet", "operation": "sale", "size": 560.0, "exterior": false, "rooms": 5, "bathrooms": 4, "address": "barrio Sarri\u00e0", "province": "Barcelona", "municipality": "Barcelona", "district": "Sarri\u00e0-Sant Gervasi", "country": "es", "neighborhood": "Sarri\u00e0", "latitude": 41.406802, "longitude": 2.1162121, "showAddress": false, "url": "https://www.idealista.com/inmueble/92160941/", "distance": "855", "hasVideo": false, "status": "good", "newDevelopment": false, "parkingSpace": {"hasParkingSpace": true, "isParkingSpaceIncludedInPrice": true}, "priceByArea": 9375.0, "detailedType": {"typology": "chalet"}, "suggestedTexts": {"subtitle": "Sarri\u00e0, Barcelona", "title": "Chalet"}, "hasPlan": false, "has3DTour": false, "has360": false, "hasStaging": false, "topNewDevelopment": false}, {"propertyCode": "89245653", "thumbnail": "https://img3.idealista.com/blur/WEB_LISTING/0/id.pro.es.image.master/18/69/d0/849507143.jpg", "externalReference": "VPV07", "numPhotos": 19, "floor": "4", "price": 800000.0, "propertyType": "penthouse", "operation": "sale", "size": 120.0, "exterior": true, "rooms": 3, "bathrooms": 2, "address": "major de sarria", "province": "Barcelona", "municipality": "Barcelona", "district": "Sarri\u00e0-Sant Gervasi", "country": "es", "neighborhood": "Sarri\u00e0", "latitude": 41.4010277, "longitude": 2.1198422, "showAddress": false, "url": "https://www.idealista.com/inmueble/89245653/", "distance": "816", "hasVideo": false, "status": "good", "newDevelopment": false, "hasLift": false, "priceByArea": 6667.0, "detailedType": {"typology": "flat", "subTypology": "penthouse"}, "suggestedTexts": {"subtitle": "Sarri\u00e0, Barcelona", "title": "\u00c1tico en major de sarria"}, "hasPlan": false, "has3DTour": false, "has360": false, "hasStaging": false, "topNewDevelopment": false}, {"propertyCode": "92103908", "thumbnail": "https://img3.idealista.com/blur/WEB_LISTING/0/id.pro.es.image.master/a7/e0/5b/831038357.jpg", "externalReference": "CHV690", "numPhotos": 25, "floor": "4", "price": 1040000.0, "propertyType": "flat", "operation": "sale", "size": 168.0, "exterior": true, "rooms": 5, "bathrooms": 3, "address": "Paseo de la Bonanova", "province": "Barcelona", "municipality": "Barcelona", "district": "Sarri\u00e0-Sant Gervasi", "country": "es", "neighborhood": "Sant Gervasi - La Bonanova", "latitude": 41.404343, "longitude": 2.1335591, "showAddress": false, "url": "https://www.idealista.com/inmueble/92103908/", "distance": "635", "hasVideo": true, "status": "renew", "newDevelopment": false, "hasLift": true, "parkingSpace": {"hasParkingSpace": true, "isParkingSpaceIncludedInPrice": true}, "priceByArea": 6190.0, "detailedType": {"typology": "flat"}, "suggestedTexts": {"subtitle": "Sant Gervasi - La Bonanova, Barcelona", "title": "Piso en Paseo de la Bonanova"}, "hasPlan": false, "has3DTour": false, "has360": false, "hasStaging": false, "topNewDevelopment": false}, {"propertyCode": "85682705", "thumbnail": "https://img3.idealista.com/blur/WEB_LISTING/0/id.pro.es.image.master/f3/1e/98/672646280.jpg", "externalReference": "VA451", "numPhotos": 17, "floor": "1", "price": 1200000.0, "propertyType": "flat", "operation": "sale", "size": 115.0, "exterior": true, "rooms": 3, "bathrooms": 2, "address": "Bellesguard, 71", "province": "Barcelona", "municipality": "Barcelona", "district": "Sarri\u00e0-Sant Gervasi", "country": "es", "neighborhood": "Sant Gervasi - La Bonanova", "latitude": 41.41238, "longitude": 2.12257, "showAddress": true, "url": "https://www.idealista.com/inmueble/85682705/", "distance": "736", "hasVideo": false, "status": "good", "newDevelopment": false, "hasLift": true, "parkingSpace": {"hasParkingSpace": true, "isParkingSpaceIncludedInPrice": true}, "priceByArea": 10435.0, "detailedType": {"typology": "flat"}, "suggestedTexts": {"subtitle": "Sant Gervasi - La Bonanova, Barcelona", "title": "Piso en Bellesguard, 71"}, "hasPlan": false, "has3DTour": false, "has360": false, "hasStaging": false, "topNewDevelopment": false}, {"propertyCode": "92201110", "thumbnail": "https://img3.idealista.com/blur/WEB_LISTING/0/id.pro.es.image.master/5d/aa/2a/833449430.jpg", "externalReference": "1459", "numPhotos": 7, "price": 5250000.0, "propertyType": "chalet", "operation": "sale", "size": 627.0, "exterior": false, "rooms": 7, "bathrooms": 7, "address": "barrio Sarri\u00e0", "province": "Barcelona", "municipality": "Barcelona", "district": "Sarri\u00e0-Sant Gervasi", "country": "es", "neighborhood": "Sarri\u00e0", "latitude": 41.407502, "longitude": 2.1166121, "showAddress": false, "url": "https://www.idealista.com/inmueble/92201110/", "distance": "829", "hasVideo": true, "status": "good", "newDevelopment": false, "parkingSpace": {"hasParkingSpace": true, "isParkingSpaceIncludedInPrice": true}, "priceByArea": 8373.0, "detailedType": {"typology": "chalet"}, "suggestedTexts": {"subtitle": "Sarri\u00e0, Barcelona", "title": "Chalet"}, "hasPlan": false, "has3DTour": false, "has360": false, "hasStaging": false, "topNewDevelopment": false}, {"propertyCode": "87823437", "thumbnail": "https://img3.idealista.com/blur/WEB_LISTING/0/id.pro.es.image.master/7d/06/4d/755955558.jpg", "externalReference": "W-02BMPT", "numPhotos": 32, "floor": "4", "price": 1040000.0, "propertyType": "flat", "operation": "sale", "size": 163.0, "exterior": false, "rooms": 5, "bathrooms": 3, "address": "barrio Sant Gervasi - La Bonanova", "province": "Barcelona", "municipality": "Barcelona", "district": "Sarri\u00e0-Sant Gervasi", "country": "es", "neighborhood": "Sant Gervasi - La Bonanova", "latitude": 41.407643, "longitude": 2.1319591, "showAddress": false, "url": "https://www.idealista.com/inmueble/87823437/", "distance": "477", "hasVideo": false, "status": "good", "newDevelopment": false, "hasLift": true, "parkingSpace": {"hasParkingSpace": true, "isParkingSpaceIncludedInPrice": true}, "priceByArea": 6380.0, "detailedType": {"typology": "flat"}, "suggestedTexts": {"subtitle": "Sant Gervasi - La Bonanova, Barcelona", "title": "Piso"}, "hasPlan": true, "has3DTour": false, "has360": true, "hasStaging": false, "topNewDevelopment": false}, {"propertyCode": "91605015", "thumbnail": "https://img3.idealista.com/blur/WEB_LISTING/0/id.pro.es.image.master/91/b0/88/818786709.jpg", "externalReference": "306297", "numPhotos": 22, "price": 899000.0, "propertyType": "penthouse", "operation": "sale", "size": 181.0, "exterior": true, "rooms": 4, "bathrooms": 3, "address": "Via Augusta s/n", "province": "Barcelona", "municipality": "Barcelona", "district": "Sarri\u00e0-Sant Gervasi", "country": "es", "neighborhood": "Les Tres Torres", "latitude": 41.4001021, "longitude": 2.1238087, "showAddress": true, "url": "https://www.idealista.com/inmueble/91605015/", "distance": "737", "hasVideo": true, "status": "good", "newDevelopment": false, "hasLift": true, "priceByArea": 4967.0, "detailedType": {"typology": "flat", "subTypology": "penthouse"}, "suggestedTexts": {"subtitle": "Les Tres Torres, Barcelona", "title": "\u00c1tico en Via Augusta s/n"}, "hasPlan": true, "has3DTour": false, "has360": true, "hasStaging": false, "topNewDevelopment": false}, {"propertyCode": "90991490", "thumbnail": "https://img3.idealista.com/blur/WEB_LISTING/0/id.pro.es.image.master/6e/ee/5b/804288776.jpg", "externalReference": "GVVLL2", "numPhotos": 45, "floor": "2", "price": 1140000.0, "propertyType": "flat", "operation": "sale", "size": 232.0, "exterior": true, "rooms": 4, "bathrooms": 2, "address": "Calle del Llu\u00e7an\u00e8s", "province": "Barcelona", "municipality": "Barcelona", "district": "Sarri\u00e0-Sant Gervasi", "country": "es", "neighborhood": "Sant Gervasi - La Bonanova", "latitude": 41.4090271, "longitude": 2.1348145, "showAddress": false, "url": "https://www.idealista.com/inmueble/90991490/", "distance": "753", "hasVideo": true, "status": "good", "newDevelopment": false, "hasLift": true, "parkingSpace": {"hasParkingSpace": true, "isParkingSpaceIncludedInPrice": true}, "priceByArea": 4914.0, "detailedType": {"typology": "flat"}, "suggestedTexts": {"subtitle": "Sant Gervasi - La Bonanova, Barcelona", "title": "Piso en Calle del Llu\u00e7an\u00e8s"}, "hasPlan": true, "has3DTour": false, "has360": true, "hasStaging": false, "topNewDevelopment": false}, {"propertyCode": "92059171", "thumbnail": "https://img3.idealista.com/blur/WEB_LISTING/0/id.pro.es.image.master/24/86/80/829847516.jpg", "externalReference": "B-000247", "numPhotos": 32, "floor": "en", "price": 950000.0, "propertyType": "flat", "operation": "sale", "size": 170.0, "exterior": true, "rooms": 4, "bathrooms": 3, "address": "Muntaner, 570", "province": "Barcelona", "municipality": "Barcelona", "district": "Sarri\u00e0-Sant Gervasi", "country": "es", "neighborhood": "Sant Gervasi - La Bonanova", "latitude": 41.4060495, "longitude": 2.1342737, "showAddress": true, "url": "https://www.idealista.com/inmueble/92059171/", "distance": "652", "hasVideo": true, "status": "good", "newDevelopment": false, "hasLift": true, "priceByArea": 5588.0, "detailedType": {"typology": "flat"}, "suggestedTexts": {"subtitle": "Sant Gervasi - La Bonanova, Barcelona", "title": "Piso en Muntaner, 570"}, "hasPlan": false, "has3DTour": false, "has360": false, "hasStaging": false, "topNewDevelopment": false}, {"propertyCode": "91094884", "thumbnail": "https://img3.idealista.com/blur/WEB_LISTING/0/id.pro.es.image.master/7e/a0/36/806639105.jpg", "externalReference": "V-C. BALAGUER", "numPhotos": 22, "floor": "1", "price": 420000.0, "propertyType": "flat", "operation": "sale", "size": 89.0, "exterior": false, "rooms": 3, "bathrooms": 1, "address": "barrio Sant Gervasi - La Bonanova", "province": "Barcelona", "municipality": "Barcelona", "district": "Sarri\u00e0-Sant Gervasi", "country": "es", "neighborhood": "Sant Gervasi - La Bonanova", "latitude": 41.4053123, "longitude": 2.1357929, "showAddress": false, "url": "https://www.idealista.com/inmueble/91094884/", "distance": "788", "hasVideo": false, "status": "good", "newDevelopment": false, "hasLift": true, "priceByArea": 4719.0, "detailedType": {"typology": "flat"}, "suggestedTexts": {"subtitle": "Sant Gervasi - La Bonanova, Barcelona", "title": "Piso"}, "hasPlan": false, "has3DTour": false, "has360": true, "hasStaging": false, "topNewDevelopment": false}, {"propertyCode": "91186675", "thumbnail": "https://img3.idealista.com/blur/WEB_LISTING/0/id.pro.es.image.master/11/d1/8e/808760489.jpg", "externalReference": "CHV611 (1)", "numPhotos": 27, "floor": "1", "price": 599000.0, "propertyType": "flat", "operation": "sale", "size": 102.0, "exterior": true, "rooms": 3, "bathrooms": 2, "address": "Calle de Bigai", "province": "Barcelona", "municipality": "Barcelona", "district": "Sarri\u00e0-Sant Gervasi", "country": "es", "neighborhood": "Sant Gervasi - La Bonanova", "latitude": 41.4073369, "longitude": 2.1344454, "showAddress": false, "url": "https://www.idealista.com/inmueble/91186675/", "distance": "673", "hasVideo": true, "status": "good", "newDevelopment": false, "hasLift": true, "priceByArea": 5873.0, "detailedType": {"typology": "flat"}, "suggestedTexts": {"subtitle": "Sant Gervasi - La Bonanova, Barcelona", "title": "Piso en Calle de Bigai"}, "hasPlan": true, "has3DTour": false, "has360": false, "hasStaging": false, "topNewDevelopment": false}, {"propertyCode": "91876330", "thumbnail": "https://img3.idealista.com/blur/WEB_LISTING/0/id.pro.es.image.master/9a/48/78/825404690.jpg", "externalReference": "VB1809033-6", "numPhotos": 32, "floor": "1", "price": 4000000.0, "propertyType": "flat", "operation": "sale", "size": 492.0, "exterior": true, "rooms": 6, "bathrooms": 4, "address": "Paseo de la Bonanova", "province": "Barcelona", "municipality": "Barcelona", "district": "Sarri\u00e0-Sant Gervasi", "country": "es", "neighborhood": "Sant Gervasi - La Bonanova", "latitude": 41.4059218, "longitude": 2.1287996, "showAddress": false, "url": "https://www.idealista.com/inmueble/91876330/", "distance": "203", "hasVideo": false, "status": "good", "newDevelopment": false, "hasLift": true, "parkingSpace": {"hasParkingSpace": true, "isParkingSpaceIncludedInPrice": true}, "priceByArea": 8130.0, "detailedType": {"typology": "flat"}, "suggestedTexts": {"subtitle": "Sant Gervasi - La Bonanova, Barcelona", "title": "Piso en Paseo de la Bonanova"}, "hasPlan": true, "has3DTour": false, "has360": false, "hasStaging": false, "topNewDevelopment": false}, {"propertyCode": "92642512", "thumbnail": "https://img3.idealista.com/blur/WEB_LISTING/0/id.pro.es.image.master/d6/a4/fe/844657733.jpg", "externalReference": "321466", "numPhotos": 34, "floor": "5", "price": 875000.0, "propertyType": "flat", "operation": "sale", "size": 167.0, "exterior": true, "rooms": 5, "bathrooms": 3, "address": "Calle de Dalmases s/n .", "province": "Barcelona", "municipality": "Barcelona", "district": "Sarri\u00e0-Sant Gervasi", "country": "es", "neighborhood": "Les Tres Torres", "latitude": 41.4019168, "longitude": 2.1270094, "showAddress": true, "url": "https://www.idealista.com/inmueble/92642512/", "distance": "504", "hasVideo": true, "status": "good", "newDevelopment": false, "hasLift": true, "parkingSpace": {"hasParkingSpace": true, "isParkingSpaceIncludedInPrice": true}, "priceByArea": 5240.0, "detailedType": {"typology": "flat"}, "suggestedTexts": {"subtitle": "Les Tres Torres, Barcelona", "title": "Piso en Calle de Dalmases s/n ."}, "hasPlan": true, "has3DTour": false, "has360": false, "hasStaging": false, "topNewDevelopment": false}, {"propertyCode": "89228498", "thumbnail": "https://img3.idealista.com/blur/WEB_LISTING/0/id.pro.es.image.master/71/b2/76/786152920.jpg", "externalReference": "VB1810042-1", "numPhotos": 42, "price": 3900000.0, "propertyType": "chalet", "operation": "sale", "size": 545.0, "exterior": false, "rooms": 9, "bathrooms": 6, "address": "barrio Sarri\u00e0", "province": "Barcelona", "municipality": "Barcelona", "district": "Sarri\u00e0-Sant Gervasi", "country": "es", "neighborhood": "Sarri\u00e0", "latitude": 41.4023037, "longitude": 2.1226093, "showAddress": false, "url": "https://www.idealista.com/inmueble/89228498/", "distance": "560", "hasVideo": true, "status": "good", "newDevelopment": false, "parkingSpace": {"hasParkingSpace": true, "isParkingSpaceIncludedInPrice": true}, "priceByArea": 7156.0, "detailedType": {"typology": "chalet"}, "suggestedTexts": {"subtitle": "Sarri\u00e0, Barcelona", "title": "Chalet"}, "hasPlan": true, "has3DTour": false, "has360": false, "hasStaging": false, "topNewDevelopment": false}, {"propertyCode": "87633487", "thumbnail": "https://img3.idealista.com/blur/WEB_LISTING/0/id.pro.es.image.master/16/8b/45/726787473.jpg", "externalReference": "BCN14940", "numPhotos": 43, "price": 5400000.0, "propertyType": "penthouse", "operation": "sale", "size": 447.0, "exterior": true, "rooms": 7, "bathrooms": 5, "address": "barrio Sant Gervasi - La Bonanova", "province": "Barcelona", "municipality": "Barcelona", "district": "Sarri\u00e0-Sant Gervasi", "country": "es", "neighborhood": "Sant Gervasi - La Bonanova", "latitude": 41.4131304, "longitude": 2.1238513, "showAddress": false, "url": "https://www.idealista.com/inmueble/87633487/", "distance": "775", "hasVideo": false, "status": "good", "newDevelopment": false, "hasLift": true, "parkingSpace": {"hasParkingSpace": true, "isParkingSpaceIncludedInPrice": true}, "priceByArea": 12081.0, "detailedType": {"typology": "flat", "subTypology": "penthouse"}, "suggestedTexts": {"subtitle": "Sant Gervasi - La Bonanova, Barcelona", "title": "\u00c1tico"}, "hasPlan": true, "has3DTour": false, "has360": false, "hasStaging": false, "topNewDevelopment": false}, {"propertyCode": "88969837", "thumbnail": "https://img3.idealista.com/blur/WEB_LISTING/0/id.pro.es.image.master/36/8e/91/759997499.jpg", "externalReference": "BCN22658", "numPhotos": 45, "price": 2425000.0, "propertyType": "chalet", "operation": "sale", "size": 474.0, "exterior": false, "rooms": 6, "bathrooms": 5, "address": "barrio Sant Gervasi - La Bonanova", "province": "Barcelona", "municipality": "Barcelona", "district": "Sarri\u00e0-Sant Gervasi", "country": "es", "neighborhood": "Sant Gervasi - La Bonanova", "latitude": 41.4110488, "longitude": 2.1213358, "showAddress": false, "url": "https://www.idealista.com/inmueble/88969837/", "distance": "667", "hasVideo": false, "status": "good", "newDevelopment": false, "parkingSpace": {"hasParkingSpace": true, "isParkingSpaceIncludedInPrice": true}, "priceByArea": 5116.0, "detailedType": {"typology": "chalet"}, "suggestedTexts": {"subtitle": "Sant Gervasi - La Bonanova, Barcelona", "title": "Chalet"}, "hasPlan": true, "has3DTour": false, "has360": false, "hasStaging": false, "topNewDevelopment": false}, {"propertyCode": "92397502", "thumbnail": "https://img3.idealista.com/blur/WEB_LISTING/0/id.pro.es.image.master/ce/6e/23/838795124.jpg", "externalReference": "VB1905069-6", "numPhotos": 32, "floor": "1", "price": 1200000.0, "propertyType": "flat", "operation": "sale", "size": 130.0, "exterior": true, "rooms": 3, "bathrooms": 2, "address": "barrio Sant Gervasi - La Bonanova", "province": "Barcelona", "municipality": "Barcelona", "district": "Sarri\u00e0-Sant Gervasi", "country": "es", "neighborhood": "Sant Gervasi - La Bonanova", "latitude": 41.4123985, "longitude": 2.1208907, "showAddress": false, "url": "https://www.idealista.com/inmueble/92397502/", "distance": "809", "hasVideo": false, "status": "good", "newDevelopment": false, "hasLift": true, "parkingSpace": {"hasParkingSpace": true, "isParkingSpaceIncludedInPrice": true}, "priceByArea": 9231.0, "detailedType": {"typology": "flat"}, "suggestedTexts": {"subtitle": "Sant Gervasi - La Bonanova, Barcelona", "title": "Piso"}, "hasPlan": true, "has3DTour": false, "has360": false, "hasStaging": false, "topNewDevelopment": false}]