[{"propertyCode": "93195124", "thumbnail": "https://img3.idealista.com/blur/WEB_LISTING/0/id.pro.es.image.master/24/f7/0c/856704686.jpg", "externalReference": "BA - 0028", "numPhotos": 23, "floor": "1", "price": 285000.0, "propertyType": "flat", "operation": "sale", "size": 81.0, "exterior": true, "rooms": 3, "bathrooms": 2, "address": "Parc Empresarial", "province": "Barcelona", "municipality": "Viladecans", "district": "Parc Empresarial", "country": "es", "latitude": 41.3140786, "longitude": 2.0272529, "showAddress": false, "url": "https://www.idealista.com/inmueble/93195124/", "distance": "2133", "hasVideo": false, "status": "good", "newDevelopment": false, "hasLift": true, "parkingSpace": {"hasParkingSpace": true, "isParkingSpaceIncludedInPrice": true}, "priceByArea": 3519.0, "detailedType": {"typology": "flat"}, "suggestedTexts": {"subtitle": "Parc Empresarial, Viladecans", "title": "Piso"}, "hasPlan": false, "has3DTour": false, "has360": false, "hasStaging": false, "topNewDevelopment": false}, {"propertyCode": "93114784", "thumbnail": "https://img3.idealista.com/blur/WEB_LISTING/0/id.pro.es.image.master/39/75/5f/856332452.jpg", "externalReference": "B21609", "numPhotos": 22, "floor": "2", "price": 178000.0, "propertyType": "flat", "operation": "sale", "size": 69.0, "exterior": true, "rooms": 3, "bathrooms": 1, "address": "Calle de Guifr\u00e9 el Pel\u00f3s", "province": "Barcelona", "municipality": "Viladecans", "district": "Parc Empresarial", "country": "es", "latitude": 41.3196443, "longitude": 2.0265013, "showAddress": false, "url": "https://www.idealista.com/inmueble/93114784/", "distance": "2190", "hasVideo": true, "status": "good", "newDevelopment": false, "hasLift": true, "priceByArea": 2580.0, "detailedType": {"typology": "flat"}, "suggestedTexts": {"subtitle": "Parc Empresarial, Viladecans", "title": "Piso en Calle de Guifr\u00e9 el Pel\u00f3s"}, "hasPlan": true, "has3DTour": false, "has360": false, "hasStaging": false, "topNewDevelopment": false}, {"propertyCode": "39589284", "thumbnail": "https://img3.idealista.com/blur/WEB_LISTING/0/id.pro.es.image.master/0c/d6/e1/755922519.jpg", "externalReference": "W-02BKGF", "numPhotos": 16, "floor": "2", "price": 270000.0, "propertyType": "flat", "operation": "sale", "size": 123.0, "exterior": false, "rooms": 3, "bathrooms": 2, "address": "Parc Empresarial", "province": "Barcelona", "municipality": "Viladecans", "district": "Parc Empresarial", "country": "es", "latitude": 41.31798, "longitude": 2.0275, "showAddress": false, "url": "https://www.idealista.com/inmueble/39589284/", "distance": "2090", "hasVideo": false, "status": "good", "newDevelopment": false, "hasLift": false, "parkingSpace": {"hasParkingSpace": true, "isParkingSpaceIncludedInPrice": true}, "priceByArea": 2195.0, "detailedType": {"typology": "flat"}, "suggestedTexts": {"subtitle": "Parc Empresarial, Viladecans", "title": "Piso"}, "hasPlan": false, "has3DTour": false, "has360": false, "hasStaging": false, "topNewDevelopment": false}, {"propertyCode": "92493099", "thumbnail": "https://img3.idealista.com/blur/WEB_LISTING/0/id.pro.es.image.master/43/5d/06/841028359.jpg", "externalReference": "245496", "numPhotos": 6, "floor": "1", "price": 160000.0, "propertyType": "flat", "operation": "sale", "size": 82.0, "exterior": false, "rooms": 3, "bathrooms": 1, "address": "Pla\u00e7a Catalunya - Vinyets", "province": "Barcelona", "municipality": "Sant Boi de Llobregat", "district": "Pla\u00e7a Catalunya - Vinyets", "country": "es", "latitude": 41.3429797, "longitude": 2.0430313, "showAddress": false, "url": "https://www.idealista.com/inmueble/92493099/", "distance": "2991", "hasVideo": false, "status": "good", "newDevelopment": false, "hasLift": true, "priceByArea": 1951.0, "detailedType": {"typology": "flat"}, "suggestedTexts": {"subtitle": "Pla\u00e7a Catalunya - Vinyets, Sant Boi de Llobregat", "title": "Piso"}, "hasPlan": true, "has3DTour": true, "has360": true, "hasStaging": false, "topNewDevelopment": false}, {"propertyCode": "92750032", "thumbnail": "https://img3.idealista.com/blur/WEB_LISTING/0/id.pro.es.image.master/14/35/70/847201483.jpg", "externalReference": "VD498F", "numPhotos": 34, "floor": "2", "price": 215000.0, "propertyType": "flat", "operation": "sale", "size": 91.0, "exterior": true, "rooms": 3, "bathrooms": 2, "address": "Calle del Roure", "province": "Barcelona", "municipality": "Viladecans", "district": "La Roureda", "country": "es", "latitude": 41.3215479, "longitude": 2.0153013, "showAddress": false, "url": "https://www.idealista.com/inmueble/92750032/", "distance": "3146", "hasVideo": false, "status": "good", "newDevelopment": false, "hasLift": true, "priceByArea": 2363.0, "detailedType": {"typology": "flat"}, "suggestedTexts": {"subtitle": "La Roureda, Viladecans", "title": "Piso en Calle del Roure"}, "hasPlan": true, "has3DTour": false, "has360": false, "hasStaging": false, "topNewDevelopment": false}, {"propertyCode": "92653223", "thumbnail": "https://img3.idealista.com/blur/WEB_LISTING/0/id.pro.es.image.master/60/fc/e2/844926433.jpg", "externalReference": "321807", "numPhotos": 28, "price": 299000.0, "propertyType": "flat", "operation": "sale", "size": 118.0, "exterior": true, "rooms": 3, "bathrooms": 2, "address": "Calle de Joan Fiveller s/n .", "province": "Barcelona", "municipality": "Viladecans", "district": "Parc Empresarial", "country": "es", "latitude": 41.3166828, "longitude": 2.0261765, "showAddress": true, "url": "https://www.idealista.com/inmueble/92653223/", "distance": "2198", "hasVideo": true, "status": "good", "newDevelopment": false, "hasLift": true, "priceByArea": 2534.0, "detailedType": {"typology": "flat"}, "suggestedTexts": {"subtitle": "Parc Empresarial, Viladecans", "title": "Piso en Calle de Joan Fiveller s/n ."}, "hasPlan": false, "has3DTour": false, "has360": false, "hasStaging": false, "topNewDevelopment": false}, {"propertyCode": "92604661", "thumbnail": "https://img3.idealista.com/blur/WEB_LISTING/0/id.pro.es.image.master/15/3c/47/848175347.jpg", "externalReference": "AIV0665", "numPhotos": 30, "floor": "4", "price": 139900.0, "propertyType": "flat", "operation": "sale", "size": 54.0, "exterior": true, "rooms": 2, "bathrooms": 1, "address": "antoni solanas", "province": "Barcelona", "municipality": "Sant Boi de Llobregat", "district": "Pla\u00e7a Catalunya - Vinyets", "country": "es", "latitude": 41.3364252, "longitude": 2.04232, "showAddress": false, "url": "https://www.idealista.com/inmueble/92604661/", "distance": "2317", "hasVideo": false, "status": "good", "newDevelopment": false, "hasLift": false, "priceByArea": 2591.0, "detailedType": {"typology": "flat"}, "suggestedTexts": {"subtitle": "Pla\u00e7a Catalunya - Vinyets, Sant Boi de Llobregat", "title": "Piso en antoni solanas"}, "hasPlan": false, "has3DTour": false, "has360": false, "hasStaging": false, "topNewDevelopment": false}, {"propertyCode": "92384931", "thumbnail": "https://img3.idealista.com/blur/WEB_LISTING/0/id.pro.es.image.master/68/40/e8/838542641.jpg", "externalReference": "V029", "numPhotos": 17, "floor": "1", "price": 192000.0, "propertyType": "flat", "operation": "sale", "size": 58.0, "exterior": true, "rooms": 3, "bathrooms": 1, "address": "Calle del Doctor Reig", "province": "Barcelona", "municipality": "Viladecans", "district": "Barri Antic - Centre", "country": "es", "latitude": 41.3163891, "longitude": 2.015755, "showAddress": false, "url": "https://www.idealista.com/inmueble/92384931/", "distance": "3069", "hasVideo": true, "status": "good", "newDevelopment": false, "hasLift": true, "priceByArea": 3310.0, "detailedType": {"typology": "flat"}, "suggestedTexts": {"subtitle": "Barri Antic - Centre, Viladecans", "title": "Piso en Calle del Doctor Reig"}, "hasPlan": true, "has3DTour": false, "has360": false, "hasStaging": false, "topNewDevelopment": false}, {"propertyCode": "93098870", "thumbnail": "https://img3.idealista.com/blur/WEB_LISTING/0/id.pro.es.image.master/6c/3b/a5/854453857.jpg", "externalReference": "G19_325737", "numPhotos": 21, "floor": "2", "price": 203000.0, "propertyType": "flat", "operation": "sale", "size": 68.0, "exterior": true, "rooms": 2, "bathrooms": 1, "address": "Pla\u00e7a de Catalunya", "province": "Barcelona", "municipality": "El Prat de Llobregat", "district": "Pla\u00e7a de Catalunya", "country": "es", "latitude": 41.322635, "longitude": 2.0836021, "showAddress": false, "url": "https://www.idealista.com/inmueble/93098870/", "distance": "2671", "hasVideo": false, "status": "good", "newDevelopment": false, "hasLift": true, "priceByArea": 2985.0, "detailedType": {"typology": "flat"}, "suggestedTexts": {"subtitle": "Pla\u00e7a de Catalunya, El Prat de Llobregat", "title": "Piso"}, "hasPlan": false, "has3DTour": false, "has360": false, "hasStaging": false, "topNewDevelopment": false}, {"propertyCode": "92772353", "thumbnail": "https://img3.idealista.com/blur/WEB_LISTING/0/id.pro.es.image.master/db/22/23/847763626.jpg", "externalReference": "G19_313235", "numPhotos": 26, "floor": "1", "price": 185000.0, "propertyType": "flat", "operation": "sale", "size": 159.0, "exterior": true, "rooms": 5, "bathrooms": 2, "address": "Once de Septiembre - Sant Jordi", "province": "Barcelona", "municipality": "El Prat de Llobregat", "district": "Once de Septiembre - Sant Jordi", "country": "es", "latitude": 41.3155206, "longitude": 2.0861829, "showAddress": false, "url": "https://www.idealista.com/inmueble/92772353/", "distance": "2818", "hasVideo": false, "status": "good", "newDevelopment": false, "hasLift": false, "priceByArea": 1164.0, "detailedType": {"typology": "flat"}, "suggestedTexts": {"subtitle": "Once de Septiembre - Sant Jordi, El Prat de Llobregat", "title": "Piso"}, "hasPlan": false, "has3DTour": false, "has360": false, "hasStaging": false, "topNewDevelopment": false}, {"propertyCode": "91266198", "thumbnail": "https://img3.idealista.com/blur/WEB_LISTING/0/id.pro.es.image.master/d7/8f/7d/810601266.jpg", "externalReference": "AIV0640", "numPhotos": 60, "price": 457830.0, "propertyType": "chalet", "operation": "sale", "size": 143.0, "exterior": false, "rooms": 5, "bathrooms": 2, "address": "farina", "province": "Barcelona", "municipality": "Viladecans", "district": "Barri Antic - Centre", "country": "es", "latitude": 41.3182618, "longitude": 2.0194407, "showAddress": false, "url": "https://www.idealista.com/inmueble/91266198/", "distance": "2763", "hasVideo": true, "status": "good", "newDevelopment": false, "parkingSpace": {"hasParkingSpace": true, "isParkingSpaceIncludedInPrice": true}, "priceByArea": 3202.0, "detailedType": {"typology": "chalet", "subTypology": "independantHouse"}, "suggestedTexts": {"subtitle": "Barri Antic - Centre, Viladecans", "title": "Casa independiente en farina"}, "hasPlan": false, "has3DTour": false, "has360": false, "hasStaging": false, "topNewDevelopment": false}, {"propertyCode": "93098057", "thumbnail": "https://img3.idealista.com/blur/WEB_LISTING/0/id.pro.es.image.master/bc/46/76/854430063.jpg", "externalReference": "326796", "numPhotos": 37, "price": 429000.0, "propertyType": "chalet", "operation": "sale", "size": 196.0, "exterior": false, "rooms": 3, "bathrooms": 3, "address": "Passatge de Llevant s/n", "province": "Barcelona", "municipality": "Viladecans", "district": "Campreci\u00f3s - Torre Roja", "country": "es", "latitude": 41.3205593, "longitude": 2.023852, "showAddress": true, "url": "https://www.idealista.com/inmueble/93098057/", "distance": "2424", "hasVideo": true, "status": "good", "newDevelopment": false, "parkingSpace": {"hasParkingSpace": true, "isParkingSpaceIncludedInPrice": true}, "priceByArea": 2189.0, "detailedType": {"typology": "chalet"}, "suggestedTexts": {"subtitle": "Campreci\u00f3s - Torre Roja, Viladecans", "title": "Chalet en Passatge de Llevant s/n"}, "hasPlan": false, "has3DTour": false, "has360": false, "hasStaging": false, "topNewDevelopment": false}, {"propertyCode": "92794242", "thumbnail": "https://img3.idealista.com/blur/WEB_LISTING/0/id.pro.es.image.master/e7/23/aa/848317060.jpg", "externalReference": "ASB0868", "numPhotos": 19, "floor": "4", "price": 139900.0, "propertyType": "flat", "operation": "sale", "size": 54.0, "exterior": true, "rooms": 2, "bathrooms": 1, "address": "ANTONI SOLANAS", "province": "Barcelona", "municipality": "Sant Boi de Llobregat", "district": "Pla\u00e7a Catalunya - Vinyets", "country": "es", "latitude": 41.3355252, "longitude": 2.04392, "showAddress": false, "url": "https://www.idealista.com/inmueble/92794242/", "distance": "2177", "hasVideo": false, "status": "good", "newDevelopment": false, "hasLift": false, "priceByArea": 2591.0, "detailedType": {"typology": "flat"}, "suggestedTexts": {"subtitle": "Pla\u00e7a Catalunya - Vinyets, Sant Boi de Llobregat", "title": "Piso en ANTONI SOLANAS"}, "hasPlan": false, "has3DTour": false, "has360": false, "hasStaging": false, "topNewDevelopment": false}, {"propertyCode": "92904507", "thumbnail": "https://img3.idealista.com/blur/WEB_LISTING/0/id.pro.es.image.master/50/d8/0d/850704321.jpg", "externalReference": "Montserrat Terraza", "numPhotos": 21, "floor": "1", "price": 264500.0, "propertyType": "flat", "operation": "sale", "size": 118.0, "exterior": true, "rooms": 4, "bathrooms": 2, "address": "Mare de deu de Montserrat", "province": "Barcelona", "municipality": "Viladecans", "district": "Barri Antic - Centre", "country": "es", "latitude": 41.3196528, "longitude": 2.0171947, "showAddress": false, "url": "https://www.idealista.com/inmueble/92904507/", "distance": "2962", "hasVideo": false, "status": "good", "newDevelopment": false, "hasLift": false, "priceByArea": 2242.0, "detailedType": {"typology": "flat"}, "suggestedTexts": {"subtitle": "Barri Antic - Centre, Viladecans", "title": "Piso en Mare de deu de Montserrat"}, "hasPlan": true, "has3DTour": false, "has360": false, "hasStaging": false, "topNewDevelopment": false}, {"propertyCode": "92665842", "thumbnail": "https://img3.idealista.com/blur/WEB_LISTING/0/id.pro.es.image.master/47/c4/86/845180927.jpg", "externalReference": "100079186", "numPhotos": 10, "price": 371000.0, "propertyType": "flat", "operation": "sale", "size": 108.0, "exterior": false, "rooms": 4, "bathrooms": 2, "address": "Cam\u00ed Oliveretes", "province": "Barcelona", "municipality": "Viladecans", "district": "Campreci\u00f3s - Torre Roja", "country": "es", "latitude": 41.3229326, "longitude": 2.0201867, "showAddress": false, "url": "https://www.idealista.com/obra-nueva/92665842/", "distance": "2776", "hasVideo": false, "status": "newdevelopment", "newDevelopment": true, "hasLift": true, "newDevelopmentFinished": false, "priceByArea": 3435.0, "detailedType": {"typology": "flat"}, "suggestedTexts": {"subtitle": "Campreci\u00f3s - Torre Roja, Viladecans", "title": "Piso en Cam\u00ed Oliveretes"}, "hasPlan": true, "has3DTour": false, "has360": false, "hasStaging": false, "topNewDevelopment": false}, {"propertyCode": "92665841", "thumbnail": "https://img3.idealista.com/blur/WEB_LISTING/0/id.pro.es.image.master/56/f7/4a/845180908.jpg", "externalReference": "100079181", "numPhotos": 10, "price": 340000.0, "propertyType": "flat", "operation": "sale", "size": 98.0, "exterior": false, "rooms": 4, "bathrooms": 2, "address": "Cam\u00ed Oliveretes", "province": "Barcelona", "municipality": "Viladecans", "district": "Campreci\u00f3s - Torre Roja", "country": "es", "latitude": 41.3258326, "longitude": 2.0202867, "showAddress": false, "url": "https://www.idealista.com/obra-nueva/92665841/", "distance": "2862", "hasVideo": false, "status": "newdevelopment", "newDevelopment": true, "hasLift": true, "newDevelopmentFinished": false, "priceByArea": 3469.0, "detailedType": {"typology": "flat"}, "suggestedTexts": {"subtitle": "Campreci\u00f3s - Torre Roja, Viladecans", "title": "Piso en Cam\u00ed Oliveretes"}, "hasPlan": true, "has3DTour": false, "has360": false, "hasStaging": false, "topNewDevelopment": false}, {"propertyCode": "91734501", "thumbnail": "https://img3.idealista.com/blur/WEB_LISTING/0/id.pro.es.image.master/b7/d7/06/821981115.jpg", "externalReference": "100078899", "numPhotos": 10, "price": 165000.0, "propertyType": "flat", "operation": "sale", "size": 50.0, "exterior": false, "rooms": 1, "bathrooms": 1, "address": "Cam\u00ed Oliveretes", "province": "Barcelona", "municipality": "Viladecans", "district": "Campreci\u00f3s - Torre Roja", "country": "es", "latitude": 41.3231326, "longitude": 2.0206867, "showAddress": false, "url": "https://www.idealista.com/obra-nueva/91734501/", "distance": "2741", "hasVideo": false, "status": "newdevelopment", "newDevelopment": true, "hasLift": true, "newDevelopmentFinished": false, "priceByArea": 3300.0, "detailedType": {"typology": "flat"}, "suggestedTexts": {"subtitle": "Campreci\u00f3s - Torre Roja, Viladecans", "title": "Piso en Cam\u00ed Oliveretes"}, "hasPlan": true, "has3DTour": false, "has360": false, "hasStaging": false, "topNewDevelopment": false}, {"propertyCode": "93037872", "thumbnail": "https://img3.idealista.com/blur/WEB_LISTING/0/id.pro.es.image.master/b9/ea/8f/853184353.jpg", "externalReference": "AIV0673", "numPhotos": 35, "floor": "3", "price": 189000.0, "propertyType": "flat", "operation": "sale", "size": 75.0, "exterior": true, "rooms": 3, "bathrooms": 1, "address": "miguel hernandez", "province": "Barcelona", "municipality": "Viladecans", "district": "La Roureda", "country": "es", "latitude": 41.320184, "longitude": 2.0143353, "showAddress": false, "url": "https://www.idealista.com/inmueble/93037872/", "distance": "3206", "hasVideo": true, "status": "good", "newDevelopment": false, "hasLift": true, "priceByArea": 2520.0, "detailedType": {"typology": "flat"}, "suggestedTexts": {"subtitle": "La Roureda, Viladecans", "title": "Piso en miguel hernandez"}, "hasPlan": false, "has3DTour": false, "has360": false, "hasStaging": false, "topNewDevelopment": false}, {"propertyCode": "92960663", "thumbnail": "https://img3.idealista.com/blur/WEB_LISTING/0/id.pro.es.image.master/48/4b/aa/852076410.jpg", "externalReference": "AIV0674", "numPhotos": 21, "floor": "5", "price": 169900.0, "propertyType": "flat", "operation": "sale", "size": 85.0, "exterior": true, "rooms": 2, "bathrooms": 1, "address": "grup sant jordi", "province": "Barcelona", "municipality": "Viladecans", "district": "Parc Empresarial", "country": "es", "latitude": 41.3170443, "longitude": 2.02267, "showAddress": false, "url": "https://www.idealista.com/inmueble/92960663/", "distance": "2490", "hasVideo": false, "status": "good", "newDevelopment": false, "hasLift": true, "priceByArea": 1999.0, "detailedType": {"typology": "flat"}, "suggestedTexts": {"subtitle": "Parc Empresarial, Viladecans", "title": "Piso en grup sant jordi"}, "hasPlan": false, "has3DTour": false, "has360": false, "hasStaging": false, "topNewDevelopment": false}, {"propertyCode": "90591027", "thumbnail": "https://img3.idealista.com/blur/WEB_LISTING/0/id.pro.es.image.master/00/10/7f/804466635.jpg", "externalReference": "Vilamarina", "numPhotos": 38, "floor": "5", "price": 356000.0, "propertyType": "flat", "operation": "sale", "size": 135.0, "exterior": true, "rooms": 3, "bathrooms": 2, "address": "Av. Olof Palme", "province": "Barcelona", "municipality": "Viladecans", "district": "Parc Empresarial", "country": "es", "latitude": 41.30954, "longitude": 2.0251399, "showAddress": false, "url": "https://www.idealista.com/inmueble/90591027/", "distance": "2432", "hasVideo": false, "status": "good", "newDevelopment": false, "hasLift": true, "parkingSpace": {"hasParkingSpace": true, "isParkingSpaceIncludedInPrice": true}, "priceByArea": 2637.0, "detailedType": {"typology": "flat"}, "suggestedTexts": {"subtitle": "Parc Empresarial, Viladecans", "title": "Piso en Av. Olof Palme"}, "hasPlan": false, "has3DTour": false, "has360": false, "hasStaging": false, "topNewDevelopment": false}, {"propertyCode": "92647455", "thumbnail": "https://img3.idealista.com/blur/WEB_LISTING/0/id.pro.es.image.master/b6/2c/dc/844789574.jpg", "externalReference": "5738", "numPhotos": 30, "floor": "2", "price": 335000.0, "propertyType": "flat", "operation": "sale", "size": 114.0, "exterior": false, "rooms": 4, "bathrooms": 2, "address": "Parc Empresarial", "province": "Barcelona", "municipality": "Viladecans", "district": "Parc Empresarial", "country": "es", "latitude": 41.3157084, "longitude": 2.0261322, "showAddress": false, "url": "https://www.idealista.com/inmueble/92647455/", "distance": "2206", "hasVideo": false, "status": "good", "newDevelopment": false, "hasLift": true, "parkingSpace": {"hasParkingSpace": true, "isParkingSpaceIncludedInPrice": true}, "priceByArea": 2939.0, "detailedType": {"typology": "flat"}, "suggestedTexts": {"subtitle": "Parc Empresarial, Viladecans", "title": "Piso"}, "hasPlan": false, "has3DTour": false, "has360": false, "hasStaging": false, "topNewDevelopment": false}, {"propertyCode": "92112735", "thumbnail": "https://img3.idealista.com/blur/WEB_LISTING/0/id.pro.es.image.master/c4/d4/80/847753840.jpg", "externalReference": "GV36606", "numPhotos": 7, "floor": "3", "price": 225000.0, "propertyType": "flat", "operation": "sale", "size": 57.0, "exterior": false, "rooms": 2, "bathrooms": 1, "address": "Calle Tres de Abril, 3", "province": "Barcelona", "municipality": "Sant Boi de Llobregat", "district": "Pla\u00e7a Catalunya - Vinyets", "country": "es", "latitude": 41.3419329, "longitude": 2.0451617, "showAddress": true, "url": "https://www.idealista.com/inmueble/92112735/", "distance": "2835", "hasVideo": false, "status": "good", "newDevelopment": false, "priceByArea": 3947.0, "detailedType": {"typology": "flat"}, "suggestedTexts": {"subtitle": "Pla\u00e7a Catalunya - Vinyets, Sant Boi de Llobregat", "title": "Piso en Calle Tres de Abril, 3"}, "hasPlan": true, "has3DTour": false, "has360": false, "hasStaging": false, "topNewDevelopment": false}, {"propertyCode": "92112734", "thumbnail": "https://img3.idealista.com/blur/WEB_LISTING/0/id.pro.es.image.master/4d/88/c3/847753849.jpg", "externalReference": "GV36607", "numPhotos": 8, "floor": "4", "price": 330000.0, "propertyType": "flat", "operation": "sale", "size": 88.0, "exterior": false, "rooms": 3, "bathrooms": 2, "address": "Calle Tres de Abril, 33", "province": "Barcelona", "municipality": "Sant Boi de Llobregat", "district": "Pla\u00e7a Catalunya - Vinyets", "country": "es", "latitude": 41.3411, "longitude": 2.04395, "showAddress": true, "url": "https://www.idealista.com/inmueble/92112734/", "distance": "2769", "hasVideo": false, "status": "good", "newDevelopment": false, "priceByArea": 3750.0, "detailedType": {"typology": "flat"}, "suggestedTexts": {"subtitle": "Pla\u00e7a Catalunya - Vinyets, Sant Boi de Llobregat", "title": "Piso en Calle Tres de Abril, 33"}, "hasPlan": true, "has3DTour": false, "has360": false, "hasStaging": false, "topNewDevelopment": false}, {"propertyCode": "91156357", "thumbnail": "https://img3.idealista.com/blur/WEB_LISTING/0/id.pro.es.image.master/58/ca/5e/808064698.jpg", "externalReference": "283607", "numPhotos": 24, "price": 344000.0, "propertyType": "flat", "operation": "sale", "size": 113.0, "exterior": true, "rooms": 4, "bathrooms": 2, "address": "Calle de Dolores Ibarruri, 27", "province": "Barcelona", "municipality": "El Prat de Llobregat", "district": "Pla\u00e7a de Catalunya", "country": "es", "latitude": 41.3217846, "longitude": 2.0860076, "showAddress": true, "url": "https://www.idealista.com/inmueble/91156357/", "distance": "2847", "hasVideo": true, "status": "good", "newDevelopment": false, "hasLift": false, "priceByArea": 3044.0, "detailedType": {"typology": "flat"}, "suggestedTexts": {"subtitle": "Pla\u00e7a de Catalunya, El Prat de Llobregat", "title": "Piso en Calle de Dolores Ibarruri, 27"}, "hasPlan": false, "has3DTour": false, "has360": false, "hasStaging": false, "topNewDevelopment": false}, {"propertyCode": "91960576", "thumbnail": "https://img3.idealista.com/blur/WEB_LISTING/0/id.pro.es.image.master/f4/a5/ab/827417722.jpg", "externalReference": "AIV0655", "numPhotos": 47, "price": 328755.0, "propertyType": "chalet", "operation": "sale", "size": 208.0, "exterior": false, "rooms": 4, "bathrooms": 1, "address": "generalitat", "province": "Barcelona", "municipality": "Viladecans", "district": "Barri Antic - Centre", "country": "es", "latitude": 41.3172132, "longitude": 2.0194544, "showAddress": false, "url": "https://www.idealista.com/inmueble/91960576/", "distance": "2759", "hasVideo": false, "status": "good", "newDevelopment": false, "parkingSpace": {"hasParkingSpace": true, "isParkingSpaceIncludedInPrice": true}, "priceByArea": 1581.0, "detailedType": {"typology": "chalet", "subTypology": "terracedHouse"}, "suggestedTexts": {"subtitle": "Barri Antic - Centre, Viladecans", "title": "Chalet adosado en generalitat"}, "hasPlan": false, "has3DTour": false, "has360": false, "hasStaging": false, "topNewDevelopment": false}, {"propertyCode": "91641844", "thumbnail": "https://img3.idealista.com/blur/WEB_LISTING/0/id.pro.es.image.master/21/38/86/819715465.jpg", "externalReference": "AIV0648", "numPhotos": 37, "floor": "2", "price": 153000.0, "propertyType": "flat", "operation": "sale", "size": 69.0, "exterior": true, "rooms": 3, "bathrooms": 1, "address": "Calle de Rafael Casanova", "province": "Barcelona", "municipality": "Viladecans", "district": "Parc Empresarial", "country": "es", "latitude": 41.3182363, "longitude": 2.0257327, "showAddress": false, "url": "https://www.idealista.com/inmueble/91641844/", "distance": "2239", "hasVideo": true, "status": "good", "newDevelopment": false, "hasLift": true, "priceByArea": 2217.0, "detailedType": {"typology": "flat"}, "suggestedTexts": {"subtitle": "Parc Empresarial, Viladecans", "title": "Piso en Calle de Rafael Casanova"}, "hasPlan": false, "has3DTour": false, "has360": false, "hasStaging": false, "topNewDevelopment": false}, {"propertyCode": "91277457", "thumbnail": "https://img3.idealista.com/blur/WEB_LISTING/0/id.pro.es.image.master/31/96/56/810864522.jpg", "externalReference": "AIV7008", "numPhotos": 28, "floor": "bj", "price": 169000.0, "propertyType": "flat", "operation": "sale", "size": 73.0, "exterior": true, "rooms": 2, "bathrooms": 1, "address": "Calle del Llevat", "province": "Barcelona", "municipality": "Viladecans", "district": "Barri Antic - Centre", "country": "es", "latitude": 41.319856, "longitude": 2.0192894, "showAddress": false, "url": "https://www.idealista.com/inmueble/91277457/", "distance": "2790", "hasVideo": false, "status": "good", "newDevelopment": false, "hasLift": false, "priceByArea": 2315.0, "detailedType": {"typology": "flat"}, "suggestedTexts": {"subtitle": "Barri Antic - Centre, Viladecans", "title": "Piso en Calle del Llevat"}, "hasPlan": false, "has3DTour": false, "has360": false, "hasStaging": false, "topNewDevelopment": false}, {"propertyCode": "90922492", "thumbnail": "https://img3.idealista.com/blur/WEB_LISTING/0/id.pro.es.image.master/f4/ca/8f/802209132.jpg", "externalReference": "AIV0413", "numPhotos": 29, "floor": "3", "price": 129900.0, "propertyType": "flat", "operation": "sale", "size": 67.0, "exterior": true, "rooms": 3, "bathrooms": 1, "address": "Calle de Ricard Serraj\u00f2rdia", "province": "Barcelona", "municipality": "Viladecans", "district": "Barri Antic - Centre", "country": "es", "latitude": 41.316883, "longitude": 2.0175557, "showAddress": false, "url": "https://www.idealista.com/inmueble/90922492/", "distance": "2918", "hasVideo": true, "status": "good", "newDevelopment": false, "hasLift": false, "priceByArea": 1939.0, "detailedType": {"typology": "flat"}, "suggestedTexts": {"subtitle": "Barri Antic - Centre, Viladecans", "title": "Piso en Calle de Ricard Serraj\u00f2rdia"}, "hasPlan": false, "has3DTour": false, "has360": false, "hasStaging": false, "topNewDevelopment": false}, {"propertyCode": "90890852", "thumbnail": "https://img3.idealista.com/blur/WEB_LISTING/0/id.pro.es.image.master/7e/0c/40/801291340.jpg", "externalReference": "AIV0627", "numPhotos": 29, "floor": "3", "price": 134000.0, "propertyType": "flat", "operation": "sale", "size": 63.0, "exterior": true, "rooms": 3, "bathrooms": 1, "address": "onze setembre", "province": "Barcelona", "municipality": "Viladecans", "district": "Barri Antic - Centre", "country": "es", "latitude": 41.3198124, "longitude": 2.0150289, "showAddress": false, "url": "https://www.idealista.com/inmueble/90890852/", "distance": "3144", "hasVideo": true, "status": "good", "newDevelopment": false, "hasLift": false, "priceByArea": 2127.0, "detailedType": {"typology": "flat"}, "suggestedTexts": {"subtitle": "Barri Antic - Centre, Viladecans", "title": "Piso en onze setembre"}, "hasPlan": false, "has3DTour": false, "has360": false, "hasStaging": false, "topNewDevelopment": false}, {"propertyCode": "90282076", "thumbnail": "https://img3.idealista.com/blur/WEB_LISTING/0/id.pro.es.image.master/5f/6f/29/787136377.jpg", "externalReference": "AIV0336", "numPhotos": 31, "floor": "1", "price": 161000.0, "propertyType": "flat", "operation": "sale", "size": 59.0, "exterior": true, "rooms": 2, "bathrooms": 1, "address": "san ramon", "province": "Barcelona", "municipality": "Viladecans", "district": "Barri Antic - Centre", "country": "es", "latitude": 41.3197619, "longitude": 2.018985, "showAddress": false, "url": "https://www.idealista.com/inmueble/90282076/", "distance": "2815", "hasVideo": true, "status": "good", "newDevelopment": false, "hasLift": false, "priceByArea": 2729.0, "detailedType": {"typology": "flat"}, "suggestedTexts": {"subtitle": "Barri Antic - Centre, Viladecans", "title": "Piso en san ramon"}, "hasPlan": false, "has3DTour": false, "has360": false, "hasStaging": false, "topNewDevelopment": false}, {"propertyCode": "92182679", "thumbnail": "https://img3.idealista.com/blur/WEB_LISTING/0/id.pro.es.image.master/f0/b3/c7/832961831.jpg", "externalReference": "329", "numPhotos": 58, "floor": "5", "price": 395000.0, "propertyType": "flat", "operation": "sale", "size": 135.0, "exterior": true, "rooms": 3, "bathrooms": 2, "address": "olof palmer s/n", "province": "Barcelona", "municipality": "Viladecans", "district": "Parc Empresarial", "country": "es", "latitude": 41.3114845, "longitude": 2.0266216, "showAddress": true, "url": "https://www.idealista.com/inmueble/92182679/", "distance": "2247", "hasVideo": false, "status": "good", "newDevelopment": false, "hasLift": true, "priceByArea": 2926.0, "detailedType": {"typology": "flat"}, "suggestedTexts": {"subtitle": "Parc Empresarial, Viladecans", "title": "Piso en olof palmer s/n"}, "hasPlan": false, "has3DTour": false, "has360": false, "hasStaging": false, "topNewDevelopment": false}, {"propertyCode": "90999360", "thumbnail": "https://img3.idealista.com/blur/WEB_LISTING/0/id.pro.es.image.master/d6/ca/69/808129000.jpg", "externalReference": "388", "numPhotos": 55, "floor": "3", "price": 395000.0, "propertyType": "duplex", "operation": "sale", "size": 210.0, "exterior": true, "rooms": 3, "bathrooms": 3, "address": "Calle Jaume Balmes s/n", "province": "Barcelona", "municipality": "Sant Boi de Llobregat", "district": "Pla\u00e7a Catalunya - Vinyets", "country": "es", "latitude": 41.3369428, "longitude": 2.0434883, "showAddress": true, "url": "https://www.idealista.com/inmueble/90999360/", "distance": "2337", "hasVideo": true, "status": "good", "newDevelopment": false, "hasLift": true, "parkingSpace": {"hasParkingSpace": true, "isParkingSpaceIncludedInPrice": true}, "priceByArea": 1881.0, "detailedType": {"typology": "flat", "subTypology": "duplex"}, "suggestedTexts": {"subtitle": "Pla\u00e7a Catalunya - Vinyets, Sant Boi de Llobregat", "title": "D\u00faplex en Calle Jaume Balmes s/n"}, "hasPlan": false, "has3DTour": false, "has360": false, "hasStaging": false, "topNewDevelopment": false}, {"propertyCode": "92997606", "thumbnail": "https://img3.idealista.com/blur/WEB_LISTING/0/id.pro.es.image.master/5a/fe/ec/852716544.jpg", "externalReference": "OP210204", "numPhotos": 21, "floor": "3", "price": 276000.0, "propertyType": "flat", "operation": "sale", "size": 122.0, "exterior": true, "rooms": 4, "bathrooms": 2, "address": "Calle Antonio Machado", "province": "Barcelona", "municipality": "Viladecans", "district": "Parc Empresarial", "country": "es", "latitude": 41.3188954, "longitude": 2.0299991, "showAddress": false, "url": "https://www.idealista.com/inmueble/92997606/", "distance": "1890", "hasVideo": false, "status": "good", "newDevelopment": false, "hasLift": true, "priceByArea": 2262.0, "detailedType": {"typology": "flat"}, "suggestedTexts": {"subtitle": "Parc Empresarial, Viladecans", "title": "Piso en Calle Antonio Machado"}, "hasPlan": false, "has3DTour": false, "has360": false, "hasStaging": false, "topNewDevelopment": false}, {"propertyCode": "92690736", "thumbnail": "https://img3.idealista.com/blur/WEB_LISTING/0/id.pro.es.image.master/29/8a/3f/845774136.jpg", "externalReference": "AIG1444", "numPhotos": 23, "floor": "2", "price": 239000.0, "propertyType": "flat", "operation": "sale", "size": 100.0, "exterior": true, "rooms": 3, "bathrooms": 1, "address": "Carretera SANTA CREU CALAFELL", "province": "Barcelona", "municipality": "Sant Boi de Llobregat", "district": "Pla\u00e7a Catalunya - Vinyets", "country": "es", "latitude": 41.33827, "longitude": 2.04887, "showAddress": false, "url": "https://www.idealista.com/inmueble/92690736/", "distance": "2380", "hasVideo": false, "status": "good", "newDevelopment": false, "hasLift": true, "parkingSpace": {"hasParkingSpace": true, "isParkingSpaceIncludedInPrice": true}, "priceByArea": 2390.0, "detailedType": {"typology": "flat"}, "suggestedTexts": {"subtitle": "Pla\u00e7a Catalunya - Vinyets, Sant Boi de Llobregat", "title": "Piso en Carretera SANTA CREU CALAFELL"}, "hasPlan": false, "has3DTour": false, "has360": false, "hasStaging": false, "topNewDevelopment": false}, {"propertyCode": "92690526", "thumbnail": "https://img3.idealista.com/blur/WEB_LISTING/0/id.pro.es.image.master/dc/7d/39/845767845.jpg", "externalReference": "AIG1443", "numPhotos": 21, "floor": "2", "price": 241000.0, "propertyType": "flat", "operation": "sale", "size": 100.0, "exterior": true, "rooms": 3, "bathrooms": 1, "address": "Carretera santa creu calafell", "province": "Barcelona", "municipality": "Sant Boi de Llobregat", "district": "Pla\u00e7a Catalunya - Vinyets", "country": "es", "latitude": 41.33837, "longitude": 2.04487, "showAddress": false, "url": "https://www.idealista.com/inmueble/92690526/", "distance": "2456", "hasVideo": false, "status": "good", "newDevelopment": false, "hasLift": true, "parkingSpace": {"hasParkingSpace": true, "isParkingSpaceIncludedInPrice": true}, "priceByArea": 2410.0, "detailedType": {"typology": "flat"}, "suggestedTexts": {"subtitle": "Pla\u00e7a Catalunya - Vinyets, Sant Boi de Llobregat", "title": "Piso en Carretera santa creu calafell"}, "hasPlan": false, "has3DTour": false, "has360": false, "hasStaging": false, "topNewDevelopment": false}, {"propertyCode": "92247329", "thumbnail": "https://img3.idealista.com/blur/WEB_LISTING/0/id.pro.es.image.master/d5/52/b7/834693377.jpg", "externalReference": "ASB7936-BOSCO", "numPhotos": 24, "floor": "3", "price": 212100.0, "propertyType": "flat", "operation": "sale", "size": 77.0, "exterior": false, "rooms": 4, "bathrooms": 1, "address": "Calle Sant Joan Bosco", "province": "Barcelona", "municipality": "Sant Boi de Llobregat", "district": "Pla\u00e7a Catalunya - Vinyets", "country": "es", "latitude": 41.3402226, "longitude": 2.0466195, "showAddress": false, "url": "https://www.idealista.com/inmueble/92247329/", "distance": "2624", "hasVideo": true, "status": "good", "newDevelopment": false, "hasLift": true, "priceByArea": 2755.0, "detailedType": {"typology": "flat"}, "suggestedTexts": {"subtitle": "Pla\u00e7a Catalunya - Vinyets, Sant Boi de Llobregat", "title": "Piso en Calle Sant Joan Bosco"}, "hasPlan": false, "has3DTour": false, "has360": false, "hasStaging": false, "topNewDevelopment": false}, {"propertyCode": "93169678", "thumbnail": "https://img3.idealista.com/blur/WEB_LISTING/0/id.pro.es.image.master/3e/2e/92/856048619.jpg", "externalReference": "08059", "numPhotos": 26, "floor": "2", "price": 260000.0, "propertyType": "duplex", "operation": "sale", "size": 70.0, "exterior": true, "rooms": 3, "bathrooms": 2, "address": "Barri Antic - Centre", "province": "Barcelona", "municipality": "Viladecans", "district": "Barri Antic - Centre", "country": "es", "latitude": 41.3141656, "longitude": 2.018624, "showAddress": false, "url": "https://www.idealista.com/inmueble/93169678/", "distance": "2846", "hasVideo": false, "status": "good", "newDevelopment": false, "hasLift": true, "priceByArea": 3714.0, "detailedType": {"typology": "flat", "subTypology": "duplex"}, "suggestedTexts": {"subtitle": "Barri Antic - Centre, Viladecans", "title": "D\u00faplex"}, "hasPlan": false, "has3DTour": false, "has360": false, "hasStaging": false, "topNewDevelopment": false}, {"propertyCode": "93121781", "thumbnail": "https://img3.idealista.com/blur/WEB_LISTING/0/id.pro.es.image.master/b4/8c/1a/855000023.jpg", "externalReference": "BEN2024", "numPhotos": 48, "price": 430000.0, "propertyType": "chalet", "operation": "sale", "size": 184.0, "exterior": false, "rooms": 5, "bathrooms": 2, "address": "Campreci\u00f3s - Torre Roja", "province": "Barcelona", "municipality": "Viladecans", "district": "Campreci\u00f3s - Torre Roja", "country": "es", "latitude": 41.3227583, "longitude": 2.0225212, "showAddress": false, "url": "https://www.idealista.com/inmueble/93121781/", "distance": "2582", "hasVideo": false, "status": "good", "newDevelopment": false, "parkingSpace": {"hasParkingSpace": true, "isParkingSpaceIncludedInPrice": true}, "priceByArea": 2337.0, "detailedType": {"typology": "chalet", "subTypology": "semidetachedHouse"}, "suggestedTexts": {"subtitle": "Campreci\u00f3s - Torre Roja, Viladecans", "title": "Chalet pareado"}, "hasPlan": false, "has3DTour": false, "has360": false, "hasStaging": false, "topNewDevelopment": false}, {"propertyCode": "92106841", "thumbnail": "https://img3.idealista.com/blur/WEB_LISTING/0/id.pro.es.image.master/72/68/86/831121597.jpg", "externalReference": "G2_038569", "numPhotos": 28, "floor": "1", "price": 245000.0, "propertyType": "flat", "operation": "sale", "size": 100.0, "exterior": true, "rooms": 2, "bathrooms": 1, "address": "Pla\u00e7a Catalunya - Vinyets", "province": "Barcelona", "municipality": "Sant Boi de Llobregat", "district": "Pla\u00e7a Catalunya - Vinyets", "country": "es", "latitude": 41.3381953, "longitude": 2.0466813, "showAddress": false, "url": "https://www.idealista.com/inmueble/92106841/", "distance": "2402", "hasVideo": false, "status": "good", "newDevelopment": false, "hasLift": true, "priceByArea": 2450.0, "detailedType": {"typology": "flat"}, "suggestedTexts": {"subtitle": "Pla\u00e7a Catalunya - Vinyets, Sant Boi de Llobregat", "title": "Piso"}, "hasPlan": false, "has3DTour": false, "has360": false, "hasStaging": false, "topNewDevelopment": false}, {"propertyCode": "92758123", "thumbnail": "https://img3.idealista.com/blur/WEB_LISTING/0/id.pro.es.image.master/68/7f/b0/847459529.jpg", "externalReference": "VILAMARINA-REF.", "numPhotos": 41, "floor": "5", "price": 395000.0, "propertyType": "flat", "operation": "sale", "size": 135.0, "exterior": true, "rooms": 3, "bathrooms": 2, "address": "Avenida Olof Palme", "province": "Barcelona", "municipality": "Viladecans", "district": "Parc Empresarial", "country": "es", "latitude": 41.3106499, "longitude": 2.02554, "showAddress": false, "url": "https://www.idealista.com/inmueble/92758123/", "distance": "2360", "hasVideo": false, "status": "good", "newDevelopment": false, "hasLift": true, "priceByArea": 2926.0, "detailedType": {"typology": "flat"}, "suggestedTexts": {"subtitle": "Parc Empresarial, Viladecans", "title": "Piso en Avenida Olof Palme"}, "hasPlan": false, "has3DTour": false, "has360": false, "hasStaging": false, "topNewDevelopment": false}, {"propertyCode": "93098875", "thumbnail": "https://img3.idealista.com/blur/WEB_LISTING/0/id.pro.es.image.master/97/71/c7/854454034.jpg", "externalReference": "G2_787821", "numPhotos": 31, "floor": "bj", "price": 135000.0, "propertyType": "flat", "operation": "sale", "size": 70.0, "exterior": true, "rooms": 3, "bathrooms": 1, "address": "Camps Blancs - Casablanca - Canons", "province": "Barcelona", "municipality": "Sant Boi de Llobregat", "district": "Camps Blancs - Casablanca - Canons", "country": "es", "latitude": 41.3322711, "longitude": 2.0393332, "showAddress": false, "url": "https://www.idealista.com/inmueble/93098875/", "distance": "2019", "hasVideo": false, "status": "good", "newDevelopment": false, "hasLift": false, "priceByArea": 1929.0, "detailedType": {"typology": "flat"}, "suggestedTexts": {"subtitle": "Camps Blancs - Casablanca - Canons, Sant Boi de Llobregat", "title": "Piso"}, "hasPlan": false, "has3DTour": false, "has360": false, "hasStaging": false, "topNewDevelopment": false}, {"propertyCode": "92922004", "thumbnail": "https://img3.idealista.com/blur/WEB_LISTING/0/id.pro.es.image.master/52/b3/2f/851149496.jpg", "externalReference": "G2_785328", "numPhotos": 38, "floor": "bj", "price": 210000.0, "propertyType": "flat", "operation": "sale", "size": 87.0, "exterior": true, "rooms": 4, "bathrooms": 1, "address": "Pla\u00e7a Catalunya - Vinyets", "province": "Barcelona", "municipality": "Sant Boi de Llobregat", "district": "Pla\u00e7a Catalunya - Vinyets", "country": "es", "latitude": 41.3423378, "longitude": 2.0454746, "showAddress": false, "url": "https://www.idealista.com/inmueble/92922004/", "distance": "2873", "hasVideo": false, "status": "good", "newDevelopment": false, "hasLift": true, "priceByArea": 2414.0, "detailedType": {"typology": "flat"}, "suggestedTexts": {"subtitle": "Pla\u00e7a Catalunya - Vinyets, Sant Boi de Llobregat", "title": "Piso"}, "hasPlan": false, "has3DTour": false, "has360": false, "hasStaging": false, "topNewDevelopment": false}, {"propertyCode": "92642414", "thumbnail": "https://img3.idealista.com/blur/WEB_LISTING/0/id.pro.es.image.master/10/53/be/844655191.jpg", "externalReference": "AIG1587", "numPhotos": 17, "floor": "5", "price": 169900.0, "propertyType": "flat", "operation": "sale", "size": 85.0, "exterior": true, "rooms": 2, "bathrooms": 1, "address": "GRUPO SAN JORDI, 2", "province": "Barcelona", "municipality": "Viladecans", "district": "Parc Empresarial", "country": "es", "latitude": 41.3152443, "longitude": 2.02267, "showAddress": true, "url": "https://www.idealista.com/inmueble/92642414/", "distance": "2498", "hasVideo": false, "status": "good", "newDevelopment": false, "hasLift": true, "priceByArea": 1999.0, "detailedType": {"typology": "flat"}, "suggestedTexts": {"subtitle": "Parc Empresarial, Viladecans", "title": "Piso en GRUPO SAN JORDI, 2"}, "hasPlan": false, "has3DTour": false, "has360": false, "hasStaging": false, "topNewDevelopment": false}, {"propertyCode": "92970184", "thumbnail": "https://img3.idealista.com/blur/WEB_LISTING/0/id.pro.es.image.master/56/28/30/852242439.jpg", "externalReference": "VD502", "numPhotos": 25, "floor": "2", "price": 178000.0, "propertyType": "flat", "operation": "sale", "size": 69.0, "exterior": true, "rooms": 3, "bathrooms": 1, "address": "Carretera del Prat", "province": "Barcelona", "municipality": "Viladecans", "district": "Parc Empresarial", "country": "es", "latitude": 41.3174584, "longitude": 2.0235204, "showAddress": false, "url": "https://www.idealista.com/inmueble/92970184/", "distance": "2420", "hasVideo": false, "status": "good", "newDevelopment": false, "hasLift": true, "priceByArea": 2580.0, "detailedType": {"typology": "flat"}, "suggestedTexts": {"subtitle": "Parc Empresarial, Viladecans", "title": "Piso en Carretera del Prat"}, "hasPlan": false, "has3DTour": false, "has360": false, "hasStaging": false, "topNewDevelopment": false}, {"propertyCode": "92978956", "thumbnail": "https://img3.idealista.com/blur/WEB_LISTING/0/id.pro.es.image.master/22/2d/a9/852397093.jpg", "externalReference": "BEN2014", "numPhotos": 19, "floor": "bj", "price": 199000.0, "propertyType": "flat", "operation": "sale", "size": 70.0, "exterior": true, "rooms": 3, "bathrooms": 1, "address": "Barri Antic - Centre", "province": "Barcelona", "municipality": "Viladecans", "district": "Barri Antic - Centre", "country": "es", "latitude": 41.3194796, "longitude": 2.0147774, "showAddress": false, "url": "https://www.idealista.com/inmueble/92978956/", "distance": "3161", "hasVideo": false, "status": "good", "newDevelopment": false, "hasLift": false, "priceByArea": 2843.0, "detailedType": {"typology": "flat"}, "suggestedTexts": {"subtitle": "Barri Antic - Centre, Viladecans", "title": "Piso"}, "hasPlan": true, "has3DTour": false, "has360": false, "hasStaging": false, "topNewDevelopment": false}, {"propertyCode": "92854041", "thumbnail": "https://img3.idealista.com/blur/WEB_LISTING/0/id.pro.es.image.master/73/fd/67/849548713.jpg", "externalReference": "BA - 0080", "numPhotos": 25, "floor": "2", "price": 265000.0, "propertyType": "flat", "operation": "sale", "size": 90.0, "exterior": true, "rooms": 4, "bathrooms": 2, "address": "Pla\u00e7a de Catalunya", "province": "Barcelona", "municipality": "El Prat de Llobregat", "district": "Pla\u00e7a de Catalunya", "country": "es", "latitude": 41.3192826, "longitude": 2.0907493, "showAddress": false, "url": "https://www.idealista.com/inmueble/92854041/", "distance": "3204", "hasVideo": false, "status": "good", "newDevelopment": false, "hasLift": true, "priceByArea": 2944.0, "detailedType": {"typology": "flat"}, "suggestedTexts": {"subtitle": "Pla\u00e7a de Catalunya, El Prat de Llobregat", "title": "Piso"}, "hasPlan": false, "has3DTour": false, "has360": false, "hasStaging": false, "topNewDevelopment": false}, {"propertyCode": "92551531", "thumbnail": "https://img3.idealista.com/blur/WEB_LISTING/0/id.pro.es.image.master/7c/90/36/842455415.jpg", "externalReference": "G2_785291", "numPhotos": 28, "floor": "bj", "price": 166000.0, "propertyType": "flat", "operation": "sale", "size": 77.0, "exterior": true, "rooms": 3, "bathrooms": 1, "address": "Pla\u00e7a Catalunya - Vinyets", "province": "Barcelona", "municipality": "Sant Boi de Llobregat", "district": "Pla\u00e7a Catalunya - Vinyets", "country": "es", "latitude": 41.3356678, "longitude": 2.0443544, "showAddress": false, "url": "https://www.idealista.com/inmueble/92551531/", "distance": "2180", "hasVideo": false, "status": "good", "newDevelopment": false, "hasLift": true, "priceByArea": 2156.0, "detailedType": {"typology": "flat"}, "suggestedTexts": {"subtitle": "Pla\u00e7a Catalunya - Vinyets, Sant Boi de Llobregat", "title": "Piso"}, "hasPlan": false, "has3DTour": false, "has360": false, "hasStaging": false, "topNewDevelopment": false}, {"propertyCode": "92237240", "thumbnail": "https://img3.idealista.com/blur/WEB_LISTING/0/id.pro.es.image.master/44/4d/b1/834415821.jpg", "externalReference": "G2_776161", "numPhotos": 21, "floor": "bj", "price": 165000.0, "propertyType": "flat", "operation": "sale", "size": 76.0, "exterior": true, "rooms": 3, "bathrooms": 1, "address": "Pla\u00e7a Catalunya - Vinyets", "province": "Barcelona", "municipality": "Sant Boi de Llobregat", "district": "Pla\u00e7a Catalunya - Vinyets", "country": "es", "latitude": 41.3358365, "longitude": 2.042982, "showAddress": false, "url": "https://www.idealista.com/inmueble/92237240/", "distance": "2236", "hasVideo": false, "status": "good", "newDevelopment": false, "hasLift": true, "priceByArea": 2171.0, "detailedType": {"typology": "flat"}, "suggestedTexts": {"subtitle": "Pla\u00e7a Catalunya - Vinyets, Sant Boi de Llobregat", "title": "Piso"}, "hasPlan": false, "has3DTour": false, "has360": false, "hasStaging": false, "topNewDevelopment": false}, {"propertyCode": "92505554", "thumbnail": "https://img3.idealista.com/blur/WEB_LISTING/90/id.pro.es.image.master/11/50/9c/841268334.jpg", "externalReference": "1281-VI-934-049-ENT-001", "numPhotos": 6, "floor": "en", "price": 147000.0, "propertyType": "flat", "operation": "sale", "size": 66.0, "exterior": false, "rooms": 3, "bathrooms": 1, "address": "Jaume Balmes", "province": "Barcelona", "municipality": "Sant Boi de Llobregat", "district": "Pla\u00e7a Catalunya - Vinyets", "country": "es", "latitude": 41.3352434, "longitude": 2.0421124, "showAddress": false, "url": "https://www.idealista.com/inmueble/92505554/", "distance": "2202", "hasVideo": false, "status": "good", "newDevelopment": false, "hasLift": true, "priceByArea": 2227.0, "detailedType": {"typology": "flat"}, "suggestedTexts": {"subtitle": "Pla\u00e7a Catalunya - Vinyets, Sant Boi de Llobregat", "title": "Piso en Jaume Balmes"}, "hasPlan": false, "has3DTour": false, "has360": false, "hasStaging": false, "topNewDevelopment": false}, {"propertyCode": "93060372", "thumbnail": "https://img3.idealista.com/blur/WEB_LISTING/0/id.pro.es.image.master/9b/4f/a1/853575902.jpg", "externalReference": "OP210204", "numPhotos": 17, "floor": "3", "price": 276000.0, "propertyType": "flat", "operation": "sale", "size": 122.0, "exterior": true, "rooms": 3, "bathrooms": 2, "address": "ANTONIO MACHADO", "province": "Barcelona", "municipality": "Viladecans", "district": "Parc Empresarial", "country": "es", "latitude": 41.3179954, "longitude": 2.0287991, "showAddress": false, "url": "https://www.idealista.com/inmueble/93060372/", "distance": "1981", "hasVideo": false, "status": "good", "newDevelopment": false, "hasLift": true, "priceByArea": 2262.0, "detailedType": {"typology": "flat"}, "suggestedTexts": {"subtitle": "Parc Empresarial, Viladecans", "title": "Piso en ANTONIO MACHADO"}, "hasPlan": false, "has3DTour": false, "has360": false, "hasStaging": false, "topNewDevelopment": false}]