[{"propertyCode": "84372470", "thumbnail": "https://img3.idealista.com/blur/WEB_LISTING/0/id.pro.es.image.master/a8/fd/5a/661677894.jpg", "externalReference": "PO0141060001", "numPhotos": 33, "floor": "3", "price": 345000.0, "propertyType": "flat", "operation": "sale", "size": 70.0, "exterior": false, "rooms": 2, "bathrooms": 2, "address": "barrio El Poble Sec - Parc de Montju\u00efc", "province": "Barcelona", "municipality": "Barcelona", "district": "Sants-Montju\u00efc", "country": "es", "neighborhood": "El Poble Sec - Parc de Montju\u00efc", "latitude": 41.3709507, "longitude": 2.1669982, "showAddress": false, "url": "https://www.idealista.com/inmueble/84372470/", "distance": "499", "hasVideo": false, "status": "good", "newDevelopment": false, "hasLift": false, "priceByArea": 4929.0, "detailedType": {"typology": "flat"}, "suggestedTexts": {"subtitle": "El Poble Sec - Parc de Montju\u00efc, Barcelona", "title": "Piso"}, "hasPlan": false, "has3DTour": false, "has360": false, "hasStaging": false, "topNewDevelopment": false}, {"propertyCode": "84401224", "thumbnail": "https://img3.idealista.com/blur/WEB_LISTING/0/id.pro.es.image.master/89/ba/10/638253804.jpg", "externalReference": "Roser", "numPhotos": 21, "floor": "3", "price": 299500.0, "propertyType": "flat", "operation": "sale", "size": 61.0, "exterior": true, "rooms": 2, "bathrooms": 1, "address": "Roser", "province": "Barcelona", "municipality": "Barcelona", "district": "Sants-Montju\u00efc", "country": "es", "neighborhood": "El Poble Sec - Parc de Montju\u00efc", "latitude": 41.3708918, "longitude": 2.1672772, "showAddress": false, "url": "https://www.idealista.com/inmueble/84401224/", "distance": "485", "hasVideo": true, "status": "good", "newDevelopment": false, "hasLift": false, "priceByArea": 4910.0, "detailedType": {"typology": "flat"}, "suggestedTexts": {"subtitle": "El Poble Sec - Parc de Montju\u00efc, Barcelona", "title": "Piso en Roser"}, "hasPlan": true, "has3DTour": false, "has360": false, "hasStaging": false, "topNewDevelopment": false}, {"propertyCode": "92413644", "thumbnail": "https://img3.idealista.com/blur/WEB_LISTING/0/id.pro.es.image.master/f7/5c/cd/758144780.jpg", "externalReference": "2108", "numPhotos": 8, "floor": "3", "price": 298500.0, "propertyType": "flat", "operation": "sale", "size": 80.0, "exterior": true, "rooms": 2, "bathrooms": 1, "address": "Calle Nou de la Rambla", "province": "Barcelona", "municipality": "Barcelona", "district": "Sants-Montju\u00efc", "country": "es", "neighborhood": "El Poble Sec - Parc de Montju\u00efc", "latitude": 41.3708881, "longitude": 2.1686306, "showAddress": false, "url": "https://www.idealista.com/inmueble/92413644/", "distance": "461", "hasVideo": false, "status": "good", "newDevelopment": false, "hasLift": false, "priceByArea": 3731.0, "detailedType": {"typology": "flat"}, "suggestedTexts": {"subtitle": "El Poble Sec - Parc de Montju\u00efc, Barcelona", "title": "Piso en Calle Nou de la Rambla"}, "hasPlan": false, "has3DTour": false, "has360": false, "hasStaging": false, "topNewDevelopment": false}, {"propertyCode": "91457315", "thumbnail": "https://img3.idealista.com/blur/WEB_LISTING/0/id.pro.es.image.master/b3/99/45/843316860.jpg", "externalReference": "660", "numPhotos": 10, "floor": "2", "price": 206900.0, "propertyType": "flat", "operation": "sale", "size": 50.0, "exterior": true, "rooms": 2, "bathrooms": 1, "address": "Calle del Roser", "province": "Barcelona", "municipality": "Barcelona", "district": "Sants-Montju\u00efc", "country": "es", "neighborhood": "El Poble Sec - Parc de Montju\u00efc", "latitude": 41.3709242, "longitude": 2.1676964, "showAddress": false, "url": "https://www.idealista.com/inmueble/91457315/", "distance": "478", "hasVideo": false, "status": "good", "newDevelopment": false, "hasLift": false, "priceByArea": 4138.0, "detailedType": {"typology": "flat"}, "suggestedTexts": {"subtitle": "El Poble Sec - Parc de Montju\u00efc, Barcelona", "title": "Piso en Calle del Roser"}, "hasPlan": false, "has3DTour": false, "has360": false, "hasStaging": false, "topNewDevelopment": false}, {"propertyCode": "92459080", "thumbnail": "https://img3.idealista.com/blur/WEB_LISTING/0/id.pro.es.image.master/40/c9/90/840136704.jpg", "externalReference": "14954", "numPhotos": 24, "price": 350000.0, "propertyType": "penthouse", "operation": "sale", "size": 60.0, "exterior": true, "rooms": 3, "bathrooms": 1, "address": "barrio El Poble Sec - Parc de Montju\u00efc", "province": "Barcelona", "municipality": "Barcelona", "district": "Sants-Montju\u00efc", "country": "es", "neighborhood": "El Poble Sec - Parc de Montju\u00efc", "latitude": 41.370724, "longitude": 2.1687149, "showAddress": false, "url": "https://www.idealista.com/inmueble/92459080/", "distance": "442", "hasVideo": false, "status": "good", "newDevelopment": false, "hasLift": true, "priceByArea": 5833.0, "detailedType": {"typology": "flat", "subTypology": "penthouse"}, "suggestedTexts": {"subtitle": "El Poble Sec - Parc de Montju\u00efc, Barcelona", "title": "\u00c1tico"}, "hasPlan": false, "has3DTour": false, "has360": false, "hasStaging": false, "topNewDevelopment": false}, {"propertyCode": "88978970", "thumbnail": "https://img3.idealista.com/blur/WEB_LISTING/0/id.pro.es.image.master/fa/04/96/760208726.jpg", "externalReference": "W-02GQUT", "numPhotos": 34, "price": 189500.0, "propertyType": "flat", "operation": "sale", "size": 46.0, "exterior": false, "rooms": 2, "bathrooms": 1, "address": "barrio El Poble Sec - Parc de Montju\u00efc", "province": "Barcelona", "municipality": "Barcelona", "district": "Sants-Montju\u00efc", "country": "es", "neighborhood": "El Poble Sec - Parc de Montju\u00efc", "latitude": 41.3700475, "longitude": 2.1660944, "showAddress": false, "url": "https://www.idealista.com/inmueble/88978970/", "distance": "446", "hasVideo": false, "status": "good", "newDevelopment": false, "hasLift": false, "priceByArea": 4120.0, "detailedType": {"typology": "flat"}, "suggestedTexts": {"subtitle": "El Poble Sec - Parc de Montju\u00efc, Barcelona", "title": "Piso"}, "hasPlan": false, "has3DTour": false, "has360": false, "hasStaging": false, "topNewDevelopment": false}, {"propertyCode": "90782668", "thumbnail": "https://img3.idealista.com/blur/WEB_LISTING/0/id.pro.es.image.master/78/12/fd/818564755.jpg", "externalReference": "CP1924", "numPhotos": 34, "floor": "6", "price": 265000.0, "propertyType": "penthouse", "operation": "sale", "size": 78.0, "exterior": true, "rooms": 3, "bathrooms": 1, "address": "Calle de Blesa, Barcelona", "province": "Barcelona", "municipality": "Barcelona", "district": "Sants-Montju\u00efc", "country": "es", "neighborhood": "El Poble Sec - Parc de Montju\u00efc", "latitude": 41.3707889, "longitude": 2.1687076, "showAddress": false, "url": "https://www.idealista.com/inmueble/90782668/", "distance": "449", "hasVideo": false, "status": "good", "newDevelopment": false, "hasLift": true, "priceByArea": 3397.0, "detailedType": {"typology": "flat", "subTypology": "penthouse"}, "suggestedTexts": {"subtitle": "El Poble Sec - Parc de Montju\u00efc, Barcelona", "title": "\u00c1tico en Calle de Blesa, Barcelona"}, "hasPlan": false, "has3DTour": false, "has360": false, "hasStaging": false, "topNewDevelopment": false}, {"propertyCode": "92248147", "thumbnail": "https://img3.idealista.com/blur/WEB_LISTING/90/id.pro.es.image.master/06/68/4c/834711774.jpg", "numPhotos": 17, "floor": "5", "price": 295000.0, "propertyType": "flat", "operation": "sale", "size": 65.0, "exterior": true, "rooms": 2, "bathrooms": 1, "address": "Calle de Blesa", "province": "Barcelona", "municipality": "Barcelona", "district": "Sants-Montju\u00efc", "country": "es", "neighborhood": "El Poble Sec - Parc de Montju\u00efc", "latitude": 41.370331, "longitude": 2.1686528, "showAddress": false, "url": "https://www.idealista.com/inmueble/92248147/", "distance": "399", "hasVideo": false, "status": "good", "newDevelopment": false, "hasLift": true, "priceByArea": 4538.0, "detailedType": {"typology": "flat"}, "suggestedTexts": {"subtitle": "El Poble Sec - Parc de Montju\u00efc, Barcelona", "title": "Piso en Calle de Blesa"}, "hasPlan": true, "has3DTour": false, "has360": false, "hasStaging": false, "topNewDevelopment": false}, {"propertyCode": "92016409", "thumbnail": "https://img3.idealista.com/blur/WEB_LISTING/0/id.pro.es.image.master/18/7b/b3/828721242.jpg", "externalReference": "AHB7287", "numPhotos": 11, "price": 179800.0, "propertyType": "flat", "operation": "sale", "size": 65.0, "exterior": false, "rooms": 2, "bathrooms": 1, "address": "Calle Nou de la Rambla", "province": "Barcelona", "municipality": "Barcelona", "district": "Sants-Montju\u00efc", "country": "es", "neighborhood": "El Poble Sec - Parc de Montju\u00efc", "latitude": 41.3704006, "longitude": 2.1665008, "showAddress": false, "url": "https://www.idealista.com/inmueble/92016409/", "distance": "462", "hasVideo": false, "status": "renew", "newDevelopment": false, "priceByArea": 2766.0, "detailedType": {"typology": "flat"}, "suggestedTexts": {"subtitle": "El Poble Sec - Parc de Montju\u00efc, Barcelona", "title": "Piso en Calle Nou de la Rambla"}, "hasPlan": true, "has3DTour": false, "has360": false, "hasStaging": false, "topNewDevelopment": false}, {"propertyCode": "90240480", "thumbnail": "https://img3.idealista.com/blur/WEB_LISTING/0/id.pro.es.image.master/b3/8a/6e/786129538.jpg", "externalReference": "AKR-3601-JF", "numPhotos": 29, "floor": "1", "price": 228000.0, "propertyType": "flat", "operation": "sale", "size": 75.0, "exterior": true, "rooms": 3, "bathrooms": 1, "address": "BLESA", "province": "Barcelona", "municipality": "Barcelona", "district": "Sants-Montju\u00efc", "country": "es", "neighborhood": "El Poble Sec - Parc de Montju\u00efc", "latitude": 41.3706906, "longitude": 2.1671815, "showAddress": false, "url": "https://www.idealista.com/inmueble/90240480/", "distance": "467", "hasVideo": false, "status": "good", "newDevelopment": false, "hasLift": true, "parkingSpace": {"hasParkingSpace": true, "isParkingSpaceIncludedInPrice": false, "parkingSpacePrice": 15000.0}, "priceByArea": 3040.0, "detailedType": {"typology": "flat"}, "suggestedTexts": {"subtitle": "El Poble Sec - Parc de Montju\u00efc, Barcelona", "title": "Piso en BLESA"}, "hasPlan": true, "has3DTour": false, "has360": false, "hasStaging": false, "topNewDevelopment": false}, {"propertyCode": "91989418", "thumbnail": "https://img3.idealista.com/blur/WEB_LISTING/0/id.pro.es.image.master/4c/68/45/828070665.jpg", "numPhotos": 27, "floor": "en", "price": 240500.0, "propertyType": "flat", "operation": "sale", "size": 71.0, "exterior": false, "rooms": 3, "bathrooms": 1, "address": "Calle de Blesa", "province": "Barcelona", "municipality": "Barcelona", "district": "Sants-Montju\u00efc", "country": "es", "neighborhood": "El Poble Sec - Parc de Montju\u00efc", "latitude": 41.3707906, "longitude": 2.1704815, "showAddress": false, "url": "https://www.idealista.com/inmueble/91989418/", "distance": "461", "hasVideo": false, "status": "renew", "newDevelopment": false, "hasLift": true, "priceByArea": 3387.0, "detailedType": {"typology": "flat"}, "suggestedTexts": {"subtitle": "El Poble Sec - Parc de Montju\u00efc, Barcelona", "title": "Piso en Calle de Blesa"}, "hasPlan": false, "has3DTour": false, "has360": false, "hasStaging": false, "topNewDevelopment": false}, {"propertyCode": "91102523", "thumbnail": "https://img3.idealista.com/blur/WEB_LISTING/0/id.pro.es.image.master/22/dc/d7/839633267.jpg", "externalReference": "VI-000-030-680-704", "numPhotos": 17, "price": 168500.0, "propertyType": "flat", "operation": "sale", "size": 43.0, "exterior": false, "rooms": 1, "bathrooms": 1, "address": "barrio El Poble Sec - Parc de Montju\u00efc", "province": "Barcelona", "municipality": "Barcelona", "district": "Sants-Montju\u00efc", "country": "es", "neighborhood": "El Poble Sec - Parc de Montju\u00efc", "latitude": 41.3709437, "longitude": 2.1706091, "showAddress": false, "url": "https://www.idealista.com/inmueble/91102523/", "distance": "480", "hasVideo": false, "status": "good", "newDevelopment": false, "priceByArea": 3919.0, "detailedType": {"typology": "flat"}, "suggestedTexts": {"subtitle": "El Poble Sec - Parc de Montju\u00efc, Barcelona", "title": "Piso"}, "hasPlan": true, "has3DTour": false, "has360": false, "hasStaging": false, "topNewDevelopment": false}, {"propertyCode": "91927284", "thumbnail": "https://img3.idealista.com/blur/WEB_LISTING/0/id.pro.es.image.master/86/8c/f9/826638672.jpg", "externalReference": "G3522", "numPhotos": 15, "floor": "bj", "price": 185000.0, "propertyType": "flat", "operation": "sale", "size": 48.0, "exterior": false, "rooms": 1, "bathrooms": 1, "address": "Calle del Roser", "province": "Barcelona", "municipality": "Barcelona", "district": "Sants-Montju\u00efc", "country": "es", "neighborhood": "El Poble Sec - Parc de Montju\u00efc", "latitude": 41.3702371, "longitude": 2.1669432, "showAddress": false, "url": "https://www.idealista.com/inmueble/91927284/", "distance": "428", "hasVideo": false, "status": "good", "newDevelopment": false, "hasLift": true, "priceByArea": 3854.0, "detailedType": {"typology": "flat"}, "suggestedTexts": {"subtitle": "El Poble Sec - Parc de Montju\u00efc, Barcelona", "title": "Piso en Calle del Roser"}, "hasPlan": false, "has3DTour": false, "has360": false, "hasStaging": false, "topNewDevelopment": false}, {"propertyCode": "88062184", "thumbnail": "https://img3.idealista.com/blur/WEB_LISTING/0/id.pro.es.image.master/a7/39/41/737657019.jpg", "externalReference": "3982V", "numPhotos": 18, "floor": "3", "price": 299500.0, "propertyType": "flat", "operation": "sale", "size": 55.0, "exterior": true, "rooms": 2, "bathrooms": 1, "address": "barrio El Poble Sec - Parc de Montju\u00efc", "province": "Barcelona", "municipality": "Barcelona", "district": "Sants-Montju\u00efc", "country": "es", "neighborhood": "El Poble Sec - Parc de Montju\u00efc", "latitude": 41.3705918, "longitude": 2.1676772, "showAddress": false, "url": "https://www.idealista.com/inmueble/88062184/", "distance": "443", "hasVideo": false, "status": "good", "newDevelopment": false, "hasLift": false, "priceByArea": 5445.0, "detailedType": {"typology": "flat"}, "suggestedTexts": {"subtitle": "El Poble Sec - Parc de Montju\u00efc, Barcelona", "title": "Piso"}, "hasPlan": false, "has3DTour": false, "has360": false, "hasStaging": false, "topNewDevelopment": false}]