[{"propertyCode": "91577811", "thumbnail": "https://img3.idealista.com/blur/WEB_LISTING/0/id.pro.es.image.master/94/20/31/855823725.jpg", "externalReference": "GV601", "numPhotos": 48, "floor": "1", "price": 499000.0, "propertyType": "flat", "operation": "sale", "size": 103.0, "exterior": true, "rooms": 3, "bathrooms": 2, "address": "Carretera Reial", "province": "Barcelona", "municipality": "Sant Just Desvern", "district": "Mas Llu\u00ed - Els Miralls", "country": "es", "latitude": 41.3801734, "longitude": 2.0594804, "showAddress": false, "url": "https://www.idealista.com/inmueble/91577811/", "distance": "2658", "hasVideo": true, "status": "good", "newDevelopment": false, "hasLift": true, "parkingSpace": {"hasParkingSpace": true, "isParkingSpaceIncludedInPrice": true}, "priceByArea": 4845.0, "detailedType": {"typology": "flat"}, "suggestedTexts": {"subtitle": "Mas Llu\u00ed - Els Miralls, Sant Just Desvern", "title": "Piso en Carretera Reial"}, "hasPlan": true, "has3DTour": false, "has360": true, "hasStaging": false, "topNewDevelopment": false}, {"propertyCode": "91576613", "thumbnail": "https://img3.idealista.com/blur/WEB_LISTING/0/id.pro.es.image.master/b7/00/c1/818001735.jpg", "externalReference": "GVVFCV6", "numPhotos": 39, "floor": "bj", "price": 487000.0, "propertyType": "flat", "operation": "sale", "size": 115.0, "exterior": true, "rooms": 4, "bathrooms": 2, "address": "Calle de Francesca Cort\u00e8s i Vives", "province": "Barcelona", "municipality": "Sant Just Desvern", "district": "Mas Llu\u00ed - Els Miralls", "country": "es", "latitude": 41.3848637, "longitude": 2.0616631, "showAddress": false, "url": "https://www.idealista.com/inmueble/91576613/", "distance": "3207", "hasVideo": true, "status": "good", "newDevelopment": false, "hasLift": true, "parkingSpace": {"hasParkingSpace": true, "isParkingSpaceIncludedInPrice": true}, "priceByArea": 4235.0, "detailedType": {"typology": "flat"}, "suggestedTexts": {"subtitle": "Mas Llu\u00ed - Els Miralls, Sant Just Desvern", "title": "Piso en Calle de Francesca Cort\u00e8s i Vives"}, "hasPlan": true, "has3DTour": false, "has360": false, "hasStaging": false, "topNewDevelopment": false}, {"propertyCode": "92857025", "thumbnail": "https://img3.idealista.com/blur/WEB_LISTING/0/id.pro.es.image.master/75/39/5a/849872389.jpg", "externalReference": "PVL19", "numPhotos": 39, "floor": "7", "price": 485000.0, "propertyType": "flat", "operation": "sale", "size": 104.0, "exterior": true, "rooms": 3, "bathrooms": 2, "address": "Carretera Reial", "province": "Barcelona", "municipality": "Sant Just Desvern", "district": "Mas Llu\u00ed - Els Miralls", "country": "es", "latitude": 41.3815734, "longitude": 2.0602804, "showAddress": false, "url": "https://www.idealista.com/inmueble/92857025/", "distance": "2825", "hasVideo": true, "status": "good", "newDevelopment": false, "hasLift": true, "parkingSpace": {"hasParkingSpace": true, "isParkingSpaceIncludedInPrice": true}, "priceByArea": 4663.0, "detailedType": {"typology": "flat"}, "suggestedTexts": {"subtitle": "Mas Llu\u00ed - Els Miralls, Sant Just Desvern", "title": "Piso en Carretera Reial"}, "hasPlan": true, "has3DTour": false, "has360": true, "hasStaging": false, "topNewDevelopment": false}, {"propertyCode": "91439193", "thumbnail": "https://img3.idealista.com/blur/WEB_LISTING/0/id.pro.es.image.master/f1/71/d3/833138941.jpg", "externalReference": "90912690", "numPhotos": 45, "floor": "bj", "price": 1300000.0, "propertyType": "flat", "operation": "sale", "size": 350.0, "exterior": false, "rooms": 4, "bathrooms": 3, "address": "N-340", "province": "Barcelona", "municipality": "Sant Just Desvern", "district": "Centre", "country": "es", "latitude": 41.3781551, "longitude": 2.0748847, "showAddress": false, "url": "https://www.idealista.com/inmueble/91439193/", "distance": "3017", "hasVideo": false, "status": "good", "newDevelopment": false, "hasLift": true, "parkingSpace": {"hasParkingSpace": true, "isParkingSpaceIncludedInPrice": true}, "priceByArea": 3714.0, "detailedType": {"typology": "flat"}, "suggestedTexts": {"subtitle": "Centre, Sant Just Desvern", "title": "Piso en N-340"}, "hasPlan": false, "has3DTour": false, "has360": false, "hasStaging": false, "topNewDevelopment": false}, {"propertyCode": "88554505", "thumbnail": "https://img3.idealista.com/blur/WEB_LISTING/0/id.pro.es.image.master/89/07/95/749493587.jpg", "externalReference": "11046", "numPhotos": 22, "floor": "2", "price": 330000.0, "propertyType": "flat", "operation": "sale", "size": 83.0, "exterior": true, "rooms": 4, "bathrooms": 1, "address": "Avenida Cornella", "province": "Barcelona", "municipality": "Esplugues de Llobregat", "district": "La Plana - Montesa", "country": "es", "latitude": 41.3692445, "longitude": 2.080695, "showAddress": false, "url": "https://www.idealista.com/inmueble/88554505/", "distance": "2727", "hasVideo": false, "status": "good", "newDevelopment": false, "hasLift": true, "priceByArea": 3976.0, "detailedType": {"typology": "flat"}, "suggestedTexts": {"subtitle": "La Plana - Montesa, Esplugues de Llobregat", "title": "Piso en Avenida Cornella"}, "hasPlan": false, "has3DTour": false, "has360": false, "hasStaging": false, "topNewDevelopment": false}, {"propertyCode": "91302966", "thumbnail": "https://img3.idealista.com/blur/WEB_LISTING/0/id.pro.es.image.master/f5/bd/0c/811467783.jpg", "externalReference": "27754", "numPhotos": 30, "price": 1380000.0, "propertyType": "chalet", "operation": "sale", "size": 519.0, "exterior": false, "rooms": 6, "bathrooms": 2, "address": "Centre", "province": "Barcelona", "municipality": "Sant Just Desvern", "district": "Centre", "country": "es", "latitude": 41.3792505, "longitude": 2.0728571, "showAddress": false, "url": "https://www.idealista.com/inmueble/91302966/", "distance": "3015", "hasVideo": true, "status": "good", "newDevelopment": false, "parkingSpace": {"hasParkingSpace": true, "isParkingSpaceIncludedInPrice": true}, "priceByArea": 2659.0, "detailedType": {"typology": "chalet"}, "suggestedTexts": {"subtitle": "Centre, Sant Just Desvern", "title": "Chalet"}, "hasPlan": false, "has3DTour": false, "has360": false, "hasStaging": false, "topNewDevelopment": false}, {"propertyCode": "84482895", "thumbnail": "https://img3.idealista.com/blur/WEB_LISTING/0/id.pro.es.image.master/d7/eb/85/818845315.jpg", "externalReference": "25285", "numPhotos": 42, "price": 890000.0, "propertyType": "chalet", "operation": "sale", "size": 310.0, "exterior": false, "rooms": 4, "bathrooms": 4, "address": "Centre", "province": "Barcelona", "municipality": "Sant Just Desvern", "district": "Centre", "country": "es", "latitude": 41.3768382, "longitude": 2.0769916, "showAddress": false, "url": "https://www.idealista.com/inmueble/84482895/", "distance": "3019", "hasVideo": false, "status": "good", "newDevelopment": false, "parkingSpace": {"hasParkingSpace": true, "isParkingSpaceIncludedInPrice": true}, "priceByArea": 2871.0, "detailedType": {"typology": "chalet"}, "suggestedTexts": {"subtitle": "Centre, Sant Just Desvern", "title": "Chalet"}, "hasPlan": false, "has3DTour": false, "has360": false, "hasStaging": false, "topNewDevelopment": false}, {"propertyCode": "92096253", "thumbnail": "https://img3.idealista.com/blur/WEB_LISTING/0/id.pro.es.image.master/ba/a5/e2/832217008.jpg", "externalReference": "003654", "numPhotos": 14, "floor": "1", "price": 176000.0, "propertyType": "flat", "operation": "sale", "size": 69.0, "exterior": true, "rooms": 3, "bathrooms": 1, "address": "La Plana - Montesa", "province": "Barcelona", "municipality": "Esplugues de Llobregat", "district": "La Plana - Montesa", "country": "es", "latitude": 41.3700801, "longitude": 2.0865713, "showAddress": false, "url": "https://www.idealista.com/inmueble/92096253/", "distance": "3201", "hasVideo": false, "status": "renew", "newDevelopment": false, "hasLift": true, "priceByArea": 2551.0, "detailedType": {"typology": "flat"}, "suggestedTexts": {"subtitle": "La Plana - Montesa, Esplugues de Llobregat", "title": "Piso"}, "hasPlan": false, "has3DTour": false, "has360": false, "hasStaging": false, "topNewDevelopment": false}, {"propertyCode": "92457322", "thumbnail": "https://img3.idealista.com/blur/WEB_LISTING/0/id.pro.es.image.master/36/d1/a1/840088491.jpg", "externalReference": "320644", "numPhotos": 24, "floor": "2", "price": 131000.0, "propertyType": "flat", "operation": "sale", "size": 60.0, "exterior": true, "rooms": 3, "bathrooms": 1, "address": "Calle de Francesc Mestres s/n", "province": "Barcelona", "municipality": "Sant Feliu de Llobregat", "district": "Can Calders", "country": "es", "latitude": 41.3855355, "longitude": 2.0458987, "showAddress": true, "url": "https://www.idealista.com/inmueble/92457322/", "distance": "3237", "hasVideo": true, "status": "good", "newDevelopment": false, "hasLift": false, "priceByArea": 2183.0, "detailedType": {"typology": "flat"}, "suggestedTexts": {"subtitle": "Can Calders, Sant Feliu de Llobregat", "title": "Piso en Calle de Francesc Mestres s/n"}, "hasPlan": true, "has3DTour": false, "has360": true, "hasStaging": false, "topNewDevelopment": false}, {"propertyCode": "81570046", "thumbnail": "https://img3.idealista.com/blur/WEB_LISTING/0/id.pro.es.image.master/05/47/de/755906619.jpg", "externalReference": "W-02CTJA", "numPhotos": 52, "price": 895000.0, "propertyType": "chalet", "operation": "sale", "size": 491.0, "exterior": false, "rooms": 4, "bathrooms": 4, "address": "Marianao", "province": "Barcelona", "municipality": "Sant Boi de Llobregat", "district": "Marianao", "country": "es", "latitude": 41.35174, "longitude": 2.0189095, "showAddress": false, "url": "https://www.idealista.com/inmueble/81570046/", "distance": "2860", "hasVideo": false, "status": "good", "newDevelopment": false, "parkingSpace": {"hasParkingSpace": true, "isParkingSpaceIncludedInPrice": true}, "priceByArea": 1823.0, "detailedType": {"typology": "chalet", "subTypology": "independantHouse"}, "suggestedTexts": {"subtitle": "Marianao, Sant Boi de Llobregat", "title": "Casa independiente"}, "hasPlan": true, "has3DTour": false, "has360": true, "hasStaging": false, "topNewDevelopment": false}, {"propertyCode": "93201042", "thumbnail": "https://img3.idealista.com/blur/WEB_LISTING/0/id.pro.es.image.master/5e/f6/ec/856849811.jpg", "externalReference": "2502.1S1", "numPhotos": 31, "floor": "3", "price": 270000.0, "propertyType": "penthouse", "operation": "sale", "size": 100.0, "exterior": true, "rooms": 4, "bathrooms": 1, "address": "Centre", "province": "Barcelona", "municipality": "Sant Joan Desp\u00ed", "district": "Centre", "country": "es", "latitude": 41.3680232, "longitude": 2.0605915, "showAddress": false, "url": "https://www.idealista.com/inmueble/93201042/", "distance": "1414", "hasVideo": false, "status": "good", "newDevelopment": false, "hasLift": true, "priceByArea": 2700.0, "detailedType": {"typology": "flat", "subTypology": "penthouse"}, "suggestedTexts": {"subtitle": "Centre, Sant Joan Desp\u00ed", "title": "\u00c1tico"}, "hasPlan": false, "has3DTour": false, "has360": false, "hasStaging": false, "topNewDevelopment": false}, {"propertyCode": "92493099", "thumbnail": "https://img3.idealista.com/blur/WEB_LISTING/0/id.pro.es.image.master/43/5d/06/841028359.jpg", "externalReference": "245496", "numPhotos": 6, "floor": "1", "price": 160000.0, "propertyType": "flat", "operation": "sale", "size": 82.0, "exterior": false, "rooms": 3, "bathrooms": 1, "address": "Pla\u00e7a Catalunya - Vinyets", "province": "Barcelona", "municipality": "Sant Boi de Llobregat", "district": "Pla\u00e7a Catalunya - Vinyets", "country": "es", "latitude": 41.3429797, "longitude": 2.0430313, "showAddress": false, "url": "https://www.idealista.com/inmueble/92493099/", "distance": "1732", "hasVideo": false, "status": "good", "newDevelopment": false, "hasLift": true, "priceByArea": 1951.0, "detailedType": {"typology": "flat"}, "suggestedTexts": {"subtitle": "Pla\u00e7a Catalunya - Vinyets, Sant Boi de Llobregat", "title": "Piso"}, "hasPlan": true, "has3DTour": true, "has360": true, "hasStaging": false, "topNewDevelopment": false}, {"propertyCode": "88489353", "thumbnail": "https://img3.idealista.com/blur/WEB_LISTING/0/id.pro.es.image.master/36/68/3b/747987894.jpg", "externalReference": "W-02H59A", "numPhotos": 25, "price": 630000.0, "propertyType": "chalet", "operation": "sale", "size": 230.0, "exterior": false, "rooms": 3, "bathrooms": 3, "address": "Torreblanca - Pla del Vent", "province": "Barcelona", "municipality": "Sant Joan Desp\u00ed", "district": "Torreblanca - Pla del Vent", "country": "es", "latitude": 41.3757521, "longitude": 2.05714, "showAddress": false, "url": "https://www.idealista.com/inmueble/88489353/", "distance": "2137", "hasVideo": false, "status": "good", "newDevelopment": false, "parkingSpace": {"hasParkingSpace": true, "isParkingSpaceIncludedInPrice": true}, "priceByArea": 2739.0, "detailedType": {"typology": "chalet", "subTypology": "terracedHouse"}, "suggestedTexts": {"subtitle": "Torreblanca - Pla del Vent, Sant Joan Desp\u00ed", "title": "Chalet adosado"}, "hasPlan": false, "has3DTour": false, "has360": true, "hasStaging": false, "topNewDevelopment": false}, {"propertyCode": "93130880", "thumbnail": "https://img3.idealista.com/blur/WEB_LISTING/0/id.pro.es.image.master/43/ca/d5/855208919.jpg", "externalReference": "BAR-4249902", "numPhotos": 45, "floor": "bj", "price": 545000.0, "propertyType": "chalet", "operation": "sale", "size": 212.0, "exterior": false, "rooms": 5, "bathrooms": 4, "address": "Calle Serra de Collserola", "province": "Barcelona", "municipality": "Sant Boi de Llobregat", "district": "Camps Blancs - Casablanca - Canons", "country": "es", "latitude": 41.345722, "longitude": 2.0168269, "showAddress": false, "url": "https://www.idealista.com/inmueble/93130880/", "distance": "3224", "hasVideo": false, "status": "good", "newDevelopment": false, "parkingSpace": {"hasParkingSpace": true, "isParkingSpaceIncludedInPrice": true}, "priceByArea": 2571.0, "detailedType": {"typology": "chalet"}, "suggestedTexts": {"subtitle": "Camps Blancs - Casablanca - Canons, Sant Boi de Llobregat", "title": "Chalet en Calle Serra de Collserola"}, "hasPlan": true, "has3DTour": false, "has360": false, "hasStaging": false, "topNewDevelopment": false}, {"propertyCode": "91127071", "thumbnail": "https://img3.idealista.com/blur/WEB_LISTING/0/id.pro.es.image.master/cb/a4/4b/807376072.jpg", "externalReference": "113863", "numPhotos": 25, "floor": "5", "price": 136000.0, "propertyType": "flat", "operation": "sale", "size": 58.0, "exterior": true, "rooms": 2, "bathrooms": 1, "address": "Calle de l'\u00c0lber", "province": "Barcelona", "municipality": "Cornell\u00e0 de Llobregat", "district": "Sant Ildefons", "country": "es", "latitude": 41.367052, "longitude": 2.0813036, "showAddress": false, "url": "https://www.idealista.com/inmueble/91127071/", "distance": "2658", "hasVideo": false, "status": "good", "newDevelopment": false, "hasLift": true, "priceByArea": 2345.0, "detailedType": {"typology": "flat"}, "suggestedTexts": {"subtitle": "Sant Ildefons, Cornell\u00e0 de Llobregat", "title": "Piso en Calle de l'\u00c0lber"}, "hasPlan": true, "has3DTour": false, "has360": false, "hasStaging": false, "topNewDevelopment": false}, {"propertyCode": "90552772", "thumbnail": "https://img3.idealista.com/blur/WEB_LISTING/0/id.pro.es.image.master/a6/45/c3/792954280.jpg", "externalReference": "113374", "numPhotos": 34, "floor": "8", "price": 445000.0, "propertyType": "penthouse", "operation": "sale", "size": 94.0, "exterior": true, "rooms": 3, "bathrooms": 2, "address": "Calle Ernest Lluch", "province": "Barcelona", "municipality": "Cornell\u00e0 de Llobregat", "district": "Fontsanta", "country": "es", "latitude": 41.3587554, "longitude": 2.0684772, "showAddress": false, "url": "https://www.idealista.com/inmueble/90552772/", "distance": "1350", "hasVideo": false, "status": "good", "newDevelopment": false, "hasLift": true, "parkingSpace": {"hasParkingSpace": true, "isParkingSpaceIncludedInPrice": true}, "priceByArea": 4734.0, "detailedType": {"typology": "flat", "subTypology": "penthouse"}, "suggestedTexts": {"subtitle": "Fontsanta, Cornell\u00e0 de Llobregat", "title": "\u00c1tico en Calle Ernest Lluch"}, "hasPlan": true, "has3DTour": false, "has360": false, "hasStaging": false, "topNewDevelopment": false}, {"propertyCode": "89752289", "thumbnail": "https://img3.idealista.com/blur/WEB_LISTING/0/id.pro.es.image.master/70/c2/f8/775639312.jpg", "externalReference": "112698", "numPhotos": 34, "floor": "4", "price": 190000.0, "propertyType": "flat", "operation": "sale", "size": 70.0, "exterior": false, "rooms": 2, "bathrooms": 1, "address": "Carretera Reial", "province": "Barcelona", "municipality": "Sant Just Desvern", "district": "Centre", "country": "es", "latitude": 41.3802595, "longitude": 2.0687687, "showAddress": false, "url": "https://www.idealista.com/inmueble/89752289/", "distance": "2936", "hasVideo": false, "status": "good", "newDevelopment": false, "hasLift": true, "priceByArea": 2714.0, "detailedType": {"typology": "flat"}, "suggestedTexts": {"subtitle": "Centre, Sant Just Desvern", "title": "Piso en Carretera Reial"}, "hasPlan": true, "has3DTour": false, "has360": false, "hasStaging": false, "topNewDevelopment": false}, {"propertyCode": "91549947", "thumbnail": "https://img3.idealista.com/blur/WEB_LISTING/0/id.pro.es.image.master/ed/f2/ff/817246710.jpg", "externalReference": "BC-40628", "numPhotos": 25, "price": 345000.0, "propertyType": "chalet", "operation": "sale", "size": 120.0, "exterior": false, "rooms": 4, "bathrooms": 2, "address": "Camps Blancs - Casablanca - Canons", "province": "Barcelona", "municipality": "Sant Boi de Llobregat", "district": "Camps Blancs - Casablanca - Canons", "country": "es", "latitude": 41.3461122, "longitude": 2.0169341, "showAddress": false, "url": "https://www.idealista.com/inmueble/91549947/", "distance": "3199", "hasVideo": true, "status": "good", "newDevelopment": false, "parkingSpace": {"hasParkingSpace": true, "isParkingSpaceIncludedInPrice": true}, "priceByArea": 2875.0, "detailedType": {"typology": "chalet", "subTypology": "independantHouse"}, "suggestedTexts": {"subtitle": "Camps Blancs - Casablanca - Canons, Sant Boi de Llobregat", "title": "Casa independiente"}, "hasPlan": true, "has3DTour": false, "has360": true, "hasStaging": false, "topNewDevelopment": false}, {"propertyCode": "93190531", "thumbnail": "https://img3.idealista.com/blur/WEB_LISTING/0/id.pro.es.image.master/51/0c/4b/856599318.jpg", "externalReference": "AN SAD", "numPhotos": 15, "floor": "4", "price": 159000.0, "propertyType": "flat", "operation": "sale", "size": 50.0, "exterior": true, "rooms": 2, "bathrooms": 1, "address": "SADET", "province": "Barcelona", "municipality": "Sant Just Desvern", "district": "Centre", "country": "es", "latitude": 41.3815094, "longitude": 2.0730992, "showAddress": false, "url": "https://www.idealista.com/inmueble/93190531/", "distance": "3236", "hasVideo": true, "status": "good", "newDevelopment": false, "hasLift": false, "priceByArea": 3180.0, "detailedType": {"typology": "flat"}, "suggestedTexts": {"subtitle": "Centre, Sant Just Desvern", "title": "Piso en SADET"}, "hasPlan": false, "has3DTour": false, "has360": false, "hasStaging": false, "topNewDevelopment": false}, {"propertyCode": "93185663", "thumbnail": "https://img3.idealista.com/blur/WEB_LISTING/0/id.pro.es.image.master/41/da/b4/856458631.jpg", "externalReference": "BM-0200-V BEGONIAA", "numPhotos": 17, "floor": "3", "price": 106000.0, "propertyType": "flat", "operation": "sale", "size": 51.0, "exterior": true, "rooms": 2, "bathrooms": 1, "address": "Calle de la Beg\u00f2nia", "province": "Barcelona", "municipality": "Cornell\u00e0 de Llobregat", "district": "Sant Ildefons", "country": "es", "latitude": 41.3632054, "longitude": 2.0819744, "showAddress": false, "url": "https://www.idealista.com/inmueble/93185663/", "distance": "2559", "hasVideo": true, "status": "good", "newDevelopment": false, "hasLift": false, "priceByArea": 2078.0, "detailedType": {"typology": "flat"}, "suggestedTexts": {"subtitle": "Sant Ildefons, Cornell\u00e0 de Llobregat", "title": "Piso en Calle de la Beg\u00f2nia"}, "hasPlan": false, "has3DTour": false, "has360": false, "hasStaging": false, "topNewDevelopment": false}, {"propertyCode": "92796863", "thumbnail": "https://img3.idealista.com/blur/WEB_LISTING/0/id.pro.es.image.master/e0/84/14/848389393.jpg", "externalReference": "1843", "numPhotos": 52, "floor": "14", "price": 299000.0, "propertyType": "flat", "operation": "sale", "size": 95.0, "exterior": true, "rooms": 3, "bathrooms": 2, "address": "Carretera Reial", "province": "Barcelona", "municipality": "Sant Just Desvern", "district": "Centre", "country": "es", "latitude": 41.3792595, "longitude": 2.0673687, "showAddress": false, "url": "https://www.idealista.com/inmueble/92796863/", "distance": "2784", "hasVideo": true, "status": "good", "newDevelopment": false, "hasLift": true, "priceByArea": 3147.0, "detailedType": {"typology": "flat"}, "suggestedTexts": {"subtitle": "Centre, Sant Just Desvern", "title": "Piso en Carretera Reial"}, "hasPlan": true, "has3DTour": false, "has360": false, "hasStaging": false, "topNewDevelopment": false}, {"propertyCode": "93044090", "thumbnail": "https://img3.idealista.com/blur/WEB_LISTING/0/id.pro.es.image.master/bf/f5/63/853321052.jpg", "externalReference": "116064", "numPhotos": 25, "floor": "4", "price": 239000.0, "propertyType": "penthouse", "operation": "sale", "size": 68.0, "exterior": true, "rooms": 2, "bathrooms": 1, "address": "Centre", "province": "Barcelona", "municipality": "Sant Just Desvern", "district": "Centre", "country": "es", "latitude": 41.3826881, "longitude": 2.0691243, "showAddress": false, "url": "https://www.idealista.com/inmueble/93044090/", "distance": "3190", "hasVideo": false, "status": "good", "newDevelopment": false, "hasLift": true, "priceByArea": 3515.0, "detailedType": {"typology": "flat", "subTypology": "penthouse"}, "suggestedTexts": {"subtitle": "Centre, Sant Just Desvern", "title": "\u00c1tico"}, "hasPlan": true, "has3DTour": false, "has360": false, "hasStaging": false, "topNewDevelopment": false}, {"propertyCode": "92923450", "thumbnail": "https://img3.idealista.com/blur/WEB_LISTING/0/id.pro.es.image.master/ef/39/05/851183395.jpg", "externalReference": "VB2102044", "numPhotos": 30, "floor": "4", "price": 469000.0, "propertyType": "flat", "operation": "sale", "size": 146.0, "exterior": true, "rooms": 4, "bathrooms": 2, "address": "Eixample", "province": "Barcelona", "municipality": "Sant Joan Desp\u00ed", "district": "Eixample", "country": "es", "latitude": 41.365745, "longitude": 2.0517497, "showAddress": false, "url": "https://www.idealista.com/inmueble/92923450/", "distance": "991", "hasVideo": true, "status": "good", "newDevelopment": false, "hasLift": true, "parkingSpace": {"hasParkingSpace": true, "isParkingSpaceIncludedInPrice": true}, "priceByArea": 3212.0, "detailedType": {"typology": "flat"}, "suggestedTexts": {"subtitle": "Eixample, Sant Joan Desp\u00ed", "title": "Piso"}, "hasPlan": true, "has3DTour": false, "has360": false, "hasStaging": false, "topNewDevelopment": false}, {"propertyCode": "93159869", "thumbnail": "https://img3.idealista.com/blur/WEB_LISTING/0/id.pro.es.image.master/c3/d2/b1/855797098.jpg", "externalReference": "0103215097", "numPhotos": 15, "price": 94000.0, "propertyType": "flat", "operation": "sale", "size": 60.0, "exterior": false, "rooms": 2, "bathrooms": 1, "address": "Calle de la Caoba", "province": "Barcelona", "municipality": "Cornell\u00e0 de Llobregat", "district": "Sant Ildefons", "country": "es", "latitude": 41.3627583, "longitude": 2.0866633, "showAddress": false, "url": "https://www.idealista.com/inmueble/93159869/", "distance": "2926", "hasVideo": false, "status": "good", "newDevelopment": false, "hasLift": true, "priceByArea": 1567.0, "detailedType": {"typology": "flat"}, "suggestedTexts": {"subtitle": "Sant Ildefons, Cornell\u00e0 de Llobregat", "title": "Piso en Calle de la Caoba"}, "hasPlan": true, "has3DTour": false, "has360": false, "hasStaging": false, "topNewDevelopment": false}, {"propertyCode": "92911286", "thumbnail": "https://img3.idealista.com/blur/WEB_LISTING/0/id.pro.es.image.master/41/cf/94/850884540.jpg", "externalReference": "326525", "numPhotos": 29, "floor": "3", "price": 359900.0, "propertyType": "flat", "operation": "sale", "size": 135.0, "exterior": true, "rooms": 4, "bathrooms": 2, "address": "Ronda de Sant Ramon s/n", "province": "Barcelona", "municipality": "Sant Boi de Llobregat", "district": "Marianao", "country": "es", "latitude": 41.3433162, "longitude": 2.0301909, "showAddress": true, "url": "https://www.idealista.com/inmueble/92911286/", "distance": "2393", "hasVideo": true, "status": "good", "newDevelopment": false, "hasLift": true, "priceByArea": 2666.0, "detailedType": {"typology": "flat"}, "suggestedTexts": {"subtitle": "Marianao, Sant Boi de Llobregat", "title": "Piso en Ronda de Sant Ramon s/n"}, "hasPlan": true, "has3DTour": false, "has360": false, "hasStaging": false, "topNewDevelopment": false}, {"propertyCode": "92158768", "thumbnail": "https://img3.idealista.com/blur/WEB_LISTING/0/id.pro.es.image.master/13/ed/c0/832360449.jpg", "externalReference": "000407", "numPhotos": 31, "floor": "3", "price": 155000.0, "propertyType": "flat", "operation": "sale", "size": 67.0, "exterior": true, "rooms": 4, "bathrooms": 1, "address": "esplugues de llobregat", "province": "Barcelona", "municipality": "Sant Joan Desp\u00ed", "district": "Les Planes", "country": "es", "latitude": 41.3697651, "longitude": 2.0761844, "showAddress": false, "url": "https://www.idealista.com/inmueble/92158768/", "distance": "2443", "hasVideo": false, "status": "renew", "newDevelopment": false, "hasLift": false, "priceByArea": 2313.0, "detailedType": {"typology": "flat"}, "suggestedTexts": {"subtitle": "Les Planes, Sant Joan Desp\u00ed", "title": "Piso en esplugues de llobregat"}, "hasPlan": true, "has3DTour": false, "has360": false, "hasStaging": false, "topNewDevelopment": false}, {"propertyCode": "91143518", "thumbnail": "https://img3.idealista.com/blur/WEB_LISTING/0/id.pro.es.image.master/6c/46/08/807755323.jpg", "externalReference": "CVFP0339", "numPhotos": 21, "floor": "4", "price": 214000.0, "propertyType": "penthouse", "operation": "sale", "size": 88.0, "exterior": true, "rooms": 4, "bathrooms": 1, "address": "Bonestar", "province": "Barcelona", "municipality": "Cornell\u00e0 de Llobregat", "district": "La Gavarra", "country": "es", "latitude": 41.3578779, "longitude": 2.0785844, "showAddress": false, "url": "https://www.idealista.com/inmueble/91143518/", "distance": "2180", "hasVideo": true, "status": "good", "newDevelopment": false, "hasLift": true, "parkingSpace": {"hasParkingSpace": true, "isParkingSpaceIncludedInPrice": false, "parkingSpacePrice": 20000.0}, "priceByArea": 2432.0, "detailedType": {"typology": "flat", "subTypology": "penthouse"}, "suggestedTexts": {"subtitle": "La Gavarra, Cornell\u00e0 de Llobregat", "title": "\u00c1tico en Bonestar"}, "hasPlan": true, "has3DTour": false, "has360": false, "hasStaging": false, "topNewDevelopment": false}, {"propertyCode": "91164274", "thumbnail": "https://img3.idealista.com/blur/WEB_LISTING/0/id.pro.es.image.master/34/f3/51/808241899.jpg", "numPhotos": 49, "floor": "1", "price": 192000.0, "propertyType": "flat", "operation": "sale", "size": 77.0, "exterior": true, "rooms": 2, "bathrooms": 1, "address": "can divi", "province": "Barcelona", "municipality": "Sant Boi de Llobregat", "district": "Centre - Casco Antiguo", "country": "es", "latitude": 41.3471188, "longitude": 2.0466031, "showAddress": false, "url": "https://www.idealista.com/inmueble/91164274/", "distance": "1188", "hasVideo": false, "status": "good", "newDevelopment": false, "hasLift": false, "parkingSpace": {"hasParkingSpace": true, "isParkingSpaceIncludedInPrice": true}, "priceByArea": 2494.0, "detailedType": {"typology": "flat"}, "suggestedTexts": {"subtitle": "Centre - Casco Antiguo, Sant Boi de Llobregat", "title": "Piso en can divi"}, "hasPlan": true, "has3DTour": false, "has360": false, "hasStaging": false, "topNewDevelopment": false}, {"propertyCode": "92472247", "thumbnail": "https://img3.idealista.com/blur/WEB_LISTING/0/id.pro.es.image.master/e6/de/93/840487132.jpg", "externalReference": "VB2101012", "numPhotos": 26, "price": 690000.0, "propertyType": "chalet", "operation": "sale", "size": 368.0, "exterior": false, "rooms": 5, "bathrooms": 2, "address": "Centre", "province": "Barcelona", "municipality": "Sant Feliu de Llobregat", "district": "Centre", "country": "es", "latitude": 41.3840463, "longitude": 2.0474217, "showAddress": false, "url": "https://www.idealista.com/inmueble/92472247/", "distance": "3054", "hasVideo": false, "status": "good", "newDevelopment": false, "priceByArea": 1875.0, "detailedType": {"typology": "chalet"}, "suggestedTexts": {"subtitle": "Centre, Sant Feliu de Llobregat", "title": "Chalet"}, "hasPlan": true, "has3DTour": false, "has360": false, "hasStaging": false, "topNewDevelopment": false}, {"propertyCode": "91976910", "thumbnail": "https://img3.idealista.com/blur/WEB_LISTING/0/id.pro.es.image.master/b0/b0/86/827776429.jpg", "externalReference": "VB2010031-3", "numPhotos": 28, "floor": "1", "price": 625000.0, "propertyType": "flat", "operation": "sale", "size": 130.0, "exterior": true, "rooms": 4, "bathrooms": 2, "address": "Eixample", "province": "Barcelona", "municipality": "Sant Joan Desp\u00ed", "district": "Eixample", "country": "es", "latitude": 41.3658014, "longitude": 2.0569931, "showAddress": false, "url": "https://www.idealista.com/inmueble/91976910/", "distance": "1064", "hasVideo": true, "status": "good", "newDevelopment": false, "hasLift": true, "parkingSpace": {"hasParkingSpace": true, "isParkingSpaceIncludedInPrice": true}, "priceByArea": 4808.0, "detailedType": {"typology": "flat"}, "suggestedTexts": {"subtitle": "Eixample, Sant Joan Desp\u00ed", "title": "Piso"}, "hasPlan": true, "has3DTour": false, "has360": false, "hasStaging": false, "topNewDevelopment": false}, {"propertyCode": "89616853", "thumbnail": "https://img3.idealista.com/blur/WEB_LISTING/0/id.pro.es.image.master/5e/50/2d/773216875.jpg", "externalReference": "W-02LDWL", "numPhotos": 26, "floor": "bj", "price": 537000.0, "propertyType": "flat", "operation": "sale", "size": 97.0, "exterior": true, "rooms": 3, "bathrooms": 2, "address": "Centre", "province": "Barcelona", "municipality": "Sant Joan Desp\u00ed", "district": "Centre", "country": "es", "latitude": 41.370526, "longitude": 2.0585332, "showAddress": false, "url": "https://www.idealista.com/inmueble/89616853/", "distance": "1602", "hasVideo": true, "status": "good", "newDevelopment": false, "hasLift": true, "parkingSpace": {"hasParkingSpace": true, "isParkingSpaceIncludedInPrice": true}, "priceByArea": 5536.0, "detailedType": {"typology": "flat"}, "suggestedTexts": {"subtitle": "Centre, Sant Joan Desp\u00ed", "title": "Piso"}, "hasPlan": true, "has3DTour": false, "has360": false, "hasStaging": false, "topNewDevelopment": false}, {"propertyCode": "93112974", "thumbnail": "https://img3.idealista.com/blur/WEB_LISTING/0/id.pro.es.image.master/08/da/a3/802498159.jpg", "externalReference": "Esc. 4 2\u00ba 2\u00aa", "numPhotos": 13, "floor": "2", "price": 445000.0, "propertyType": "duplex", "operation": "sale", "size": 134.0, "exterior": true, "rooms": 4, "bathrooms": 3, "address": "Calle Joan Antoni Samaranch, 13", "province": "Barcelona", "municipality": "Sant Feliu de Llobregat", "district": "Centre", "country": "es", "latitude": 41.3818337, "longitude": 2.0416817, "showAddress": true, "url": "https://www.idealista.com/obra-nueva/93112974/", "distance": "2921", "hasVideo": true, "status": "newdevelopment", "newDevelopment": true, "hasLift": true, "newDevelopmentFinished": false, "priceByArea": 3321.0, "detailedType": {"typology": "flat", "subTypology": "duplex"}, "suggestedTexts": {"subtitle": "Centre, Sant Feliu de Llobregat", "title": "D\u00faplex en Calle Joan Antoni Samaranch, 13"}, "hasPlan": true, "has3DTour": false, "has360": false, "hasStaging": false, "topNewDevelopment": false}, {"propertyCode": "92014259", "thumbnail": "https://img3.idealista.com/blur/WEB_LISTING/0/id.pro.es.image.master/2f/9b/13/828669998.jpg", "externalReference": "W-02KLA3", "numPhotos": 10, "floor": "1", "price": 385000.0, "propertyType": "flat", "operation": "sale", "size": 84.0, "exterior": true, "rooms": 3, "bathrooms": 2, "address": "Rambla Marquesa Castellbell", "province": "Barcelona", "municipality": "Sant Feliu de Llobregat", "district": "Roses - Castellbell", "country": "es", "latitude": 41.3807949, "longitude": 2.0497833, "showAddress": false, "url": "https://www.idealista.com/inmueble/92014259/", "distance": "2672", "hasVideo": false, "status": "good", "newDevelopment": false, "hasLift": true, "priceByArea": 4583.0, "detailedType": {"typology": "flat"}, "suggestedTexts": {"subtitle": "Roses - Castellbell, Sant Feliu de Llobregat", "title": "Piso en Rambla Marquesa Castellbell"}, "hasPlan": true, "has3DTour": false, "has360": false, "hasStaging": false, "topNewDevelopment": false}, {"propertyCode": "91384115", "thumbnail": "https://img3.idealista.com/blur/WEB_LISTING/0/id.pro.es.image.master/9b/34/f7/825438541.jpg", "externalReference": "300403", "numPhotos": 29, "floor": "1", "price": 476000.0, "propertyType": "flat", "operation": "sale", "size": 97.0, "exterior": false, "rooms": 3, "bathrooms": 2, "address": "Calle de Francesc Maci\u00e0, 40 -48", "province": "Barcelona", "municipality": "Sant Joan Desp\u00ed", "district": "Centre", "country": "es", "latitude": 41.3711853, "longitude": 2.0571375, "showAddress": true, "url": "https://www.idealista.com/inmueble/91384115/", "distance": "1640", "hasVideo": true, "status": "good", "newDevelopment": false, "hasLift": true, "parkingSpace": {"hasParkingSpace": true, "isParkingSpaceIncludedInPrice": false, "parkingSpacePrice": 19998.0}, "priceByArea": 4907.0, "detailedType": {"typology": "flat"}, "suggestedTexts": {"subtitle": "Centre, Sant Joan Desp\u00ed", "title": "Piso en Calle de Francesc Maci\u00e0, 40 -48"}, "hasPlan": true, "has3DTour": false, "has360": false, "hasStaging": false, "topNewDevelopment": false}, {"propertyCode": "92999199", "thumbnail": "https://img3.idealista.com/blur/WEB_LISTING/0/id.pro.es.image.master/e5/52/80/852740210.jpg", "externalReference": "BAR-6950910", "numPhotos": 24, "floor": "8", "price": 328000.0, "propertyType": "duplex", "operation": "sale", "size": 120.0, "exterior": false, "rooms": 3, "bathrooms": 2, "address": "Carretera Reial", "province": "Barcelona", "municipality": "Sant Just Desvern", "district": "Centre", "country": "es", "latitude": 41.3808316, "longitude": 2.0689021, "showAddress": false, "url": "https://www.idealista.com/inmueble/92999199/", "distance": "2997", "hasVideo": false, "status": "good", "newDevelopment": false, "hasLift": true, "priceByArea": 2733.0, "detailedType": {"typology": "flat", "subTypology": "duplex"}, "suggestedTexts": {"subtitle": "Centre, Sant Just Desvern", "title": "D\u00faplex en Carretera Reial"}, "hasPlan": true, "has3DTour": false, "has360": false, "hasStaging": false, "topNewDevelopment": false}, {"propertyCode": "92929951", "thumbnail": "https://img3.idealista.com/blur/WEB_LISTING/0/id.pro.es.image.master/77/7e/ef/851359178.jpg", "externalReference": "1401.1S1", "numPhotos": 54, "floor": "4", "price": 468000.0, "propertyType": "flat", "operation": "sale", "size": 130.0, "exterior": true, "rooms": 4, "bathrooms": 2, "address": "Rambla Josep Maria Jujol", "province": "Barcelona", "municipality": "Sant Joan Desp\u00ed", "district": "Eixample", "country": "es", "latitude": 41.364945, "longitude": 2.0505497, "showAddress": false, "url": "https://www.idealista.com/inmueble/92929951/", "distance": "915", "hasVideo": true, "status": "good", "newDevelopment": false, "hasLift": true, "parkingSpace": {"hasParkingSpace": true, "isParkingSpaceIncludedInPrice": true}, "priceByArea": 3600.0, "detailedType": {"typology": "flat"}, "suggestedTexts": {"subtitle": "Eixample, Sant Joan Desp\u00ed", "title": "Piso en Rambla Josep Maria Jujol"}, "hasPlan": true, "has3DTour": false, "has360": false, "hasStaging": false, "topNewDevelopment": false}, {"propertyCode": "92604661", "thumbnail": "https://img3.idealista.com/blur/WEB_LISTING/0/id.pro.es.image.master/15/3c/47/848175347.jpg", "externalReference": "AIV0665", "numPhotos": 30, "floor": "4", "price": 139900.0, "propertyType": "flat", "operation": "sale", "size": 54.0, "exterior": true, "rooms": 2, "bathrooms": 1, "address": "antoni solanas", "province": "Barcelona", "municipality": "Sant Boi de Llobregat", "district": "Pla\u00e7a Catalunya - Vinyets", "country": "es", "latitude": 41.3364252, "longitude": 2.04232, "showAddress": false, "url": "https://www.idealista.com/inmueble/92604661/", "distance": "2424", "hasVideo": false, "status": "good", "newDevelopment": false, "hasLift": false, "priceByArea": 2591.0, "detailedType": {"typology": "flat"}, "suggestedTexts": {"subtitle": "Pla\u00e7a Catalunya - Vinyets, Sant Boi de Llobregat", "title": "Piso en antoni solanas"}, "hasPlan": false, "has3DTour": false, "has360": false, "hasStaging": false, "topNewDevelopment": false}, {"propertyCode": "92754278", "thumbnail": "https://img3.idealista.com/blur/WEB_LISTING/0/id.pro.es.image.master/7f/44/7d/847337938.jpg", "externalReference": "XAVICASTELLS", "numPhotos": 32, "floor": "1", "price": 184000.0, "propertyType": "flat", "operation": "sale", "size": 67.0, "exterior": true, "rooms": 2, "bathrooms": 1, "address": "cap de la vila, 1", "province": "Barcelona", "municipality": "Sant Boi de Llobregat", "district": "Centre - Casco Antiguo", "country": "es", "latitude": 41.34637, "longitude": 2.03953, "showAddress": true, "url": "https://www.idealista.com/inmueble/92754278/", "distance": "1590", "hasVideo": true, "status": "good", "newDevelopment": false, "hasLift": true, "priceByArea": 2746.0, "detailedType": {"typology": "flat"}, "suggestedTexts": {"subtitle": "Centre - Casco Antiguo, Sant Boi de Llobregat", "title": "Piso en cap de la vila, 1"}, "hasPlan": true, "has3DTour": false, "has360": false, "hasStaging": false, "topNewDevelopment": false}, {"propertyCode": "92750430", "thumbnail": "https://img3.idealista.com/blur/WEB_LISTING/0/id.pro.es.image.master/1f/83/06/847214417.jpg", "externalReference": "B2104-2", "numPhotos": 24, "floor": "1", "price": 298000.0, "propertyType": "flat", "operation": "sale", "size": 100.0, "exterior": true, "rooms": 3, "bathrooms": 2, "address": "PASSATGE SANT JOAN, 15", "province": "Barcelona", "municipality": "Sant Feliu de Llobregat", "district": "Centre", "country": "es", "latitude": 41.3791143, "longitude": 2.0478294, "showAddress": true, "url": "https://www.idealista.com/inmueble/92750430/", "distance": "2506", "hasVideo": true, "status": "good", "newDevelopment": false, "hasLift": false, "priceByArea": 2980.0, "detailedType": {"typology": "flat"}, "suggestedTexts": {"subtitle": "Centre, Sant Feliu de Llobregat", "title": "Piso en PASSATGE SANT JOAN, 15"}, "hasPlan": true, "has3DTour": false, "has360": false, "hasStaging": false, "topNewDevelopment": false}, {"propertyCode": "91573302", "thumbnail": "https://img3.idealista.com/blur/WEB_LISTING/0/id.pro.es.image.master/fc/5d/1e/817909101.jpg", "externalReference": "CASA ST BOI", "numPhotos": 59, "price": 445000.0, "propertyType": "chalet", "operation": "sale", "size": 350.0, "exterior": false, "rooms": 8, "bathrooms": 2, "address": "rambla s/n", "province": "Barcelona", "municipality": "Sant Boi de Llobregat", "district": "Centre - Casco Antiguo", "country": "es", "latitude": 41.3474579, "longitude": 2.0418653, "showAddress": true, "url": "https://www.idealista.com/inmueble/91573302/", "distance": "1370", "hasVideo": true, "status": "good", "newDevelopment": false, "parkingSpace": {"hasParkingSpace": true, "isParkingSpaceIncludedInPrice": true}, "priceByArea": 1271.0, "detailedType": {"typology": "chalet", "subTypology": "independantHouse"}, "suggestedTexts": {"subtitle": "Centre - Casco Antiguo, Sant Boi de Llobregat", "title": "Casa independiente en rambla s/n"}, "hasPlan": true, "has3DTour": false, "has360": false, "hasStaging": false, "topNewDevelopment": false}, {"propertyCode": "91682190", "thumbnail": "https://img3.idealista.com/blur/WEB_LISTING/0/id.pro.es.image.master/17/7f/08/820686938.jpg", "externalReference": "PISO0057", "numPhotos": 55, "floor": "1", "price": 174000.0, "propertyType": "flat", "operation": "sale", "size": 67.0, "exterior": true, "rooms": 2, "bathrooms": 1, "address": "Calle Primer de Maig, 47", "province": "Barcelona", "municipality": "Sant Boi de Llobregat", "district": "Ciutat Cooperativa - Moli Nou", "country": "es", "latitude": 41.3558616, "longitude": 2.0330818, "showAddress": true, "url": "https://www.idealista.com/inmueble/91682190/", "distance": "1624", "hasVideo": true, "status": "good", "newDevelopment": false, "hasLift": false, "priceByArea": 2597.0, "detailedType": {"typology": "flat"}, "suggestedTexts": {"subtitle": "Ciutat Cooperativa - Moli Nou, Sant Boi de Llobregat", "title": "Piso en Calle Primer de Maig, 47"}, "hasPlan": true, "has3DTour": true, "has360": false, "hasStaging": false, "topNewDevelopment": false}, {"propertyCode": "90336450", "thumbnail": "https://img3.idealista.com/blur/WEB_LISTING/0/id.pro.es.image.master/cb/c7/f5/788412079.jpg", "externalReference": "CASA0047", "numPhotos": 124, "price": 499000.0, "propertyType": "chalet", "operation": "sale", "size": 277.0, "exterior": false, "rooms": 4, "bathrooms": 2, "address": "Calle dels Castanyers, 31 -13", "province": "Barcelona", "municipality": "Sant Boi de Llobregat", "district": "Marianao", "country": "es", "latitude": 41.3530266, "longitude": 2.0202011, "showAddress": true, "url": "https://www.idealista.com/inmueble/90336450/", "distance": "2728", "hasVideo": true, "status": "good", "newDevelopment": false, "parkingSpace": {"hasParkingSpace": true, "isParkingSpaceIncludedInPrice": true}, "priceByArea": 1801.0, "detailedType": {"typology": "chalet", "subTypology": "independantHouse"}, "suggestedTexts": {"subtitle": "Marianao, Sant Boi de Llobregat", "title": "Casa independiente en Calle dels Castanyers, 31 -13"}, "hasPlan": true, "has3DTour": true, "has360": false, "hasStaging": false, "topNewDevelopment": false}, {"propertyCode": "93169936", "thumbnail": "https://img3.idealista.com/blur/WEB_LISTING/0/id.pro.es.image.master/7c/f3/99/856054714.jpg", "externalReference": "HSPCJUNLCL", "numPhotos": 25, "floor": "1", "price": 69000.0, "propertyType": "flat", "operation": "sale", "size": 120.0, "exterior": true, "rooms": 2, "bathrooms": 1, "address": "TEL\u00b7LURI", "province": "Barcelona", "municipality": "Hospitalet de Llobregat", "district": "Centre", "country": "es", "neighborhood": "Sanfeliu", "latitude": 41.3652092, "longitude": 2.089503, "showAddress": false, "url": "https://www.idealista.com/inmueble/93169936/", "distance": "3225", "hasVideo": true, "status": "renew", "newDevelopment": false, "hasLift": false, "priceByArea": 575.0, "detailedType": {"typology": "flat"}, "suggestedTexts": {"subtitle": "Sanfeliu, Hospitalet de Llobregat", "title": "Piso en TEL\u00b7LURI"}, "hasPlan": true, "has3DTour": false, "has360": false, "hasStaging": false, "topNewDevelopment": false}, {"propertyCode": "93164291", "thumbnail": "https://img3.idealista.com/blur/WEB_LISTING/0/id.pro.es.image.master/5b/12/c9/855917297.jpg", "externalReference": "ASB0739", "numPhotos": 29, "floor": "1", "price": 130890.0, "propertyType": "flat", "operation": "sale", "size": 61.0, "exterior": true, "rooms": 2, "bathrooms": 1, "address": "llibertat", "province": "Barcelona", "municipality": "Sant Boi de Llobregat", "district": "Marianao", "country": "es", "latitude": 41.3488746, "longitude": 2.0320778, "showAddress": false, "url": "https://www.idealista.com/inmueble/93164291/", "distance": "1921", "hasVideo": false, "status": "good", "newDevelopment": false, "hasLift": false, "priceByArea": 2146.0, "detailedType": {"typology": "flat"}, "suggestedTexts": {"subtitle": "Marianao, Sant Boi de Llobregat", "title": "Piso en llibertat"}, "hasPlan": false, "has3DTour": false, "has360": false, "hasStaging": false, "topNewDevelopment": false}, {"propertyCode": "90968107", "thumbnail": "https://img3.idealista.com/blur/WEB_LISTING/0/id.pro.es.image.master/d8/ef/ea/803432605.jpg", "externalReference": "W-02AJ0H2", "numPhotos": 25, "price": 1300000.0, "propertyType": "chalet", "operation": "sale", "size": 333.0, "exterior": false, "rooms": 3, "bathrooms": 3, "address": "Rambla Gaspar Modolell", "province": "Barcelona", "municipality": "Sant Just Desvern", "district": "Centre", "country": "es", "latitude": 41.3769045, "longitude": 2.0752467, "showAddress": false, "url": "https://www.idealista.com/inmueble/90968107/", "distance": "2928", "hasVideo": false, "status": "good", "newDevelopment": false, "parkingSpace": {"hasParkingSpace": true, "isParkingSpaceIncludedInPrice": true}, "priceByArea": 3904.0, "detailedType": {"typology": "chalet", "subTypology": "terracedHouse"}, "suggestedTexts": {"subtitle": "Centre, Sant Just Desvern", "title": "Chalet adosado en Rambla Gaspar Modolell"}, "hasPlan": true, "has3DTour": false, "has360": false, "hasStaging": false, "topNewDevelopment": false}, {"propertyCode": "90326711", "thumbnail": "https://img3.idealista.com/blur/WEB_LISTING/0/id.pro.es.image.master/72/5e/8e/788183811.jpg", "externalReference": "W-02JAPO", "numPhotos": 26, "floor": "5", "price": 449000.0, "propertyType": "flat", "operation": "sale", "size": 114.0, "exterior": true, "rooms": 4, "bathrooms": 2, "address": "Maria Tarrida", "province": "Barcelona", "municipality": "Sant Joan Desp\u00ed", "district": "Eixample", "country": "es", "latitude": 41.3622137, "longitude": 2.0528197, "showAddress": false, "url": "https://www.idealista.com/inmueble/90326711/", "distance": "597", "hasVideo": false, "status": "good", "newDevelopment": false, "hasLift": true, "parkingSpace": {"hasParkingSpace": true, "isParkingSpaceIncludedInPrice": true}, "priceByArea": 3939.0, "detailedType": {"typology": "flat"}, "suggestedTexts": {"subtitle": "Eixample, Sant Joan Desp\u00ed", "title": "Piso en Maria Tarrida"}, "hasPlan": true, "has3DTour": false, "has360": false, "hasStaging": false, "topNewDevelopment": false}, {"propertyCode": "88689147", "thumbnail": "https://img3.idealista.com/blur/WEB_LISTING/0/id.pro.es.image.master/2c/69/10/787051944.jpg", "externalReference": "W-02GYI1", "numPhotos": 23, "floor": "5", "price": 535000.0, "propertyType": "flat", "operation": "sale", "size": 103.0, "exterior": true, "rooms": 3, "bathrooms": 2, "address": "Carretera reial", "province": "Barcelona", "municipality": "Sant Just Desvern", "district": "Mas Llu\u00ed - Els Miralls", "country": "es", "latitude": 41.3811734, "longitude": 2.0605804, "showAddress": false, "url": "https://www.idealista.com/inmueble/88689147/", "distance": "2787", "hasVideo": true, "status": "good", "newDevelopment": false, "hasLift": true, "parkingSpace": {"hasParkingSpace": true, "isParkingSpaceIncludedInPrice": false, "parkingSpacePrice": 25000.0}, "priceByArea": 5194.0, "detailedType": {"typology": "flat"}, "suggestedTexts": {"subtitle": "Mas Llu\u00ed - Els Miralls, Sant Just Desvern", "title": "Piso en Carretera reial"}, "hasPlan": true, "has3DTour": false, "has360": false, "hasStaging": false, "topNewDevelopment": false}, {"propertyCode": "87944198", "thumbnail": "https://img3.idealista.com/blur/WEB_LISTING/0/id.pro.es.image.master/95/ca/c9/776434117.jpg", "externalReference": "223236", "numPhotos": 10, "floor": "1", "price": 240000.0, "propertyType": "flat", "operation": "sale", "size": 78.0, "exterior": true, "rooms": 4, "bathrooms": 2, "address": "Camps Blancs - Casablanca - Canons", "province": "Barcelona", "municipality": "Sant Boi de Llobregat", "district": "Camps Blancs - Casablanca - Canons", "country": "es", "latitude": 41.3428027, "longitude": 2.0196554, "showAddress": false, "url": "https://www.idealista.com/inmueble/87944198/", "distance": "3154", "hasVideo": false, "status": "good", "newDevelopment": false, "hasLift": true, "priceByArea": 3077.0, "detailedType": {"typology": "flat"}, "suggestedTexts": {"subtitle": "Camps Blancs - Casablanca - Canons, Sant Boi de Llobregat", "title": "Piso"}, "hasPlan": true, "has3DTour": false, "has360": false, "hasStaging": false, "topNewDevelopment": false}, {"propertyCode": "92601446", "thumbnail": "https://img3.idealista.com/blur/WEB_LISTING/0/id.pro.es.image.master/cf/25/cf/843725173.jpg", "externalReference": "MANOBOI", "numPhotos": 33, "floor": "1", "price": 260000.0, "propertyType": "flat", "operation": "sale", "size": 123.0, "exterior": true, "rooms": 4, "bathrooms": 2, "address": "sant ramon, 114", "province": "Barcelona", "municipality": "Sant Boi de Llobregat", "district": "Marianao", "country": "es", "latitude": 41.3460159, "longitude": 2.0281607, "showAddress": true, "url": "https://www.idealista.com/inmueble/92601446/", "distance": "2361", "hasVideo": true, "status": "good", "newDevelopment": false, "hasLift": true, "parkingSpace": {"hasParkingSpace": true, "isParkingSpaceIncludedInPrice": false, "parkingSpacePrice": 27000.0}, "priceByArea": 2114.0, "detailedType": {"typology": "flat"}, "suggestedTexts": {"subtitle": "Marianao, Sant Boi de Llobregat", "title": "Piso en sant ramon, 114"}, "hasPlan": true, "has3DTour": false, "has360": false, "hasStaging": false, "topNewDevelopment": false}, {"propertyCode": "93084773", "thumbnail": "https://img3.idealista.com/blur/WEB_LISTING/0/id.pro.es.image.master/0b/6a/4c/854109358.jpg", "externalReference": "E-E-0397-V", "numPhotos": 25, "floor": "4", "price": 176000.0, "propertyType": "flat", "operation": "sale", "size": 65.0, "exterior": true, "rooms": 3, "bathrooms": 1, "address": "Jaume Ribas", "province": "Barcelona", "municipality": "Sant Feliu de Llobregat", "district": "Centre", "country": "es", "latitude": 41.3795789, "longitude": 2.0408155, "showAddress": false, "url": "https://www.idealista.com/inmueble/93084773/", "distance": "2709", "hasVideo": false, "status": "good", "newDevelopment": false, "hasLift": true, "priceByArea": 2708.0, "detailedType": {"typology": "flat"}, "suggestedTexts": {"subtitle": "Centre, Sant Feliu de Llobregat", "title": "Piso en Jaume Ribas"}, "hasPlan": true, "has3DTour": false, "has360": true, "hasStaging": false, "topNewDevelopment": false}]