[{"propertyCode": "86950973", "thumbnail": "https://img3.idealista.com/blur/WEB_LISTING/0/id.pro.es.image.master/93/0a/7a/853085136.jpg", "externalReference": "39533", "numPhotos": 35, "price": 2200000.0, "propertyType": "chalet", "operation": "sale", "size": 360.0, "exterior": false, "rooms": 7, "bathrooms": 6, "address": "Plaza de Rovira i Trias", "province": "Barcelona", "municipality": "Barcelona", "district": "Gr\u00e0cia", "country": "es", "neighborhood": "Vila de Gr\u00e0cia", "latitude": 41.4095022, "longitude": 2.1565747, "showAddress": false, "url": "https://www.idealista.com/inmueble/86950973/", "distance": "818", "hasVideo": true, "status": "good", "newDevelopment": false, "priceByArea": 6111.0, "detailedType": {"typology": "chalet", "subTypology": "semidetachedHouse"}, "suggestedTexts": {"subtitle": "Vila de Gr\u00e0cia, Barcelona", "title": "Chalet pareado en Plaza de Rovira i Trias"}, "hasPlan": true, "has3DTour": true, "has360": false, "hasStaging": false, "topNewDevelopment": false}, {"propertyCode": "91871699", "thumbnail": "https://img3.idealista.com/blur/WEB_LISTING/0/id.pro.es.image.master/de/b4/55/825275685.jpg", "externalReference": "VB2011034", "numPhotos": 22, "floor": "3", "price": 395000.0, "propertyType": "flat", "operation": "sale", "size": 85.0, "exterior": true, "rooms": 2, "bathrooms": 1, "address": "barrio Vila de Gr\u00e0cia", "province": "Barcelona", "municipality": "Barcelona", "district": "Gr\u00e0cia", "country": "es", "neighborhood": "Vila de Gr\u00e0cia", "latitude": 41.4044064, "longitude": 2.1528527, "showAddress": false, "url": "https://www.idealista.com/inmueble/91871699/", "distance": "488", "hasVideo": true, "status": "good", "newDevelopment": false, "hasLift": false, "priceByArea": 4647.0, "detailedType": {"typology": "flat"}, "suggestedTexts": {"subtitle": "Vila de Gr\u00e0cia, Barcelona", "title": "Piso"}, "hasPlan": true, "has3DTour": true, "has360": false, "hasStaging": false, "topNewDevelopment": false}, {"propertyCode": "88993130", "thumbnail": "https://img3.idealista.com/blur/WEB_LISTING/0/id.pro.es.image.master/34/9e/59/761303363.jpg", "externalReference": "W-02D55P", "numPhotos": 32, "floor": "2", "price": 800000.0, "propertyType": "flat", "operation": "sale", "size": 165.0, "exterior": false, "rooms": 4, "bathrooms": 3, "address": "barrio El Putxet i el Farr\u00f3", "province": "Barcelona", "municipality": "Barcelona", "district": "Sarri\u00e0-Sant Gervasi", "country": "es", "neighborhood": "El Putxet i el Farr\u00f3", "latitude": 41.4077268, "longitude": 2.1456862, "showAddress": false, "url": "https://www.idealista.com/inmueble/88993130/", "distance": "218", "hasVideo": false, "status": "good", "newDevelopment": false, "hasLift": true, "parkingSpace": {"hasParkingSpace": true, "isParkingSpaceIncludedInPrice": true}, "priceByArea": 4848.0, "detailedType": {"typology": "flat"}, "suggestedTexts": {"subtitle": "El Putxet i el Farr\u00f3, Barcelona", "title": "Piso"}, "hasPlan": true, "has3DTour": true, "has360": false, "hasStaging": false, "topNewDevelopment": false}, {"propertyCode": "88869912", "thumbnail": "https://img3.idealista.com/blur/WEB_LISTING/0/id.pro.es.image.master/65/cd/4f/757476750.jpg", "externalReference": "BCN15755", "numPhotos": 26, "price": 1700000.0, "propertyType": "penthouse", "operation": "sale", "size": 316.0, "exterior": true, "rooms": 6, "bathrooms": 3, "address": "barrio Sant Gervasi - Galvany", "province": "Barcelona", "municipality": "Barcelona", "district": "Sarri\u00e0-Sant Gervasi", "country": "es", "neighborhood": "Sant Gervasi - Galvany", "latitude": 41.4043581, "longitude": 2.1412002, "showAddress": false, "url": "https://www.idealista.com/inmueble/88869912/", "distance": "585", "hasVideo": false, "status": "good", "newDevelopment": false, "hasLift": true, "parkingSpace": {"hasParkingSpace": true, "isParkingSpaceIncludedInPrice": true}, "priceByArea": 5380.0, "detailedType": {"typology": "flat", "subTypology": "penthouse"}, "suggestedTexts": {"subtitle": "Sant Gervasi - Galvany, Barcelona", "title": "\u00c1tico"}, "hasPlan": false, "has3DTour": true, "has360": false, "hasStaging": false, "topNewDevelopment": false}, {"propertyCode": "92474088", "thumbnail": "https://img3.idealista.com/blur/WEB_LISTING/0/id.pro.es.image.master/b0/20/ba/840539622.jpg", "externalReference": "B07425BA", "numPhotos": 32, "floor": "1", "price": 1675000.0, "propertyType": "flat", "operation": "sale", "size": 269.0, "exterior": true, "rooms": 6, "bathrooms": 3, "address": "Calle de Muntaner", "province": "Barcelona", "municipality": "Barcelona", "district": "Sarri\u00e0-Sant Gervasi", "country": "es", "neighborhood": "Sant Gervasi - Galvany", "latitude": 41.3999778, "longitude": 2.1426123, "showAddress": false, "url": "https://www.idealista.com/inmueble/92474088/", "distance": "831", "hasVideo": true, "status": "good", "newDevelopment": false, "hasLift": true, "priceByArea": 6227.0, "detailedType": {"typology": "flat"}, "suggestedTexts": {"subtitle": "Sant Gervasi - Galvany, Barcelona", "title": "Piso en Calle de Muntaner"}, "hasPlan": true, "has3DTour": false, "has360": true, "hasStaging": false, "topNewDevelopment": false}, {"propertyCode": "87837396", "thumbnail": "https://img3.idealista.com/blur/WEB_LISTING/0/id.pro.es.image.master/fb/2c/64/732118820.jpg", "externalReference": "4165", "numPhotos": 35, "floor": "5", "price": 1900000.0, "propertyType": "flat", "operation": "sale", "size": 277.0, "exterior": true, "rooms": 5, "bathrooms": 4, "address": "Calle de Balmes", "province": "Barcelona", "municipality": "Barcelona", "district": "Sarri\u00e0-Sant Gervasi", "country": "es", "neighborhood": "Sant Gervasi - Galvany", "latitude": 41.4033211, "longitude": 2.1450538, "showAddress": false, "url": "https://www.idealista.com/inmueble/87837396/", "distance": "408", "hasVideo": false, "status": "good", "newDevelopment": false, "hasLift": true, "parkingSpace": {"hasParkingSpace": true, "isParkingSpaceIncludedInPrice": true}, "priceByArea": 6859.0, "detailedType": {"typology": "flat"}, "suggestedTexts": {"subtitle": "Sant Gervasi - Galvany, Barcelona", "title": "Piso en Calle de Balmes"}, "hasPlan": true, "has3DTour": false, "has360": true, "hasStaging": false, "topNewDevelopment": false}, {"propertyCode": "92416036", "thumbnail": "https://img3.idealista.com/blur/WEB_LISTING/0/id.pro.es.image.master/36/03/79/839179772.jpg", "externalReference": "BCN06050", "numPhotos": 31, "floor": "1", "price": 1395000.0, "propertyType": "flat", "operation": "sale", "size": 180.0, "exterior": true, "rooms": 3, "bathrooms": 2, "address": "barrio Sant Gervasi - Galvany", "province": "Barcelona", "municipality": "Barcelona", "district": "Sarri\u00e0-Sant Gervasi", "country": "es", "neighborhood": "Sant Gervasi - Galvany", "latitude": 41.4022562, "longitude": 2.1487284, "showAddress": false, "url": "https://www.idealista.com/inmueble/92416036/", "distance": "472", "hasVideo": true, "status": "good", "newDevelopment": false, "hasLift": true, "priceByArea": 7750.0, "detailedType": {"typology": "flat"}, "suggestedTexts": {"subtitle": "Sant Gervasi - Galvany, Barcelona", "title": "Piso"}, "hasPlan": true, "has3DTour": false, "has360": false, "hasStaging": false, "topNewDevelopment": false}, {"propertyCode": "91869060", "thumbnail": "https://img3.idealista.com/blur/WEB_LISTING/0/id.pro.es.image.master/5b/66/7d/825201527.jpg", "externalReference": "VB2011033", "numPhotos": 33, "floor": "1", "price": 985000.0, "propertyType": "flat", "operation": "sale", "size": 210.0, "exterior": true, "rooms": 5, "bathrooms": 4, "address": "barrio El Putxet i el Farr\u00f3", "province": "Barcelona", "municipality": "Barcelona", "district": "Sarri\u00e0-Sant Gervasi", "country": "es", "neighborhood": "El Putxet i el Farr\u00f3", "latitude": 41.405933, "longitude": 2.145408, "showAddress": false, "url": "https://www.idealista.com/inmueble/91869060/", "distance": "195", "hasVideo": true, "status": "good", "newDevelopment": false, "hasLift": true, "parkingSpace": {"hasParkingSpace": true, "isParkingSpaceIncludedInPrice": true}, "priceByArea": 4690.0, "detailedType": {"typology": "flat"}, "suggestedTexts": {"subtitle": "El Putxet i el Farr\u00f3, Barcelona", "title": "Piso"}, "hasPlan": true, "has3DTour": false, "has360": true, "hasStaging": false, "topNewDevelopment": false}, {"propertyCode": "90822259", "thumbnail": "https://img3.idealista.com/blur/WEB_LISTING/0/id.pro.es.image.master/d6/f9/e8/799371723.jpg", "externalReference": "BCN04664", "numPhotos": 22, "floor": "7", "price": 825000.0, "propertyType": "flat", "operation": "sale", "size": 160.0, "exterior": true, "rooms": 3, "bathrooms": 2, "address": "barrio Sant Gervasi - Galvany", "province": "Barcelona", "municipality": "Barcelona", "district": "Sarri\u00e0-Sant Gervasi", "country": "es", "neighborhood": "Sant Gervasi - Galvany", "latitude": 41.4060375, "longitude": 2.142631, "showAddress": false, "url": "https://www.idealista.com/inmueble/90822259/", "distance": "421", "hasVideo": true, "status": "good", "newDevelopment": false, "hasLift": true, "priceByArea": 5156.0, "detailedType": {"typology": "flat"}, "suggestedTexts": {"subtitle": "Sant Gervasi - Galvany, Barcelona", "title": "Piso"}, "hasPlan": true, "has3DTour": false, "has360": false, "hasStaging": false, "topNewDevelopment": false}, {"propertyCode": "89445845", "thumbnail": "https://img3.idealista.com/blur/WEB_LISTING/0/id.pro.es.image.master/d6/73/32/771607601.jpg", "externalReference": "W-02INYS", "numPhotos": 43, "price": 499000.0, "propertyType": "flat", "operation": "sale", "size": 161.0, "exterior": false, "rooms": 4, "bathrooms": 2, "address": "barrio Sant Gervasi - Galvany", "province": "Barcelona", "municipality": "Barcelona", "district": "Sarri\u00e0-Sant Gervasi", "country": "es", "neighborhood": "Sant Gervasi - Galvany", "latitude": 41.4048148, "longitude": 2.1433412, "showAddress": false, "url": "https://www.idealista.com/inmueble/89445845/", "distance": "402", "hasVideo": false, "status": "renew", "newDevelopment": false, "hasLift": true, "priceByArea": 3099.0, "detailedType": {"typology": "flat"}, "suggestedTexts": {"subtitle": "Sant Gervasi - Galvany, Barcelona", "title": "Piso"}, "hasPlan": true, "has3DTour": false, "has360": true, "hasStaging": false, "topNewDevelopment": false}, {"propertyCode": "92764073", "thumbnail": "https://img3.idealista.com/blur/WEB_LISTING/0/id.pro.es.image.master/a0/2e/77/848286284.jpg", "externalReference": "SP100YR", "numPhotos": 37, "floor": "bj", "price": 745000.0, "propertyType": "flat", "operation": "sale", "size": 207.0, "exterior": true, "rooms": 3, "bathrooms": 2, "address": "barrio El Putxet i el Farr\u00f3", "province": "Barcelona", "municipality": "Barcelona", "district": "Sarri\u00e0-Sant Gervasi", "country": "es", "neighborhood": "El Putxet i el Farr\u00f3", "latitude": 41.4105581, "longitude": 2.1426154, "showAddress": false, "url": "https://www.idealista.com/inmueble/92764073/", "distance": "621", "hasVideo": true, "status": "good", "newDevelopment": false, "hasLift": true, "priceByArea": 3599.0, "detailedType": {"typology": "flat"}, "suggestedTexts": {"subtitle": "El Putxet i el Farr\u00f3, Barcelona", "title": "Piso"}, "hasPlan": true, "has3DTour": false, "has360": true, "hasStaging": false, "topNewDevelopment": false}, {"propertyCode": "38881514", "thumbnail": "https://img3.idealista.com/blur/WEB_LISTING/0/id.pro.es.image.master/76/10/3f/848273788.jpg", "externalReference": "BCN04915", "numPhotos": 29, "floor": "2", "price": 800000.0, "propertyType": "duplex", "operation": "sale", "size": 197.0, "exterior": true, "rooms": 3, "bathrooms": 3, "address": "barrio El Putxet i el Farr\u00f3", "province": "Barcelona", "municipality": "Barcelona", "district": "Sarri\u00e0-Sant Gervasi", "country": "es", "neighborhood": "El Putxet i el Farr\u00f3", "latitude": 41.4099121, "longitude": 2.1450005, "showAddress": false, "url": "https://www.idealista.com/inmueble/38881514/", "distance": "445", "hasVideo": false, "status": "good", "newDevelopment": false, "hasLift": true, "parkingSpace": {"hasParkingSpace": true, "isParkingSpaceIncludedInPrice": false, "parkingSpacePrice": 20000.0}, "priceByArea": 4061.0, "detailedType": {"typology": "flat", "subTypology": "duplex"}, "suggestedTexts": {"subtitle": "El Putxet i el Farr\u00f3, Barcelona", "title": "D\u00faplex"}, "hasPlan": true, "has3DTour": false, "has360": true, "hasStaging": false, "topNewDevelopment": false}, {"propertyCode": "92244864", "thumbnail": "https://img3.idealista.com/blur/WEB_LISTING/0/id.pro.es.image.master/53/a4/aa/857057725.jpg", "externalReference": "200135", "numPhotos": 45, "floor": "6", "price": 1149000.0, "propertyType": "duplex", "operation": "sale", "size": 248.0, "exterior": true, "rooms": 3, "bathrooms": 3, "address": "barrio El Putxet i el Farr\u00f3", "province": "Barcelona", "municipality": "Barcelona", "district": "Sarri\u00e0-Sant Gervasi", "country": "es", "neighborhood": "El Putxet i el Farr\u00f3", "latitude": 41.40521, "longitude": 2.13924, "showAddress": false, "url": "https://www.idealista.com/inmueble/92244864/", "distance": "714", "hasVideo": false, "status": "good", "newDevelopment": false, "hasLift": true, "priceByArea": 4633.0, "detailedType": {"typology": "flat", "subTypology": "duplex"}, "suggestedTexts": {"subtitle": "El Putxet i el Farr\u00f3, Barcelona", "title": "D\u00faplex"}, "hasPlan": true, "has3DTour": false, "has360": true, "hasStaging": false, "topNewDevelopment": false}, {"propertyCode": "90461132", "thumbnail": "https://img3.idealista.com/blur/WEB_LISTING/0/id.pro.es.image.master/67/1c/d2/790908158.jpg", "externalReference": "11166", "numPhotos": 22, "floor": "4", "price": 595000.0, "propertyType": "flat", "operation": "sale", "size": 134.0, "exterior": true, "rooms": 4, "bathrooms": 2, "address": "Calle Balmes", "province": "Barcelona", "municipality": "Barcelona", "district": "Sarri\u00e0-Sant Gervasi", "country": "es", "neighborhood": "Sant Gervasi - Galvany", "latitude": 41.4020951, "longitude": 2.1402735, "showAddress": false, "url": "https://www.idealista.com/inmueble/90461132/", "distance": "781", "hasVideo": false, "status": "good", "newDevelopment": false, "hasLift": true, "priceByArea": 4440.0, "detailedType": {"typology": "flat"}, "suggestedTexts": {"subtitle": "Sant Gervasi - Galvany, Barcelona", "title": "Piso en Calle Balmes"}, "hasPlan": false, "has3DTour": false, "has360": true, "hasStaging": false, "topNewDevelopment": false}, {"propertyCode": "93132862", "thumbnail": "https://img3.idealista.com/blur/WEB_LISTING/0/id.pro.es.image.master/38/ff/10/855262634.jpg", "externalReference": "VB2103006", "numPhotos": 56, "floor": "3", "price": 1100000.0, "propertyType": "penthouse", "operation": "sale", "size": 400.0, "exterior": true, "rooms": 4, "bathrooms": 3, "address": "Calle del Torrent de l'Olla", "province": "Barcelona", "municipality": "Barcelona", "district": "Gr\u00e0cia", "country": "es", "neighborhood": "Vila de Gr\u00e0cia", "latitude": 41.406338, "longitude": 2.1501168, "showAddress": false, "url": "https://www.idealista.com/inmueble/93132862/", "distance": "205", "hasVideo": true, "status": "renew", "newDevelopment": false, "hasLift": true, "priceByArea": 2750.0, "detailedType": {"typology": "flat", "subTypology": "penthouse"}, "suggestedTexts": {"subtitle": "Vila de Gr\u00e0cia, Barcelona", "title": "\u00c1tico en Calle del Torrent de l'Olla"}, "hasPlan": true, "has3DTour": false, "has360": false, "hasStaging": false, "topNewDevelopment": false}, {"propertyCode": "93182789", "thumbnail": "https://img3.idealista.com/blur/WEB_LISTING/0/id.pro.es.image.master/66/30/01/856381363.jpg", "externalReference": "D-40703", "numPhotos": 27, "floor": "2", "price": 399000.0, "propertyType": "flat", "operation": "sale", "size": 112.0, "exterior": true, "rooms": 4, "bathrooms": 3, "address": "Avenida de la Riera de Cassoles", "province": "Barcelona", "municipality": "Barcelona", "district": "Gr\u00e0cia", "country": "es", "neighborhood": "Vila de Gr\u00e0cia", "latitude": 41.4046524, "longitude": 2.1482691, "showAddress": false, "url": "https://www.idealista.com/inmueble/93182789/", "distance": "204", "hasVideo": true, "status": "renew", "newDevelopment": false, "hasLift": true, "priceByArea": 3563.0, "detailedType": {"typology": "flat"}, "suggestedTexts": {"subtitle": "Vila de Gr\u00e0cia, Barcelona", "title": "Piso en Avenida de la Riera de Cassoles"}, "hasPlan": true, "has3DTour": false, "has360": false, "hasStaging": false, "topNewDevelopment": false}, {"propertyCode": "93066669", "thumbnail": "https://img3.idealista.com/blur/WEB_LISTING/0/id.pro.es.image.master/9b/f9/4b/853669013.jpg", "externalReference": "VB2102069", "numPhotos": 24, "floor": "5", "price": 620000.0, "propertyType": "flat", "operation": "sale", "size": 137.0, "exterior": true, "rooms": 5, "bathrooms": 2, "address": "Calle de Balmes", "province": "Barcelona", "municipality": "Barcelona", "district": "Sarri\u00e0-Sant Gervasi", "country": "es", "neighborhood": "Sant Gervasi - Galvany", "latitude": 41.4019061, "longitude": 2.1437152, "showAddress": false, "url": "https://www.idealista.com/inmueble/93066669/", "distance": "601", "hasVideo": true, "status": "renew", "newDevelopment": false, "hasLift": true, "priceByArea": 4526.0, "detailedType": {"typology": "flat"}, "suggestedTexts": {"subtitle": "Sant Gervasi - Galvany, Barcelona", "title": "Piso en Calle de Balmes"}, "hasPlan": true, "has3DTour": false, "has360": false, "hasStaging": false, "topNewDevelopment": false}, {"propertyCode": "92493100", "thumbnail": "https://img3.idealista.com/blur/WEB_LISTING/0/id.pro.es.image.master/9b/30/c2/841436559.jpg", "externalReference": "245132", "numPhotos": 33, "floor": "bj", "price": 620000.0, "propertyType": "duplex", "operation": "sale", "size": 91.0, "exterior": true, "rooms": 3, "bathrooms": 3, "address": "barrio El Putxet i el Farr\u00f3", "province": "Barcelona", "municipality": "Barcelona", "district": "Sarri\u00e0-Sant Gervasi", "country": "es", "neighborhood": "El Putxet i el Farr\u00f3", "latitude": 41.4055634, "longitude": 2.1444171, "showAddress": false, "url": "https://www.idealista.com/inmueble/92493100/", "distance": "286", "hasVideo": false, "status": "good", "newDevelopment": false, "hasLift": true, "parkingSpace": {"hasParkingSpace": true, "isParkingSpaceIncludedInPrice": true}, "priceByArea": 6813.0, "detailedType": {"typology": "flat", "subTypology": "duplex"}, "suggestedTexts": {"subtitle": "El Putxet i el Farr\u00f3, Barcelona", "title": "D\u00faplex"}, "hasPlan": true, "has3DTour": false, "has360": false, "hasStaging": false, "topNewDevelopment": false}, {"propertyCode": "90311630", "thumbnail": "https://img3.idealista.com/blur/WEB_LISTING/0/id.pro.es.image.master/fe/ee/ac/787839564.jpg", "externalReference": "P_HURT", "numPhotos": 37, "floor": "bj", "price": 745000.0, "propertyType": "flat", "operation": "sale", "size": 207.0, "exterior": false, "rooms": 3, "bathrooms": 2, "address": "hurtado, 7", "province": "Barcelona", "municipality": "Barcelona", "district": "Sarri\u00e0-Sant Gervasi", "country": "es", "neighborhood": "El Putxet i el Farr\u00f3", "latitude": 41.4102264, "longitude": 2.1411077, "showAddress": true, "url": "https://www.idealista.com/inmueble/90311630/", "distance": "689", "hasVideo": false, "status": "good", "newDevelopment": false, "hasLift": true, "priceByArea": 3599.0, "detailedType": {"typology": "flat"}, "suggestedTexts": {"subtitle": "El Putxet i el Farr\u00f3, Barcelona", "title": "Piso en hurtado, 7"}, "hasPlan": true, "has3DTour": false, "has360": true, "hasStaging": false, "topNewDevelopment": false}, {"propertyCode": "92560475", "thumbnail": "https://img3.idealista.com/blur/WEB_LISTING/0/id.pro.es.image.master/41/f3/e2/842679905.jpg", "externalReference": "243993", "numPhotos": 25, "floor": "2", "price": 880000.0, "propertyType": "flat", "operation": "sale", "size": 172.0, "exterior": true, "rooms": 3, "bathrooms": 3, "address": "barrio El Putxet i el Farr\u00f3", "province": "Barcelona", "municipality": "Barcelona", "district": "Sarri\u00e0-Sant Gervasi", "country": "es", "neighborhood": "El Putxet i el Farr\u00f3", "latitude": 41.4110355, "longitude": 2.1393086, "showAddress": false, "url": "https://www.idealista.com/inmueble/92560475/", "distance": "863", "hasVideo": false, "status": "good", "newDevelopment": false, "hasLift": true, "priceByArea": 5116.0, "detailedType": {"typology": "flat"}, "suggestedTexts": {"subtitle": "El Putxet i el Farr\u00f3, Barcelona", "title": "Piso"}, "hasPlan": true, "has3DTour": false, "has360": false, "hasStaging": false, "topNewDevelopment": false}, {"propertyCode": "91842091", "thumbnail": "https://img3.idealista.com/blur/WEB_LISTING/0/id.pro.es.image.master/ba/24/83/824572704.jpg", "externalReference": "242955", "numPhotos": 23, "floor": "5", "price": 350000.0, "propertyType": "flat", "operation": "sale", "size": 76.0, "exterior": true, "rooms": 3, "bathrooms": 1, "address": "barrio Vallcarca i els Penitents", "province": "Barcelona", "municipality": "Barcelona", "district": "Gr\u00e0cia", "country": "es", "neighborhood": "Vallcarca i els Penitents", "latitude": 41.4107816, "longitude": 2.1394402, "showAddress": false, "url": "https://www.idealista.com/inmueble/91842091/", "distance": "838", "hasVideo": false, "status": "good", "newDevelopment": false, "hasLift": true, "priceByArea": 4605.0, "detailedType": {"typology": "flat"}, "suggestedTexts": {"subtitle": "Vallcarca i els Penitents, Barcelona", "title": "Piso"}, "hasPlan": true, "has3DTour": false, "has360": false, "hasStaging": false, "topNewDevelopment": false}, {"propertyCode": "91648408", "thumbnail": "https://img3.idealista.com/blur/WEB_LISTING/0/id.pro.es.image.master/48/27/2a/844034961.jpg", "externalReference": "240750", "numPhotos": 22, "floor": "1", "price": 720000.0, "propertyType": "flat", "operation": "sale", "size": 130.0, "exterior": true, "rooms": 4, "bathrooms": 2, "address": "barrio El Putxet i el Farr\u00f3", "province": "Barcelona", "municipality": "Barcelona", "district": "Sarri\u00e0-Sant Gervasi", "country": "es", "neighborhood": "El Putxet i el Farr\u00f3", "latitude": 41.4076663, "longitude": 2.1388275, "showAddress": false, "url": "https://www.idealista.com/inmueble/91648408/", "distance": "748", "hasVideo": false, "status": "good", "newDevelopment": false, "hasLift": true, "parkingSpace": {"hasParkingSpace": true, "isParkingSpaceIncludedInPrice": true}, "priceByArea": 5538.0, "detailedType": {"typology": "flat"}, "suggestedTexts": {"subtitle": "El Putxet i el Farr\u00f3, Barcelona", "title": "Piso"}, "hasPlan": true, "has3DTour": false, "has360": true, "hasStaging": false, "topNewDevelopment": false}, {"propertyCode": "90625845", "thumbnail": "https://img3.idealista.com/blur/WEB_LISTING/0/id.pro.es.image.master/02/aa/c1/794708727.jpg", "externalReference": "BCN24550", "numPhotos": 39, "price": 1190000.0, "propertyType": "penthouse", "operation": "sale", "size": 190.0, "exterior": true, "rooms": 4, "bathrooms": 3, "address": "barrio Sant Gervasi - Galvany", "province": "Barcelona", "municipality": "Barcelona", "district": "Sarri\u00e0-Sant Gervasi", "country": "es", "neighborhood": "Sant Gervasi - Galvany", "latitude": 41.4034246, "longitude": 2.1443048, "showAddress": false, "url": "https://www.idealista.com/inmueble/90625845/", "distance": "435", "hasVideo": false, "status": "good", "newDevelopment": false, "hasLift": true, "priceByArea": 6263.0, "detailedType": {"typology": "flat", "subTypology": "penthouse"}, "suggestedTexts": {"subtitle": "Sant Gervasi - Galvany, Barcelona", "title": "\u00c1tico"}, "hasPlan": true, "has3DTour": false, "has360": false, "hasStaging": false, "topNewDevelopment": false}, {"propertyCode": "84828817", "thumbnail": "https://img3.idealista.com/blur/WEB_LISTING/0/id.pro.es.image.master/e4/4c/8a/758972594.jpg", "externalReference": "BCN17289", "numPhotos": 27, "price": 790000.0, "propertyType": "penthouse", "operation": "sale", "size": 120.0, "exterior": true, "rooms": 4, "bathrooms": 2, "address": "barrio El Putxet i el Farr\u00f3", "province": "Barcelona", "municipality": "Barcelona", "district": "Sarri\u00e0-Sant Gervasi", "country": "es", "neighborhood": "El Putxet i el Farr\u00f3", "latitude": 41.4036441, "longitude": 2.151285, "showAddress": false, "url": "https://www.idealista.com/inmueble/84828817/", "distance": "433", "hasVideo": false, "status": "renew", "newDevelopment": false, "hasLift": true, "parkingSpace": {"hasParkingSpace": true, "isParkingSpaceIncludedInPrice": true}, "priceByArea": 6583.0, "detailedType": {"typology": "flat", "subTypology": "penthouse"}, "suggestedTexts": {"subtitle": "El Putxet i el Farr\u00f3, Barcelona", "title": "\u00c1tico"}, "hasPlan": true, "has3DTour": false, "has360": false, "hasStaging": false, "topNewDevelopment": false}, {"propertyCode": "91784565", "thumbnail": "https://img3.idealista.com/blur/WEB_LISTING/0/id.pro.es.image.master/f2/ea/81/823214879.jpg", "externalReference": "VB2011005-1", "numPhotos": 21, "floor": "4", "price": 429000.0, "propertyType": "penthouse", "operation": "sale", "size": 80.0, "exterior": true, "rooms": 1, "bathrooms": 1, "address": "barrio Vallcarca i els Penitents", "province": "Barcelona", "municipality": "Barcelona", "district": "Gr\u00e0cia", "country": "es", "neighborhood": "Vallcarca i els Penitents", "latitude": 41.4114349, "longitude": 2.1499492, "showAddress": false, "url": "https://www.idealista.com/inmueble/91784565/", "distance": "588", "hasVideo": true, "status": "good", "newDevelopment": false, "hasLift": true, "priceByArea": 5363.0, "detailedType": {"typology": "flat", "subTypology": "penthouse"}, "suggestedTexts": {"subtitle": "Vallcarca i els Penitents, Barcelona", "title": "\u00c1tico"}, "hasPlan": true, "has3DTour": false, "has360": false, "hasStaging": false, "topNewDevelopment": false}, {"propertyCode": "91535815", "thumbnail": "https://img3.idealista.com/blur/WEB_LISTING/0/id.pro.es.image.master/42/09/0b/816891222.jpg", "externalReference": "W-02FPFP", "numPhotos": 32, "floor": "bj", "price": 500000.0, "propertyType": "flat", "operation": "sale", "size": 103.0, "exterior": false, "rooms": 2, "bathrooms": 1, "address": "barrio Vila de Gr\u00e0cia", "province": "Barcelona", "municipality": "Barcelona", "district": "Gr\u00e0cia", "country": "es", "neighborhood": "Vila de Gr\u00e0cia", "latitude": 41.4024589, "longitude": 2.1543641, "showAddress": false, "url": "https://www.idealista.com/inmueble/91535815/", "distance": "713", "hasVideo": false, "status": "good", "newDevelopment": false, "hasLift": false, "priceByArea": 4854.0, "detailedType": {"typology": "flat"}, "suggestedTexts": {"subtitle": "Vila de Gr\u00e0cia, Barcelona", "title": "Piso"}, "hasPlan": true, "has3DTour": false, "has360": false, "hasStaging": false, "topNewDevelopment": false}, {"propertyCode": "88888638", "thumbnail": "https://img3.idealista.com/blur/WEB_LISTING/0/id.pro.es.image.master/e1/45/1d/757939761.jpg", "externalReference": "W-02ICES", "numPhotos": 22, "floor": "-1", "price": 175000.0, "propertyType": "flat", "operation": "sale", "size": 48.0, "exterior": false, "rooms": 1, "bathrooms": 1, "address": "barrio Vallcarca i els Penitents", "province": "Barcelona", "municipality": "Barcelona", "district": "Gr\u00e0cia", "country": "es", "neighborhood": "Vallcarca i els Penitents", "latitude": 41.4115235, "longitude": 2.1460537, "showAddress": false, "url": "https://www.idealista.com/inmueble/88888638/", "distance": "581", "hasVideo": false, "status": "good", "newDevelopment": false, "hasLift": true, "priceByArea": 3646.0, "detailedType": {"typology": "flat"}, "suggestedTexts": {"subtitle": "Vallcarca i els Penitents, Barcelona", "title": "Piso"}, "hasPlan": true, "has3DTour": false, "has360": false, "hasStaging": false, "topNewDevelopment": false}, {"propertyCode": "92680123", "thumbnail": "https://img3.idealista.com/blur/WEB_LISTING/0/id.pro.es.image.master/91/8b/30/845515854.jpg", "externalReference": "10510", "numPhotos": 62, "price": 1690000.0, "propertyType": "penthouse", "operation": "sale", "size": 290.0, "exterior": true, "rooms": 4, "bathrooms": 4, "address": "Via Augusta", "province": "Barcelona", "municipality": "Barcelona", "district": "Sarri\u00e0-Sant Gervasi", "country": "es", "neighborhood": "Sant Gervasi - Galvany", "latitude": 41.4010399, "longitude": 2.1443707, "showAddress": false, "url": "https://www.idealista.com/inmueble/92680123/", "distance": "659", "hasVideo": false, "status": "good", "newDevelopment": false, "hasLift": true, "parkingSpace": {"hasParkingSpace": true, "isParkingSpaceIncludedInPrice": true}, "priceByArea": 5828.0, "detailedType": {"typology": "flat", "subTypology": "penthouse"}, "suggestedTexts": {"subtitle": "Sant Gervasi - Galvany, Barcelona", "title": "\u00c1tico en Via Augusta"}, "hasPlan": true, "has3DTour": true, "has360": false, "hasStaging": false, "topNewDevelopment": false}, {"propertyCode": "92643937", "thumbnail": "https://img3.idealista.com/blur/WEB_LISTING/0/id.pro.es.image.master/5f/9d/06/844693539.jpg", "externalReference": "10256", "numPhotos": 35, "price": 799000.0, "propertyType": "flat", "operation": "sale", "size": 167.0, "exterior": false, "rooms": 5, "bathrooms": 2, "address": "Calle de Teodora Lamadrid", "province": "Barcelona", "municipality": "Barcelona", "district": "Sarri\u00e0-Sant Gervasi", "country": "es", "neighborhood": "Sant Gervasi - La Bonanova", "latitude": 41.4060674, "longitude": 2.138254, "showAddress": false, "url": "https://www.idealista.com/inmueble/92643937/", "distance": "784", "hasVideo": false, "status": "good", "newDevelopment": false, "hasLift": true, "priceByArea": 4784.0, "detailedType": {"typology": "flat"}, "suggestedTexts": {"subtitle": "Sant Gervasi - La Bonanova, Barcelona", "title": "Piso en Calle de Teodora Lamadrid"}, "hasPlan": true, "has3DTour": true, "has360": false, "hasStaging": false, "topNewDevelopment": false}, {"propertyCode": "91911165", "thumbnail": "https://img3.idealista.com/blur/WEB_LISTING/0/id.pro.es.image.master/64/f4/d5/842510318.jpg", "externalReference": "10186", "numPhotos": 37, "price": 960000.0, "propertyType": "flat", "operation": "sale", "size": 240.0, "exterior": true, "rooms": 4, "bathrooms": 2, "address": "Calle de Cop\u00e8rnic", "province": "Barcelona", "municipality": "Barcelona", "district": "Sarri\u00e0-Sant Gervasi", "country": "es", "neighborhood": "Sant Gervasi - Galvany", "latitude": 41.403306, "longitude": 2.1422154, "showAddress": false, "url": "https://www.idealista.com/inmueble/91911165/", "distance": "571", "hasVideo": true, "status": "good", "newDevelopment": false, "hasLift": true, "parkingSpace": {"hasParkingSpace": true, "isParkingSpaceIncludedInPrice": true}, "priceByArea": 4000.0, "detailedType": {"typology": "flat"}, "suggestedTexts": {"subtitle": "Sant Gervasi - Galvany, Barcelona", "title": "Piso en Calle de Cop\u00e8rnic"}, "hasPlan": true, "has3DTour": false, "has360": false, "hasStaging": false, "topNewDevelopment": false}, {"propertyCode": "90416547", "thumbnail": "https://img3.idealista.com/blur/WEB_LISTING/0/id.pro.es.image.master/e5/59/52/790309392.jpg", "externalReference": "9221", "numPhotos": 34, "price": 285000.0, "propertyType": "flat", "operation": "sale", "size": 75.0, "exterior": true, "rooms": 3, "bathrooms": 1, "address": "Calle de la Costa", "province": "Barcelona", "municipality": "Barcelona", "district": "Sarri\u00e0-Sant Gervasi", "country": "es", "neighborhood": "El Putxet i el Farr\u00f3", "latitude": 41.4097158, "longitude": 2.1464021, "showAddress": false, "url": "https://www.idealista.com/inmueble/90416547/", "distance": "379", "hasVideo": true, "status": "good", "newDevelopment": false, "hasLift": true, "priceByArea": 3800.0, "detailedType": {"typology": "flat"}, "suggestedTexts": {"subtitle": "El Putxet i el Farr\u00f3, Barcelona", "title": "Piso en Calle de la Costa"}, "hasPlan": true, "has3DTour": true, "has360": false, "hasStaging": false, "topNewDevelopment": false}, {"propertyCode": "87026348", "thumbnail": "https://img3.idealista.com/blur/WEB_LISTING/0/id.pro.es.image.master/20/57/c2/779481441.jpg", "externalReference": "4818", "numPhotos": 60, "price": 1095000.0, "propertyType": "flat", "operation": "sale", "size": 275.0, "exterior": true, "rooms": 8, "bathrooms": 4, "address": "Via Augusta", "province": "Barcelona", "municipality": "Barcelona", "district": "Sarri\u00e0-Sant Gervasi", "country": "es", "neighborhood": "Sant Gervasi - Galvany", "latitude": 41.4013355, "longitude": 2.1416863, "showAddress": false, "url": "https://www.idealista.com/inmueble/87026348/", "distance": "754", "hasVideo": true, "status": "good", "newDevelopment": false, "hasLift": true, "priceByArea": 3982.0, "detailedType": {"typology": "flat"}, "suggestedTexts": {"subtitle": "Sant Gervasi - Galvany, Barcelona", "title": "Piso en Via Augusta"}, "hasPlan": true, "has3DTour": true, "has360": false, "hasStaging": false, "topNewDevelopment": false}, {"propertyCode": "84865619", "thumbnail": "https://img3.idealista.com/blur/WEB_LISTING/0/id.pro.es.image.master/0d/be/34/842510442.jpg", "externalReference": "6126", "numPhotos": 37, "floor": "6", "price": 960000.0, "propertyType": "flat", "operation": "sale", "size": 240.0, "exterior": true, "rooms": 4, "bathrooms": 2, "address": "Calle de Balmes", "province": "Barcelona", "municipality": "Barcelona", "district": "Sarri\u00e0-Sant Gervasi", "country": "es", "neighborhood": "Sant Gervasi - Galvany", "latitude": 41.4036439, "longitude": 2.143437, "showAddress": false, "url": "https://www.idealista.com/inmueble/84865619/", "distance": "468", "hasVideo": true, "status": "good", "newDevelopment": false, "hasLift": true, "parkingSpace": {"hasParkingSpace": true, "isParkingSpaceIncludedInPrice": true}, "priceByArea": 4000.0, "detailedType": {"typology": "flat"}, "suggestedTexts": {"subtitle": "Sant Gervasi - Galvany, Barcelona", "title": "Piso en Calle de Balmes"}, "hasPlan": true, "has3DTour": false, "has360": false, "hasStaging": false, "topNewDevelopment": false}, {"propertyCode": "92867155", "thumbnail": "https://img3.idealista.com/blur/WEB_LISTING/0/id.pro.es.image.master/ab/31/3f/853572886.jpg", "externalReference": "S-30792", "numPhotos": 45, "floor": "en", "price": 189000.0, "propertyType": "flat", "operation": "sale", "size": 50.0, "exterior": true, "rooms": 1, "bathrooms": 1, "address": "Calle de l'Or", "province": "Barcelona", "municipality": "Barcelona", "district": "Gr\u00e0cia", "country": "es", "neighborhood": "Vila de Gr\u00e0cia", "latitude": 41.4054082, "longitude": 2.1576085, "showAddress": false, "url": "https://www.idealista.com/inmueble/92867155/", "distance": "838", "hasVideo": false, "status": "good", "newDevelopment": false, "hasLift": true, "priceByArea": 3780.0, "detailedType": {"typology": "flat"}, "suggestedTexts": {"subtitle": "Vila de Gr\u00e0cia, Barcelona", "title": "Piso en Calle de l'Or"}, "hasPlan": true, "has3DTour": false, "has360": false, "hasStaging": false, "topNewDevelopment": false}, {"propertyCode": "91595047", "thumbnail": "https://img3.idealista.com/blur/WEB_LISTING/0/id.pro.es.image.master/68/93/55/818522341.jpg", "externalReference": "243424", "numPhotos": 18, "floor": "6", "price": 365000.0, "propertyType": "flat", "operation": "sale", "size": 75.0, "exterior": true, "rooms": 3, "bathrooms": 2, "address": "barrio El Putxet i el Farr\u00f3", "province": "Barcelona", "municipality": "Barcelona", "district": "Sarri\u00e0-Sant Gervasi", "country": "es", "neighborhood": "El Putxet i el Farr\u00f3", "latitude": 41.410274, "longitude": 2.1398229, "showAddress": false, "url": "https://www.idealista.com/inmueble/91595047/", "distance": "780", "hasVideo": false, "status": "good", "newDevelopment": false, "hasLift": true, "priceByArea": 4867.0, "detailedType": {"typology": "flat"}, "suggestedTexts": {"subtitle": "El Putxet i el Farr\u00f3, Barcelona", "title": "Piso"}, "hasPlan": true, "has3DTour": false, "has360": false, "hasStaging": false, "topNewDevelopment": false}, {"propertyCode": "92897094", "thumbnail": "https://img3.idealista.com/blur/WEB_LISTING/0/id.pro.es.image.master/4e/98/ff/850537092.jpg", "externalReference": "247105", "numPhotos": 22, "floor": "3", "price": 590000.0, "propertyType": "flat", "operation": "sale", "size": 109.0, "exterior": true, "rooms": 3, "bathrooms": 2, "address": "barrio Sant Gervasi - Galvany", "province": "Barcelona", "municipality": "Barcelona", "district": "Sarri\u00e0-Sant Gervasi", "country": "es", "neighborhood": "Sant Gervasi - Galvany", "latitude": 41.4028546, "longitude": 2.1403849, "showAddress": false, "url": "https://www.idealista.com/inmueble/92897094/", "distance": "725", "hasVideo": false, "status": "good", "newDevelopment": false, "hasLift": true, "priceByArea": 5413.0, "detailedType": {"typology": "flat"}, "suggestedTexts": {"subtitle": "Sant Gervasi - Galvany, Barcelona", "title": "Piso"}, "hasPlan": false, "has3DTour": false, "has360": false, "hasStaging": false, "topNewDevelopment": false}, {"propertyCode": "91977734", "thumbnail": "https://img3.idealista.com/blur/WEB_LISTING/0/id.pro.es.image.master/a0/46/28/827791786.jpg", "externalReference": "FRPM1", "numPhotos": 24, "floor": "1", "price": 625000.0, "propertyType": "flat", "operation": "sale", "size": 145.0, "exterior": true, "rooms": 2, "bathrooms": 2, "address": "Plaza Molina", "province": "Barcelona", "municipality": "Barcelona", "district": "Sarri\u00e0-Sant Gervasi", "country": "es", "neighborhood": "Sant Gervasi - Galvany", "latitude": 41.400239, "longitude": 2.147527, "showAddress": false, "url": "https://www.idealista.com/inmueble/91977734/", "distance": "688", "hasVideo": false, "status": "good", "newDevelopment": false, "hasLift": true, "parkingSpace": {"hasParkingSpace": true, "isParkingSpaceIncludedInPrice": false, "parkingSpacePrice": 35000.0}, "priceByArea": 4310.0, "detailedType": {"typology": "flat"}, "suggestedTexts": {"subtitle": "Sant Gervasi - Galvany, Barcelona", "title": "Piso en Plaza Molina"}, "hasPlan": true, "has3DTour": false, "has360": false, "hasStaging": false, "topNewDevelopment": false}, {"propertyCode": "88860058", "thumbnail": "https://img3.idealista.com/blur/WEB_LISTING/0/id.pro.es.image.master/b2/45/06/761181252.jpg", "externalReference": "CASA VERDI", "numPhotos": 63, "price": 745000.0, "propertyType": "chalet", "operation": "sale", "size": 200.0, "exterior": false, "rooms": 4, "bathrooms": 3, "address": "Calle de Verdi", "province": "Barcelona", "municipality": "Barcelona", "district": "Gr\u00e0cia", "country": "es", "neighborhood": "Vila de Gr\u00e0cia", "latitude": 41.4082061, "longitude": 2.1516253, "showAddress": false, "url": "https://www.idealista.com/inmueble/88860058/", "distance": "385", "hasVideo": false, "status": "good", "newDevelopment": false, "parkingSpace": {"hasParkingSpace": true, "isParkingSpaceIncludedInPrice": true}, "priceByArea": 3725.0, "detailedType": {"typology": "chalet", "subTypology": "terracedHouse"}, "suggestedTexts": {"subtitle": "Vila de Gr\u00e0cia, Barcelona", "title": "Chalet adosado en Calle de Verdi"}, "hasPlan": true, "has3DTour": false, "has360": false, "hasStaging": false, "topNewDevelopment": false}, {"propertyCode": "93185677", "thumbnail": "https://img3.idealista.com/blur/WEB_LISTING/0/id.pro.es.image.master/36/6c/8d/856458662.jpg", "externalReference": "001355A", "numPhotos": 36, "floor": "bj", "price": 965000.0, "propertyType": "chalet", "operation": "sale", "size": 178.0, "exterior": false, "rooms": 4, "bathrooms": 3, "address": "Calle d'Escipi\u00f3", "province": "Barcelona", "municipality": "Barcelona", "district": "Sarri\u00e0-Sant Gervasi", "country": "es", "neighborhood": "El Putxet i el Farr\u00f3", "latitude": 41.4055639, "longitude": 2.1464905, "showAddress": false, "url": "https://www.idealista.com/inmueble/93185677/", "distance": "136", "hasVideo": false, "status": "good", "newDevelopment": false, "priceByArea": 5421.0, "detailedType": {"typology": "chalet"}, "suggestedTexts": {"subtitle": "El Putxet i el Farr\u00f3, Barcelona", "title": "Chalet en Calle d'Escipi\u00f3"}, "hasPlan": false, "has3DTour": false, "has360": false, "hasStaging": false, "topNewDevelopment": false}, {"propertyCode": "91742559", "thumbnail": "https://img3.idealista.com/blur/WEB_LISTING/0/id.pro.es.image.master/d2/af/7f/822164138.jpg", "externalReference": "001416", "numPhotos": 36, "floor": "bj", "price": 965000.0, "propertyType": "chalet", "operation": "sale", "size": 178.0, "exterior": false, "rooms": 4, "bathrooms": 3, "address": "Calle d'Escipi\u00f3", "province": "Barcelona", "municipality": "Barcelona", "district": "Sarri\u00e0-Sant Gervasi", "country": "es", "neighborhood": "El Putxet i el Farr\u00f3", "latitude": 41.4084639, "longitude": 2.1460905, "showAddress": false, "url": "https://www.idealista.com/inmueble/91742559/", "distance": "260", "hasVideo": false, "status": "good", "newDevelopment": false, "priceByArea": 5421.0, "detailedType": {"typology": "chalet"}, "suggestedTexts": {"subtitle": "El Putxet i el Farr\u00f3, Barcelona", "title": "Chalet en Calle d'Escipi\u00f3"}, "hasPlan": false, "has3DTour": false, "has360": true, "hasStaging": false, "topNewDevelopment": false}, {"propertyCode": "90939011", "thumbnail": "https://img3.idealista.com/blur/WEB_LISTING/0/id.pro.es.image.master/2a/20/34/802586866.jpg", "externalReference": "W-02JOW4", "numPhotos": 25, "floor": "1", "price": 390000.0, "propertyType": "flat", "operation": "sale", "size": 102.0, "exterior": false, "rooms": 4, "bathrooms": 2, "address": "barrio El Putxet i el Farr\u00f3", "province": "Barcelona", "municipality": "Barcelona", "district": "Sarri\u00e0-Sant Gervasi", "country": "es", "neighborhood": "El Putxet i el Farr\u00f3", "latitude": 41.4117115, "longitude": 2.1401603, "showAddress": false, "url": "https://www.idealista.com/inmueble/90939011/", "distance": "857", "hasVideo": false, "status": "good", "newDevelopment": false, "hasLift": true, "priceByArea": 3824.0, "detailedType": {"typology": "flat"}, "suggestedTexts": {"subtitle": "El Putxet i el Farr\u00f3, Barcelona", "title": "Piso"}, "hasPlan": false, "has3DTour": false, "has360": false, "hasStaging": false, "topNewDevelopment": false}, {"propertyCode": "88697325", "thumbnail": "https://img3.idealista.com/blur/WEB_LISTING/0/id.pro.es.image.master/ea/a7/43/756015489.jpg", "externalReference": "W-02BPVK", "numPhotos": 31, "floor": "1", "price": 745000.0, "propertyType": "chalet", "operation": "sale", "size": 186.0, "exterior": false, "rooms": 3, "bathrooms": 3, "address": "barrio Vila de Gr\u00e0cia", "province": "Barcelona", "municipality": "Barcelona", "district": "Gr\u00e0cia", "country": "es", "neighborhood": "Vila de Gr\u00e0cia", "latitude": 41.4074247, "longitude": 2.152889, "showAddress": false, "url": "https://www.idealista.com/inmueble/88697325/", "distance": "450", "hasVideo": false, "status": "good", "newDevelopment": false, "parkingSpace": {"hasParkingSpace": true, "isParkingSpaceIncludedInPrice": true}, "priceByArea": 4005.0, "detailedType": {"typology": "chalet", "subTypology": "terracedHouse"}, "suggestedTexts": {"subtitle": "Vila de Gr\u00e0cia, Barcelona", "title": "Chalet adosado"}, "hasPlan": false, "has3DTour": false, "has360": false, "hasStaging": false, "topNewDevelopment": false}, {"propertyCode": "92880083", "thumbnail": "https://img3.idealista.com/blur/WEB_LISTING/0/id.pro.es.image.master/50/7d/12/855711937.jpg", "externalReference": "OCO0533", "numPhotos": 34, "floor": "6", "price": 820000.0, "propertyType": "flat", "operation": "sale", "size": 188.0, "exterior": true, "rooms": 5, "bathrooms": 3, "address": "Calle de Balmes", "province": "Barcelona", "municipality": "Barcelona", "district": "Sarri\u00e0-Sant Gervasi", "country": "es", "neighborhood": "El Putxet i el Farr\u00f3", "latitude": 41.3999097, "longitude": 2.1486736, "showAddress": false, "url": "https://www.idealista.com/inmueble/92880083/", "distance": "730", "hasVideo": true, "status": "good", "newDevelopment": false, "hasLift": true, "priceByArea": 4362.0, "detailedType": {"typology": "flat"}, "suggestedTexts": {"subtitle": "El Putxet i el Farr\u00f3, Barcelona", "title": "Piso en Calle de Balmes"}, "hasPlan": true, "has3DTour": false, "has360": false, "hasStaging": false, "topNewDevelopment": false}, {"propertyCode": "91456308", "thumbnail": "https://img3.idealista.com/blur/WEB_LISTING/0/id.pro.es.image.master/96/f1/c3/830161124.jpg", "externalReference": "GALA-TOR-", "numPhotos": 34, "floor": "3", "price": 320000.0, "propertyType": "flat", "operation": "sale", "size": 86.0, "exterior": true, "rooms": 2, "bathrooms": 2, "address": "torrent de l'olla", "province": "Barcelona", "municipality": "Barcelona", "district": "Gr\u00e0cia", "country": "es", "neighborhood": "Vila de Gr\u00e0cia", "latitude": 41.4053071, "longitude": 2.1553646, "showAddress": false, "url": "https://www.idealista.com/inmueble/91456308/", "distance": "655", "hasVideo": false, "status": "good", "newDevelopment": false, "hasLift": false, "priceByArea": 3721.0, "detailedType": {"typology": "flat"}, "suggestedTexts": {"subtitle": "Vila de Gr\u00e0cia, Barcelona", "title": "Piso en torrent de l'olla"}, "hasPlan": true, "has3DTour": false, "has360": false, "hasStaging": false, "topNewDevelopment": false}, {"propertyCode": "91099471", "thumbnail": "https://img3.idealista.com/blur/WEB_LISTING/0/id.pro.es.image.master/a1/99/00/809355901.jpg", "externalReference": "242670", "numPhotos": 25, "floor": "1", "price": 375000.0, "propertyType": "flat", "operation": "sale", "size": 92.0, "exterior": true, "rooms": 2, "bathrooms": 2, "address": "barrio El Putxet i el Farr\u00f3", "province": "Barcelona", "municipality": "Barcelona", "district": "Sarri\u00e0-Sant Gervasi", "country": "es", "neighborhood": "El Putxet i el Farr\u00f3", "latitude": 41.4113978, "longitude": 2.141565, "showAddress": false, "url": "https://www.idealista.com/inmueble/91099471/", "distance": "749", "hasVideo": false, "status": "good", "newDevelopment": false, "hasLift": true, "priceByArea": 4076.0, "detailedType": {"typology": "flat"}, "suggestedTexts": {"subtitle": "El Putxet i el Farr\u00f3, Barcelona", "title": "Piso"}, "hasPlan": true, "has3DTour": false, "has360": false, "hasStaging": false, "topNewDevelopment": false}, {"propertyCode": "92592217", "thumbnail": "https://img3.idealista.com/blur/WEB_LISTING/0/id.pro.es.image.master/78/78/73/857057855.jpg", "externalReference": "210007", "numPhotos": 36, "floor": "3", "price": 820000.0, "propertyType": "flat", "operation": "sale", "size": 192.0, "exterior": false, "rooms": 7, "bathrooms": 3, "address": "barrio Vila de Gr\u00e0cia", "province": "Barcelona", "municipality": "Barcelona", "district": "Gr\u00e0cia", "country": "es", "neighborhood": "Vila de Gr\u00e0cia", "latitude": 41.4003119, "longitude": 2.1505489, "showAddress": false, "url": "https://www.idealista.com/inmueble/92592217/", "distance": "722", "hasVideo": false, "status": "good", "newDevelopment": false, "hasLift": true, "priceByArea": 4271.0, "detailedType": {"typology": "flat"}, "suggestedTexts": {"subtitle": "Vila de Gr\u00e0cia, Barcelona", "title": "Piso"}, "hasPlan": true, "has3DTour": false, "has360": false, "hasStaging": false, "topNewDevelopment": false}, {"propertyCode": "87600216", "thumbnail": "https://img3.idealista.com/blur/WEB_LISTING/0/id.pro.es.image.master/c5/56/ae/844034825.jpg", "externalReference": "232445", "numPhotos": 24, "floor": "1", "price": 750000.0, "propertyType": "flat", "operation": "sale", "size": 199.0, "exterior": true, "rooms": 5, "bathrooms": 3, "address": "barrio Sant Gervasi - Galvany", "province": "Barcelona", "municipality": "Barcelona", "district": "Sarri\u00e0-Sant Gervasi", "country": "es", "neighborhood": "Sant Gervasi - Galvany", "latitude": 41.400741, "longitude": 2.1424059, "showAddress": false, "url": "https://www.idealista.com/inmueble/87600216/", "distance": "769", "hasVideo": false, "status": "good", "newDevelopment": false, "hasLift": true, "priceByArea": 3769.0, "detailedType": {"typology": "flat"}, "suggestedTexts": {"subtitle": "Sant Gervasi - Galvany, Barcelona", "title": "Piso"}, "hasPlan": false, "has3DTour": false, "has360": true, "hasStaging": false, "topNewDevelopment": false}, {"propertyCode": "87861789", "thumbnail": "https://img3.idealista.com/blur/WEB_LISTING/0/id.pro.es.image.master/12/86/ec/824171476.jpg", "externalReference": "231791", "numPhotos": 26, "floor": "4", "price": 699000.0, "propertyType": "flat", "operation": "sale", "size": 143.0, "exterior": true, "rooms": 3, "bathrooms": 2, "address": "barrio El Putxet i el Farr\u00f3", "province": "Barcelona", "municipality": "Barcelona", "district": "Sarri\u00e0-Sant Gervasi", "country": "es", "neighborhood": "El Putxet i el Farr\u00f3", "latitude": 41.4090327, "longitude": 2.1389474, "showAddress": false, "url": "https://www.idealista.com/inmueble/87861789/", "distance": "781", "hasVideo": false, "status": "renew", "newDevelopment": false, "hasLift": true, "priceByArea": 4888.0, "detailedType": {"typology": "flat"}, "suggestedTexts": {"subtitle": "El Putxet i el Farr\u00f3, Barcelona", "title": "Piso"}, "hasPlan": false, "has3DTour": false, "has360": false, "hasStaging": false, "topNewDevelopment": false}, {"propertyCode": "92926713", "thumbnail": "https://img3.idealista.com/blur/WEB_LISTING/0/id.pro.es.image.master/63/ae/90/851263111.jpg", "externalReference": "11342", "numPhotos": 48, "price": 1240000.0, "propertyType": "chalet", "operation": "sale", "size": 353.0, "exterior": false, "rooms": 5, "bathrooms": 4, "address": "Portola", "province": "Barcelona", "municipality": "Barcelona", "district": "Sarri\u00e0-Sant Gervasi", "country": "es", "neighborhood": "El Putxet i el Farr\u00f3", "latitude": 41.4091114, "longitude": 2.141542, "showAddress": false, "url": "https://www.idealista.com/inmueble/92926713/", "distance": "590", "hasVideo": false, "status": "good", "newDevelopment": false, "parkingSpace": {"hasParkingSpace": true, "isParkingSpaceIncludedInPrice": true}, "priceByArea": 3513.0, "detailedType": {"typology": "chalet", "subTypology": "terracedHouse"}, "suggestedTexts": {"subtitle": "El Putxet i el Farr\u00f3, Barcelona", "title": "Chalet adosado en Portola"}, "hasPlan": false, "has3DTour": false, "has360": false, "hasStaging": false, "topNewDevelopment": false}, {"propertyCode": "92168002", "thumbnail": "https://img3.idealista.com/blur/WEB_LISTING/0/id.pro.es.image.master/1e/00/8d/832612926.jpg", "externalReference": "1252", "numPhotos": 44, "floor": "7", "price": 820000.0, "propertyType": "flat", "operation": "sale", "size": 197.0, "exterior": true, "rooms": 5, "bathrooms": 3, "address": "Carrer de Balmes", "province": "Barcelona", "municipality": "Barcelona", "district": "Sarri\u00e0-Sant Gervasi", "country": "es", "neighborhood": "El Putxet i el Farr\u00f3", "latitude": 41.4026291, "longitude": 2.1458326, "showAddress": false, "url": "https://www.idealista.com/inmueble/92168002/", "distance": "449", "hasVideo": false, "status": "good", "newDevelopment": false, "hasLift": true, "priceByArea": 4162.0, "detailedType": {"typology": "flat"}, "suggestedTexts": {"subtitle": "El Putxet i el Farr\u00f3, Barcelona", "title": "Piso en Carrer de Balmes"}, "hasPlan": true, "has3DTour": true, "has360": false, "hasStaging": false, "topNewDevelopment": false}]