[{"propertyCode": "92511728", "thumbnail": "https://img3.idealista.com/blur/WEB_LISTING/0/id.pro.es.image.master/bb/c3/d0/841815025.jpg", "externalReference": "245763", "numPhotos": 32, "floor": "1", "price": 242100.0, "propertyType": "flat", "operation": "sale", "size": 69.0, "exterior": true, "rooms": 3, "bathrooms": 1, "address": "barrio La Font de la Guatlla", "province": "Barcelona", "municipality": "Barcelona", "district": "Sants-Montju\u00efc", "country": "es", "neighborhood": "La Font de la Guatlla", "latitude": 41.3696279, "longitude": 2.1501037, "showAddress": false, "url": "https://www.idealista.com/inmueble/92511728/", "distance": "400", "hasVideo": false, "status": "good", "newDevelopment": false, "hasLift": true, "priceByArea": 3509.0, "detailedType": {"typology": "flat"}, "suggestedTexts": {"subtitle": "La Font de la Guatlla, Barcelona", "title": "Piso"}, "hasPlan": true, "has3DTour": false, "has360": false, "hasStaging": false, "topNewDevelopment": false}, {"propertyCode": "91532497", "thumbnail": "https://img3.idealista.com/blur/WEB_LISTING/0/id.pro.es.image.master/a9/70/90/816817243.jpg", "externalReference": "068", "numPhotos": 41, "floor": "4", "price": 199000.0, "propertyType": "flat", "operation": "sale", "size": 61.0, "exterior": false, "rooms": 3, "bathrooms": 1, "address": "Calle de Sant Fructu\u00f3s", "province": "Barcelona", "municipality": "Barcelona", "district": "Sants-Montju\u00efc", "country": "es", "neighborhood": "La Font de la Guatlla", "latitude": 41.3693028, "longitude": 2.1485397, "showAddress": false, "url": "https://www.idealista.com/inmueble/91532497/", "distance": "468", "hasVideo": false, "status": "renew", "newDevelopment": false, "hasLift": true, "priceByArea": 3262.0, "detailedType": {"typology": "flat"}, "suggestedTexts": {"subtitle": "La Font de la Guatlla, Barcelona", "title": "Piso en Calle de Sant Fructu\u00f3s"}, "hasPlan": true, "has3DTour": false, "has360": false, "hasStaging": false, "topNewDevelopment": false}, {"propertyCode": "92444352", "thumbnail": "https://img3.idealista.com/blur/WEB_LISTING/0/id.pro.es.image.master/32/67/24/840914466.jpg", "externalReference": "PBSFV168", "numPhotos": 19, "floor": "bj", "price": 130000.0, "propertyType": "flat", "operation": "sale", "size": 51.0, "exterior": true, "rooms": 2, "bathrooms": 1, "address": "Calle d'Amposta", "province": "Barcelona", "municipality": "Barcelona", "district": "Sants-Montju\u00efc", "country": "es", "neighborhood": "La Font de la Guatlla", "latitude": 41.3701082, "longitude": 2.1495747, "showAddress": false, "url": "https://www.idealista.com/inmueble/92444352/", "distance": "470", "hasVideo": false, "status": "renew", "newDevelopment": false, "hasLift": false, "priceByArea": 2549.0, "detailedType": {"typology": "flat"}, "suggestedTexts": {"subtitle": "La Font de la Guatlla, Barcelona", "title": "Piso en Calle d'Amposta"}, "hasPlan": true, "has3DTour": false, "has360": false, "hasStaging": false, "topNewDevelopment": false}, {"propertyCode": "91864473", "thumbnail": "https://img3.idealista.com/blur/WEB_LISTING/0/id.pro.es.image.master/c0/bd/e4/825094374.jpg", "externalReference": "lleida2", "numPhotos": 16, "floor": "2", "price": 440000.0, "propertyType": "flat", "operation": "sale", "size": 83.0, "exterior": true, "rooms": 2, "bathrooms": 2, "address": "Calle de Lleida", "province": "Barcelona", "municipality": "Barcelona", "district": "Sants-Montju\u00efc", "country": "es", "neighborhood": "El Poble Sec - Parc de Montju\u00efc", "latitude": 41.3705147, "longitude": 2.1534618, "showAddress": false, "url": "https://www.idealista.com/inmueble/91864473/", "distance": "418", "hasVideo": true, "status": "good", "newDevelopment": false, "hasLift": true, "priceByArea": 5301.0, "detailedType": {"typology": "flat"}, "suggestedTexts": {"subtitle": "El Poble Sec - Parc de Montju\u00efc, Barcelona", "title": "Piso en Calle de Lleida"}, "hasPlan": true, "has3DTour": false, "has360": false, "hasStaging": false, "topNewDevelopment": false}, {"propertyCode": "91881933", "thumbnail": "https://img3.idealista.com/blur/WEB_LISTING/0/id.pro.es.image.master/9c/e0/6a/834071933.jpg", "externalReference": "45402", "numPhotos": 19, "price": 440000.0, "propertyType": "flat", "operation": "sale", "size": 90.0, "exterior": false, "rooms": 3, "bathrooms": 2, "address": "barrio El Poble Sec - Parc de Montju\u00efc", "province": "Barcelona", "municipality": "Barcelona", "district": "Sants-Montju\u00efc", "country": "es", "neighborhood": "El Poble Sec - Parc de Montju\u00efc", "latitude": 41.3707147, "longitude": 2.1547618, "showAddress": false, "url": "https://www.idealista.com/inmueble/91881933/", "distance": "462", "hasVideo": false, "status": "good", "newDevelopment": false, "hasLift": true, "priceByArea": 4889.0, "detailedType": {"typology": "flat"}, "suggestedTexts": {"subtitle": "El Poble Sec - Parc de Montju\u00efc, Barcelona", "title": "Piso"}, "hasPlan": true, "has3DTour": false, "has360": false, "hasStaging": false, "topNewDevelopment": false}, {"propertyCode": "91422384", "thumbnail": "https://img3.idealista.com/blur/WEB_LISTING/0/id.pro.es.image.master/80/cf/7b/814305463.jpg", "externalReference": "BLUME", "numPhotos": 15, "floor": "2", "price": 220000.0, "propertyType": "flat", "operation": "sale", "size": 80.0, "exterior": true, "rooms": 3, "bathrooms": 1, "address": "joaquin blume", "province": "Barcelona", "municipality": "Barcelona", "district": "Sants-Montju\u00efc", "country": "es", "neighborhood": "El Poble Sec - Parc de Montju\u00efc", "latitude": 41.3705402, "longitude": 2.1556728, "showAddress": false, "url": "https://www.idealista.com/inmueble/91422384/", "distance": "474", "hasVideo": true, "status": "good", "newDevelopment": false, "hasLift": true, "priceByArea": 2750.0, "detailedType": {"typology": "flat"}, "suggestedTexts": {"subtitle": "El Poble Sec - Parc de Montju\u00efc, Barcelona", "title": "Piso en joaquin blume"}, "hasPlan": false, "has3DTour": false, "has360": false, "hasStaging": false, "topNewDevelopment": false}, {"propertyCode": "82703440", "thumbnail": "https://img3.idealista.com/blur/WEB_LISTING/0/id.pro.es.image.master/48/1d/0a/603063602.jpg", "numPhotos": 19, "floor": "2", "price": 445000.0, "propertyType": "flat", "operation": "sale", "size": 75.0, "exterior": true, "rooms": 2, "bathrooms": 2, "address": "lleida", "province": "Barcelona", "municipality": "Barcelona", "district": "Sants-Montju\u00efc", "country": "es", "neighborhood": "El Poble Sec - Parc de Montju\u00efc", "latitude": 41.3705381, "longitude": 2.1549707, "showAddress": false, "url": "https://www.idealista.com/inmueble/82703440/", "distance": "450", "hasVideo": false, "status": "good", "newDevelopment": false, "hasLift": true, "priceByArea": 5933.0, "detailedType": {"typology": "flat"}, "suggestedTexts": {"subtitle": "El Poble Sec - Parc de Montju\u00efc, Barcelona", "title": "Piso en lleida"}, "hasPlan": false, "has3DTour": false, "has360": false, "hasStaging": false, "topNewDevelopment": false}]