[{"propertyCode": "91417634", "thumbnail": "https://img3.idealista.com/blur/WEB_LISTING/0/id.pro.es.image.master/04/1d/3e/814070622.jpg", "externalReference": "6502", "numPhotos": 58, "price": 625000.0, "propertyType": "chalet", "operation": "sale", "size": 245.0, "exterior": false, "rooms": 4, "bathrooms": 5, "address": "Calle Major", "province": "Barcelona", "municipality": "Hospitalet de Llobregat", "district": "Centre", "country": "es", "neighborhood": "Centre", "latitude": 41.358062, "longitude": 2.0980035, "showAddress": false, "url": "https://www.idealista.com/inmueble/91417634/", "distance": "2833", "hasVideo": false, "status": "good", "newDevelopment": false, "parkingSpace": {"hasParkingSpace": true, "isParkingSpaceIncludedInPrice": true}, "priceByArea": 2551.0, "detailedType": {"typology": "chalet", "subTypology": "semidetachedHouse"}, "suggestedTexts": {"subtitle": "Centre, Hospitalet de Llobregat", "title": "Chalet pareado en Calle Major"}, "hasPlan": true, "has3DTour": false, "has360": true, "hasStaging": false, "topNewDevelopment": false}, {"propertyCode": "90513526", "thumbnail": "https://img3.idealista.com/blur/WEB_LISTING/0/id.pro.es.image.master/e4/13/9a/792119946.jpg", "externalReference": "W-02JDY9", "numPhotos": 24, "floor": "bj", "price": 180000.0, "propertyType": "flat", "operation": "sale", "size": 166.0, "exterior": false, "rooms": 2, "bathrooms": 2, "address": "Calle Bellavista", "province": "Barcelona", "municipality": "Hospitalet de Llobregat", "district": "Centre", "country": "es", "neighborhood": "Centre", "latitude": 41.3624125, "longitude": 2.0965745, "showAddress": false, "url": "https://www.idealista.com/inmueble/90513526/", "distance": "3189", "hasVideo": false, "status": "good", "newDevelopment": false, "hasLift": false, "priceByArea": 1084.0, "detailedType": {"typology": "flat"}, "suggestedTexts": {"subtitle": "Centre, Hospitalet de Llobregat", "title": "Piso en Calle Bellavista"}, "hasPlan": false, "has3DTour": false, "has360": false, "hasStaging": false, "topNewDevelopment": false}, {"propertyCode": "93114056", "thumbnail": "https://img3.idealista.com/blur/WEB_LISTING/0/id.pro.es.image.master/eb/19/55/854825397.jpg", "externalReference": "2648", "numPhotos": 18, "floor": "2", "price": 164900.0, "propertyType": "flat", "operation": "sale", "size": 77.0, "exterior": true, "rooms": 3, "bathrooms": 1, "address": "Calle de Roca i Umbert", "province": "Barcelona", "municipality": "Hospitalet de Llobregat", "district": "Centre", "country": "es", "neighborhood": "Carretera del Mig", "latitude": 41.3583698, "longitude": 2.1010069, "showAddress": false, "url": "https://www.idealista.com/inmueble/93114056/", "distance": "3007", "hasVideo": false, "status": "good", "newDevelopment": false, "hasLift": true, "priceByArea": 2142.0, "detailedType": {"typology": "flat"}, "suggestedTexts": {"subtitle": "Carretera del Mig, Hospitalet de Llobregat", "title": "Piso en Calle de Roca i Umbert"}, "hasPlan": true, "has3DTour": false, "has360": false, "hasStaging": false, "topNewDevelopment": false}, {"propertyCode": "88927053", "thumbnail": "https://img3.idealista.com/blur/WEB_LISTING/0/id.pro.es.image.master/0e/23/45/811040989.jpg", "externalReference": "25539", "numPhotos": 23, "floor": "2", "price": 287000.0, "propertyType": "flat", "operation": "sale", "size": 79.0, "exterior": true, "rooms": 3, "bathrooms": 2, "address": "barrio Centre", "province": "Barcelona", "municipality": "Hospitalet de Llobregat", "district": "Centre", "country": "es", "neighborhood": "Centre", "latitude": 41.361574, "longitude": 2.0939317, "showAddress": false, "url": "https://www.idealista.com/inmueble/88927053/", "distance": "3008", "hasVideo": false, "status": "good", "newDevelopment": false, "hasLift": true, "priceByArea": 3633.0, "detailedType": {"typology": "flat"}, "suggestedTexts": {"subtitle": "Centre, Hospitalet de Llobregat", "title": "Piso"}, "hasPlan": true, "has3DTour": false, "has360": false, "hasStaging": false, "topNewDevelopment": false}, {"propertyCode": "88927048", "thumbnail": "https://img3.idealista.com/blur/WEB_LISTING/0/id.pro.es.image.master/c5/ca/05/811040870.jpg", "externalReference": "25451", "numPhotos": 23, "floor": "bj", "price": 370000.0, "propertyType": "flat", "operation": "sale", "size": 102.0, "exterior": true, "rooms": 4, "bathrooms": 2, "address": "barrio Centre", "province": "Barcelona", "municipality": "Hospitalet de Llobregat", "district": "Centre", "country": "es", "neighborhood": "Centre", "latitude": 41.359974, "longitude": 2.0947317, "showAddress": false, "url": "https://www.idealista.com/inmueble/88927048/", "distance": "2877", "hasVideo": false, "status": "good", "newDevelopment": false, "hasLift": true, "priceByArea": 3627.0, "detailedType": {"typology": "flat"}, "suggestedTexts": {"subtitle": "Centre, Hospitalet de Llobregat", "title": "Piso"}, "hasPlan": true, "has3DTour": false, "has360": false, "hasStaging": false, "topNewDevelopment": false}, {"propertyCode": "88806526", "thumbnail": "https://img3.idealista.com/blur/WEB_LISTING/0/id.pro.es.image.master/c0/1f/86/755835595.jpg", "externalReference": "2129", "numPhotos": 19, "floor": "bj", "price": 169900.0, "propertyType": "flat", "operation": "sale", "size": 82.0, "exterior": true, "rooms": 3, "bathrooms": 2, "address": "Calle de Frederic Prats", "province": "Barcelona", "municipality": "Hospitalet de Llobregat", "district": "Centre", "country": "es", "neighborhood": "Centre", "latitude": 41.3590307, "longitude": 2.0961721, "showAddress": false, "url": "https://www.idealista.com/inmueble/88806526/", "distance": "2843", "hasVideo": true, "status": "good", "newDevelopment": false, "hasLift": false, "priceByArea": 2072.0, "detailedType": {"typology": "flat"}, "suggestedTexts": {"subtitle": "Centre, Hospitalet de Llobregat", "title": "Piso en Calle de Frederic Prats"}, "hasPlan": true, "has3DTour": false, "has360": false, "hasStaging": false, "topNewDevelopment": false}, {"propertyCode": "92142139", "thumbnail": "https://img3.idealista.com/blur/WEB_LISTING/0/id.pro.es.image.master/b1/06/3e/832216682.jpg", "externalReference": "1106065", "numPhotos": 17, "floor": "3", "price": 220000.0, "propertyType": "flat", "operation": "sale", "size": 81.0, "exterior": true, "rooms": 3, "bathrooms": 2, "address": "Plaza Mare de D\u00e9u de Montserrat", "province": "Barcelona", "municipality": "Hospitalet de Llobregat", "district": "Centre", "country": "es", "neighborhood": "Centre", "latitude": 41.3561465, "longitude": 2.1023601, "showAddress": false, "url": "https://www.idealista.com/inmueble/92142139/", "distance": "2891", "hasVideo": false, "status": "good", "newDevelopment": false, "hasLift": true, "priceByArea": 2716.0, "detailedType": {"typology": "flat"}, "suggestedTexts": {"subtitle": "Centre, Hospitalet de Llobregat", "title": "Piso en Plaza Mare de D\u00e9u de Montserrat"}, "hasPlan": false, "has3DTour": false, "has360": false, "hasStaging": false, "topNewDevelopment": false}, {"propertyCode": "91623879", "thumbnail": "https://img3.idealista.com/blur/WEB_LISTING/0/id.pro.es.image.master/68/71/49/819659947.jpg", "externalReference": "3451-02078", "numPhotos": 25, "floor": "bj", "price": 439000.0, "propertyType": "flat", "operation": "sale", "size": 110.0, "exterior": true, "rooms": 4, "bathrooms": 2, "address": "barrio Centre", "province": "Barcelona", "municipality": "Hospitalet de Llobregat", "district": "Centre", "country": "es", "neighborhood": "Centre", "latitude": 41.3575792, "longitude": 2.0957473, "showAddress": false, "url": "https://www.idealista.com/inmueble/91623879/", "distance": "2686", "hasVideo": false, "status": "good", "newDevelopment": false, "hasLift": true, "priceByArea": 3991.0, "detailedType": {"typology": "flat"}, "suggestedTexts": {"subtitle": "Centre, Hospitalet de Llobregat", "title": "Piso"}, "hasPlan": false, "has3DTour": true, "has360": false, "hasStaging": false, "topNewDevelopment": false}, {"propertyCode": "89020467", "thumbnail": "https://img3.idealista.com/blur/WEB_LISTING/0/id.pro.es.image.master/a2/47/b1/761190852.jpg", "externalReference": "247686", "numPhotos": 25, "floor": "1", "price": 289900.0, "propertyType": "flat", "operation": "sale", "size": 110.0, "exterior": true, "rooms": 3, "bathrooms": 2, "address": "Avenida de Josep Anselm Clav\u00e9, 53", "province": "Barcelona", "municipality": "El Prat de Llobregat", "district": "Centre", "country": "es", "latitude": 41.3326432, "longitude": 2.0969119, "showAddress": true, "url": "https://www.idealista.com/inmueble/89020467/", "distance": "1569", "hasVideo": true, "status": "good", "newDevelopment": false, "hasLift": true, "priceByArea": 2635.0, "detailedType": {"typology": "flat"}, "suggestedTexts": {"subtitle": "Centre, El Prat de Llobregat", "title": "Piso en Avenida de Josep Anselm Clav\u00e9, 53"}, "hasPlan": true, "has3DTour": false, "has360": true, "hasStaging": false, "topNewDevelopment": false}, {"propertyCode": "88147652", "thumbnail": "https://img3.idealista.com/blur/WEB_LISTING/0/id.pro.es.image.master/e4/2b/cc/739825856.jpg", "externalReference": "157279", "numPhotos": 36, "floor": "1", "price": 420000.0, "propertyType": "flat", "operation": "sale", "size": 113.0, "exterior": true, "rooms": 3, "bathrooms": 2, "address": "Avenida d'\u00c1lvarez de Castro, 37", "province": "Barcelona", "municipality": "Hospitalet de Llobregat", "district": "Centre", "country": "es", "neighborhood": "Centre", "latitude": 41.3597894, "longitude": 2.0947637, "showAddress": true, "url": "https://www.idealista.com/inmueble/88147652/", "distance": "2860", "hasVideo": true, "status": "good", "newDevelopment": false, "hasLift": true, "parkingSpace": {"hasParkingSpace": true, "isParkingSpaceIncludedInPrice": true}, "priceByArea": 3717.0, "detailedType": {"typology": "flat"}, "suggestedTexts": {"subtitle": "Centre, Hospitalet de Llobregat", "title": "Piso en Avenida d'\u00c1lvarez de Castro, 37"}, "hasPlan": false, "has3DTour": false, "has360": true, "hasStaging": false, "topNewDevelopment": false}, {"propertyCode": "92493099", "thumbnail": "https://img3.idealista.com/blur/WEB_LISTING/0/id.pro.es.image.master/43/5d/06/841028359.jpg", "externalReference": "245496", "numPhotos": 6, "floor": "1", "price": 160000.0, "propertyType": "flat", "operation": "sale", "size": 82.0, "exterior": false, "rooms": 3, "bathrooms": 1, "address": "Pla\u00e7a Catalunya - Vinyets", "province": "Barcelona", "municipality": "Sant Boi de Llobregat", "district": "Pla\u00e7a Catalunya - Vinyets", "country": "es", "latitude": 41.3429797, "longitude": 2.0430313, "showAddress": false, "url": "https://www.idealista.com/inmueble/92493099/", "distance": "3077", "hasVideo": false, "status": "good", "newDevelopment": false, "hasLift": true, "priceByArea": 1951.0, "detailedType": {"typology": "flat"}, "suggestedTexts": {"subtitle": "Pla\u00e7a Catalunya - Vinyets, Sant Boi de Llobregat", "title": "Piso"}, "hasPlan": true, "has3DTour": true, "has360": true, "hasStaging": false, "topNewDevelopment": false}, {"propertyCode": "93178860", "thumbnail": "https://img3.idealista.com/blur/WEB_LISTING/0/id.pro.es.image.master/49/a3/ed/856281885.jpg", "externalReference": "1-284", "numPhotos": 35, "floor": "2", "price": 227000.0, "propertyType": "flat", "operation": "sale", "size": 95.0, "exterior": true, "rooms": 4, "bathrooms": 2, "address": "Rambla MARINA", "province": "Barcelona", "municipality": "Hospitalet de Llobregat", "district": "Centre", "country": "es", "neighborhood": "Centre", "latitude": 41.3601189, "longitude": 2.1004839, "showAddress": false, "url": "https://www.idealista.com/inmueble/93178860/", "distance": "3139", "hasVideo": false, "status": "renew", "newDevelopment": false, "hasLift": true, "priceByArea": 2389.0, "detailedType": {"typology": "flat"}, "suggestedTexts": {"subtitle": "Centre, Hospitalet de Llobregat", "title": "Piso en Rambla MARINA"}, "hasPlan": false, "has3DTour": false, "has360": false, "hasStaging": false, "topNewDevelopment": false}, {"propertyCode": "90552772", "thumbnail": "https://img3.idealista.com/blur/WEB_LISTING/0/id.pro.es.image.master/a6/45/c3/792954280.jpg", "externalReference": "113374", "numPhotos": 34, "floor": "8", "price": 445000.0, "propertyType": "penthouse", "operation": "sale", "size": 94.0, "exterior": true, "rooms": 3, "bathrooms": 2, "address": "Calle Ernest Lluch", "province": "Barcelona", "municipality": "Cornell\u00e0 de Llobregat", "district": "Fontsanta", "country": "es", "latitude": 41.3587554, "longitude": 2.0684772, "showAddress": false, "url": "https://www.idealista.com/inmueble/90552772/", "distance": "2579", "hasVideo": false, "status": "good", "newDevelopment": false, "hasLift": true, "parkingSpace": {"hasParkingSpace": true, "isParkingSpaceIncludedInPrice": true}, "priceByArea": 4734.0, "detailedType": {"typology": "flat", "subTypology": "penthouse"}, "suggestedTexts": {"subtitle": "Fontsanta, Cornell\u00e0 de Llobregat", "title": "\u00c1tico en Calle Ernest Lluch"}, "hasPlan": true, "has3DTour": false, "has360": false, "hasStaging": false, "topNewDevelopment": false}, {"propertyCode": "93185663", "thumbnail": "https://img3.idealista.com/blur/WEB_LISTING/0/id.pro.es.image.master/41/da/b4/856458631.jpg", "externalReference": "BM-0200-V BEGONIAA", "numPhotos": 17, "floor": "3", "price": 106000.0, "propertyType": "flat", "operation": "sale", "size": 51.0, "exterior": true, "rooms": 2, "bathrooms": 1, "address": "Calle de la Beg\u00f2nia", "province": "Barcelona", "municipality": "Cornell\u00e0 de Llobregat", "district": "Sant Ildefons", "country": "es", "latitude": 41.3632054, "longitude": 2.0819744, "showAddress": false, "url": "https://www.idealista.com/inmueble/93185663/", "distance": "2930", "hasVideo": true, "status": "good", "newDevelopment": false, "hasLift": false, "priceByArea": 2078.0, "detailedType": {"typology": "flat"}, "suggestedTexts": {"subtitle": "Sant Ildefons, Cornell\u00e0 de Llobregat", "title": "Piso en Calle de la Beg\u00f2nia"}, "hasPlan": false, "has3DTour": false, "has360": false, "hasStaging": false, "topNewDevelopment": false}, {"propertyCode": "93159869", "thumbnail": "https://img3.idealista.com/blur/WEB_LISTING/0/id.pro.es.image.master/c3/d2/b1/855797098.jpg", "externalReference": "0103215097", "numPhotos": 15, "price": 94000.0, "propertyType": "flat", "operation": "sale", "size": 60.0, "exterior": false, "rooms": 2, "bathrooms": 1, "address": "Calle de la Caoba", "province": "Barcelona", "municipality": "Cornell\u00e0 de Llobregat", "district": "Sant Ildefons", "country": "es", "latitude": 41.3627583, "longitude": 2.0866633, "showAddress": false, "url": "https://www.idealista.com/inmueble/93159869/", "distance": "2940", "hasVideo": false, "status": "good", "newDevelopment": false, "hasLift": true, "priceByArea": 1567.0, "detailedType": {"typology": "flat"}, "suggestedTexts": {"subtitle": "Sant Ildefons, Cornell\u00e0 de Llobregat", "title": "Piso en Calle de la Caoba"}, "hasPlan": true, "has3DTour": false, "has360": false, "hasStaging": false, "topNewDevelopment": false}, {"propertyCode": "91143518", "thumbnail": "https://img3.idealista.com/blur/WEB_LISTING/0/id.pro.es.image.master/6c/46/08/807755323.jpg", "externalReference": "CVFP0339", "numPhotos": 21, "floor": "4", "price": 214000.0, "propertyType": "penthouse", "operation": "sale", "size": 88.0, "exterior": true, "rooms": 4, "bathrooms": 1, "address": "Bonestar", "province": "Barcelona", "municipality": "Cornell\u00e0 de Llobregat", "district": "La Gavarra", "country": "es", "latitude": 41.3578779, "longitude": 2.0785844, "showAddress": false, "url": "https://www.idealista.com/inmueble/91143518/", "distance": "2328", "hasVideo": true, "status": "good", "newDevelopment": false, "hasLift": true, "parkingSpace": {"hasParkingSpace": true, "isParkingSpaceIncludedInPrice": false, "parkingSpacePrice": 20000.0}, "priceByArea": 2432.0, "detailedType": {"typology": "flat", "subTypology": "penthouse"}, "suggestedTexts": {"subtitle": "La Gavarra, Cornell\u00e0 de Llobregat", "title": "\u00c1tico en Bonestar"}, "hasPlan": true, "has3DTour": false, "has360": false, "hasStaging": false, "topNewDevelopment": false}, {"propertyCode": "93190579", "thumbnail": "https://img3.idealista.com/blur/WEB_LISTING/0/id.pro.es.image.master/db/aa/03/856600538.jpg", "externalReference": "DA CAST", "numPhotos": 20, "floor": "bj", "price": 210000.0, "propertyType": "flat", "operation": "sale", "size": 65.0, "exterior": true, "rooms": 3, "bathrooms": 1, "address": "palamos", "province": "Barcelona", "municipality": "El Prat de Llobregat", "district": "Eixample", "country": "es", "latitude": 41.3231727, "longitude": 2.0979198, "showAddress": false, "url": "https://www.idealista.com/inmueble/93190579/", "distance": "2199", "hasVideo": true, "status": "good", "newDevelopment": false, "hasLift": true, "priceByArea": 3231.0, "detailedType": {"typology": "flat"}, "suggestedTexts": {"subtitle": "Eixample, El Prat de Llobregat", "title": "Piso en palamos"}, "hasPlan": true, "has3DTour": false, "has360": false, "hasStaging": false, "topNewDevelopment": false}, {"propertyCode": "91164274", "thumbnail": "https://img3.idealista.com/blur/WEB_LISTING/0/id.pro.es.image.master/34/f3/51/808241899.jpg", "numPhotos": 49, "floor": "1", "price": 192000.0, "propertyType": "flat", "operation": "sale", "size": 77.0, "exterior": true, "rooms": 2, "bathrooms": 1, "address": "can divi", "province": "Barcelona", "municipality": "Sant Boi de Llobregat", "district": "Centre - Casco Antiguo", "country": "es", "latitude": 41.3471188, "longitude": 2.0466031, "showAddress": false, "url": "https://www.idealista.com/inmueble/91164274/", "distance": "2932", "hasVideo": false, "status": "good", "newDevelopment": false, "hasLift": false, "parkingSpace": {"hasParkingSpace": true, "isParkingSpaceIncludedInPrice": true}, "priceByArea": 2494.0, "detailedType": {"typology": "flat"}, "suggestedTexts": {"subtitle": "Centre - Casco Antiguo, Sant Boi de Llobregat", "title": "Piso en can divi"}, "hasPlan": true, "has3DTour": false, "has360": false, "hasStaging": false, "topNewDevelopment": false}, {"propertyCode": "92995400", "thumbnail": "https://img3.idealista.com/blur/WEB_LISTING/0/id.pro.es.image.master/bb/8a/8e/852683351.jpg", "externalReference": "PRAT210", "numPhotos": 25, "floor": "bj", "price": 210000.0, "propertyType": "flat", "operation": "sale", "size": 65.0, "exterior": true, "rooms": 3, "bathrooms": 1, "address": "eixample s/n", "province": "Barcelona", "municipality": "El Prat de Llobregat", "district": "Eixample", "country": "es", "latitude": 41.3224037, "longitude": 2.0995842, "showAddress": true, "url": "https://www.idealista.com/inmueble/92995400/", "distance": "2359", "hasVideo": true, "status": "good", "newDevelopment": false, "hasLift": true, "priceByArea": 3231.0, "detailedType": {"typology": "flat"}, "suggestedTexts": {"subtitle": "Eixample, El Prat de Llobregat", "title": "Piso en eixample s/n"}, "hasPlan": true, "has3DTour": false, "has360": false, "hasStaging": false, "topNewDevelopment": false}, {"propertyCode": "92760361", "thumbnail": "https://img3.idealista.com/blur/WEB_LISTING/0/id.pro.es.image.master/20/8a/cc/847488621.jpg", "externalReference": "3899", "numPhotos": 20, "price": 370000.0, "propertyType": "duplex", "operation": "sale", "size": 137.0, "exterior": true, "rooms": 2, "bathrooms": 2, "address": "Calle girona, 118", "province": "Barcelona", "municipality": "El Prat de Llobregat", "district": "Eixample", "country": "es", "latitude": 41.3235747, "longitude": 2.1010447, "showAddress": true, "url": "https://www.idealista.com/obra-nueva/92760361/", "distance": "2365", "hasVideo": false, "status": "newdevelopment", "newDevelopment": true, "hasLift": true, "newDevelopmentFinished": false, "priceByArea": 2701.0, "detailedType": {"typology": "flat", "subTypology": "duplex"}, "suggestedTexts": {"subtitle": "Eixample, El Prat de Llobregat", "title": "D\u00faplex en Calle girona, 118"}, "hasPlan": true, "has3DTour": false, "has360": false, "hasStaging": false, "topNewDevelopment": false}, {"propertyCode": "92760398", "thumbnail": "https://img3.idealista.com/blur/WEB_LISTING/0/id.pro.es.image.master/a1/e5/37/847488623.jpg", "externalReference": "3893", "numPhotos": 20, "price": 170000.0, "propertyType": "flat", "operation": "sale", "size": 67.0, "exterior": true, "rooms": 1, "bathrooms": 1, "address": "Calle girona, 118", "province": "Barcelona", "municipality": "El Prat de Llobregat", "district": "Eixample", "country": "es", "latitude": 41.3235747, "longitude": 2.1010447, "showAddress": true, "url": "https://www.idealista.com/obra-nueva/92760398/", "distance": "2365", "hasVideo": false, "status": "newdevelopment", "newDevelopment": true, "hasLift": true, "newDevelopmentFinished": false, "priceByArea": 2537.0, "detailedType": {"typology": "flat"}, "suggestedTexts": {"subtitle": "Eixample, El Prat de Llobregat", "title": "Piso en Calle girona, 118"}, "hasPlan": true, "has3DTour": false, "has360": false, "hasStaging": false, "topNewDevelopment": false}, {"propertyCode": "92760377", "thumbnail": "https://img3.idealista.com/blur/WEB_LISTING/0/id.pro.es.image.master/7b/d6/60/847488602.jpg", "externalReference": "3891", "numPhotos": 20, "price": 255000.0, "propertyType": "flat", "operation": "sale", "size": 97.0, "exterior": true, "rooms": 2, "bathrooms": 2, "address": "Calle girona, 118", "province": "Barcelona", "municipality": "El Prat de Llobregat", "district": "Eixample", "country": "es", "latitude": 41.3235747, "longitude": 2.1010447, "showAddress": true, "url": "https://www.idealista.com/obra-nueva/92760377/", "distance": "2365", "hasVideo": false, "status": "newdevelopment", "newDevelopment": true, "hasLift": true, "newDevelopmentFinished": false, "priceByArea": 2629.0, "detailedType": {"typology": "flat"}, "suggestedTexts": {"subtitle": "Eixample, El Prat de Llobregat", "title": "Piso en Calle girona, 118"}, "hasPlan": true, "has3DTour": false, "has360": false, "hasStaging": false, "topNewDevelopment": false}, {"propertyCode": "92756570", "thumbnail": "https://img3.idealista.com/blur/WEB_LISTING/0/id.pro.es.image.master/df/e9/df/847392348.jpg", "externalReference": "HOSPITALET CENTRO PROV", "numPhotos": 25, "floor": "4", "price": 167000.0, "propertyType": "flat", "operation": "sale", "size": 108.0, "exterior": true, "rooms": 4, "bathrooms": 1, "address": "Proven\u00e7a s/n", "province": "Barcelona", "municipality": "Hospitalet de Llobregat", "district": "Centre", "country": "es", "neighborhood": "Centre", "latitude": 41.3579208, "longitude": 2.0993527, "showAddress": true, "url": "https://www.idealista.com/inmueble/92756570/", "distance": "2885", "hasVideo": true, "status": "renew", "newDevelopment": false, "hasLift": false, "priceByArea": 1546.0, "detailedType": {"typology": "flat"}, "suggestedTexts": {"subtitle": "Centre, Hospitalet de Llobregat", "title": "Piso en Proven\u00e7a s/n"}, "hasPlan": true, "has3DTour": false, "has360": false, "hasStaging": false, "topNewDevelopment": false}, {"propertyCode": "92604661", "thumbnail": "https://img3.idealista.com/blur/WEB_LISTING/0/id.pro.es.image.master/15/3c/47/848175347.jpg", "externalReference": "AIV0665", "numPhotos": 30, "floor": "4", "price": 139900.0, "propertyType": "flat", "operation": "sale", "size": 54.0, "exterior": true, "rooms": 2, "bathrooms": 1, "address": "antoni solanas", "province": "Barcelona", "municipality": "Sant Boi de Llobregat", "district": "Pla\u00e7a Catalunya - Vinyets", "country": "es", "latitude": 41.3364252, "longitude": 2.04232, "showAddress": false, "url": "https://www.idealista.com/inmueble/92604661/", "distance": "3063", "hasVideo": false, "status": "good", "newDevelopment": false, "hasLift": false, "priceByArea": 2591.0, "detailedType": {"typology": "flat"}, "suggestedTexts": {"subtitle": "Pla\u00e7a Catalunya - Vinyets, Sant Boi de Llobregat", "title": "Piso en antoni solanas"}, "hasPlan": false, "has3DTour": false, "has360": false, "hasStaging": false, "topNewDevelopment": false}, {"propertyCode": "92905289", "thumbnail": "https://img3.idealista.com/blur/WEB_LISTING/0/id.pro.es.image.master/87/a8/52/850728128.jpg", "externalReference": "12A", "numPhotos": 26, "floor": "1", "price": 150000.0, "propertyType": "flat", "operation": "sale", "size": 70.0, "exterior": false, "rooms": 3, "bathrooms": 1, "address": "sant jeroni", "province": "Barcelona", "municipality": "Cornell\u00e0 de Llobregat", "district": "Riera", "country": "es", "latitude": 41.3519491, "longitude": 2.0755154, "showAddress": false, "url": "https://www.idealista.com/inmueble/92905289/", "distance": "1693", "hasVideo": true, "status": "good", "newDevelopment": false, "hasLift": false, "priceByArea": 2143.0, "detailedType": {"typology": "flat"}, "suggestedTexts": {"subtitle": "Riera, Cornell\u00e0 de Llobregat", "title": "Piso en sant jeroni"}, "hasPlan": false, "has3DTour": false, "has360": false, "hasStaging": false, "topNewDevelopment": false}, {"propertyCode": "88125860", "thumbnail": "https://img3.idealista.com/blur/WEB_LISTING/0/id.pro.es.image.master/d5/80/14/739241340.jpg", "externalReference": "CVFP0270", "numPhotos": 20, "price": 370000.0, "propertyType": "chalet", "operation": "sale", "size": 160.0, "exterior": false, "rooms": 4, "bathrooms": 2, "address": "marques de cornella, 66", "province": "Barcelona", "municipality": "Cornell\u00e0 de Llobregat", "district": "Centre", "country": "es", "latitude": 41.3537094, "longitude": 2.0674962, "showAddress": true, "url": "https://www.idealista.com/inmueble/88125860/", "distance": "2097", "hasVideo": true, "status": "good", "newDevelopment": false, "parkingSpace": {"hasParkingSpace": true, "isParkingSpaceIncludedInPrice": true}, "priceByArea": 2313.0, "detailedType": {"typology": "chalet", "subTypology": "semidetachedHouse"}, "suggestedTexts": {"subtitle": "Centre, Cornell\u00e0 de Llobregat", "title": "Chalet pareado en marques de cornella, 66"}, "hasPlan": false, "has3DTour": false, "has360": false, "hasStaging": false, "topNewDevelopment": false}, {"propertyCode": "92278005", "thumbnail": "https://img3.idealista.com/blur/WEB_LISTING/0/id.pro.es.image.master/8b/08/4f/835601305.jpg", "externalReference": "115260", "numPhotos": 19, "floor": "2", "price": 175000.0, "propertyType": "flat", "operation": "sale", "size": 71.0, "exterior": true, "rooms": 3, "bathrooms": 1, "address": "La Gavarra", "province": "Barcelona", "municipality": "Cornell\u00e0 de Llobregat", "district": "La Gavarra", "country": "es", "latitude": 41.3579107, "longitude": 2.0755788, "showAddress": false, "url": "https://www.idealista.com/inmueble/92278005/", "distance": "2348", "hasVideo": false, "status": "good", "newDevelopment": false, "hasLift": false, "priceByArea": 2465.0, "detailedType": {"typology": "flat"}, "suggestedTexts": {"subtitle": "La Gavarra, Cornell\u00e0 de Llobregat", "title": "Piso"}, "hasPlan": true, "has3DTour": false, "has360": false, "hasStaging": false, "topNewDevelopment": false}, {"propertyCode": "88552772", "thumbnail": "https://img3.idealista.com/blur/WEB_LISTING/0/id.pro.es.image.master/b4/a2/23/749452018.jpg", "externalReference": "212824", "numPhotos": 30, "floor": "4", "price": 300000.0, "propertyType": "flat", "operation": "sale", "size": 118.0, "exterior": true, "rooms": 4, "bathrooms": 2, "address": "Rambla de Josep Anselm Clav\u00e9 s/n", "province": "Barcelona", "municipality": "Cornell\u00e0 de Llobregat", "district": "Centre", "country": "es", "latitude": 41.3542096, "longitude": 2.0727673, "showAddress": true, "url": "https://www.idealista.com/inmueble/88552772/", "distance": "1989", "hasVideo": true, "status": "good", "newDevelopment": false, "hasLift": true, "parkingSpace": {"hasParkingSpace": true, "isParkingSpaceIncludedInPrice": false, "parkingSpacePrice": 19000.0}, "priceByArea": 2542.0, "detailedType": {"typology": "flat"}, "suggestedTexts": {"subtitle": "Centre, Cornell\u00e0 de Llobregat", "title": "Piso en Rambla de Josep Anselm Clav\u00e9 s/n"}, "hasPlan": false, "has3DTour": false, "has360": false, "hasStaging": false, "topNewDevelopment": false}, {"propertyCode": "93098870", "thumbnail": "https://img3.idealista.com/blur/WEB_LISTING/0/id.pro.es.image.master/6c/3b/a5/854453857.jpg", "externalReference": "G19_325737", "numPhotos": 21, "floor": "2", "price": 203000.0, "propertyType": "flat", "operation": "sale", "size": 68.0, "exterior": true, "rooms": 2, "bathrooms": 1, "address": "Pla\u00e7a de Catalunya", "province": "Barcelona", "municipality": "El Prat de Llobregat", "district": "Pla\u00e7a de Catalunya", "country": "es", "latitude": 41.322635, "longitude": 2.0836021, "showAddress": false, "url": "https://www.idealista.com/inmueble/93098870/", "distance": "1636", "hasVideo": false, "status": "good", "newDevelopment": false, "hasLift": true, "priceByArea": 2985.0, "detailedType": {"typology": "flat"}, "suggestedTexts": {"subtitle": "Pla\u00e7a de Catalunya, El Prat de Llobregat", "title": "Piso"}, "hasPlan": false, "has3DTour": false, "has360": false, "hasStaging": false, "topNewDevelopment": false}, {"propertyCode": "92864964", "thumbnail": "https://img3.idealista.com/blur/WEB_LISTING/0/id.pro.es.image.master/3d/a7/04/849820218.jpg", "externalReference": "G13_377303", "numPhotos": 28, "floor": "2", "price": 210000.0, "propertyType": "flat", "operation": "sale", "size": 102.0, "exterior": true, "rooms": 4, "bathrooms": 1, "address": "La Gavarra", "province": "Barcelona", "municipality": "Cornell\u00e0 de Llobregat", "district": "La Gavarra", "country": "es", "latitude": 41.362718, "longitude": 2.0751366, "showAddress": false, "url": "https://www.idealista.com/inmueble/92864964/", "distance": "2884", "hasVideo": false, "status": "good", "newDevelopment": false, "hasLift": true, "priceByArea": 2059.0, "detailedType": {"typology": "flat"}, "suggestedTexts": {"subtitle": "La Gavarra, Cornell\u00e0 de Llobregat", "title": "Piso"}, "hasPlan": false, "has3DTour": false, "has360": false, "hasStaging": false, "topNewDevelopment": false}, {"propertyCode": "92772353", "thumbnail": "https://img3.idealista.com/blur/WEB_LISTING/0/id.pro.es.image.master/db/22/23/847763626.jpg", "externalReference": "G19_313235", "numPhotos": 26, "floor": "1", "price": 185000.0, "propertyType": "flat", "operation": "sale", "size": 159.0, "exterior": true, "rooms": 5, "bathrooms": 2, "address": "Once de Septiembre - Sant Jordi", "province": "Barcelona", "municipality": "El Prat de Llobregat", "district": "Once de Septiembre - Sant Jordi", "country": "es", "latitude": 41.3155206, "longitude": 2.0861829, "showAddress": false, "url": "https://www.idealista.com/inmueble/92772353/", "distance": "2456", "hasVideo": false, "status": "good", "newDevelopment": false, "hasLift": false, "priceByArea": 1164.0, "detailedType": {"typology": "flat"}, "suggestedTexts": {"subtitle": "Once de Septiembre - Sant Jordi, El Prat de Llobregat", "title": "Piso"}, "hasPlan": false, "has3DTour": false, "has360": false, "hasStaging": false, "topNewDevelopment": false}, {"propertyCode": "92733766", "thumbnail": "https://img3.idealista.com/blur/WEB_LISTING/0/id.pro.es.image.master/00/12/87/850246271.jpg", "externalReference": "G19_313351", "numPhotos": 29, "floor": "3", "price": 165000.0, "propertyType": "flat", "operation": "sale", "size": 86.0, "exterior": false, "rooms": 3, "bathrooms": 1, "address": "Pla\u00e7a de Catalunya", "province": "Barcelona", "municipality": "El Prat de Llobregat", "district": "Pla\u00e7a de Catalunya", "country": "es", "latitude": 41.3219858, "longitude": 2.0921826, "showAddress": false, "url": "https://www.idealista.com/inmueble/92733766/", "distance": "1993", "hasVideo": false, "status": "good", "newDevelopment": false, "hasLift": false, "priceByArea": 1919.0, "detailedType": {"typology": "flat"}, "suggestedTexts": {"subtitle": "Pla\u00e7a de Catalunya, El Prat de Llobregat", "title": "Piso"}, "hasPlan": false, "has3DTour": false, "has360": false, "hasStaging": false, "topNewDevelopment": false}, {"propertyCode": "93157504", "thumbnail": "https://img3.idealista.com/blur/WEB_LISTING/0/id.pro.es.image.master/c4/ef/d3/855741441.jpg", "externalReference": "15A", "numPhotos": 27, "floor": "1", "price": 296000.0, "propertyType": "flat", "operation": "sale", "size": 97.0, "exterior": true, "rooms": 3, "bathrooms": 2, "address": "RUBIO I ORS", "province": "Barcelona", "municipality": "Cornell\u00e0 de Llobregat", "district": "Centre", "country": "es", "latitude": 41.3551112, "longitude": 2.0666548, "showAddress": false, "url": "https://www.idealista.com/inmueble/93157504/", "distance": "2268", "hasVideo": true, "status": "good", "newDevelopment": false, "hasLift": true, "parkingSpace": {"hasParkingSpace": true, "isParkingSpaceIncludedInPrice": false, "parkingSpacePrice": 24000.0}, "priceByArea": 3052.0, "detailedType": {"typology": "flat"}, "suggestedTexts": {"subtitle": "Centre, Cornell\u00e0 de Llobregat", "title": "Piso en RUBIO I ORS"}, "hasPlan": false, "has3DTour": false, "has360": false, "hasStaging": false, "topNewDevelopment": false}, {"propertyCode": "93046495", "thumbnail": "https://img3.idealista.com/blur/WEB_LISTING/0/id.pro.es.image.master/5d/6e/ca/853359395.jpg", "externalReference": "BAR-4763195", "numPhotos": 10, "floor": "2", "price": 103000.0, "propertyType": "flat", "operation": "sale", "size": 69.0, "exterior": true, "rooms": 3, "bathrooms": 1, "address": "Calle de l'Ar\u00e7", "province": "Barcelona", "municipality": "Cornell\u00e0 de Llobregat", "district": "Sant Ildefons", "country": "es", "latitude": 41.3657028, "longitude": 2.0809895, "showAddress": false, "url": "https://www.idealista.com/inmueble/93046495/", "distance": "3202", "hasVideo": false, "status": "good", "newDevelopment": false, "hasLift": false, "priceByArea": 1493.0, "detailedType": {"typology": "flat"}, "suggestedTexts": {"subtitle": "Sant Ildefons, Cornell\u00e0 de Llobregat", "title": "Piso en Calle de l'Ar\u00e7"}, "hasPlan": true, "has3DTour": false, "has360": false, "hasStaging": false, "topNewDevelopment": false}, {"propertyCode": "92794242", "thumbnail": "https://img3.idealista.com/blur/WEB_LISTING/0/id.pro.es.image.master/e7/23/aa/848317060.jpg", "externalReference": "ASB0868", "numPhotos": 19, "floor": "4", "price": 139900.0, "propertyType": "flat", "operation": "sale", "size": 54.0, "exterior": true, "rooms": 2, "bathrooms": 1, "address": "ANTONI SOLANAS", "province": "Barcelona", "municipality": "Sant Boi de Llobregat", "district": "Pla\u00e7a Catalunya - Vinyets", "country": "es", "latitude": 41.3355252, "longitude": 2.04392, "showAddress": false, "url": "https://www.idealista.com/inmueble/92794242/", "distance": "2933", "hasVideo": false, "status": "good", "newDevelopment": false, "hasLift": false, "priceByArea": 2591.0, "detailedType": {"typology": "flat"}, "suggestedTexts": {"subtitle": "Pla\u00e7a Catalunya - Vinyets, Sant Boi de Llobregat", "title": "Piso en ANTONI SOLANAS"}, "hasPlan": false, "has3DTour": false, "has360": false, "hasStaging": false, "topNewDevelopment": false}, {"propertyCode": "89441543", "thumbnail": "https://img3.idealista.com/blur/WEB_LISTING/0/id.pro.es.image.master/d5/b0/0e/771518234.jpg", "externalReference": "04A", "numPhotos": 31, "floor": "4", "price": 300000.0, "propertyType": "flat", "operation": "sale", "size": 118.0, "exterior": true, "rooms": 4, "bathrooms": 2, "address": "Anselm clave", "province": "Barcelona", "municipality": "Cornell\u00e0 de Llobregat", "district": "Centre", "country": "es", "latitude": 41.3545884, "longitude": 2.0748868, "showAddress": false, "url": "https://www.idealista.com/inmueble/89441543/", "distance": "1991", "hasVideo": true, "status": "good", "newDevelopment": false, "hasLift": true, "parkingSpace": {"hasParkingSpace": true, "isParkingSpaceIncludedInPrice": false, "parkingSpacePrice": 19000.0}, "priceByArea": 2542.0, "detailedType": {"typology": "flat"}, "suggestedTexts": {"subtitle": "Centre, Cornell\u00e0 de Llobregat", "title": "Piso en Anselm clave"}, "hasPlan": false, "has3DTour": false, "has360": false, "hasStaging": false, "topNewDevelopment": false}, {"propertyCode": "93171379", "thumbnail": "https://img3.idealista.com/blur/WEB_LISTING/0/id.pro.es.image.master/26/dd/7a/856088681.jpg", "externalReference": "F HOSC167", "numPhotos": 43, "floor": "4", "price": 167000.0, "propertyType": "penthouse", "operation": "sale", "size": 108.0, "exterior": true, "rooms": 4, "bathrooms": 1, "address": "Calle PROVEN\u00c7A", "province": "Barcelona", "municipality": "Hospitalet de Llobregat", "district": "Centre", "country": "es", "neighborhood": "Centre", "latitude": 41.3581112, "longitude": 2.098424, "showAddress": false, "url": "https://www.idealista.com/inmueble/93171379/", "distance": "2857", "hasVideo": false, "status": "good", "newDevelopment": false, "hasLift": false, "priceByArea": 1546.0, "detailedType": {"typology": "flat", "subTypology": "penthouse"}, "suggestedTexts": {"subtitle": "Centre, Hospitalet de Llobregat", "title": "\u00c1tico en Calle PROVEN\u00c7A"}, "hasPlan": false, "has3DTour": false, "has360": false, "hasStaging": false, "topNewDevelopment": false}, {"propertyCode": "92837736", "thumbnail": "https://img3.idealista.com/blur/WEB_LISTING/0/id.pro.es.image.master/8e/87/14/849192248.jpg", "numPhotos": 26, "floor": "4", "price": 167000.0, "propertyType": "penthouse", "operation": "sale", "size": 108.0, "exterior": true, "rooms": 4, "bathrooms": 1, "address": "provenza", "province": "Barcelona", "municipality": "Hospitalet de Llobregat", "district": "Centre", "country": "es", "neighborhood": "Centre", "latitude": 41.3562299, "longitude": 2.0976098, "showAddress": false, "url": "https://www.idealista.com/inmueble/92837736/", "distance": "2647", "hasVideo": true, "status": "renew", "newDevelopment": false, "hasLift": false, "priceByArea": 1546.0, "detailedType": {"typology": "flat", "subTypology": "penthouse"}, "suggestedTexts": {"subtitle": "Centre, Hospitalet de Llobregat", "title": "\u00c1tico en provenza"}, "hasPlan": true, "has3DTour": false, "has360": false, "hasStaging": false, "topNewDevelopment": false}, {"propertyCode": "90919745", "thumbnail": "https://img3.idealista.com/blur/WEB_LISTING/0/id.pro.es.image.master/5b/78/0f/835316519.jpg", "externalReference": "V0185Y", "numPhotos": 29, "floor": "1", "price": 355000.0, "propertyType": "flat", "operation": "sale", "size": 120.0, "exterior": true, "rooms": 4, "bathrooms": 2, "address": "Calle de l'Ametller", "province": "Barcelona", "municipality": "Hospitalet de Llobregat", "district": "Centre", "country": "es", "neighborhood": "Sanfeliu", "latitude": 41.3636421, "longitude": 2.093086, "showAddress": false, "url": "https://www.idealista.com/inmueble/90919745/", "distance": "3192", "hasVideo": false, "status": "good", "newDevelopment": false, "hasLift": true, "priceByArea": 2958.0, "detailedType": {"typology": "flat"}, "suggestedTexts": {"subtitle": "Sanfeliu, Hospitalet de Llobregat", "title": "Piso en Calle de l'Ametller"}, "hasPlan": true, "has3DTour": false, "has360": false, "hasStaging": false, "topNewDevelopment": false}, {"propertyCode": "93155002", "thumbnail": "https://img3.idealista.com/blur/WEB_LISTING/0/id.pro.es.image.master/fb/77/5f/855945315.jpg", "externalReference": "A3159", "numPhotos": 25, "floor": "3", "price": 130000.0, "propertyType": "flat", "operation": "sale", "size": 54.0, "exterior": true, "rooms": 2, "bathrooms": 1, "address": "MARFULL", "province": "Barcelona", "municipality": "Cornell\u00e0 de Llobregat", "district": "Sant Ildefons", "country": "es", "latitude": 41.3617957, "longitude": 2.0821242, "showAddress": false, "url": "https://www.idealista.com/inmueble/93155002/", "distance": "2775", "hasVideo": false, "status": "good", "newDevelopment": false, "hasLift": true, "priceByArea": 2407.0, "detailedType": {"typology": "flat"}, "suggestedTexts": {"subtitle": "Sant Ildefons, Cornell\u00e0 de Llobregat", "title": "Piso en MARFULL"}, "hasPlan": false, "has3DTour": false, "has360": false, "hasStaging": false, "topNewDevelopment": false}, {"propertyCode": "92791257", "thumbnail": "https://img3.idealista.com/blur/WEB_LISTING/0/id.pro.es.image.master/73/c0/d0/848237756.jpg", "externalReference": "PB-PZ167K", "numPhotos": 26, "floor": "4", "price": 167000.0, "propertyType": "penthouse", "operation": "sale", "size": 108.0, "exterior": true, "rooms": 4, "bathrooms": 1, "address": "Proven\u00e7a", "province": "Barcelona", "municipality": "Hospitalet de Llobregat", "district": "Centre", "country": "es", "neighborhood": "Centre", "latitude": 41.3566208, "longitude": 2.1004527, "showAddress": false, "url": "https://www.idealista.com/inmueble/92791257/", "distance": "2826", "hasVideo": false, "status": "renew", "newDevelopment": false, "hasLift": false, "priceByArea": 1546.0, "detailedType": {"typology": "flat", "subTypology": "penthouse"}, "suggestedTexts": {"subtitle": "Centre, Hospitalet de Llobregat", "title": "\u00c1tico en Proven\u00e7a"}, "hasPlan": true, "has3DTour": false, "has360": false, "hasStaging": false, "topNewDevelopment": false}, {"propertyCode": "93162119", "thumbnail": "https://img3.idealista.com/blur/WEB_LISTING/0/id.pro.es.image.master/e0/70/2e/855864441.jpg", "externalReference": "G7_297283", "numPhotos": 21, "floor": "bj", "price": 176000.0, "propertyType": "flat", "operation": "sale", "size": 82.0, "exterior": false, "rooms": 3, "bathrooms": 1, "address": "Centre", "province": "Barcelona", "municipality": "Cornell\u00e0 de Llobregat", "district": "Centre", "country": "es", "latitude": 41.3541672, "longitude": 2.0665793, "showAddress": false, "url": "https://www.idealista.com/inmueble/93162119/", "distance": "2178", "hasVideo": false, "status": "good", "newDevelopment": false, "hasLift": false, "priceByArea": 2146.0, "detailedType": {"typology": "flat"}, "suggestedTexts": {"subtitle": "Centre, Cornell\u00e0 de Llobregat", "title": "Piso"}, "hasPlan": false, "has3DTour": false, "has360": false, "hasStaging": false, "topNewDevelopment": false}, {"propertyCode": "92112735", "thumbnail": "https://img3.idealista.com/blur/WEB_LISTING/0/id.pro.es.image.master/c4/d4/80/847753840.jpg", "externalReference": "GV36606", "numPhotos": 7, "floor": "3", "price": 225000.0, "propertyType": "flat", "operation": "sale", "size": 57.0, "exterior": false, "rooms": 2, "bathrooms": 1, "address": "Calle Tres de Abril, 3", "province": "Barcelona", "municipality": "Sant Boi de Llobregat", "district": "Pla\u00e7a Catalunya - Vinyets", "country": "es", "latitude": 41.3419329, "longitude": 2.0451617, "showAddress": true, "url": "https://www.idealista.com/inmueble/92112735/", "distance": "2879", "hasVideo": false, "status": "good", "newDevelopment": false, "priceByArea": 3947.0, "detailedType": {"typology": "flat"}, "suggestedTexts": {"subtitle": "Pla\u00e7a Catalunya - Vinyets, Sant Boi de Llobregat", "title": "Piso en Calle Tres de Abril, 3"}, "hasPlan": true, "has3DTour": false, "has360": false, "hasStaging": false, "topNewDevelopment": false}, {"propertyCode": "92112734", "thumbnail": "https://img3.idealista.com/blur/WEB_LISTING/0/id.pro.es.image.master/4d/88/c3/847753849.jpg", "externalReference": "GV36607", "numPhotos": 8, "floor": "4", "price": 330000.0, "propertyType": "flat", "operation": "sale", "size": 88.0, "exterior": false, "rooms": 3, "bathrooms": 2, "address": "Calle Tres de Abril, 33", "province": "Barcelona", "municipality": "Sant Boi de Llobregat", "district": "Pla\u00e7a Catalunya - Vinyets", "country": "es", "latitude": 41.3411, "longitude": 2.04395, "showAddress": true, "url": "https://www.idealista.com/inmueble/92112734/", "distance": "2963", "hasVideo": false, "status": "good", "newDevelopment": false, "priceByArea": 3750.0, "detailedType": {"typology": "flat"}, "suggestedTexts": {"subtitle": "Pla\u00e7a Catalunya - Vinyets, Sant Boi de Llobregat", "title": "Piso en Calle Tres de Abril, 33"}, "hasPlan": true, "has3DTour": false, "has360": false, "hasStaging": false, "topNewDevelopment": false}, {"propertyCode": "90822846", "thumbnail": "https://img3.idealista.com/blur/WEB_LISTING/0/id.pro.es.image.master/88/80/48/799384384.jpg", "externalReference": "59128B2A-0", "numPhotos": 39, "floor": "bj", "price": 189000.0, "propertyType": "flat", "operation": "sale", "size": 72.0, "exterior": true, "rooms": 3, "bathrooms": 1, "address": "La Gavarra", "province": "Barcelona", "municipality": "Cornell\u00e0 de Llobregat", "district": "La Gavarra", "country": "es", "latitude": 41.3627793, "longitude": 2.0768235, "showAddress": false, "url": "https://www.idealista.com/inmueble/90822846/", "distance": "2878", "hasVideo": false, "status": "good", "newDevelopment": false, "hasLift": false, "priceByArea": 2625.0, "detailedType": {"typology": "flat"}, "suggestedTexts": {"subtitle": "La Gavarra, Cornell\u00e0 de Llobregat", "title": "Piso"}, "hasPlan": true, "has3DTour": true, "has360": false, "hasStaging": false, "topNewDevelopment": false}, {"propertyCode": "86569437", "thumbnail": "https://img3.idealista.com/blur/WEB_LISTING/0/id.pro.es.image.master/cc/eb/0f/696955447.jpg", "externalReference": "2\u00ba3\u00aa", "numPhotos": 13, "floor": "2", "price": 350000.0, "propertyType": "flat", "operation": "sale", "size": 81.0, "exterior": true, "rooms": 3, "bathrooms": 2, "address": "Calle Esgl\u00e8sia, 42", "province": "Barcelona", "municipality": "Hospitalet de Llobregat", "district": "Centre", "country": "es", "neighborhood": "Centre", "latitude": 41.3609571, "longitude": 2.0990577, "showAddress": true, "url": "https://www.idealista.com/obra-nueva/86569437/", "distance": "3151", "hasVideo": false, "status": "newdevelopment", "newDevelopment": true, "hasLift": true, "newDevelopmentFinished": false, "priceByArea": 4321.0, "detailedType": {"typology": "flat"}, "suggestedTexts": {"subtitle": "Centre, Hospitalet de Llobregat", "title": "Piso en Calle Esgl\u00e8sia, 42"}, "hasPlan": true, "has3DTour": false, "has360": false, "hasStaging": false, "topNewDevelopment": false}, {"propertyCode": "86569433", "thumbnail": "https://img3.idealista.com/blur/WEB_LISTING/0/id.pro.es.image.master/27/26/9f/696955433.jpg", "externalReference": "1\u00ba1\u00aa", "numPhotos": 13, "floor": "1", "price": 295000.0, "propertyType": "flat", "operation": "sale", "size": 74.0, "exterior": true, "rooms": 2, "bathrooms": 2, "address": "Calle Esgl\u00e8sia, 42", "province": "Barcelona", "municipality": "Hospitalet de Llobregat", "district": "Centre", "country": "es", "neighborhood": "Centre", "latitude": 41.3609571, "longitude": 2.0990577, "showAddress": true, "url": "https://www.idealista.com/obra-nueva/86569433/", "distance": "3151", "hasVideo": false, "status": "newdevelopment", "newDevelopment": true, "hasLift": true, "newDevelopmentFinished": false, "priceByArea": 3986.0, "detailedType": {"typology": "flat"}, "suggestedTexts": {"subtitle": "Centre, Hospitalet de Llobregat", "title": "Piso en Calle Esgl\u00e8sia, 42"}, "hasPlan": true, "has3DTour": false, "has360": false, "hasStaging": false, "topNewDevelopment": false}, {"propertyCode": "86569431", "thumbnail": "https://img3.idealista.com/blur/WEB_LISTING/0/id.pro.es.image.master/ab/fc/9b/696955432.jpg", "externalReference": "PB 4", "numPhotos": 13, "floor": "bj", "price": 250000.0, "propertyType": "duplex", "operation": "sale", "size": 71.0, "exterior": true, "rooms": 2, "bathrooms": 2, "address": "Calle Esgl\u00e8sia, 42", "province": "Barcelona", "municipality": "Hospitalet de Llobregat", "district": "Centre", "country": "es", "neighborhood": "Centre", "latitude": 41.3609571, "longitude": 2.0990577, "showAddress": true, "url": "https://www.idealista.com/obra-nueva/86569431/", "distance": "3151", "hasVideo": false, "status": "newdevelopment", "newDevelopment": true, "hasLift": true, "newDevelopmentFinished": false, "priceByArea": 3521.0, "detailedType": {"typology": "flat", "subTypology": "duplex"}, "suggestedTexts": {"subtitle": "Centre, Hospitalet de Llobregat", "title": "D\u00faplex en Calle Esgl\u00e8sia, 42"}, "hasPlan": true, "has3DTour": false, "has360": false, "hasStaging": false, "topNewDevelopment": false}, {"propertyCode": "92633049", "thumbnail": "https://img3.idealista.com/blur/WEB_LISTING/0/id.pro.es.image.master/84/ec/6e/844419387.jpg", "externalReference": "SAN ROC", "numPhotos": 25, "floor": "3", "price": 178000.0, "propertyType": "flat", "operation": "sale", "size": 65.0, "exterior": false, "rooms": 3, "bathrooms": 1, "address": "SAN ROC, 18", "province": "Barcelona", "municipality": "Hospitalet de Llobregat", "district": "Centre", "country": "es", "neighborhood": "Centre", "latitude": 41.3586614, "longitude": 2.0980617, "showAddress": true, "url": "https://www.idealista.com/inmueble/92633049/", "distance": "2891", "hasVideo": true, "status": "good", "newDevelopment": false, "hasLift": true, "priceByArea": 2738.0, "detailedType": {"typology": "flat"}, "suggestedTexts": {"subtitle": "Centre, Hospitalet de Llobregat", "title": "Piso en SAN ROC, 18"}, "hasPlan": false, "has3DTour": false, "has360": false, "hasStaging": false, "topNewDevelopment": false}, {"propertyCode": "86657997", "thumbnail": "https://img3.idealista.com/blur/WEB_LISTING/0/id.pro.es.image.master/d5/b2/c0/699128644.jpg", "externalReference": "125344", "numPhotos": 56, "price": 520000.0, "propertyType": "chalet", "operation": "sale", "size": 379.0, "exterior": false, "rooms": 6, "bathrooms": 4, "address": "Calle de l'Urgell, 19", "province": "Barcelona", "municipality": "El Prat de Llobregat", "district": "Centre", "country": "es", "latitude": 41.325389, "longitude": 2.0908309, "showAddress": true, "url": "https://www.idealista.com/inmueble/86657997/", "distance": "1620", "hasVideo": true, "status": "good", "newDevelopment": false, "parkingSpace": {"hasParkingSpace": true, "isParkingSpaceIncludedInPrice": true}, "priceByArea": 1372.0, "detailedType": {"typology": "chalet"}, "suggestedTexts": {"subtitle": "Centre, El Prat de Llobregat", "title": "Chalet en Calle de l'Urgell, 19"}, "hasPlan": false, "has3DTour": false, "has360": false, "hasStaging": false, "topNewDevelopment": false}]