[{"propertyCode": "89020467", "thumbnail": "https://img3.idealista.com/blur/WEB_LISTING/0/id.pro.es.image.master/a2/47/b1/761190852.jpg", "externalReference": "247686", "numPhotos": 25, "floor": "1", "price": 289900.0, "propertyType": "flat", "operation": "sale", "size": 110.0, "exterior": true, "rooms": 3, "bathrooms": 2, "address": "Avenida de Josep Anselm Clav\u00e9, 53", "province": "Barcelona", "municipality": "El Prat de Llobregat", "district": "Centre", "country": "es", "latitude": 41.3326432, "longitude": 2.0969119, "showAddress": true, "url": "https://www.idealista.com/inmueble/89020467/", "distance": "2290", "hasVideo": true, "status": "good", "newDevelopment": false, "hasLift": true, "priceByArea": 2635.0, "detailedType": {"typology": "flat"}, "suggestedTexts": {"subtitle": "Centre, El Prat de Llobregat", "title": "Piso en Avenida de Josep Anselm Clav\u00e9, 53"}, "hasPlan": true, "has3DTour": false, "has360": true, "hasStaging": false, "topNewDevelopment": false}, {"propertyCode": "93190579", "thumbnail": "https://img3.idealista.com/blur/WEB_LISTING/0/id.pro.es.image.master/db/aa/03/856600538.jpg", "externalReference": "DA CAST", "numPhotos": 20, "floor": "bj", "price": 210000.0, "propertyType": "flat", "operation": "sale", "size": 65.0, "exterior": true, "rooms": 3, "bathrooms": 1, "address": "palamos", "province": "Barcelona", "municipality": "El Prat de Llobregat", "district": "Eixample", "country": "es", "latitude": 41.3231727, "longitude": 2.0979198, "showAddress": false, "url": "https://www.idealista.com/inmueble/93190579/", "distance": "1720", "hasVideo": true, "status": "good", "newDevelopment": false, "hasLift": true, "priceByArea": 3231.0, "detailedType": {"typology": "flat"}, "suggestedTexts": {"subtitle": "Eixample, El Prat de Llobregat", "title": "Piso en palamos"}, "hasPlan": true, "has3DTour": false, "has360": false, "hasStaging": false, "topNewDevelopment": false}, {"propertyCode": "92995400", "thumbnail": "https://img3.idealista.com/blur/WEB_LISTING/0/id.pro.es.image.master/bb/8a/8e/852683351.jpg", "externalReference": "PRAT210", "numPhotos": 25, "floor": "bj", "price": 210000.0, "propertyType": "flat", "operation": "sale", "size": 65.0, "exterior": true, "rooms": 3, "bathrooms": 1, "address": "eixample s/n", "province": "Barcelona", "municipality": "El Prat de Llobregat", "district": "Eixample", "country": "es", "latitude": 41.3224037, "longitude": 2.0995842, "showAddress": true, "url": "https://www.idealista.com/inmueble/92995400/", "distance": "1819", "hasVideo": true, "status": "good", "newDevelopment": false, "hasLift": true, "priceByArea": 3231.0, "detailedType": {"typology": "flat"}, "suggestedTexts": {"subtitle": "Eixample, El Prat de Llobregat", "title": "Piso en eixample s/n"}, "hasPlan": true, "has3DTour": false, "has360": false, "hasStaging": false, "topNewDevelopment": false}, {"propertyCode": "92760377", "thumbnail": "https://img3.idealista.com/blur/WEB_LISTING/0/id.pro.es.image.master/7b/d6/60/847488602.jpg", "externalReference": "3891", "numPhotos": 20, "price": 255000.0, "propertyType": "flat", "operation": "sale", "size": 97.0, "exterior": true, "rooms": 2, "bathrooms": 2, "address": "Calle girona, 118", "province": "Barcelona", "municipality": "El Prat de Llobregat", "district": "Eixample", "country": "es", "latitude": 41.3235747, "longitude": 2.1010447, "showAddress": true, "url": "https://www.idealista.com/obra-nueva/92760377/", "distance": "1978", "hasVideo": false, "status": "newdevelopment", "newDevelopment": true, "hasLift": true, "newDevelopmentFinished": false, "priceByArea": 2629.0, "detailedType": {"typology": "flat"}, "suggestedTexts": {"subtitle": "Eixample, El Prat de Llobregat", "title": "Piso en Calle girona, 118"}, "hasPlan": true, "has3DTour": false, "has360": false, "hasStaging": false, "topNewDevelopment": false}, {"propertyCode": "92760361", "thumbnail": "https://img3.idealista.com/blur/WEB_LISTING/0/id.pro.es.image.master/20/8a/cc/847488621.jpg", "externalReference": "3899", "numPhotos": 20, "price": 370000.0, "propertyType": "duplex", "operation": "sale", "size": 137.0, "exterior": true, "rooms": 2, "bathrooms": 2, "address": "Calle girona, 118", "province": "Barcelona", "municipality": "El Prat de Llobregat", "district": "Eixample", "country": "es", "latitude": 41.3235747, "longitude": 2.1010447, "showAddress": true, "url": "https://www.idealista.com/obra-nueva/92760361/", "distance": "1978", "hasVideo": false, "status": "newdevelopment", "newDevelopment": true, "hasLift": true, "newDevelopmentFinished": false, "priceByArea": 2701.0, "detailedType": {"typology": "flat", "subTypology": "duplex"}, "suggestedTexts": {"subtitle": "Eixample, El Prat de Llobregat", "title": "D\u00faplex en Calle girona, 118"}, "hasPlan": true, "has3DTour": false, "has360": false, "hasStaging": false, "topNewDevelopment": false}, {"propertyCode": "92760398", "thumbnail": "https://img3.idealista.com/blur/WEB_LISTING/0/id.pro.es.image.master/a1/e5/37/847488623.jpg", "externalReference": "3893", "numPhotos": 20, "price": 170000.0, "propertyType": "flat", "operation": "sale", "size": 67.0, "exterior": true, "rooms": 1, "bathrooms": 1, "address": "Calle girona, 118", "province": "Barcelona", "municipality": "El Prat de Llobregat", "district": "Eixample", "country": "es", "latitude": 41.3235747, "longitude": 2.1010447, "showAddress": true, "url": "https://www.idealista.com/obra-nueva/92760398/", "distance": "1978", "hasVideo": false, "status": "newdevelopment", "newDevelopment": true, "hasLift": true, "newDevelopmentFinished": false, "priceByArea": 2537.0, "detailedType": {"typology": "flat"}, "suggestedTexts": {"subtitle": "Eixample, El Prat de Llobregat", "title": "Piso en Calle girona, 118"}, "hasPlan": true, "has3DTour": false, "has360": false, "hasStaging": false, "topNewDevelopment": false}, {"propertyCode": "93098870", "thumbnail": "https://img3.idealista.com/blur/WEB_LISTING/0/id.pro.es.image.master/6c/3b/a5/854453857.jpg", "externalReference": "G19_325737", "numPhotos": 21, "floor": "2", "price": 203000.0, "propertyType": "flat", "operation": "sale", "size": 68.0, "exterior": true, "rooms": 2, "bathrooms": 1, "address": "Pla\u00e7a de Catalunya", "province": "Barcelona", "municipality": "El Prat de Llobregat", "district": "Pla\u00e7a de Catalunya", "country": "es", "latitude": 41.322635, "longitude": 2.0836021, "showAddress": false, "url": "https://www.idealista.com/inmueble/93098870/", "distance": "731", "hasVideo": false, "status": "good", "newDevelopment": false, "hasLift": true, "priceByArea": 2985.0, "detailedType": {"typology": "flat"}, "suggestedTexts": {"subtitle": "Pla\u00e7a de Catalunya, El Prat de Llobregat", "title": "Piso"}, "hasPlan": false, "has3DTour": false, "has360": false, "hasStaging": false, "topNewDevelopment": false}, {"propertyCode": "92772353", "thumbnail": "https://img3.idealista.com/blur/WEB_LISTING/0/id.pro.es.image.master/db/22/23/847763626.jpg", "externalReference": "G19_313235", "numPhotos": 26, "floor": "1", "price": 185000.0, "propertyType": "flat", "operation": "sale", "size": 159.0, "exterior": true, "rooms": 5, "bathrooms": 2, "address": "Once de Septiembre - Sant Jordi", "province": "Barcelona", "municipality": "El Prat de Llobregat", "district": "Once de Septiembre - Sant Jordi", "country": "es", "latitude": 41.3155206, "longitude": 2.0861829, "showAddress": false, "url": "https://www.idealista.com/inmueble/92772353/", "distance": "622", "hasVideo": false, "status": "good", "newDevelopment": false, "hasLift": false, "priceByArea": 1164.0, "detailedType": {"typology": "flat"}, "suggestedTexts": {"subtitle": "Once de Septiembre - Sant Jordi, El Prat de Llobregat", "title": "Piso"}, "hasPlan": false, "has3DTour": false, "has360": false, "hasStaging": false, "topNewDevelopment": false}, {"propertyCode": "92733766", "thumbnail": "https://img3.idealista.com/blur/WEB_LISTING/0/id.pro.es.image.master/00/12/87/850246271.jpg", "externalReference": "G19_313351", "numPhotos": 29, "floor": "3", "price": 165000.0, "propertyType": "flat", "operation": "sale", "size": 86.0, "exterior": false, "rooms": 3, "bathrooms": 1, "address": "Pla\u00e7a de Catalunya", "province": "Barcelona", "municipality": "El Prat de Llobregat", "district": "Pla\u00e7a de Catalunya", "country": "es", "latitude": 41.3219858, "longitude": 2.0921826, "showAddress": false, "url": "https://www.idealista.com/inmueble/92733766/", "distance": "1230", "hasVideo": false, "status": "good", "newDevelopment": false, "hasLift": false, "priceByArea": 1919.0, "detailedType": {"typology": "flat"}, "suggestedTexts": {"subtitle": "Pla\u00e7a de Catalunya, El Prat de Llobregat", "title": "Piso"}, "hasPlan": false, "has3DTour": false, "has360": false, "hasStaging": false, "topNewDevelopment": false}, {"propertyCode": "92893081", "thumbnail": "https://img3.idealista.com/blur/WEB_LISTING/0/id.pro.es.image.master/5b/b1/d0/850426956.jpg", "externalReference": "Barcelona", "numPhotos": 21, "floor": "1", "price": 283000.0, "propertyType": "flat", "operation": "sale", "size": 90.0, "exterior": true, "rooms": 4, "bathrooms": 2, "address": "Barcelona", "province": "Barcelona", "municipality": "El Prat de Llobregat", "district": "Once de Septiembre - Sant Jordi", "country": "es", "latitude": 41.295745, "longitude": 2.0838941, "showAddress": false, "url": "https://www.idealista.com/inmueble/92893081/", "distance": "2402", "hasVideo": false, "status": "good", "newDevelopment": false, "hasLift": true, "priceByArea": 3144.0, "detailedType": {"typology": "flat"}, "suggestedTexts": {"subtitle": "Once de Septiembre - Sant Jordi, El Prat de Llobregat", "title": "Piso en Barcelona"}, "hasPlan": true, "has3DTour": false, "has360": false, "hasStaging": false, "topNewDevelopment": false}, {"propertyCode": "86657997", "thumbnail": "https://img3.idealista.com/blur/WEB_LISTING/0/id.pro.es.image.master/d5/b2/c0/699128644.jpg", "externalReference": "125344", "numPhotos": 56, "price": 520000.0, "propertyType": "chalet", "operation": "sale", "size": 379.0, "exterior": false, "rooms": 6, "bathrooms": 4, "address": "Calle de l'Urgell, 19", "province": "Barcelona", "municipality": "El Prat de Llobregat", "district": "Centre", "country": "es", "latitude": 41.325389, "longitude": 2.0908309, "showAddress": true, "url": "https://www.idealista.com/inmueble/86657997/", "distance": "1355", "hasVideo": true, "status": "good", "newDevelopment": false, "parkingSpace": {"hasParkingSpace": true, "isParkingSpaceIncludedInPrice": true}, "priceByArea": 1372.0, "detailedType": {"typology": "chalet"}, "suggestedTexts": {"subtitle": "Centre, El Prat de Llobregat", "title": "Chalet en Calle de l'Urgell, 19"}, "hasPlan": false, "has3DTour": false, "has360": false, "hasStaging": false, "topNewDevelopment": false}, {"propertyCode": "91156357", "thumbnail": "https://img3.idealista.com/blur/WEB_LISTING/0/id.pro.es.image.master/58/ca/5e/808064698.jpg", "externalReference": "283607", "numPhotos": 24, "price": 344000.0, "propertyType": "flat", "operation": "sale", "size": 113.0, "exterior": true, "rooms": 4, "bathrooms": 2, "address": "Calle de Dolores Ibarruri, 27", "province": "Barcelona", "municipality": "El Prat de Llobregat", "district": "Pla\u00e7a de Catalunya", "country": "es", "latitude": 41.3217846, "longitude": 2.0860076, "showAddress": true, "url": "https://www.idealista.com/inmueble/91156357/", "distance": "787", "hasVideo": true, "status": "good", "newDevelopment": false, "hasLift": false, "priceByArea": 3044.0, "detailedType": {"typology": "flat"}, "suggestedTexts": {"subtitle": "Pla\u00e7a de Catalunya, El Prat de Llobregat", "title": "Piso en Calle de Dolores Ibarruri, 27"}, "hasPlan": false, "has3DTour": false, "has360": false, "hasStaging": false, "topNewDevelopment": false}, {"propertyCode": "93079898", "thumbnail": "https://img3.idealista.com/blur/WEB_LISTING/0/id.pro.es.image.master/f7/1b/cf/855454498.jpg", "externalReference": "G9_319527", "numPhotos": 15, "floor": "2", "price": 190000.0, "propertyType": "flat", "operation": "sale", "size": 70.0, "exterior": true, "rooms": 3, "bathrooms": 1, "address": "Eixample", "province": "Barcelona", "municipality": "El Prat de Llobregat", "district": "Eixample", "country": "es", "latitude": 41.3253846, "longitude": 2.1012358, "showAddress": false, "url": "https://www.idealista.com/inmueble/93079898/", "distance": "2075", "hasVideo": false, "status": "good", "newDevelopment": false, "hasLift": true, "priceByArea": 2714.0, "detailedType": {"typology": "flat"}, "suggestedTexts": {"subtitle": "Eixample, El Prat de Llobregat", "title": "Piso"}, "hasPlan": false, "has3DTour": false, "has360": false, "hasStaging": false, "topNewDevelopment": false}, {"propertyCode": "85714343", "thumbnail": "https://img3.idealista.com/blur/WEB_LISTING/0/id.pro.es.image.master/27/3f/6b/851292736.jpg", "externalReference": "Pintor", "numPhotos": 46, "price": 545000.0, "propertyType": "chalet", "operation": "sale", "size": 215.0, "exterior": false, "rooms": 4, "bathrooms": 4, "address": "Pintor Isidre Nonell", "province": "Barcelona", "municipality": "El Prat de Llobregat", "district": "Centre", "country": "es", "latitude": 41.329868, "longitude": 2.0997681, "showAddress": false, "url": "https://www.idealista.com/inmueble/85714343/", "distance": "2245", "hasVideo": false, "status": "good", "newDevelopment": false, "parkingSpace": {"hasParkingSpace": true, "isParkingSpaceIncludedInPrice": true}, "priceByArea": 2535.0, "detailedType": {"typology": "chalet", "subTypology": "terracedHouse"}, "suggestedTexts": {"subtitle": "Centre, El Prat de Llobregat", "title": "Chalet adosado en Pintor Isidre Nonell"}, "hasPlan": false, "has3DTour": false, "has360": false, "hasStaging": false, "topNewDevelopment": false}, {"propertyCode": "91801916", "thumbnail": "https://img3.idealista.com/blur/WEB_LISTING/0/id.pro.es.image.master/b0/00/98/823643200.jpg", "externalReference": "BA - 0079", "numPhotos": 21, "floor": "3", "price": 354000.0, "propertyType": "penthouse", "operation": "sale", "size": 99.0, "exterior": true, "rooms": 3, "bathrooms": 2, "address": "Margarida Xirgu", "province": "Barcelona", "municipality": "El Prat de Llobregat", "district": "Once de Septiembre - Sant Jordi", "country": "es", "latitude": 41.3209109, "longitude": 2.0950981, "showAddress": false, "url": "https://www.idealista.com/inmueble/91801916/", "distance": "1411", "hasVideo": false, "status": "good", "newDevelopment": false, "hasLift": true, "parkingSpace": {"hasParkingSpace": true, "isParkingSpaceIncludedInPrice": true}, "priceByArea": 3576.0, "detailedType": {"typology": "flat", "subTypology": "penthouse"}, "suggestedTexts": {"subtitle": "Once de Septiembre - Sant Jordi, El Prat de Llobregat", "title": "\u00c1tico en Margarida Xirgu"}, "hasPlan": false, "has3DTour": false, "has360": false, "hasStaging": false, "topNewDevelopment": false}, {"propertyCode": "92864981", "thumbnail": "https://img3.idealista.com/blur/WEB_LISTING/0/id.pro.es.image.master/03/5b/79/852382360.jpg", "externalReference": "G9_322119", "numPhotos": 25, "floor": "1", "price": 195000.0, "propertyType": "flat", "operation": "sale", "size": 70.0, "exterior": true, "rooms": 3, "bathrooms": 1, "address": "Centre", "province": "Barcelona", "municipality": "El Prat de Llobregat", "district": "Centre", "country": "es", "latitude": 41.3292465, "longitude": 2.0984189, "showAddress": false, "url": "https://www.idealista.com/inmueble/92864981/", "distance": "2114", "hasVideo": false, "status": "good", "newDevelopment": false, "hasLift": true, "priceByArea": 2786.0, "detailedType": {"typology": "flat"}, "suggestedTexts": {"subtitle": "Centre, El Prat de Llobregat", "title": "Piso"}, "hasPlan": false, "has3DTour": false, "has360": false, "hasStaging": false, "topNewDevelopment": false}, {"propertyCode": "92829799", "thumbnail": "https://img3.idealista.com/blur/WEB_LISTING/0/id.pro.es.image.master/a6/4e/b4/849107355.jpg", "externalReference": "G19_315100", "numPhotos": 41, "floor": "6", "price": 295000.0, "propertyType": "flat", "operation": "sale", "size": 81.0, "exterior": true, "rooms": 4, "bathrooms": 2, "address": "Pla\u00e7a de Catalunya", "province": "Barcelona", "municipality": "El Prat de Llobregat", "district": "Pla\u00e7a de Catalunya", "country": "es", "latitude": 41.3229849, "longitude": 2.0919944, "showAddress": false, "url": "https://www.idealista.com/inmueble/92829799/", "distance": "1270", "hasVideo": false, "status": "good", "newDevelopment": false, "hasLift": true, "priceByArea": 3642.0, "detailedType": {"typology": "flat"}, "suggestedTexts": {"subtitle": "Pla\u00e7a de Catalunya, El Prat de Llobregat", "title": "Piso"}, "hasPlan": false, "has3DTour": false, "has360": false, "hasStaging": false, "topNewDevelopment": false}, {"propertyCode": "92754191", "thumbnail": "https://img3.idealista.com/blur/WEB_LISTING/0/id.pro.es.image.master/73/7f/de/847334711.jpg", "externalReference": "G9_327255", "numPhotos": 21, "price": 364000.0, "propertyType": "chalet", "operation": "sale", "size": 96.0, "exterior": false, "rooms": 3, "bathrooms": 1, "address": "Once de Septiembre - Sant Jordi", "province": "Barcelona", "municipality": "El Prat de Llobregat", "district": "Once de Septiembre - Sant Jordi", "country": "es", "latitude": 41.318952, "longitude": 2.1019078, "showAddress": false, "url": "https://www.idealista.com/inmueble/92754191/", "distance": "1924", "hasVideo": false, "status": "good", "newDevelopment": false, "priceByArea": 3792.0, "detailedType": {"typology": "chalet"}, "suggestedTexts": {"subtitle": "Once de Septiembre - Sant Jordi, El Prat de Llobregat", "title": "Chalet"}, "hasPlan": false, "has3DTour": false, "has360": false, "hasStaging": false, "topNewDevelopment": false}, {"propertyCode": "92485015", "thumbnail": "https://img3.idealista.com/blur/WEB_LISTING/0/id.pro.es.image.master/d7/e6/40/840824117.jpg", "externalReference": "321603", "numPhotos": 20, "price": 690000.0, "propertyType": "flat", "operation": "sale", "size": 469.0, "exterior": true, "rooms": 3, "bathrooms": 3, "address": "Calle de Ferran Puig, 20", "province": "Barcelona", "municipality": "El Prat de Llobregat", "district": "Centre", "country": "es", "latitude": 41.3295068, "longitude": 2.0933489, "showAddress": true, "url": "https://www.idealista.com/inmueble/92485015/", "distance": "1832", "hasVideo": false, "status": "good", "newDevelopment": false, "hasLift": false, "priceByArea": 1471.0, "detailedType": {"typology": "flat"}, "suggestedTexts": {"subtitle": "Centre, El Prat de Llobregat", "title": "Piso en Calle de Ferran Puig, 20"}, "hasPlan": false, "has3DTour": false, "has360": false, "hasStaging": false, "topNewDevelopment": false}, {"propertyCode": "92854041", "thumbnail": "https://img3.idealista.com/blur/WEB_LISTING/0/id.pro.es.image.master/73/fd/67/849548713.jpg", "externalReference": "BA - 0080", "numPhotos": 25, "floor": "2", "price": 265000.0, "propertyType": "flat", "operation": "sale", "size": 90.0, "exterior": true, "rooms": 4, "bathrooms": 2, "address": "Pla\u00e7a de Catalunya", "province": "Barcelona", "municipality": "El Prat de Llobregat", "district": "Pla\u00e7a de Catalunya", "country": "es", "latitude": 41.3192826, "longitude": 2.0907493, "showAddress": false, "url": "https://www.idealista.com/inmueble/92854041/", "distance": "1011", "hasVideo": false, "status": "good", "newDevelopment": false, "hasLift": true, "priceByArea": 2944.0, "detailedType": {"typology": "flat"}, "suggestedTexts": {"subtitle": "Pla\u00e7a de Catalunya, El Prat de Llobregat", "title": "Piso"}, "hasPlan": false, "has3DTour": false, "has360": false, "hasStaging": false, "topNewDevelopment": false}, {"propertyCode": "91658887", "thumbnail": "https://img3.idealista.com/blur/WEB_LISTING/0/id.pro.es.image.master/13/fb/26/820116717.jpg", "externalReference": "BA - 0071", "numPhotos": 31, "floor": "3", "price": 252000.0, "propertyType": "flat", "operation": "sale", "size": 70.0, "exterior": true, "rooms": 2, "bathrooms": 1, "address": "Pla\u00e7a de Catalunya", "province": "Barcelona", "municipality": "El Prat de Llobregat", "district": "Pla\u00e7a de Catalunya", "country": "es", "latitude": 41.3212801, "longitude": 2.0882443, "showAddress": false, "url": "https://www.idealista.com/inmueble/91658887/", "distance": "904", "hasVideo": false, "status": "good", "newDevelopment": false, "hasLift": true, "priceByArea": 3600.0, "detailedType": {"typology": "flat"}, "suggestedTexts": {"subtitle": "Pla\u00e7a de Catalunya, El Prat de Llobregat", "title": "Piso"}, "hasPlan": false, "has3DTour": false, "has360": false, "hasStaging": false, "topNewDevelopment": false}, {"propertyCode": "92673128", "thumbnail": "https://img3.idealista.com/blur/WEB_LISTING/0/id.pro.es.image.master/9c/ff/fc/845367054.jpg", "externalReference": "V0595", "numPhotos": 21, "floor": "6", "price": 295000.0, "propertyType": "penthouse", "operation": "sale", "size": 70.0, "exterior": true, "rooms": 3, "bathrooms": 1, "address": "Pla\u00e7a de Catalunya", "province": "Barcelona", "municipality": "El Prat de Llobregat", "district": "Pla\u00e7a de Catalunya", "country": "es", "latitude": 41.322453, "longitude": 2.0870726, "showAddress": false, "url": "https://www.idealista.com/inmueble/92673128/", "distance": "903", "hasVideo": false, "status": "good", "newDevelopment": false, "hasLift": true, "priceByArea": 4214.0, "detailedType": {"typology": "flat", "subTypology": "penthouse"}, "suggestedTexts": {"subtitle": "Pla\u00e7a de Catalunya, El Prat de Llobregat", "title": "\u00c1tico"}, "hasPlan": false, "has3DTour": false, "has360": false, "hasStaging": false, "topNewDevelopment": false}, {"propertyCode": "92193142", "thumbnail": "https://img3.idealista.com/blur/WEB_LISTING/0/id.pro.es.image.master/7e/02/c2/833216472.jpg", "externalReference": "G9_320098", "numPhotos": 20, "floor": "1", "price": 157000.0, "propertyType": "flat", "operation": "sale", "size": 71.0, "exterior": true, "rooms": 3, "bathrooms": 1, "address": "Pla\u00e7a de Catalunya", "province": "Barcelona", "municipality": "El Prat de Llobregat", "district": "Pla\u00e7a de Catalunya", "country": "es", "latitude": 41.3234823, "longitude": 2.0947718, "showAddress": false, "url": "https://www.idealista.com/inmueble/92193142/", "distance": "1498", "hasVideo": false, "status": "good", "newDevelopment": false, "hasLift": true, "priceByArea": 2211.0, "detailedType": {"typology": "flat"}, "suggestedTexts": {"subtitle": "Pla\u00e7a de Catalunya, El Prat de Llobregat", "title": "Piso"}, "hasPlan": false, "has3DTour": false, "has360": false, "hasStaging": false, "topNewDevelopment": false}, {"propertyCode": "91657938", "thumbnail": "https://img3.idealista.com/blur/WEB_LISTING/0/id.pro.es.image.master/2b/b6/d1/820095407.jpg", "externalReference": "BA - 0070", "numPhotos": 16, "floor": "2", "price": 160000.0, "propertyType": "flat", "operation": "sale", "size": 52.0, "exterior": true, "rooms": 3, "bathrooms": 1, "address": "Enric Borras", "province": "Barcelona", "municipality": "El Prat de Llobregat", "district": "Centre", "country": "es", "latitude": 41.330218, "longitude": 2.098998, "showAddress": false, "url": "https://www.idealista.com/inmueble/91657938/", "distance": "2221", "hasVideo": false, "status": "good", "newDevelopment": false, "hasLift": false, "priceByArea": 3077.0, "detailedType": {"typology": "flat"}, "suggestedTexts": {"subtitle": "Centre, El Prat de Llobregat", "title": "Piso en Enric Borras"}, "hasPlan": false, "has3DTour": false, "has360": false, "hasStaging": false, "topNewDevelopment": false}, {"propertyCode": "91650827", "thumbnail": "https://img3.idealista.com/blur/WEB_LISTING/0/id.pro.es.image.master/83/83/59/819936946.jpg", "externalReference": "FC866HA", "numPhotos": 17, "floor": "1", "price": 390000.0, "propertyType": "flat", "operation": "sale", "size": 120.0, "exterior": true, "rooms": 4, "bathrooms": 2, "address": "Avenida REMOLAR", "province": "Barcelona", "municipality": "El Prat de Llobregat", "district": "Pla\u00e7a de Catalunya", "country": "es", "latitude": 41.3223949, "longitude": 2.0884377, "showAddress": false, "url": "https://www.idealista.com/inmueble/91650827/", "distance": "987", "hasVideo": false, "status": "good", "newDevelopment": false, "hasLift": true, "priceByArea": 3250.0, "detailedType": {"typology": "flat"}, "suggestedTexts": {"subtitle": "Pla\u00e7a de Catalunya, El Prat de Llobregat", "title": "Piso en Avenida REMOLAR"}, "hasPlan": false, "has3DTour": false, "has360": false, "hasStaging": false, "topNewDevelopment": false}, {"propertyCode": "86379524", "thumbnail": "https://img3.idealista.com/blur/WEB_LISTING/0/id.pro.es.image.master/d6/b3/a1/695321589.jpg", "externalReference": "208", "numPhotos": 15, "floor": "1", "price": 199000.0, "propertyType": "flat", "operation": "sale", "size": 85.0, "exterior": true, "rooms": 3, "bathrooms": 1, "address": "Carretera de la Marina s/n", "province": "Barcelona", "municipality": "El Prat de Llobregat", "district": "Centre", "country": "es", "latitude": 41.3278673, "longitude": 2.0993327, "showAddress": true, "url": "https://www.idealista.com/inmueble/86379524/", "distance": "2081", "hasVideo": false, "status": "good", "newDevelopment": false, "hasLift": true, "priceByArea": 2341.0, "detailedType": {"typology": "flat"}, "suggestedTexts": {"subtitle": "Centre, El Prat de Llobregat", "title": "Piso en Carretera de la Marina s/n"}, "hasPlan": false, "has3DTour": false, "has360": false, "hasStaging": false, "topNewDevelopment": false}, {"propertyCode": "93065604", "thumbnail": "https://img3.idealista.com/blur/WEB_LISTING/0/id.pro.es.image.master/aa/19/aa/853655512.jpg", "externalReference": "G19_314671", "numPhotos": 20, "floor": "4", "price": 242000.0, "propertyType": "flat", "operation": "sale", "size": 90.0, "exterior": true, "rooms": 3, "bathrooms": 1, "address": "Pla\u00e7a de Catalunya", "province": "Barcelona", "municipality": "El Prat de Llobregat", "district": "Pla\u00e7a de Catalunya", "country": "es", "latitude": 41.3240999, "longitude": 2.0902113, "showAddress": false, "url": "https://www.idealista.com/inmueble/93065604/", "distance": "1221", "hasVideo": false, "status": "good", "newDevelopment": false, "hasLift": true, "priceByArea": 2689.0, "detailedType": {"typology": "flat"}, "suggestedTexts": {"subtitle": "Pla\u00e7a de Catalunya, El Prat de Llobregat", "title": "Piso"}, "hasPlan": false, "has3DTour": false, "has360": false, "hasStaging": false, "topNewDevelopment": false}, {"propertyCode": "92580550", "thumbnail": "https://img3.idealista.com/blur/WEB_LISTING/0/id.pro.es.image.master/9a/00/19/843190023.jpg", "externalReference": "BA - 0103", "numPhotos": 9, "floor": "1", "price": 260000.0, "propertyType": "flat", "operation": "sale", "size": 100.0, "exterior": true, "rooms": 4, "bathrooms": 2, "address": "Plaza Pablo neruda", "province": "Barcelona", "municipality": "El Prat de Llobregat", "district": "Eixample", "country": "es", "latitude": 41.3253814, "longitude": 2.1023603, "showAddress": false, "url": "https://www.idealista.com/inmueble/92580550/", "distance": "2159", "hasVideo": false, "status": "good", "newDevelopment": false, "hasLift": true, "priceByArea": 2600.0, "detailedType": {"typology": "flat"}, "suggestedTexts": {"subtitle": "Eixample, El Prat de Llobregat", "title": "Piso en Plaza Pablo neruda"}, "hasPlan": false, "has3DTour": false, "has360": false, "hasStaging": false, "topNewDevelopment": false}, {"propertyCode": "92272484", "thumbnail": "https://img3.idealista.com/blur/WEB_LISTING/0/id.pro.es.image.master/84/58/1f/835302659.jpg", "externalReference": "CVFC0366", "numPhotos": 18, "floor": "2", "price": 265000.0, "propertyType": "flat", "operation": "sale", "size": 93.0, "exterior": true, "rooms": 4, "bathrooms": 2, "address": "Lleida", "province": "Barcelona", "municipality": "El Prat de Llobregat", "district": "Pla\u00e7a de Catalunya", "country": "es", "latitude": 41.3201826, "longitude": 2.0930493, "showAddress": false, "url": "https://www.idealista.com/inmueble/92272484/", "distance": "1223", "hasVideo": true, "status": "good", "newDevelopment": false, "hasLift": true, "priceByArea": 2849.0, "detailedType": {"typology": "flat"}, "suggestedTexts": {"subtitle": "Pla\u00e7a de Catalunya, El Prat de Llobregat", "title": "Piso en Lleida"}, "hasPlan": false, "has3DTour": false, "has360": false, "hasStaging": false, "topNewDevelopment": false}, {"propertyCode": "92985085", "thumbnail": "https://img3.idealista.com/blur/WEB_LISTING/0/id.pro.es.image.master/bf/f1/e2/852514365.jpg", "externalReference": "Castell pueblo", "numPhotos": 19, "floor": "bj", "price": 210000.0, "propertyType": "flat", "operation": "sale", "size": 65.0, "exterior": false, "rooms": 3, "bathrooms": 1, "address": "Eixample", "province": "Barcelona", "municipality": "El Prat de Llobregat", "district": "Eixample", "country": "es", "latitude": 41.3240799, "longitude": 2.0979746, "showAddress": false, "url": "https://www.idealista.com/inmueble/92985085/", "distance": "1766", "hasVideo": true, "status": "good", "newDevelopment": false, "hasLift": true, "priceByArea": 3231.0, "detailedType": {"typology": "flat"}, "suggestedTexts": {"subtitle": "Eixample, El Prat de Llobregat", "title": "Piso"}, "hasPlan": false, "has3DTour": false, "has360": false, "hasStaging": false, "topNewDevelopment": false}, {"propertyCode": "92403413", "thumbnail": "https://img3.idealista.com/blur/WEB_LISTING/0/id.pro.es.image.master/8d/42/89/838955199.jpg", "externalReference": "G9_327448", "numPhotos": 20, "floor": "4", "price": 143000.0, "propertyType": "flat", "operation": "sale", "size": 60.0, "exterior": false, "rooms": 3, "bathrooms": 1, "address": "Pla\u00e7a de Catalunya", "province": "Barcelona", "municipality": "El Prat de Llobregat", "district": "Pla\u00e7a de Catalunya", "country": "es", "latitude": 41.321474, "longitude": 2.0971908, "showAddress": false, "url": "https://www.idealista.com/inmueble/92403413/", "distance": "1596", "hasVideo": false, "status": "good", "newDevelopment": false, "hasLift": false, "priceByArea": 2383.0, "detailedType": {"typology": "flat"}, "suggestedTexts": {"subtitle": "Pla\u00e7a de Catalunya, El Prat de Llobregat", "title": "Piso"}, "hasPlan": false, "has3DTour": false, "has360": false, "hasStaging": false, "topNewDevelopment": false}, {"propertyCode": "92332797", "thumbnail": "https://img3.idealista.com/blur/WEB_LISTING/0/id.pro.es.image.master/08/c5/64/837216032.jpg", "externalReference": "2905 ANTV", "numPhotos": 12, "floor": "3", "price": 161000.0, "propertyType": "flat", "operation": "sale", "size": 69.0, "exterior": true, "rooms": 3, "bathrooms": 1, "address": "Montsant", "province": "Barcelona", "municipality": "El Prat de Llobregat", "district": "Pla\u00e7a de Catalunya", "country": "es", "latitude": 41.3221499, "longitude": 2.0898705, "showAddress": false, "url": "https://www.idealista.com/inmueble/92332797/", "distance": "1070", "hasVideo": false, "status": "good", "newDevelopment": false, "hasLift": false, "priceByArea": 2333.0, "detailedType": {"typology": "flat"}, "suggestedTexts": {"subtitle": "Pla\u00e7a de Catalunya, El Prat de Llobregat", "title": "Piso en Montsant"}, "hasPlan": false, "has3DTour": false, "has360": false, "hasStaging": false, "topNewDevelopment": false}, {"propertyCode": "91909706", "thumbnail": "https://img3.idealista.com/blur/WEB_LISTING/0/id.pro.es.image.master/75/54/9d/834326504.jpg", "externalReference": "1342", "numPhotos": 16, "floor": "3", "price": 222000.0, "propertyType": "flat", "operation": "sale", "size": 89.0, "exterior": true, "rooms": 3, "bathrooms": 1, "address": "Pla\u00e7a de Catalunya", "province": "Barcelona", "municipality": "El Prat de Llobregat", "district": "Pla\u00e7a de Catalunya", "country": "es", "latitude": 41.3199737, "longitude": 2.0920274, "showAddress": false, "url": "https://www.idealista.com/inmueble/91909706/", "distance": "1135", "hasVideo": false, "status": "good", "newDevelopment": false, "hasLift": true, "priceByArea": 2494.0, "detailedType": {"typology": "flat"}, "suggestedTexts": {"subtitle": "Pla\u00e7a de Catalunya, El Prat de Llobregat", "title": "Piso"}, "hasPlan": false, "has3DTour": false, "has360": false, "hasStaging": false, "topNewDevelopment": false}, {"propertyCode": "91662827", "thumbnail": "https://img3.idealista.com/blur/WEB_LISTING/0/id.pro.es.image.master/b6/a8/a9/835444758.jpg", "externalReference": "V0584", "numPhotos": 20, "floor": "2", "price": 265000.0, "propertyType": "flat", "operation": "sale", "size": 113.0, "exterior": false, "rooms": 2, "bathrooms": 2, "address": "Pla\u00e7a de Catalunya", "province": "Barcelona", "municipality": "El Prat de Llobregat", "district": "Pla\u00e7a de Catalunya", "country": "es", "latitude": 41.321315, "longitude": 2.0977139, "showAddress": false, "url": "https://www.idealista.com/inmueble/91662827/", "distance": "1632", "hasVideo": false, "status": "good", "newDevelopment": false, "hasLift": true, "priceByArea": 2345.0, "detailedType": {"typology": "flat"}, "suggestedTexts": {"subtitle": "Pla\u00e7a de Catalunya, El Prat de Llobregat", "title": "Piso"}, "hasPlan": false, "has3DTour": false, "has360": false, "hasStaging": false, "topNewDevelopment": false}, {"propertyCode": "92748102", "thumbnail": "https://img3.idealista.com/blur/WEB_LISTING/0/id.pro.es.image.master/f9/b3/29/847155452.jpg", "externalReference": "V0605", "numPhotos": 19, "floor": "2", "price": 240000.0, "propertyType": "flat", "operation": "sale", "size": 95.0, "exterior": false, "rooms": 3, "bathrooms": 2, "address": "Pla\u00e7a de Catalunya", "province": "Barcelona", "municipality": "El Prat de Llobregat", "district": "Pla\u00e7a de Catalunya", "country": "es", "latitude": 41.3197885, "longitude": 2.0852374, "showAddress": false, "url": "https://www.idealista.com/inmueble/92748102/", "distance": "603", "hasVideo": false, "status": "good", "newDevelopment": false, "hasLift": true, "priceByArea": 2526.0, "detailedType": {"typology": "flat"}, "suggestedTexts": {"subtitle": "Pla\u00e7a de Catalunya, El Prat de Llobregat", "title": "Piso"}, "hasPlan": false, "has3DTour": false, "has360": false, "hasStaging": false, "topNewDevelopment": false}, {"propertyCode": "92052133", "thumbnail": "https://img3.idealista.com/blur/WEB_LISTING/0/id.pro.es.image.master/91/47/f8/847754371.jpg", "externalReference": "GV36322", "numPhotos": 7, "floor": "3", "price": 149500.0, "propertyType": "flat", "operation": "sale", "size": 58.0, "exterior": false, "rooms": 3, "bathrooms": 1, "address": "Centre", "province": "Barcelona", "municipality": "El Prat de Llobregat", "district": "Centre", "country": "es", "latitude": 41.3237179, "longitude": 2.09247, "showAddress": false, "url": "https://www.idealista.com/inmueble/92052133/", "distance": "1347", "hasVideo": false, "status": "good", "newDevelopment": false, "priceByArea": 2578.0, "detailedType": {"typology": "flat"}, "suggestedTexts": {"subtitle": "Centre, El Prat de Llobregat", "title": "Piso"}, "hasPlan": false, "has3DTour": false, "has360": false, "hasStaging": false, "topNewDevelopment": false}, {"propertyCode": "93200786", "thumbnail": "https://img3.idealista.com/blur/WEB_LISTING/0/id.pro.es.image.master/0e/b9/db/856844424.jpg", "externalReference": "6077", "numPhotos": 15, "floor": "2", "price": 445000.0, "propertyType": "duplex", "operation": "sale", "size": 158.0, "exterior": true, "rooms": 3, "bathrooms": 2, "address": "Centre", "province": "Barcelona", "municipality": "El Prat de Llobregat", "district": "Centre", "country": "es", "latitude": 41.330251, "longitude": 2.095765, "showAddress": false, "url": "https://www.idealista.com/inmueble/93200786/", "distance": "2029", "hasVideo": false, "status": "good", "newDevelopment": false, "hasLift": true, "parkingSpace": {"hasParkingSpace": true, "isParkingSpaceIncludedInPrice": true}, "priceByArea": 2816.0, "detailedType": {"typology": "flat", "subTypology": "duplex"}, "suggestedTexts": {"subtitle": "Centre, El Prat de Llobregat", "title": "D\u00faplex"}, "hasPlan": false, "has3DTour": false, "has360": false, "hasStaging": false, "topNewDevelopment": false}, {"propertyCode": "90838294", "thumbnail": "https://img3.idealista.com/blur/WEB_LISTING/0/id.pro.es.image.master/cc/b5/05/799765997.jpg", "externalReference": "3889", "numPhotos": 26, "price": 330000.0, "propertyType": "flat", "operation": "sale", "size": 119.0, "exterior": false, "rooms": 3, "bathrooms": 2, "address": "Calle de Reus", "province": "Barcelona", "municipality": "El Prat de Llobregat", "district": "Eixample", "country": "es", "latitude": 41.3231034, "longitude": 2.1003045, "showAddress": false, "url": "https://www.idealista.com/inmueble/90838294/", "distance": "1902", "hasVideo": false, "status": "good", "newDevelopment": false, "hasLift": false, "priceByArea": 2773.0, "detailedType": {"typology": "flat"}, "suggestedTexts": {"subtitle": "Eixample, El Prat de Llobregat", "title": "Piso en Calle de Reus"}, "hasPlan": true, "has3DTour": false, "has360": false, "hasStaging": false, "topNewDevelopment": false}, {"propertyCode": "90838271", "thumbnail": "https://img3.idealista.com/blur/WEB_LISTING/0/id.pro.es.image.master/99/6c/7e/799765456.jpg", "externalReference": "3899", "numPhotos": 23, "price": 370000.0, "propertyType": "duplex", "operation": "sale", "size": 136.0, "exterior": false, "rooms": 2, "bathrooms": 2, "address": "Calle de Reus", "province": "Barcelona", "municipality": "El Prat de Llobregat", "district": "Eixample", "country": "es", "latitude": 41.3230034, "longitude": 2.1029045, "showAddress": false, "url": "https://www.idealista.com/inmueble/90838271/", "distance": "2102", "hasVideo": false, "status": "good", "newDevelopment": false, "hasLift": true, "priceByArea": 2721.0, "detailedType": {"typology": "flat", "subTypology": "duplex"}, "suggestedTexts": {"subtitle": "Eixample, El Prat de Llobregat", "title": "D\u00faplex en Calle de Reus"}, "hasPlan": true, "has3DTour": false, "has360": false, "hasStaging": false, "topNewDevelopment": false}, {"propertyCode": "93186778", "thumbnail": "https://img3.idealista.com/blur/WEB_LISTING/0/id.pro.es.image.master/bc/0c/55/856492272.jpg", "externalReference": "RS5080", "numPhotos": 22, "floor": "2", "price": 198700.0, "propertyType": "flat", "operation": "sale", "size": 95.0, "exterior": true, "rooms": 3, "bathrooms": 1, "address": "Calle de l'Estany de Sant Maurici", "province": "Barcelona", "municipality": "El Prat de Llobregat", "district": "Pla\u00e7a de Catalunya", "country": "es", "latitude": 41.3229884, "longitude": 2.0909406, "showAddress": false, "url": "https://www.idealista.com/inmueble/93186778/", "distance": "1196", "hasVideo": false, "status": "good", "newDevelopment": false, "hasLift": true, "priceByArea": 2092.0, "detailedType": {"typology": "flat"}, "suggestedTexts": {"subtitle": "Pla\u00e7a de Catalunya, El Prat de Llobregat", "title": "Piso en Calle de l'Estany de Sant Maurici"}, "hasPlan": true, "has3DTour": false, "has360": false, "hasStaging": false, "topNewDevelopment": false}, {"propertyCode": "92760395", "thumbnail": "https://img3.idealista.com/blur/WEB_LISTING/0/id.pro.es.image.master/5c/8f/b1/847488603.jpg", "externalReference": "3895", "numPhotos": 20, "price": 370000.0, "propertyType": "duplex", "operation": "sale", "size": 103.0, "exterior": true, "rooms": 1, "bathrooms": 1, "address": "Calle girona, 118", "province": "Barcelona", "municipality": "El Prat de Llobregat", "district": "Eixample", "country": "es", "latitude": 41.3235747, "longitude": 2.1010447, "showAddress": true, "url": "https://www.idealista.com/obra-nueva/92760395/", "distance": "1978", "hasVideo": false, "status": "newdevelopment", "newDevelopment": true, "hasLift": true, "newDevelopmentFinished": false, "priceByArea": 3592.0, "detailedType": {"typology": "flat", "subTypology": "duplex"}, "suggestedTexts": {"subtitle": "Eixample, El Prat de Llobregat", "title": "D\u00faplex en Calle girona, 118"}, "hasPlan": true, "has3DTour": false, "has360": false, "hasStaging": false, "topNewDevelopment": false}, {"propertyCode": "92760378", "thumbnail": "https://img3.idealista.com/blur/WEB_LISTING/0/id.pro.es.image.master/82/03/24/847488578.jpg", "externalReference": "3894", "numPhotos": 20, "price": 360000.0, "propertyType": "duplex", "operation": "sale", "size": 128.0, "exterior": true, "rooms": 1, "bathrooms": 1, "address": "Calle girona, 118", "province": "Barcelona", "municipality": "El Prat de Llobregat", "district": "Eixample", "country": "es", "latitude": 41.3235747, "longitude": 2.1010447, "showAddress": true, "url": "https://www.idealista.com/obra-nueva/92760378/", "distance": "1978", "hasVideo": false, "status": "newdevelopment", "newDevelopment": true, "hasLift": true, "newDevelopmentFinished": false, "priceByArea": 2813.0, "detailedType": {"typology": "flat", "subTypology": "duplex"}, "suggestedTexts": {"subtitle": "Eixample, El Prat de Llobregat", "title": "D\u00faplex en Calle girona, 118"}, "hasPlan": true, "has3DTour": false, "has360": false, "hasStaging": false, "topNewDevelopment": false}, {"propertyCode": "92760393", "thumbnail": "https://img3.idealista.com/blur/WEB_LISTING/0/id.pro.es.image.master/dc/39/97/847488622.jpg", "externalReference": "3900", "numPhotos": 20, "price": 390000.0, "propertyType": "duplex", "operation": "sale", "size": 111.0, "exterior": true, "rooms": 2, "bathrooms": 2, "address": "Calle girona, 118", "province": "Barcelona", "municipality": "El Prat de Llobregat", "district": "Eixample", "country": "es", "latitude": 41.3235747, "longitude": 2.1010447, "showAddress": true, "url": "https://www.idealista.com/obra-nueva/92760393/", "distance": "1978", "hasVideo": false, "status": "newdevelopment", "newDevelopment": true, "hasLift": true, "newDevelopmentFinished": false, "priceByArea": 3514.0, "detailedType": {"typology": "flat", "subTypology": "duplex"}, "suggestedTexts": {"subtitle": "Eixample, El Prat de Llobregat", "title": "D\u00faplex en Calle girona, 118"}, "hasPlan": true, "has3DTour": false, "has360": false, "hasStaging": false, "topNewDevelopment": false}, {"propertyCode": "92760397", "thumbnail": "https://img3.idealista.com/blur/WEB_LISTING/0/id.pro.es.image.master/3c/0c/56/847488604.jpg", "externalReference": "3892", "numPhotos": 20, "price": 185000.0, "propertyType": "flat", "operation": "sale", "size": 72.0, "exterior": true, "rooms": 1, "bathrooms": 1, "address": "Calle girona, 118", "province": "Barcelona", "municipality": "El Prat de Llobregat", "district": "Eixample", "country": "es", "latitude": 41.3235747, "longitude": 2.1010447, "showAddress": true, "url": "https://www.idealista.com/obra-nueva/92760397/", "distance": "1978", "hasVideo": false, "status": "newdevelopment", "newDevelopment": true, "hasLift": true, "newDevelopmentFinished": false, "priceByArea": 2569.0, "detailedType": {"typology": "flat"}, "suggestedTexts": {"subtitle": "Eixample, El Prat de Llobregat", "title": "Piso en Calle girona, 118"}, "hasPlan": true, "has3DTour": false, "has360": false, "hasStaging": false, "topNewDevelopment": false}, {"propertyCode": "92760358", "thumbnail": "https://img3.idealista.com/blur/WEB_LISTING/0/id.pro.es.image.master/7b/d6/60/847488602.jpg", "externalReference": "3898", "numPhotos": 20, "price": 325000.0, "propertyType": "flat", "operation": "sale", "size": 123.0, "exterior": true, "rooms": 3, "bathrooms": 2, "address": "Calle girona, 118", "province": "Barcelona", "municipality": "El Prat de Llobregat", "district": "Eixample", "country": "es", "latitude": 41.3235747, "longitude": 2.1010447, "showAddress": true, "url": "https://www.idealista.com/obra-nueva/92760358/", "distance": "1978", "hasVideo": false, "status": "newdevelopment", "newDevelopment": true, "hasLift": true, "newDevelopmentFinished": false, "priceByArea": 2642.0, "detailedType": {"typology": "flat"}, "suggestedTexts": {"subtitle": "Eixample, El Prat de Llobregat", "title": "Piso en Calle girona, 118"}, "hasPlan": true, "has3DTour": false, "has360": false, "hasStaging": false, "topNewDevelopment": false}, {"propertyCode": "93034917", "thumbnail": "https://img3.idealista.com/blur/WEB_LISTING/0/id.pro.es.image.master/c3/69/06/853123123.jpg", "numPhotos": 25, "floor": "1", "price": 279000.0, "propertyType": "flat", "operation": "sale", "size": 75.0, "exterior": true, "rooms": 2, "bathrooms": 1, "address": "Calle Pau Casals, 32", "province": "Barcelona", "municipality": "El Prat de Llobregat", "district": "Centre", "country": "es", "latitude": 41.3268172, "longitude": 2.0951573, "showAddress": true, "url": "https://www.idealista.com/inmueble/93034917/", "distance": "1732", "hasVideo": true, "status": "good", "newDevelopment": false, "hasLift": false, "priceByArea": 3720.0, "detailedType": {"typology": "flat"}, "suggestedTexts": {"subtitle": "Centre, El Prat de Llobregat", "title": "Piso en Calle Pau Casals, 32"}, "hasPlan": true, "has3DTour": false, "has360": false, "hasStaging": false, "topNewDevelopment": false}, {"propertyCode": "93034141", "thumbnail": "https://img3.idealista.com/blur/WEB_LISTING/0/id.pro.es.image.master/bd/48/64/853104942.jpg", "numPhotos": 28, "floor": "1", "price": 289000.0, "propertyType": "flat", "operation": "sale", "size": 75.0, "exterior": true, "rooms": 2, "bathrooms": 1, "address": "C/Pau Casal, 32", "province": "Barcelona", "municipality": "El Prat de Llobregat", "district": "Centre", "country": "es", "latitude": 41.3268172, "longitude": 2.0951573, "showAddress": true, "url": "https://www.idealista.com/inmueble/93034141/", "distance": "1732", "hasVideo": true, "status": "good", "newDevelopment": false, "hasLift": false, "priceByArea": 3853.0, "detailedType": {"typology": "flat"}, "suggestedTexts": {"subtitle": "Centre, El Prat de Llobregat", "title": "Piso en C/Pau Casal, 32"}, "hasPlan": true, "has3DTour": false, "has360": false, "hasStaging": false, "topNewDevelopment": false}, {"propertyCode": "93032725", "thumbnail": "https://img3.idealista.com/blur/WEB_LISTING/0/id.pro.es.image.master/1d/85/aa/853069406.jpg", "numPhotos": 18, "floor": "2", "price": 179000.0, "propertyType": "flat", "operation": "sale", "size": 85.0, "exterior": true, "rooms": 3, "bathrooms": 1, "address": "C/Pau Casals, 128", "province": "Barcelona", "municipality": "El Prat de Llobregat", "district": "Centre", "country": "es", "latitude": 41.3281205, "longitude": 2.0988748, "showAddress": true, "url": "https://www.idealista.com/inmueble/93032725/", "distance": "2066", "hasVideo": true, "status": "renew", "newDevelopment": false, "hasLift": false, "priceByArea": 2106.0, "detailedType": {"typology": "flat"}, "suggestedTexts": {"subtitle": "Centre, El Prat de Llobregat", "title": "Piso en C/Pau Casals, 128"}, "hasPlan": true, "has3DTour": false, "has360": false, "hasStaging": false, "topNewDevelopment": false}, {"propertyCode": "92987643", "thumbnail": "https://img3.idealista.com/blur/WEB_LISTING/0/id.pro.es.image.master/d7/5c/1e/852564784.jpg", "externalReference": "VL109", "numPhotos": 32, "floor": "bj", "price": 275000.0, "propertyType": "flat", "operation": "sale", "size": 70.0, "exterior": true, "rooms": 2, "bathrooms": 1, "address": "Pau Casals, 32", "province": "Barcelona", "municipality": "El Prat de Llobregat", "district": "Centre", "country": "es", "latitude": 41.3268172, "longitude": 2.0951573, "showAddress": true, "url": "https://www.idealista.com/inmueble/92987643/", "distance": "1732", "hasVideo": true, "status": "good", "newDevelopment": false, "hasLift": false, "priceByArea": 3929.0, "detailedType": {"typology": "flat"}, "suggestedTexts": {"subtitle": "Centre, El Prat de Llobregat", "title": "Piso en Pau Casals, 32"}, "hasPlan": true, "has3DTour": false, "has360": false, "hasStaging": false, "topNewDevelopment": false}, {"propertyCode": "92908415", "thumbnail": "https://img3.idealista.com/blur/WEB_LISTING/0/id.pro.es.image.master/22/f4/46/850806772.jpg", "externalReference": "G19_574764", "numPhotos": 23, "floor": "6", "price": 183000.0, "propertyType": "flat", "operation": "sale", "size": 86.0, "exterior": false, "rooms": 3, "bathrooms": 1, "address": "Pla\u00e7a de Catalunya", "province": "Barcelona", "municipality": "El Prat de Llobregat", "district": "Pla\u00e7a de Catalunya", "country": "es", "latitude": 41.3199117, "longitude": 2.0896902, "showAddress": false, "url": "https://www.idealista.com/inmueble/92908415/", "distance": "947", "hasVideo": false, "status": "good", "newDevelopment": false, "hasLift": true, "priceByArea": 2128.0, "detailedType": {"typology": "flat"}, "suggestedTexts": {"subtitle": "Pla\u00e7a de Catalunya, El Prat de Llobregat", "title": "Piso"}, "hasPlan": false, "has3DTour": false, "has360": false, "hasStaging": false, "topNewDevelopment": false}]