[{"propertyCode": "92205752", "thumbnail": "https://img3.idealista.com/blur/WEB_LISTING/0/id.pro.es.image.master/75/40/e5/833594220.jpg", "externalReference": "145VE22REBSIB13", "numPhotos": 25, "floor": "3", "price": 379000.0, "propertyType": "flat", "operation": "sale", "size": 86.0, "exterior": false, "rooms": 3, "bathrooms": 2, "address": "Calle de Berl\u00edn", "province": "Barcelona", "municipality": "Barcelona", "district": "Sants-Montju\u00efc", "country": "es", "neighborhood": "Sants", "latitude": 41.3829925, "longitude": 2.1370918, "showAddress": false, "url": "https://www.idealista.com/inmueble/92205752/", "distance": "388", "hasVideo": false, "status": "good", "newDevelopment": false, "hasLift": true, "priceByArea": 4407.0, "detailedType": {"typology": "flat"}, "suggestedTexts": {"subtitle": "Sants, Barcelona", "title": "Piso en Calle de Berl\u00edn"}, "hasPlan": true, "has3DTour": true, "has360": false, "hasStaging": false, "topNewDevelopment": false}, {"propertyCode": "39669401", "thumbnail": "https://img3.idealista.com/blur/WEB_LISTING/0/id.pro.es.image.master/86/37/b5/844567227.jpg", "externalReference": "B04241BA", "numPhotos": 25, "floor": "1", "price": 730000.0, "propertyType": "flat", "operation": "sale", "size": 132.0, "exterior": true, "rooms": 3, "bathrooms": 2, "address": "barrio Sant Gervasi - Galvany", "province": "Barcelona", "municipality": "Barcelona", "district": "Sarri\u00e0-Sant Gervasi", "country": "es", "neighborhood": "Sant Gervasi - Galvany", "latitude": 41.39124, "longitude": 2.1396285, "showAddress": false, "url": "https://www.idealista.com/inmueble/39669401/", "distance": "839", "hasVideo": true, "status": "good", "newDevelopment": false, "hasLift": true, "priceByArea": 5530.0, "detailedType": {"typology": "flat"}, "suggestedTexts": {"subtitle": "Sant Gervasi - Galvany, Barcelona", "title": "Piso"}, "hasPlan": true, "has3DTour": false, "has360": true, "hasStaging": false, "topNewDevelopment": false}, {"propertyCode": "92228558", "thumbnail": "https://img3.idealista.com/blur/WEB_LISTING/0/id.pro.es.image.master/8d/4c/bd/834217811.jpg", "externalReference": "4399", "numPhotos": 32, "floor": "7", "price": 490000.0, "propertyType": "flat", "operation": "sale", "size": 125.0, "exterior": true, "rooms": 4, "bathrooms": 2, "address": "Gran Via de Carles III", "province": "Barcelona", "municipality": "Barcelona", "district": "Les Corts", "country": "es", "neighborhood": "La Maternitat i Sant Ramon", "latitude": 41.3848586, "longitude": 2.1255646, "showAddress": false, "url": "https://www.idealista.com/inmueble/92228558/", "distance": "665", "hasVideo": true, "status": "renew", "newDevelopment": false, "hasLift": true, "priceByArea": 3920.0, "detailedType": {"typology": "flat"}, "suggestedTexts": {"subtitle": "La Maternitat i Sant Ramon, Barcelona", "title": "Piso en Gran Via de Carles III"}, "hasPlan": true, "has3DTour": false, "has360": true, "hasStaging": false, "topNewDevelopment": false}, {"propertyCode": "92984814", "thumbnail": "https://img3.idealista.com/blur/WEB_LISTING/0/id.pro.es.image.master/c6/a1/ec/852507567.jpg", "externalReference": "VB2102046-1", "numPhotos": 39, "floor": "5", "price": 990000.0, "propertyType": "flat", "operation": "sale", "size": 177.0, "exterior": true, "rooms": 5, "bathrooms": 3, "address": "Paseo de Manuel Girona", "province": "Barcelona", "municipality": "Barcelona", "district": "Sarri\u00e0-Sant Gervasi", "country": "es", "neighborhood": "Sarri\u00e0", "latitude": 41.3908184, "longitude": 2.1268549, "showAddress": false, "url": "https://www.idealista.com/inmueble/92984814/", "distance": "833", "hasVideo": true, "status": "good", "newDevelopment": false, "hasLift": true, "parkingSpace": {"hasParkingSpace": true, "isParkingSpaceIncludedInPrice": true}, "priceByArea": 5593.0, "detailedType": {"typology": "flat"}, "suggestedTexts": {"subtitle": "Sarri\u00e0, Barcelona", "title": "Piso en Paseo de Manuel Girona"}, "hasPlan": true, "has3DTour": false, "has360": true, "hasStaging": false, "topNewDevelopment": false}, {"propertyCode": "39908522", "thumbnail": "https://img3.idealista.com/blur/WEB_LISTING/0/id.pro.es.image.master/36/c5/ac/269066666.jpg", "externalReference": "4486", "numPhotos": 30, "floor": "4", "price": 1100000.0, "propertyType": "duplex", "operation": "sale", "size": 200.0, "exterior": true, "rooms": 3, "bathrooms": 2, "address": "GANDUXER", "province": "Barcelona", "municipality": "Barcelona", "district": "Sarri\u00e0-Sant Gervasi", "country": "es", "neighborhood": "Sant Gervasi - Galvany", "latitude": 41.390355, "longitude": 2.1410455, "showAddress": false, "url": "https://www.idealista.com/inmueble/39908522/", "distance": "846", "hasVideo": false, "status": "good", "newDevelopment": false, "hasLift": true, "parkingSpace": {"hasParkingSpace": true, "isParkingSpaceIncludedInPrice": true}, "priceByArea": 5500.0, "detailedType": {"typology": "flat", "subTypology": "duplex"}, "suggestedTexts": {"subtitle": "Sant Gervasi - Galvany, Barcelona", "title": "D\u00faplex en GANDUXER"}, "hasPlan": true, "has3DTour": false, "has360": true, "hasStaging": false, "topNewDevelopment": false}, {"propertyCode": "91646493", "thumbnail": "https://img3.idealista.com/blur/WEB_LISTING/0/id.pro.es.image.master/d5/f4/fa/819824465.jpg", "externalReference": "W-02J59Y", "numPhotos": 41, "floor": "6", "price": 790000.0, "propertyType": "flat", "operation": "sale", "size": 158.0, "exterior": false, "rooms": 5, "bathrooms": 2, "address": "barrio Les Corts", "province": "Barcelona", "municipality": "Barcelona", "district": "Les Corts", "country": "es", "neighborhood": "Les Corts", "latitude": 41.3905187, "longitude": 2.1391401, "showAddress": false, "url": "https://www.idealista.com/inmueble/91646493/", "distance": "751", "hasVideo": false, "status": "good", "newDevelopment": false, "hasLift": true, "parkingSpace": {"hasParkingSpace": true, "isParkingSpaceIncludedInPrice": true}, "priceByArea": 5000.0, "detailedType": {"typology": "flat"}, "suggestedTexts": {"subtitle": "Les Corts, Barcelona", "title": "Piso"}, "hasPlan": true, "has3DTour": false, "has360": true, "hasStaging": false, "topNewDevelopment": false}, {"propertyCode": "92531260", "thumbnail": "https://img3.idealista.com/blur/WEB_LISTING/0/id.pro.es.image.master/93/b6/fc/841911073.jpg", "externalReference": "11304", "numPhotos": 24, "floor": "8", "price": 890000.0, "propertyType": "flat", "operation": "sale", "size": 100.0, "exterior": true, "rooms": 3, "bathrooms": 2, "address": "Calle de Bori i Fontest\u00e0", "province": "Barcelona", "municipality": "Barcelona", "district": "Sarri\u00e0-Sant Gervasi", "country": "es", "neighborhood": "Sant Gervasi - Galvany", "latitude": 41.3904142, "longitude": 2.1350841, "showAddress": false, "url": "https://www.idealista.com/inmueble/92531260/", "distance": "590", "hasVideo": false, "status": "good", "newDevelopment": false, "hasLift": true, "parkingSpace": {"hasParkingSpace": true, "isParkingSpaceIncludedInPrice": true}, "priceByArea": 8900.0, "detailedType": {"typology": "flat"}, "suggestedTexts": {"subtitle": "Sant Gervasi - Galvany, Barcelona", "title": "Piso en Calle de Bori i Fontest\u00e0"}, "hasPlan": true, "has3DTour": false, "has360": true, "hasStaging": false, "topNewDevelopment": false}, {"propertyCode": "91903585", "thumbnail": "https://img3.idealista.com/blur/WEB_LISTING/0/id.pro.es.image.master/2d/db/44/826096760.jpg", "externalReference": "CB_BCN_0376_V", "numPhotos": 33, "floor": "9", "price": 475000.0, "propertyType": "penthouse", "operation": "sale", "size": 124.0, "exterior": true, "rooms": 3, "bathrooms": 2, "address": "Calle del Comandant Ben\u00edtez", "province": "Barcelona", "municipality": "Barcelona", "district": "Les Corts", "country": "es", "neighborhood": "La Maternitat i Sant Ramon", "latitude": 41.3799546, "longitude": 2.1285386, "showAddress": false, "url": "https://www.idealista.com/inmueble/91903585/", "distance": "719", "hasVideo": true, "status": "good", "newDevelopment": false, "hasLift": true, "priceByArea": 3831.0, "detailedType": {"typology": "flat", "subTypology": "penthouse"}, "suggestedTexts": {"subtitle": "La Maternitat i Sant Ramon, Barcelona", "title": "\u00c1tico en Calle del Comandant Ben\u00edtez"}, "hasPlan": true, "has3DTour": false, "has360": true, "hasStaging": false, "topNewDevelopment": false}, {"propertyCode": "93207901", "thumbnail": "https://img3.idealista.com/blur/WEB_LISTING/0/id.pro.es.image.master/6b/50/25/857010737.jpg", "externalReference": "9510", "numPhotos": 34, "price": 830000.0, "propertyType": "flat", "operation": "sale", "size": 166.0, "exterior": false, "rooms": 5, "bathrooms": 3, "address": "Calle del Capit\u00e0 Arenas", "province": "Barcelona", "municipality": "Barcelona", "district": "Les Corts", "country": "es", "neighborhood": "Pedralbes", "latitude": 41.3886633, "longitude": 2.1272273, "showAddress": false, "url": "https://www.idealista.com/inmueble/93207901/", "distance": "649", "hasVideo": false, "status": "good", "newDevelopment": false, "hasLift": true, "priceByArea": 5000.0, "detailedType": {"typology": "flat"}, "suggestedTexts": {"subtitle": "Pedralbes, Barcelona", "title": "Piso en Calle del Capit\u00e0 Arenas"}, "hasPlan": true, "has3DTour": true, "has360": false, "hasStaging": false, "topNewDevelopment": false}, {"propertyCode": "91948372", "thumbnail": "https://img3.idealista.com/blur/WEB_LISTING/0/id.pro.es.image.master/99/26/ef/827115748.jpg", "externalReference": "NUMANCIA", "numPhotos": 33, "floor": "1", "price": 645000.0, "propertyType": "flat", "operation": "sale", "size": 170.0, "exterior": true, "rooms": 4, "bathrooms": 3, "address": "barrio Les Corts", "province": "Barcelona", "municipality": "Barcelona", "district": "Les Corts", "country": "es", "neighborhood": "Les Corts", "latitude": 41.3846202, "longitude": 2.136212, "showAddress": false, "url": "https://www.idealista.com/inmueble/91948372/", "distance": "234", "hasVideo": false, "status": "good", "newDevelopment": false, "hasLift": true, "priceByArea": 3794.0, "detailedType": {"typology": "flat"}, "suggestedTexts": {"subtitle": "Les Corts, Barcelona", "title": "Piso"}, "hasPlan": false, "has3DTour": false, "has360": true, "hasStaging": false, "topNewDevelopment": false}, {"propertyCode": "90072619", "thumbnail": "https://img3.idealista.com/blur/WEB_LISTING/0/id.pro.es.image.master/f1/80/20/782550589.jpg", "externalReference": "019273", "numPhotos": 30, "floor": "4", "price": 1095000.0, "propertyType": "flat", "operation": "sale", "size": 217.0, "exterior": true, "rooms": 4, "bathrooms": 4, "address": "Paseo de Manuel Girona", "province": "Barcelona", "municipality": "Barcelona", "district": "Sarri\u00e0-Sant Gervasi", "country": "es", "neighborhood": "Sarri\u00e0", "latitude": 41.3913301, "longitude": 2.1285839, "showAddress": false, "url": "https://www.idealista.com/inmueble/90072619/", "distance": "793", "hasVideo": false, "status": "good", "newDevelopment": false, "hasLift": true, "parkingSpace": {"hasParkingSpace": true, "isParkingSpaceIncludedInPrice": true}, "priceByArea": 5046.0, "detailedType": {"typology": "flat"}, "suggestedTexts": {"subtitle": "Sarri\u00e0, Barcelona", "title": "Piso en Paseo de Manuel Girona"}, "hasPlan": true, "has3DTour": false, "has360": false, "hasStaging": false, "topNewDevelopment": false}, {"propertyCode": "91901786", "thumbnail": "https://img3.idealista.com/blur/WEB_LISTING/0/id.pro.es.image.master/00/86/db/852935224.jpg", "externalReference": "244730", "numPhotos": 26, "floor": "4", "price": 349000.0, "propertyType": "flat", "operation": "sale", "size": 96.0, "exterior": true, "rooms": 4, "bathrooms": 1, "address": "barrio Les Corts", "province": "Barcelona", "municipality": "Barcelona", "district": "Les Corts", "country": "es", "neighborhood": "Les Corts", "latitude": 41.3827546, "longitude": 2.1396071, "showAddress": false, "url": "https://www.idealista.com/inmueble/91901786/", "distance": "577", "hasVideo": false, "status": "good", "newDevelopment": false, "hasLift": true, "priceByArea": 3635.0, "detailedType": {"typology": "flat"}, "suggestedTexts": {"subtitle": "Les Corts, Barcelona", "title": "Piso"}, "hasPlan": true, "has3DTour": false, "has360": false, "hasStaging": false, "topNewDevelopment": false}, {"propertyCode": "88551642", "thumbnail": "https://img3.idealista.com/blur/WEB_LISTING/0/id.pro.es.image.master/97/ce/01/749424997.jpg", "externalReference": "019258", "numPhotos": 30, "floor": "6", "price": 1454000.0, "propertyType": "flat", "operation": "sale", "size": 121.0, "exterior": true, "rooms": 3, "bathrooms": 2, "address": "Calle de Can Segalar", "province": "Barcelona", "municipality": "Barcelona", "district": "Les Corts", "country": "es", "neighborhood": "Les Corts", "latitude": 41.3889708, "longitude": 2.1313964, "showAddress": false, "url": "https://www.idealista.com/inmueble/88551642/", "distance": "451", "hasVideo": false, "status": "good", "newDevelopment": false, "hasLift": true, "priceByArea": 12017.0, "detailedType": {"typology": "flat"}, "suggestedTexts": {"subtitle": "Les Corts, Barcelona", "title": "Piso en Calle de Can Segalar"}, "hasPlan": true, "has3DTour": false, "has360": false, "hasStaging": false, "topNewDevelopment": false}, {"propertyCode": "39916328", "thumbnail": "https://img3.idealista.com/blur/WEB_LISTING/0/id.pro.es.image.master/8d/06/bd/272835556.jpg", "externalReference": "019107", "numPhotos": 29, "floor": "5", "price": 1082000.0, "propertyType": "flat", "operation": "sale", "size": 95.0, "exterior": true, "rooms": 3, "bathrooms": 2, "address": "Calle de Can Segalar", "province": "Barcelona", "municipality": "Barcelona", "district": "Les Corts", "country": "es", "neighborhood": "Les Corts", "latitude": 41.3871037, "longitude": 2.1336023, "showAddress": false, "url": "https://www.idealista.com/inmueble/39916328/", "distance": "207", "hasVideo": false, "status": "good", "newDevelopment": false, "hasLift": true, "priceByArea": 11389.0, "detailedType": {"typology": "flat"}, "suggestedTexts": {"subtitle": "Les Corts, Barcelona", "title": "Piso en Calle de Can Segalar"}, "hasPlan": true, "has3DTour": false, "has360": false, "hasStaging": false, "topNewDevelopment": false}, {"propertyCode": "93170341", "thumbnail": "https://img3.idealista.com/blur/WEB_LISTING/0/id.pro.es.image.master/fb/5f/25/856071155.jpg", "externalReference": "CB_BCN_0448_V", "numPhotos": 25, "floor": "6", "price": 300000.0, "propertyType": "flat", "operation": "sale", "size": 83.0, "exterior": true, "rooms": 4, "bathrooms": 2, "address": "Calle del Tenor Masini", "province": "Barcelona", "municipality": "Barcelona", "district": "Sants-Montju\u00efc", "country": "es", "neighborhood": "Sants", "latitude": 41.3788714, "longitude": 2.1294036, "showAddress": false, "url": "https://www.idealista.com/inmueble/93170341/", "distance": "786", "hasVideo": true, "status": "good", "newDevelopment": false, "hasLift": true, "priceByArea": 3614.0, "detailedType": {"typology": "flat"}, "suggestedTexts": {"subtitle": "Sants, Barcelona", "title": "Piso en Calle del Tenor Masini"}, "hasPlan": true, "has3DTour": false, "has360": false, "hasStaging": false, "topNewDevelopment": false}, {"propertyCode": "92554672", "thumbnail": "https://img3.idealista.com/blur/WEB_LISTING/0/id.pro.es.image.master/6c/9a/15/842535808.jpg", "externalReference": "VB2101024", "numPhotos": 35, "floor": "1", "price": 645000.0, "propertyType": "flat", "operation": "sale", "size": 152.0, "exterior": true, "rooms": 3, "bathrooms": 4, "address": "barrio Les Corts", "province": "Barcelona", "municipality": "Barcelona", "district": "Les Corts", "country": "es", "neighborhood": "Les Corts", "latitude": 41.3842202, "longitude": 2.136812, "showAddress": false, "url": "https://www.idealista.com/inmueble/92554672/", "distance": "296", "hasVideo": true, "status": "good", "newDevelopment": false, "hasLift": true, "priceByArea": 4243.0, "detailedType": {"typology": "flat"}, "suggestedTexts": {"subtitle": "Les Corts, Barcelona", "title": "Piso"}, "hasPlan": true, "has3DTour": false, "has360": false, "hasStaging": false, "topNewDevelopment": false}, {"propertyCode": "93135069", "thumbnail": "https://img3.idealista.com/blur/WEB_LISTING/0/id.pro.es.image.master/32/53/74/855314268.jpg", "externalReference": "4688", "numPhotos": 26, "floor": "9", "price": 620000.0, "propertyType": "penthouse", "operation": "sale", "size": 109.0, "exterior": true, "rooms": 3, "bathrooms": 2, "address": "Gran Via de Carles III", "province": "Barcelona", "municipality": "Barcelona", "district": "Les Corts", "country": "es", "neighborhood": "La Maternitat i Sant Ramon", "latitude": 41.3825586, "longitude": 2.1255646, "showAddress": false, "url": "https://www.idealista.com/inmueble/93135069/", "distance": "727", "hasVideo": false, "status": "good", "newDevelopment": false, "hasLift": true, "priceByArea": 5688.0, "detailedType": {"typology": "flat", "subTypology": "penthouse"}, "suggestedTexts": {"subtitle": "La Maternitat i Sant Ramon, Barcelona", "title": "\u00c1tico en Gran Via de Carles III"}, "hasPlan": false, "has3DTour": false, "has360": false, "hasStaging": false, "topNewDevelopment": false}, {"propertyCode": "92479518", "thumbnail": "https://img3.idealista.com/blur/WEB_LISTING/0/id.pro.es.image.master/b4/d3/f3/856506153.jpg", "externalReference": "245822", "numPhotos": 24, "floor": "1", "price": 383000.0, "propertyType": "flat", "operation": "sale", "size": 78.0, "exterior": true, "rooms": 3, "bathrooms": 1, "address": "barrio Les Corts", "province": "Barcelona", "municipality": "Barcelona", "district": "Les Corts", "country": "es", "neighborhood": "Les Corts", "latitude": 41.3880165, "longitude": 2.1293806, "showAddress": false, "url": "https://www.idealista.com/inmueble/92479518/", "distance": "463", "hasVideo": false, "status": "good", "newDevelopment": false, "hasLift": true, "priceByArea": 4910.0, "detailedType": {"typology": "flat"}, "suggestedTexts": {"subtitle": "Les Corts, Barcelona", "title": "Piso"}, "hasPlan": true, "has3DTour": false, "has360": false, "hasStaging": false, "topNewDevelopment": false}, {"propertyCode": "92002837", "thumbnail": "https://img3.idealista.com/blur/WEB_LISTING/0/id.pro.es.image.master/2c/5b/4b/828390468.jpg", "externalReference": "244501", "numPhotos": 24, "floor": "1", "price": 217000.0, "propertyType": "flat", "operation": "sale", "size": 72.0, "exterior": true, "rooms": 4, "bathrooms": 1, "address": "barrio Sants", "province": "Barcelona", "municipality": "Barcelona", "district": "Sants-Montju\u00efc", "country": "es", "neighborhood": "Sants", "latitude": 41.3792557, "longitude": 2.135577, "showAddress": false, "url": "https://www.idealista.com/inmueble/92002837/", "distance": "686", "hasVideo": false, "status": "renew", "newDevelopment": false, "hasLift": false, "priceByArea": 3014.0, "detailedType": {"typology": "flat"}, "suggestedTexts": {"subtitle": "Sants, Barcelona", "title": "Piso"}, "hasPlan": true, "has3DTour": false, "has360": false, "hasStaging": false, "topNewDevelopment": false}, {"propertyCode": "91546116", "thumbnail": "https://img3.idealista.com/blur/WEB_LISTING/0/id.pro.es.image.master/60/b6/12/854317588.jpg", "externalReference": "243397", "numPhotos": 26, "floor": "6", "price": 415000.0, "propertyType": "flat", "operation": "sale", "size": 90.0, "exterior": true, "rooms": 5, "bathrooms": 1, "address": "barrio Les Corts", "province": "Barcelona", "municipality": "Barcelona", "district": "Les Corts", "country": "es", "neighborhood": "Les Corts", "latitude": 41.3838604, "longitude": 2.1310964, "showAddress": false, "url": "https://www.idealista.com/inmueble/91546116/", "distance": "253", "hasVideo": false, "status": "good", "newDevelopment": false, "hasLift": true, "priceByArea": 4611.0, "detailedType": {"typology": "flat"}, "suggestedTexts": {"subtitle": "Les Corts, Barcelona", "title": "Piso"}, "hasPlan": true, "has3DTour": false, "has360": false, "hasStaging": false, "topNewDevelopment": false}, {"propertyCode": "93156654", "thumbnail": "https://img3.idealista.com/blur/WEB_LISTING/0/id.pro.es.image.master/ae/14/83/855719287.jpg", "externalReference": "4673", "numPhotos": 25, "price": 379000.0, "propertyType": "flat", "operation": "sale", "size": 86.0, "exterior": true, "rooms": 3, "bathrooms": 2, "address": "Calle de Berl\u00edn", "province": "Barcelona", "municipality": "Barcelona", "district": "Sants-Montju\u00efc", "country": "es", "neighborhood": "Sants", "latitude": 41.3829925, "longitude": 2.1364918, "showAddress": false, "url": "https://www.idealista.com/inmueble/93156654/", "distance": "351", "hasVideo": false, "status": "good", "newDevelopment": false, "hasLift": true, "priceByArea": 4407.0, "detailedType": {"typology": "flat"}, "suggestedTexts": {"subtitle": "Sants, Barcelona", "title": "Piso en Calle de Berl\u00edn"}, "hasPlan": false, "has3DTour": false, "has360": false, "hasStaging": false, "topNewDevelopment": false}, {"propertyCode": "91113514", "thumbnail": "https://img3.idealista.com/blur/WEB_LISTING/0/id.pro.es.image.master/df/49/62/847931018.jpg", "externalReference": "W-02JTHV", "numPhotos": 22, "price": 235000.0, "propertyType": "flat", "operation": "sale", "size": 60.0, "exterior": false, "rooms": 2, "bathrooms": 1, "address": "barrio Les Corts", "province": "Barcelona", "municipality": "Barcelona", "district": "Les Corts", "country": "es", "neighborhood": "Les Corts", "latitude": 41.3820867, "longitude": 2.1322806, "showAddress": false, "url": "https://www.idealista.com/inmueble/91113514/", "distance": "365", "hasVideo": false, "status": "renew", "newDevelopment": false, "hasLift": true, "priceByArea": 3917.0, "detailedType": {"typology": "flat"}, "suggestedTexts": {"subtitle": "Les Corts, Barcelona", "title": "Piso"}, "hasPlan": true, "has3DTour": false, "has360": false, "hasStaging": false, "topNewDevelopment": false}, {"propertyCode": "40123363", "thumbnail": "https://img3.idealista.com/blur/WEB_LISTING/0/id.pro.es.image.master/64/0f/86/274272858.jpg", "externalReference": "019116", "numPhotos": 26, "floor": "4", "price": 862000.0, "propertyType": "flat", "operation": "sale", "size": 82.0, "exterior": true, "rooms": 2, "bathrooms": 2, "address": "Calle de Can Segalar", "province": "Barcelona", "municipality": "Barcelona", "district": "Les Corts", "country": "es", "neighborhood": "Les Corts", "latitude": 41.3874037, "longitude": 2.1334023, "showAddress": false, "url": "https://www.idealista.com/inmueble/40123363/", "distance": "241", "hasVideo": false, "status": "good", "newDevelopment": false, "hasLift": true, "priceByArea": 10512.0, "detailedType": {"typology": "flat"}, "suggestedTexts": {"subtitle": "Les Corts, Barcelona", "title": "Piso en Calle de Can Segalar"}, "hasPlan": false, "has3DTour": false, "has360": false, "hasStaging": false, "topNewDevelopment": false}, {"propertyCode": "92957508", "thumbnail": "https://img3.idealista.com/blur/WEB_LISTING/0/id.pro.es.image.master/d4/57/aa/851991294.jpg", "externalReference": "VB2102052", "numPhotos": 24, "floor": "4", "price": 895000.0, "propertyType": "flat", "operation": "sale", "size": 139.0, "exterior": true, "rooms": 3, "bathrooms": 2, "address": "Avenida Diagonal", "province": "Barcelona", "municipality": "Barcelona", "district": "Les Corts", "country": "es", "neighborhood": "Les Corts", "latitude": 41.3893928, "longitude": 2.136692, "showAddress": false, "url": "https://www.idealista.com/inmueble/92957508/", "distance": "532", "hasVideo": true, "status": "good", "newDevelopment": false, "hasLift": true, "priceByArea": 6439.0, "detailedType": {"typology": "flat"}, "suggestedTexts": {"subtitle": "Les Corts, Barcelona", "title": "Piso en Avenida Diagonal"}, "hasPlan": false, "has3DTour": false, "has360": false, "hasStaging": false, "topNewDevelopment": false}, {"propertyCode": "93112341", "thumbnail": "https://img3.idealista.com/blur/WEB_LISTING/0/id.pro.es.image.master/6e/84/d7/854783114.jpg", "numPhotos": 25, "floor": "1", "price": 489000.0, "propertyType": "flat", "operation": "sale", "size": 118.0, "exterior": true, "rooms": 4, "bathrooms": 2, "address": "Avenida de Madrid s/n", "province": "Barcelona", "municipality": "Barcelona", "district": "Les Corts", "country": "es", "neighborhood": "Les Corts", "latitude": 41.3793697, "longitude": 2.1291354, "showAddress": true, "url": "https://www.idealista.com/inmueble/93112341/", "distance": "748", "hasVideo": false, "status": "good", "newDevelopment": false, "hasLift": true, "priceByArea": 4144.0, "detailedType": {"typology": "flat"}, "suggestedTexts": {"subtitle": "Les Corts, Barcelona", "title": "Piso en Avenida de Madrid s/n"}, "hasPlan": false, "has3DTour": false, "has360": false, "hasStaging": false, "topNewDevelopment": false}, {"propertyCode": "92807156", "thumbnail": "https://img3.idealista.com/blur/WEB_LISTING/0/id.pro.es.image.master/cd/e5/24/848587794.jpg", "externalReference": "0104-655-935-V", "numPhotos": 27, "floor": "bj", "price": 298500.0, "propertyType": "flat", "operation": "sale", "size": 77.0, "exterior": false, "rooms": 4, "bathrooms": 2, "address": "Calle del Comandant Ben\u00edtez", "province": "Barcelona", "municipality": "Barcelona", "district": "Les Corts", "country": "es", "neighborhood": "La Maternitat i Sant Ramon", "latitude": 41.3804659, "longitude": 2.127825, "showAddress": false, "url": "https://www.idealista.com/inmueble/92807156/", "distance": "712", "hasVideo": true, "status": "good", "newDevelopment": false, "hasLift": true, "priceByArea": 3877.0, "detailedType": {"typology": "flat"}, "suggestedTexts": {"subtitle": "La Maternitat i Sant Ramon, Barcelona", "title": "Piso en Calle del Comandant Ben\u00edtez"}, "hasPlan": true, "has3DTour": true, "has360": false, "hasStaging": false, "topNewDevelopment": false}, {"propertyCode": "92759121", "thumbnail": "https://img3.idealista.com/blur/WEB_LISTING/0/id.pro.es.image.master/40/d1/12/847454846.jpg", "externalReference": "CB_BCN_0424_V", "numPhotos": 23, "floor": "1", "price": 378500.0, "propertyType": "flat", "operation": "sale", "size": 106.0, "exterior": true, "rooms": 4, "bathrooms": 2, "address": "Avenida de Madrid", "province": "Barcelona", "municipality": "Barcelona", "district": "Les Corts", "country": "es", "neighborhood": "La Maternitat i Sant Ramon", "latitude": 41.379582, "longitude": 2.1281851, "showAddress": false, "url": "https://www.idealista.com/inmueble/92759121/", "distance": "770", "hasVideo": true, "status": "good", "newDevelopment": false, "hasLift": true, "priceByArea": 3571.0, "detailedType": {"typology": "flat"}, "suggestedTexts": {"subtitle": "La Maternitat i Sant Ramon, Barcelona", "title": "Piso en Avenida de Madrid"}, "hasPlan": true, "has3DTour": true, "has360": false, "hasStaging": false, "topNewDevelopment": false}, {"propertyCode": "92763078", "thumbnail": "https://img3.idealista.com/blur/WEB_LISTING/0/id.pro.es.image.master/dd/04/17/847556345.jpg", "externalReference": "TANDEM-CARLES-III", "numPhotos": 30, "floor": "1", "price": 480000.0, "propertyType": "flat", "operation": "sale", "size": 113.0, "exterior": true, "rooms": 3, "bathrooms": 2, "address": "CARLES III", "province": "Barcelona", "municipality": "Barcelona", "district": "Les Corts", "country": "es", "neighborhood": "Les Corts", "latitude": 41.3875279, "longitude": 2.1259932, "showAddress": false, "url": "https://www.idealista.com/inmueble/92763078/", "distance": "678", "hasVideo": false, "status": "good", "newDevelopment": false, "hasLift": true, "priceByArea": 4248.0, "detailedType": {"typology": "flat"}, "suggestedTexts": {"subtitle": "Les Corts, Barcelona", "title": "Piso en CARLES III"}, "hasPlan": true, "has3DTour": false, "has360": false, "hasStaging": false, "topNewDevelopment": false}, {"propertyCode": "82328750", "thumbnail": "https://img3.idealista.com/blur/WEB_LISTING/0/id.pro.es.image.master/e2/55/42/848302134.jpg", "externalReference": "1068", "numPhotos": 21, "floor": "5", "price": 429500.0, "propertyType": "flat", "operation": "sale", "size": 100.0, "exterior": true, "rooms": 4, "bathrooms": 1, "address": "Calle de Berl\u00edn", "province": "Barcelona", "municipality": "Barcelona", "district": "Sants-Montju\u00efc", "country": "es", "neighborhood": "Sants", "latitude": 41.38437, "longitude": 2.1395, "showAddress": false, "url": "https://www.idealista.com/inmueble/82328750/", "distance": "507", "hasVideo": false, "status": "good", "newDevelopment": false, "hasLift": true, "priceByArea": 4295.0, "detailedType": {"typology": "flat"}, "suggestedTexts": {"subtitle": "Sants, Barcelona", "title": "Piso en Calle de Berl\u00edn"}, "hasPlan": true, "has3DTour": false, "has360": false, "hasStaging": false, "topNewDevelopment": false}, {"propertyCode": "92544629", "thumbnail": "https://img3.idealista.com/blur/WEB_LISTING/0/id.pro.es.image.master/c4/a0/bd/842260086.jpg", "externalReference": "abcn15", "numPhotos": 33, "floor": "8", "price": 385000.0, "propertyType": "flat", "operation": "sale", "size": 101.0, "exterior": true, "rooms": 4, "bathrooms": 1, "address": "Avenida madrid, 184", "province": "Barcelona", "municipality": "Barcelona", "district": "Sants-Montju\u00efc", "country": "es", "neighborhood": "Sants", "latitude": 41.3807631, "longitude": 2.1327324, "showAddress": true, "url": "https://www.idealista.com/inmueble/92544629/", "distance": "501", "hasVideo": false, "status": "good", "newDevelopment": false, "hasLift": true, "priceByArea": 3812.0, "detailedType": {"typology": "flat"}, "suggestedTexts": {"subtitle": "Sants, Barcelona", "title": "Piso en Avenida madrid, 184"}, "hasPlan": true, "has3DTour": false, "has360": false, "hasStaging": false, "topNewDevelopment": false}, {"propertyCode": "92474916", "thumbnail": "https://img3.idealista.com/blur/WEB_LISTING/0/id.pro.es.image.master/a5/c7/35/841811482.jpg", "externalReference": "abcn14", "numPhotos": 33, "floor": "8", "price": 385000.0, "propertyType": "flat", "operation": "sale", "size": 101.0, "exterior": true, "rooms": 4, "bathrooms": 1, "address": "Avenida de Madrid, 141", "province": "Barcelona", "municipality": "Barcelona", "district": "Les Corts", "country": "es", "neighborhood": "Les Corts", "latitude": 41.3804133, "longitude": 2.1307074, "showAddress": true, "url": "https://www.idealista.com/inmueble/92474916/", "distance": "585", "hasVideo": false, "status": "good", "newDevelopment": false, "hasLift": true, "priceByArea": 3812.0, "detailedType": {"typology": "flat"}, "suggestedTexts": {"subtitle": "Les Corts, Barcelona", "title": "Piso en Avenida de Madrid, 141"}, "hasPlan": true, "has3DTour": false, "has360": false, "hasStaging": false, "topNewDevelopment": false}, {"propertyCode": "92329758", "thumbnail": "https://img3.idealista.com/blur/WEB_LISTING/0/id.pro.es.image.master/33/f9/ee/842141424.jpg", "externalReference": "220973", "numPhotos": 14, "floor": "1", "price": 595000.0, "propertyType": "flat", "operation": "sale", "size": 138.0, "exterior": true, "rooms": 3, "bathrooms": 2, "address": "barrio Les Corts", "province": "Barcelona", "municipality": "Barcelona", "district": "Les Corts", "country": "es", "neighborhood": "Les Corts", "latitude": 41.3841492, "longitude": 2.1271823, "showAddress": false, "url": "https://www.idealista.com/inmueble/92329758/", "distance": "542", "hasVideo": false, "status": "good", "newDevelopment": false, "hasLift": true, "priceByArea": 4312.0, "detailedType": {"typology": "flat"}, "suggestedTexts": {"subtitle": "Les Corts, Barcelona", "title": "Piso"}, "hasPlan": true, "has3DTour": false, "has360": false, "hasStaging": false, "topNewDevelopment": false}, {"propertyCode": "92881599", "thumbnail": "https://img3.idealista.com/blur/WEB_LISTING/0/id.pro.es.image.master/07/e1/25/850159209.jpg", "externalReference": "BCN27270", "numPhotos": 31, "price": 910000.0, "propertyType": "flat", "operation": "sale", "size": 102.0, "exterior": true, "rooms": 3, "bathrooms": 2, "address": "barrio Les Corts", "province": "Barcelona", "municipality": "Barcelona", "district": "Les Corts", "country": "es", "neighborhood": "Les Corts", "latitude": 41.3866639, "longitude": 2.1307014, "showAddress": false, "url": "https://www.idealista.com/inmueble/92881599/", "distance": "284", "hasVideo": false, "status": "good", "newDevelopment": false, "hasLift": true, "priceByArea": 8922.0, "detailedType": {"typology": "flat"}, "suggestedTexts": {"subtitle": "Les Corts, Barcelona", "title": "Piso"}, "hasPlan": false, "has3DTour": false, "has360": false, "hasStaging": false, "topNewDevelopment": false}, {"propertyCode": "91957685", "thumbnail": "https://img3.idealista.com/blur/WEB_LISTING/0/id.pro.es.image.master/68/0a/55/827347572.jpg", "externalReference": "CB_BCN_0373_VV", "numPhotos": 34, "floor": "4", "price": 365000.0, "propertyType": "flat", "operation": "sale", "size": 88.0, "exterior": true, "rooms": 3, "bathrooms": 2, "address": "Calle de Joan G\u00fcell", "province": "Barcelona", "municipality": "Barcelona", "district": "Les Corts", "country": "es", "neighborhood": "Les Corts", "latitude": 41.3807139, "longitude": 2.134086, "showAddress": false, "url": "https://www.idealista.com/inmueble/91957685/", "distance": "505", "hasVideo": true, "status": "good", "newDevelopment": false, "hasLift": true, "priceByArea": 4148.0, "detailedType": {"typology": "flat"}, "suggestedTexts": {"subtitle": "Les Corts, Barcelona", "title": "Piso en Calle de Joan G\u00fcell"}, "hasPlan": true, "has3DTour": false, "has360": false, "hasStaging": false, "topNewDevelopment": false}, {"propertyCode": "91860194", "thumbnail": "https://img3.idealista.com/blur/WEB_LISTING/0/id.pro.es.image.master/e4/17/82/825020485.jpg", "externalReference": "CB_BCN_0367_V", "numPhotos": 27, "floor": "1", "price": 435000.0, "propertyType": "flat", "operation": "sale", "size": 103.0, "exterior": true, "rooms": 4, "bathrooms": 2, "address": "Calle de l'Equador", "province": "Barcelona", "municipality": "Barcelona", "district": "Les Corts", "country": "es", "neighborhood": "Les Corts", "latitude": 41.3874406, "longitude": 2.139953, "showAddress": false, "url": "https://www.idealista.com/inmueble/91860194/", "distance": "589", "hasVideo": true, "status": "good", "newDevelopment": false, "hasLift": true, "priceByArea": 4223.0, "detailedType": {"typology": "flat"}, "suggestedTexts": {"subtitle": "Les Corts, Barcelona", "title": "Piso en Calle de l'Equador"}, "hasPlan": true, "has3DTour": false, "has360": false, "hasStaging": false, "topNewDevelopment": false}, {"propertyCode": "91695977", "thumbnail": "https://img3.idealista.com/blur/WEB_LISTING/0/id.pro.es.image.master/4c/22/b4/821030757.jpg", "externalReference": "CB_BCN_0373_V", "numPhotos": 34, "floor": "4", "price": 365000.0, "propertyType": "flat", "operation": "sale", "size": 88.0, "exterior": true, "rooms": 3, "bathrooms": 2, "address": "Calle de Joan G\u00fcell", "province": "Barcelona", "municipality": "Barcelona", "district": "Sants-Montju\u00efc", "country": "es", "neighborhood": "Sants", "latitude": 41.3819381, "longitude": 2.1337164, "showAddress": false, "url": "https://www.idealista.com/inmueble/91695977/", "distance": "367", "hasVideo": true, "status": "good", "newDevelopment": false, "hasLift": true, "priceByArea": 4148.0, "detailedType": {"typology": "flat"}, "suggestedTexts": {"subtitle": "Sants, Barcelona", "title": "Piso en Calle de Joan G\u00fcell"}, "hasPlan": true, "has3DTour": false, "has360": false, "hasStaging": false, "topNewDevelopment": false}, {"propertyCode": "90204735", "thumbnail": "https://img3.idealista.com/blur/WEB_LISTING/0/id.pro.es.image.master/b5/db/85/785418323.jpg", "externalReference": "CB_BCN_0297_V", "numPhotos": 39, "price": 1450000.0, "propertyType": "chalet", "operation": "sale", "size": 480.0, "exterior": false, "rooms": 4, "bathrooms": 3, "address": "Calle d'Alcolea", "province": "Barcelona", "municipality": "Barcelona", "district": "Sants-Montju\u00efc", "country": "es", "neighborhood": "Sants", "latitude": 41.3785656, "longitude": 2.1343299, "showAddress": false, "url": "https://www.idealista.com/inmueble/90204735/", "distance": "744", "hasVideo": true, "status": "good", "newDevelopment": false, "priceByArea": 3021.0, "detailedType": {"typology": "chalet", "subTypology": "independantHouse"}, "suggestedTexts": {"subtitle": "Sants, Barcelona", "title": "Casa independiente en Calle d'Alcolea"}, "hasPlan": true, "has3DTour": false, "has360": false, "hasStaging": false, "topNewDevelopment": false}, {"propertyCode": "89826810", "thumbnail": "https://img3.idealista.com/blur/WEB_LISTING/0/id.pro.es.image.master/65/5f/6a/783486465.jpg", "externalReference": "CB_BCN_0284_V", "numPhotos": 22, "price": 598000.0, "propertyType": "chalet", "operation": "sale", "size": 242.0, "exterior": false, "rooms": 3, "bathrooms": 3, "address": "Calle del Tenor Masini", "province": "Barcelona", "municipality": "Barcelona", "district": "Sants-Montju\u00efc", "country": "es", "neighborhood": "Sants", "latitude": 41.3788835, "longitude": 2.1335534, "showAddress": false, "url": "https://www.idealista.com/inmueble/89826810/", "distance": "706", "hasVideo": true, "status": "good", "newDevelopment": false, "parkingSpace": {"hasParkingSpace": true, "isParkingSpaceIncludedInPrice": true}, "priceByArea": 2471.0, "detailedType": {"typology": "chalet", "subTypology": "independantHouse"}, "suggestedTexts": {"subtitle": "Sants, Barcelona", "title": "Casa independiente en Calle del Tenor Masini"}, "hasPlan": true, "has3DTour": false, "has360": false, "hasStaging": false, "topNewDevelopment": false}, {"propertyCode": "92771991", "thumbnail": "https://img3.idealista.com/blur/WEB_LISTING/0/id.pro.es.image.master/3b/f0/3f/847754452.jpg", "externalReference": "0101-662-809-V", "numPhotos": 17, "floor": "1", "price": 170000.0, "propertyType": "flat", "operation": "sale", "size": 49.0, "exterior": true, "rooms": 2, "bathrooms": 1, "address": "Calle del Tenor Masini", "province": "Barcelona", "municipality": "Barcelona", "district": "Sants-Montju\u00efc", "country": "es", "neighborhood": "Sants", "latitude": 41.3777369, "longitude": 2.1332916, "showAddress": false, "url": "https://www.idealista.com/inmueble/92771991/", "distance": "834", "hasVideo": true, "status": "renew", "newDevelopment": false, "hasLift": false, "priceByArea": 3469.0, "detailedType": {"typology": "flat"}, "suggestedTexts": {"subtitle": "Sants, Barcelona", "title": "Piso en Calle del Tenor Masini"}, "hasPlan": true, "has3DTour": true, "has360": false, "hasStaging": false, "topNewDevelopment": false}, {"propertyCode": "92051592", "thumbnail": "https://img3.idealista.com/blur/WEB_LISTING/0/id.pro.es.image.master/fa/e6/58/841539687.jpg", "externalReference": "11271", "numPhotos": 19, "floor": "1", "price": 300000.0, "propertyType": "flat", "operation": "sale", "size": 99.0, "exterior": false, "rooms": 3, "bathrooms": 2, "address": "Avenida de Madrid", "province": "Barcelona", "municipality": "Barcelona", "district": "Les Corts", "country": "es", "neighborhood": "Les Corts", "latitude": 41.382056, "longitude": 2.1321005, "showAddress": false, "url": "https://www.idealista.com/inmueble/92051592/", "distance": "373", "hasVideo": false, "status": "good", "newDevelopment": false, "hasLift": true, "priceByArea": 3030.0, "detailedType": {"typology": "flat"}, "suggestedTexts": {"subtitle": "Les Corts, Barcelona", "title": "Piso en Avenida de Madrid"}, "hasPlan": true, "has3DTour": false, "has360": false, "hasStaging": false, "topNewDevelopment": false}, {"propertyCode": "93111005", "thumbnail": "https://img3.idealista.com/blur/WEB_LISTING/0/id.pro.es.image.master/07/e6/e1/800421182.jpg", "externalReference": "v7231", "numPhotos": 31, "floor": "7", "price": 559000.0, "propertyType": "flat", "operation": "sale", "size": 120.0, "exterior": true, "rooms": 3, "bathrooms": 2, "address": "barrio Les Corts", "province": "Barcelona", "municipality": "Barcelona", "district": "Les Corts", "country": "es", "neighborhood": "Les Corts", "latitude": 41.3872491, "longitude": 2.1357684, "showAddress": false, "url": "https://www.idealista.com/inmueble/93111005/", "distance": "291", "hasVideo": true, "status": "good", "newDevelopment": false, "hasLift": true, "parkingSpace": {"hasParkingSpace": true, "isParkingSpaceIncludedInPrice": true}, "priceByArea": 4658.0, "detailedType": {"typology": "flat"}, "suggestedTexts": {"subtitle": "Les Corts, Barcelona", "title": "Piso"}, "hasPlan": false, "has3DTour": false, "has360": false, "hasStaging": false, "topNewDevelopment": false}, {"propertyCode": "92647696", "thumbnail": "https://img3.idealista.com/blur/WEB_LISTING/0/id.pro.es.image.master/bd/ed/15/844798426.jpg", "externalReference": "BCN27268", "numPhotos": 31, "price": 1252000.0, "propertyType": "flat", "operation": "sale", "size": 130.0, "exterior": true, "rooms": 3, "bathrooms": 2, "address": "barrio Les Corts", "province": "Barcelona", "municipality": "Barcelona", "district": "Les Corts", "country": "es", "neighborhood": "Les Corts", "latitude": 41.38907, "longitude": 2.1307946, "showAddress": false, "url": "https://www.idealista.com/inmueble/92647696/", "distance": "483", "hasVideo": false, "status": "good", "newDevelopment": false, "hasLift": true, "priceByArea": 9631.0, "detailedType": {"typology": "flat"}, "suggestedTexts": {"subtitle": "Les Corts, Barcelona", "title": "Piso"}, "hasPlan": false, "has3DTour": false, "has360": false, "hasStaging": false, "topNewDevelopment": false}, {"propertyCode": "92647691", "thumbnail": "https://img3.idealista.com/blur/WEB_LISTING/0/id.pro.es.image.master/c8/fb/2b/844798254.jpg", "externalReference": "BCN27267", "numPhotos": 29, "price": 1076500.0, "propertyType": "flat", "operation": "sale", "size": 130.0, "exterior": true, "rooms": 3, "bathrooms": 2, "address": "barrio Les Corts", "province": "Barcelona", "municipality": "Barcelona", "district": "Les Corts", "country": "es", "neighborhood": "Les Corts", "latitude": 41.38927, "longitude": 2.1294946, "showAddress": false, "url": "https://www.idealista.com/inmueble/92647691/", "distance": "560", "hasVideo": false, "status": "good", "newDevelopment": false, "hasLift": true, "priceByArea": 8281.0, "detailedType": {"typology": "flat"}, "suggestedTexts": {"subtitle": "Les Corts, Barcelona", "title": "Piso"}, "hasPlan": false, "has3DTour": false, "has360": false, "hasStaging": false, "topNewDevelopment": false}, {"propertyCode": "90996277", "thumbnail": "https://img3.idealista.com/blur/WEB_LISTING/0/id.pro.es.image.master/32/61/ea/844798510.jpg", "externalReference": "BCN25173", "numPhotos": 30, "price": 1095500.0, "propertyType": "flat", "operation": "sale", "size": 102.0, "exterior": true, "rooms": 3, "bathrooms": 2, "address": "barrio Les Corts", "province": "Barcelona", "municipality": "Barcelona", "district": "Les Corts", "country": "es", "neighborhood": "Les Corts", "latitude": 41.3864784, "longitude": 2.1317448, "showAddress": false, "url": "https://www.idealista.com/inmueble/90996277/", "distance": "202", "hasVideo": false, "status": "good", "newDevelopment": false, "hasLift": true, "priceByArea": 10740.0, "detailedType": {"typology": "flat"}, "suggestedTexts": {"subtitle": "Les Corts, Barcelona", "title": "Piso"}, "hasPlan": false, "has3DTour": false, "has360": false, "hasStaging": false, "topNewDevelopment": false}, {"propertyCode": "90996261", "thumbnail": "https://img3.idealista.com/blur/WEB_LISTING/0/id.pro.es.image.master/af/b5/d8/844798488.jpg", "externalReference": "BCN25172", "numPhotos": 30, "price": 978000.0, "propertyType": "flat", "operation": "sale", "size": 87.0, "exterior": true, "rooms": 3, "bathrooms": 2, "address": "barrio Les Corts", "province": "Barcelona", "municipality": "Barcelona", "district": "Les Corts", "country": "es", "neighborhood": "Les Corts", "latitude": 41.3866784, "longitude": 2.1303448, "showAddress": false, "url": "https://www.idealista.com/inmueble/90996261/", "distance": "310", "hasVideo": false, "status": "good", "newDevelopment": false, "hasLift": true, "priceByArea": 11241.0, "detailedType": {"typology": "flat"}, "suggestedTexts": {"subtitle": "Les Corts, Barcelona", "title": "Piso"}, "hasPlan": false, "has3DTour": false, "has360": false, "hasStaging": false, "topNewDevelopment": false}, {"propertyCode": "89414003", "thumbnail": "https://img3.idealista.com/blur/WEB_LISTING/0/id.pro.es.image.master/9b/00/fd/770860390.jpg", "externalReference": "210-2127", "numPhotos": 30, "floor": "6", "price": 465000.0, "propertyType": "flat", "operation": "sale", "size": 94.0, "exterior": true, "rooms": 3, "bathrooms": 2, "address": "Traves\u00eda de les Corts", "province": "Barcelona", "municipality": "Barcelona", "district": "Les Corts", "country": "es", "neighborhood": "Les Corts", "latitude": 41.3867193, "longitude": 2.1332299, "showAddress": false, "url": "https://www.idealista.com/inmueble/89414003/", "distance": "166", "hasVideo": false, "status": "good", "newDevelopment": false, "hasLift": true, "priceByArea": 4947.0, "detailedType": {"typology": "flat"}, "suggestedTexts": {"subtitle": "Les Corts, Barcelona", "title": "Piso en Traves\u00eda de les Corts"}, "hasPlan": true, "has3DTour": false, "has360": false, "hasStaging": false, "topNewDevelopment": false}, {"propertyCode": "92584682", "thumbnail": "https://img3.idealista.com/blur/WEB_LISTING/0/id.pro.es.image.master/3f/8e/0e/843878194.jpg", "externalReference": "S-30370", "numPhotos": 39, "floor": "en", "price": 355000.0, "propertyType": "flat", "operation": "sale", "size": 79.0, "exterior": true, "rooms": 2, "bathrooms": 1, "address": "Calle de la Pobla de Lillet", "province": "Barcelona", "municipality": "Barcelona", "district": "Les Corts", "country": "es", "neighborhood": "Les Corts", "latitude": 41.3806321, "longitude": 2.128766, "showAddress": false, "url": "https://www.idealista.com/inmueble/92584682/", "distance": "647", "hasVideo": false, "status": "good", "newDevelopment": false, "hasLift": true, "priceByArea": 4494.0, "detailedType": {"typology": "flat"}, "suggestedTexts": {"subtitle": "Les Corts, Barcelona", "title": "Piso en Calle de la Pobla de Lillet"}, "hasPlan": true, "has3DTour": false, "has360": false, "hasStaging": false, "topNewDevelopment": false}, {"propertyCode": "91610311", "thumbnail": "https://img3.idealista.com/blur/WEB_LISTING/0/id.pro.es.image.master/8f/b2/63/818949007.jpg", "externalReference": "4291", "numPhotos": 35, "floor": "6", "price": 450000.0, "propertyType": "flat", "operation": "sale", "size": 63.0, "exterior": true, "rooms": 2, "bathrooms": 2, "address": "Calle del Capit\u00e0 Arenas", "province": "Barcelona", "municipality": "Barcelona", "district": "Les Corts", "country": "es", "neighborhood": "Pedralbes", "latitude": 41.3890641, "longitude": 2.1253005, "showAddress": false, "url": "https://www.idealista.com/inmueble/91610311/", "distance": "807", "hasVideo": true, "status": "good", "newDevelopment": false, "hasLift": true, "priceByArea": 7143.0, "detailedType": {"typology": "flat"}, "suggestedTexts": {"subtitle": "Pedralbes, Barcelona", "title": "Piso en Calle del Capit\u00e0 Arenas"}, "hasPlan": true, "has3DTour": false, "has360": false, "hasStaging": false, "topNewDevelopment": false}, {"propertyCode": "92763654", "thumbnail": "https://img3.idealista.com/blur/WEB_LISTING/0/id.pro.es.image.master/4f/de/58/847570320.jpg", "externalReference": "0100-679-275-V", "numPhotos": 16, "floor": "2", "price": 285500.0, "propertyType": "flat", "operation": "sale", "size": 86.0, "exterior": true, "rooms": 4, "bathrooms": 2, "address": "Calle de Melcior de Palau", "province": "Barcelona", "municipality": "Barcelona", "district": "Sants-Montju\u00efc", "country": "es", "neighborhood": "Sants", "latitude": 41.3806838, "longitude": 2.1345422, "showAddress": false, "url": "https://www.idealista.com/inmueble/92763654/", "distance": "513", "hasVideo": true, "status": "renew", "newDevelopment": false, "hasLift": false, "priceByArea": 3320.0, "detailedType": {"typology": "flat"}, "suggestedTexts": {"subtitle": "Sants, Barcelona", "title": "Piso en Calle de Melcior de Palau"}, "hasPlan": true, "has3DTour": true, "has360": false, "hasStaging": false, "topNewDevelopment": false}, {"propertyCode": "92056660", "thumbnail": "https://img3.idealista.com/blur/WEB_LISTING/0/id.pro.es.image.master/4e/ed/f2/855823869.jpg", "externalReference": "GV614", "numPhotos": 15, "floor": "6", "price": 1454000.0, "propertyType": "flat", "operation": "sale", "size": 121.0, "exterior": false, "rooms": 3, "bathrooms": 2, "address": "Calle de Can Segalar", "province": "Barcelona", "municipality": "Barcelona", "district": "Les Corts", "country": "es", "neighborhood": "Les Corts", "latitude": 41.38687, "longitude": 2.1325946, "showAddress": false, "url": "https://www.idealista.com/inmueble/92056660/", "distance": "197", "hasVideo": true, "status": "good", "newDevelopment": false, "hasLift": true, "priceByArea": 12017.0, "detailedType": {"typology": "flat"}, "suggestedTexts": {"subtitle": "Les Corts, Barcelona", "title": "Piso en Calle de Can Segalar"}, "hasPlan": true, "has3DTour": false, "has360": false, "hasStaging": false, "topNewDevelopment": false}]