[{"propertyCode": "91612870", "thumbnail": "https://img3.idealista.com/blur/WEB_LISTING/0/id.pro.es.image.master/47/c8/82/819015532.jpg", "externalReference": "VB1902010-5", "numPhotos": 30, "floor": "3", "price": 1650000.0, "propertyType": "flat", "operation": "sale", "size": 298.0, "exterior": true, "rooms": 5, "bathrooms": 4, "address": "Via Augusta", "province": "Barcelona", "municipality": "Barcelona", "district": "Sarri\u00e0-Sant Gervasi", "country": "es", "neighborhood": "Sant Gervasi - Galvany", "latitude": 41.3964622, "longitude": 2.1379163, "showAddress": false, "url": "https://www.idealista.com/inmueble/91612870/", "distance": "1720", "hasVideo": false, "status": "good", "newDevelopment": false, "hasLift": true, "parkingSpace": {"hasParkingSpace": true, "isParkingSpaceIncludedInPrice": true}, "priceByArea": 5537.0, "detailedType": {"typology": "flat"}, "suggestedTexts": {"subtitle": "Sant Gervasi - Galvany, Barcelona", "title": "Piso en Via Augusta"}, "hasPlan": true, "has3DTour": true, "has360": false, "hasStaging": false, "topNewDevelopment": false}, {"propertyCode": "86950973", "thumbnail": "https://img3.idealista.com/blur/WEB_LISTING/0/id.pro.es.image.master/93/0a/7a/853085136.jpg", "externalReference": "39533", "numPhotos": 35, "price": 2200000.0, "propertyType": "chalet", "operation": "sale", "size": 360.0, "exterior": false, "rooms": 7, "bathrooms": 6, "address": "Plaza de Rovira i Trias", "province": "Barcelona", "municipality": "Barcelona", "district": "Gr\u00e0cia", "country": "es", "neighborhood": "Vila de Gr\u00e0cia", "latitude": 41.4095022, "longitude": 2.1565747, "showAddress": false, "url": "https://www.idealista.com/inmueble/86950973/", "distance": "1440", "hasVideo": true, "status": "good", "newDevelopment": false, "priceByArea": 6111.0, "detailedType": {"typology": "chalet", "subTypology": "semidetachedHouse"}, "suggestedTexts": {"subtitle": "Vila de Gr\u00e0cia, Barcelona", "title": "Chalet pareado en Plaza de Rovira i Trias"}, "hasPlan": true, "has3DTour": true, "has360": false, "hasStaging": false, "topNewDevelopment": false}, {"propertyCode": "92205752", "thumbnail": "https://img3.idealista.com/blur/WEB_LISTING/0/id.pro.es.image.master/75/40/e5/833594220.jpg", "externalReference": "145VE22REBSIB13", "numPhotos": 25, "floor": "3", "price": 379000.0, "propertyType": "flat", "operation": "sale", "size": 86.0, "exterior": false, "rooms": 3, "bathrooms": 2, "address": "Calle de Berl\u00edn", "province": "Barcelona", "municipality": "Barcelona", "district": "Sants-Montju\u00efc", "country": "es", "neighborhood": "Sants", "latitude": 41.3829925, "longitude": 2.1370918, "showAddress": false, "url": "https://www.idealista.com/inmueble/92205752/", "distance": "2345", "hasVideo": false, "status": "good", "newDevelopment": false, "hasLift": true, "priceByArea": 4407.0, "detailedType": {"typology": "flat"}, "suggestedTexts": {"subtitle": "Sants, Barcelona", "title": "Piso en Calle de Berl\u00edn"}, "hasPlan": true, "has3DTour": true, "has360": false, "hasStaging": false, "topNewDevelopment": false}, {"propertyCode": "92195991", "thumbnail": "https://img3.idealista.com/blur/WEB_LISTING/0/id.pro.es.image.master/98/e8/c9/833295208.jpg", "externalReference": "VB2011060-1", "numPhotos": 32, "floor": "2", "price": 680000.0, "propertyType": "flat", "operation": "sale", "size": 119.0, "exterior": true, "rooms": 3, "bathrooms": 2, "address": "Calle de Pau Claris", "province": "Barcelona", "municipality": "Barcelona", "district": "Eixample", "country": "es", "neighborhood": "La Dreta de l'Eixample", "latitude": 41.3895802, "longitude": 2.1664227, "showAddress": false, "url": "https://www.idealista.com/inmueble/92195991/", "distance": "1023", "hasVideo": true, "status": "renew", "newDevelopment": false, "hasLift": true, "priceByArea": 5714.0, "detailedType": {"typology": "flat"}, "suggestedTexts": {"subtitle": "La Dreta de l'Eixample, Barcelona", "title": "Piso en Calle de Pau Claris"}, "hasPlan": true, "has3DTour": true, "has360": false, "hasStaging": false, "topNewDevelopment": false}, {"propertyCode": "88080251", "thumbnail": "https://img3.idealista.com/blur/WEB_LISTING/0/id.pro.es.image.master/3e/a4/94/743378551.jpg", "externalReference": "BCN21749", "numPhotos": 36, "price": 700000.0, "propertyType": "flat", "operation": "sale", "size": 205.0, "exterior": true, "rooms": 6, "bathrooms": 3, "address": "barrio La Dreta de l'Eixample", "province": "Barcelona", "municipality": "Barcelona", "district": "Eixample", "country": "es", "neighborhood": "La Dreta de l'Eixample", "latitude": 41.3983667, "longitude": 2.169047, "showAddress": false, "url": "https://www.idealista.com/inmueble/88080251/", "distance": "897", "hasVideo": false, "status": "renew", "newDevelopment": false, "hasLift": true, "priceByArea": 3415.0, "detailedType": {"typology": "flat"}, "suggestedTexts": {"subtitle": "La Dreta de l'Eixample, Barcelona", "title": "Piso"}, "hasPlan": true, "has3DTour": true, "has360": false, "hasStaging": false, "topNewDevelopment": false}, {"propertyCode": "90474876", "thumbnail": "https://img3.idealista.com/blur/WEB_LISTING/0/id.pro.es.image.master/16/e7/0a/822322405.jpg", "externalReference": "019275", "numPhotos": 27, "floor": "3", "price": 460000.0, "propertyType": "flat", "operation": "sale", "size": 92.0, "exterior": true, "rooms": 4, "bathrooms": 2, "address": "Calle de Viladomat", "province": "Barcelona", "municipality": "Barcelona", "district": "Eixample", "country": "es", "neighborhood": "La Nova Esquerra de l'Eixample", "latitude": 41.3861479, "longitude": 2.1454184, "showAddress": false, "url": "https://www.idealista.com/inmueble/90474876/", "distance": "1598", "hasVideo": false, "status": "renew", "newDevelopment": false, "hasLift": true, "priceByArea": 5000.0, "detailedType": {"typology": "flat"}, "suggestedTexts": {"subtitle": "La Nova Esquerra de l'Eixample, Barcelona", "title": "Piso en Calle de Viladomat"}, "hasPlan": true, "has3DTour": true, "has360": true, "hasStaging": false, "topNewDevelopment": false}, {"propertyCode": "91658993", "thumbnail": "https://img3.idealista.com/blur/WEB_LISTING/0/id.pro.es.image.master/c0/2a/b5/820119045.jpg", "externalReference": "019280", "numPhotos": 27, "floor": "en", "price": 845000.0, "propertyType": "flat", "operation": "sale", "size": 116.0, "exterior": true, "rooms": 3, "bathrooms": 2, "address": "barrio Sant Gervasi - La Bonanova", "province": "Barcelona", "municipality": "Barcelona", "district": "Sarri\u00e0-Sant Gervasi", "country": "es", "neighborhood": "Sant Gervasi - La Bonanova", "latitude": 41.4022298, "longitude": 2.1322432, "showAddress": false, "url": "https://www.idealista.com/inmueble/91658993/", "distance": "2279", "hasVideo": false, "status": "good", "newDevelopment": false, "hasLift": true, "priceByArea": 7284.0, "detailedType": {"typology": "flat"}, "suggestedTexts": {"subtitle": "Sant Gervasi - La Bonanova, Barcelona", "title": "Piso"}, "hasPlan": true, "has3DTour": true, "has360": true, "hasStaging": false, "topNewDevelopment": false}, {"propertyCode": "91956445", "thumbnail": "https://img3.idealista.com/blur/WEB_LISTING/0/id.pro.es.image.master/3f/6e/06/827319076.jpg", "externalReference": "BCN21032", "numPhotos": 30, "price": 1975000.0, "propertyType": "flat", "operation": "sale", "size": 227.0, "exterior": true, "rooms": 4, "bathrooms": 3, "address": "barrio La Dreta de l'Eixample", "province": "Barcelona", "municipality": "Barcelona", "district": "Eixample", "country": "es", "neighborhood": "La Dreta de l'Eixample", "latitude": 41.3954477, "longitude": 2.1623459, "showAddress": false, "url": "https://www.idealista.com/inmueble/91956445/", "distance": "343", "hasVideo": false, "status": "good", "newDevelopment": false, "hasLift": true, "priceByArea": 8700.0, "detailedType": {"typology": "flat"}, "suggestedTexts": {"subtitle": "La Dreta de l'Eixample, Barcelona", "title": "Piso"}, "hasPlan": true, "has3DTour": true, "has360": false, "hasStaging": false, "topNewDevelopment": false}, {"propertyCode": "91595372", "thumbnail": "https://img3.idealista.com/blur/WEB_LISTING/0/id.pro.es.image.master/31/24/ea/818539379.jpg", "externalReference": "BCN24794", "numPhotos": 34, "price": 850000.0, "propertyType": "flat", "operation": "sale", "size": 109.0, "exterior": true, "rooms": 2, "bathrooms": 2, "address": "barrio L'Antiga Esquerra de l'Eixample", "province": "Barcelona", "municipality": "Barcelona", "district": "Eixample", "country": "es", "neighborhood": "L'Antiga Esquerra de l'Eixample", "latitude": 41.3882412, "longitude": 2.1593543, "showAddress": false, "url": "https://www.idealista.com/inmueble/91595372/", "distance": "935", "hasVideo": false, "status": "renew", "newDevelopment": false, "hasLift": true, "priceByArea": 7798.0, "detailedType": {"typology": "flat"}, "suggestedTexts": {"subtitle": "L'Antiga Esquerra de l'Eixample, Barcelona", "title": "Piso"}, "hasPlan": true, "has3DTour": true, "has360": false, "hasStaging": false, "topNewDevelopment": false}, {"propertyCode": "85119461", "thumbnail": "https://img3.idealista.com/blur/WEB_LISTING/0/id.pro.es.image.master/29/fe/ce/654772857.jpg", "externalReference": "BCN7672", "numPhotos": 30, "price": 950000.0, "propertyType": "flat", "operation": "sale", "size": 169.0, "exterior": true, "rooms": 3, "bathrooms": 2, "address": "barrio La Dreta de l'Eixample", "province": "Barcelona", "municipality": "Barcelona", "district": "Eixample", "country": "es", "neighborhood": "La Dreta de l'Eixample", "latitude": 41.3927453, "longitude": 2.1596452, "showAddress": false, "url": "https://www.idealista.com/inmueble/85119461/", "distance": "441", "hasVideo": false, "status": "good", "newDevelopment": false, "hasLift": true, "priceByArea": 5621.0, "detailedType": {"typology": "flat"}, "suggestedTexts": {"subtitle": "La Dreta de l'Eixample, Barcelona", "title": "Piso"}, "hasPlan": true, "has3DTour": true, "has360": false, "hasStaging": false, "topNewDevelopment": false}, {"propertyCode": "90288790", "thumbnail": "https://img3.idealista.com/blur/WEB_LISTING/0/id.pro.es.image.master/54/4e/f1/787287928.jpg", "externalReference": "BCN19980", "numPhotos": 39, "price": 1400000.0, "propertyType": "flat", "operation": "sale", "size": 200.0, "exterior": true, "rooms": 4, "bathrooms": 2, "address": "barrio Sant Gervasi - Galvany", "province": "Barcelona", "municipality": "Barcelona", "district": "Sarri\u00e0-Sant Gervasi", "country": "es", "neighborhood": "Sant Gervasi - Galvany", "latitude": 41.3943689, "longitude": 2.1483246, "showAddress": false, "url": "https://www.idealista.com/inmueble/90288790/", "distance": "888", "hasVideo": false, "status": "good", "newDevelopment": false, "hasLift": true, "priceByArea": 7000.0, "detailedType": {"typology": "flat"}, "suggestedTexts": {"subtitle": "Sant Gervasi - Galvany, Barcelona", "title": "Piso"}, "hasPlan": true, "has3DTour": true, "has360": false, "hasStaging": false, "topNewDevelopment": false}, {"propertyCode": "88471656", "thumbnail": "https://img3.idealista.com/blur/WEB_LISTING/0/id.pro.es.image.master/44/27/f8/747584274.jpg", "externalReference": "BCN21499", "numPhotos": 33, "price": 1395000.0, "propertyType": "flat", "operation": "sale", "size": 207.0, "exterior": true, "rooms": 5, "bathrooms": 3, "address": "barrio La Dreta de l'Eixample", "province": "Barcelona", "municipality": "Barcelona", "district": "Eixample", "country": "es", "neighborhood": "La Dreta de l'Eixample", "latitude": 41.3904222, "longitude": 2.1609085, "showAddress": false, "url": "https://www.idealista.com/inmueble/88471656/", "distance": "717", "hasVideo": false, "status": "renew", "newDevelopment": false, "hasLift": true, "priceByArea": 6739.0, "detailedType": {"typology": "flat"}, "suggestedTexts": {"subtitle": "La Dreta de l'Eixample, Barcelona", "title": "Piso"}, "hasPlan": true, "has3DTour": true, "has360": false, "hasStaging": false, "topNewDevelopment": false}, {"propertyCode": "91871699", "thumbnail": "https://img3.idealista.com/blur/WEB_LISTING/0/id.pro.es.image.master/de/b4/55/825275685.jpg", "externalReference": "VB2011034", "numPhotos": 22, "floor": "3", "price": 395000.0, "propertyType": "flat", "operation": "sale", "size": 85.0, "exterior": true, "rooms": 2, "bathrooms": 1, "address": "barrio Vila de Gr\u00e0cia", "province": "Barcelona", "municipality": "Barcelona", "district": "Gr\u00e0cia", "country": "es", "neighborhood": "Vila de Gr\u00e0cia", "latitude": 41.4044064, "longitude": 2.1528527, "showAddress": false, "url": "https://www.idealista.com/inmueble/91871699/", "distance": "986", "hasVideo": true, "status": "good", "newDevelopment": false, "hasLift": false, "priceByArea": 4647.0, "detailedType": {"typology": "flat"}, "suggestedTexts": {"subtitle": "Vila de Gr\u00e0cia, Barcelona", "title": "Piso"}, "hasPlan": true, "has3DTour": true, "has360": false, "hasStaging": false, "topNewDevelopment": false}, {"propertyCode": "91637762", "thumbnail": "https://img3.idealista.com/blur/WEB_LISTING/0/id.pro.es.image.master/18/b8/b8/819618578.jpg", "externalReference": "14725", "numPhotos": 47, "floor": "4", "price": 1600000.0, "propertyType": "flat", "operation": "sale", "size": 169.0, "exterior": true, "rooms": 3, "bathrooms": 2, "address": "barrio La Dreta de l'Eixample", "province": "Barcelona", "municipality": "Barcelona", "district": "Eixample", "country": "es", "neighborhood": "La Dreta de l'Eixample", "latitude": 41.3943032, "longitude": 2.1622767, "showAddress": false, "url": "https://www.idealista.com/inmueble/91637762/", "distance": "405", "hasVideo": false, "status": "good", "newDevelopment": false, "priceByArea": 9467.0, "detailedType": {"typology": "flat"}, "suggestedTexts": {"subtitle": "La Dreta de l'Eixample, Barcelona", "title": "Piso"}, "hasPlan": true, "has3DTour": true, "has360": false, "hasStaging": false, "topNewDevelopment": false}, {"propertyCode": "89854790", "thumbnail": "https://img3.idealista.com/blur/WEB_LISTING/0/id.pro.es.image.master/6a/79/4e/778082835.jpg", "externalReference": "14092", "numPhotos": 33, "floor": "1", "price": 999000.0, "propertyType": "flat", "operation": "sale", "size": 250.0, "exterior": true, "rooms": 5, "bathrooms": 3, "address": "barrio Sant Gervasi - Galvany", "province": "Barcelona", "municipality": "Barcelona", "district": "Sarri\u00e0-Sant Gervasi", "country": "es", "neighborhood": "Sant Gervasi - Galvany", "latitude": 41.3956444, "longitude": 2.1549884, "showAddress": false, "url": "https://www.idealista.com/inmueble/89854790/", "distance": "315", "hasVideo": false, "status": "renew", "newDevelopment": false, "hasLift": true, "priceByArea": 3996.0, "detailedType": {"typology": "flat"}, "suggestedTexts": {"subtitle": "Sant Gervasi - Galvany, Barcelona", "title": "Piso"}, "hasPlan": true, "has3DTour": true, "has360": false, "hasStaging": false, "topNewDevelopment": false}, {"propertyCode": "89706442", "thumbnail": "https://img3.idealista.com/blur/WEB_LISTING/0/id.pro.es.image.master/8d/de/e1/774571617.jpg", "externalReference": "W-02IFY9", "numPhotos": 41, "floor": "5", "price": 495000.0, "propertyType": "flat", "operation": "sale", "size": 126.0, "exterior": false, "rooms": 4, "bathrooms": 2, "address": "barrio El Camp d'En Grassot i Gr\u00e0cia Nova", "province": "Barcelona", "municipality": "Barcelona", "district": "Gr\u00e0cia", "country": "es", "neighborhood": "El Camp d'En Grassot i Gr\u00e0cia Nova", "latitude": 41.4115467, "longitude": 2.1617976, "showAddress": false, "url": "https://www.idealista.com/inmueble/89706442/", "distance": "1680", "hasVideo": false, "status": "good", "newDevelopment": false, "hasLift": true, "priceByArea": 3929.0, "detailedType": {"typology": "flat"}, "suggestedTexts": {"subtitle": "El Camp d'En Grassot i Gr\u00e0cia Nova, Barcelona", "title": "Piso"}, "hasPlan": true, "has3DTour": true, "has360": false, "hasStaging": false, "topNewDevelopment": false}, {"propertyCode": "88993130", "thumbnail": "https://img3.idealista.com/blur/WEB_LISTING/0/id.pro.es.image.master/34/9e/59/761303363.jpg", "externalReference": "W-02D55P", "numPhotos": 32, "floor": "2", "price": 800000.0, "propertyType": "flat", "operation": "sale", "size": 165.0, "exterior": false, "rooms": 4, "bathrooms": 3, "address": "barrio El Putxet i el Farr\u00f3", "province": "Barcelona", "municipality": "Barcelona", "district": "Sarri\u00e0-Sant Gervasi", "country": "es", "neighborhood": "El Putxet i el Farr\u00f3", "latitude": 41.4077268, "longitude": 2.1456862, "showAddress": false, "url": "https://www.idealista.com/inmueble/88993130/", "distance": "1634", "hasVideo": false, "status": "good", "newDevelopment": false, "hasLift": true, "parkingSpace": {"hasParkingSpace": true, "isParkingSpaceIncludedInPrice": true}, "priceByArea": 4848.0, "detailedType": {"typology": "flat"}, "suggestedTexts": {"subtitle": "El Putxet i el Farr\u00f3, Barcelona", "title": "Piso"}, "hasPlan": true, "has3DTour": true, "has360": false, "hasStaging": false, "topNewDevelopment": false}, {"propertyCode": "88585464", "thumbnail": "https://img3.idealista.com/blur/WEB_LISTING/0/id.pro.es.image.master/c7/07/04/756034472.jpg", "externalReference": "W-02I18U", "numPhotos": 32, "floor": "3", "price": 850000.0, "propertyType": "flat", "operation": "sale", "size": 150.0, "exterior": false, "rooms": 4, "bathrooms": 2, "address": "barrio Sant Gervasi - Galvany", "province": "Barcelona", "municipality": "Barcelona", "district": "Sarri\u00e0-Sant Gervasi", "country": "es", "neighborhood": "Sant Gervasi - Galvany", "latitude": 41.3964793, "longitude": 2.1517862, "showAddress": false, "url": "https://www.idealista.com/inmueble/88585464/", "distance": "563", "hasVideo": false, "status": "good", "newDevelopment": false, "hasLift": true, "priceByArea": 5667.0, "detailedType": {"typology": "flat"}, "suggestedTexts": {"subtitle": "Sant Gervasi - Galvany, Barcelona", "title": "Piso"}, "hasPlan": true, "has3DTour": true, "has360": false, "hasStaging": false, "topNewDevelopment": false}, {"propertyCode": "88509600", "thumbnail": "https://img3.idealista.com/blur/WEB_LISTING/0/id.pro.es.image.master/71/6c/b3/755905184.jpg", "externalReference": "W-02I2GZ", "numPhotos": 25, "floor": "1", "price": 430000.0, "propertyType": "chalet", "operation": "sale", "size": 110.0, "exterior": false, "rooms": 3, "bathrooms": 2, "address": "barrio Can Bar\u00f3", "province": "Barcelona", "municipality": "Barcelona", "district": "Horta Guinard\u00f3", "country": "es", "neighborhood": "Can Bar\u00f3", "latitude": 41.4157407, "longitude": 2.1638352, "showAddress": false, "url": "https://www.idealista.com/inmueble/88509600/", "distance": "2170", "hasVideo": false, "status": "good", "newDevelopment": false, "priceByArea": 3909.0, "detailedType": {"typology": "chalet", "subTypology": "terracedHouse"}, "suggestedTexts": {"subtitle": "Can Bar\u00f3, Barcelona", "title": "Chalet adosado"}, "hasPlan": true, "has3DTour": true, "has360": false, "hasStaging": false, "topNewDevelopment": false}, {"propertyCode": "88343855", "thumbnail": "https://img3.idealista.com/blur/WEB_LISTING/0/id.pro.es.image.master/4b/1a/c0/755922999.jpg", "externalReference": "W-02EV4Q", "numPhotos": 36, "floor": "2", "price": 465000.0, "propertyType": "flat", "operation": "sale", "size": 105.0, "exterior": false, "rooms": 2, "bathrooms": 2, "address": "barrio L'Antiga Esquerra de l'Eixample", "province": "Barcelona", "municipality": "Barcelona", "district": "Eixample", "country": "es", "neighborhood": "L'Antiga Esquerra de l'Eixample", "latitude": 41.3847224, "longitude": 2.1608534, "showAddress": false, "url": "https://www.idealista.com/inmueble/88343855/", "distance": "1337", "hasVideo": false, "status": "good", "newDevelopment": false, "hasLift": true, "parkingSpace": {"hasParkingSpace": true, "isParkingSpaceIncludedInPrice": false, "parkingSpacePrice": 25000.0}, "priceByArea": 4429.0, "detailedType": {"typology": "flat"}, "suggestedTexts": {"subtitle": "L'Antiga Esquerra de l'Eixample, Barcelona", "title": "Piso"}, "hasPlan": true, "has3DTour": true, "has360": false, "hasStaging": false, "topNewDevelopment": false}, {"propertyCode": "87717416", "thumbnail": "https://img3.idealista.com/blur/WEB_LISTING/0/id.pro.es.image.master/aa/fc/7d/755936767.jpg", "externalReference": "W-02GJDC", "numPhotos": 36, "floor": "bj", "price": 1295000.0, "propertyType": "flat", "operation": "sale", "size": 256.0, "exterior": false, "rooms": 4, "bathrooms": 3, "address": "barrio Sant Gervasi - La Bonanova", "province": "Barcelona", "municipality": "Barcelona", "district": "Sarri\u00e0-Sant Gervasi", "country": "es", "neighborhood": "Sant Gervasi - La Bonanova", "latitude": 41.4158985, "longitude": 2.1311214, "showAddress": false, "url": "https://www.idealista.com/inmueble/87717416/", "distance": "3133", "hasVideo": false, "status": "good", "newDevelopment": false, "hasLift": true, "parkingSpace": {"hasParkingSpace": true, "isParkingSpaceIncludedInPrice": true}, "priceByArea": 5059.0, "detailedType": {"typology": "flat"}, "suggestedTexts": {"subtitle": "Sant Gervasi - La Bonanova, Barcelona", "title": "Piso"}, "hasPlan": true, "has3DTour": true, "has360": false, "hasStaging": false, "topNewDevelopment": false}, {"propertyCode": "86954951", "thumbnail": "https://img3.idealista.com/blur/WEB_LISTING/0/id.pro.es.image.master/7f/45/8d/755900056.jpg", "externalReference": "W-02GRFP", "numPhotos": 38, "floor": "1", "price": 1100000.0, "propertyType": "flat", "operation": "sale", "size": 234.0, "exterior": false, "rooms": 3, "bathrooms": 3, "address": "barrio Sant Gervasi - La Bonanova", "province": "Barcelona", "municipality": "Barcelona", "district": "Sarri\u00e0-Sant Gervasi", "country": "es", "neighborhood": "Sant Gervasi - La Bonanova", "latitude": 41.4130985, "longitude": 2.1310214, "showAddress": false, "url": "https://www.idealista.com/inmueble/86954951/", "distance": "2935", "hasVideo": false, "status": "good", "newDevelopment": false, "hasLift": false, "parkingSpace": {"hasParkingSpace": true, "isParkingSpaceIncludedInPrice": true}, "priceByArea": 4701.0, "detailedType": {"typology": "flat"}, "suggestedTexts": {"subtitle": "Sant Gervasi - La Bonanova, Barcelona", "title": "Piso"}, "hasPlan": true, "has3DTour": true, "has360": false, "hasStaging": false, "topNewDevelopment": false}, {"propertyCode": "86274419", "thumbnail": "https://img3.idealista.com/blur/WEB_LISTING/0/id.pro.es.image.master/24/62/c4/755952906.jpg", "externalReference": "W-02E79H", "numPhotos": 43, "price": 830000.0, "propertyType": "penthouse", "operation": "sale", "size": 184.0, "exterior": false, "rooms": 5, "bathrooms": 2, "address": "barrio Sant Gervasi - La Bonanova", "province": "Barcelona", "municipality": "Barcelona", "district": "Sarri\u00e0-Sant Gervasi", "country": "es", "neighborhood": "Sant Gervasi - La Bonanova", "latitude": 41.4055359, "longitude": 2.1364713, "showAddress": false, "url": "https://www.idealista.com/inmueble/86274419/", "distance": "2089", "hasVideo": false, "status": "good", "newDevelopment": false, "hasLift": true, "priceByArea": 4511.0, "detailedType": {"typology": "flat", "subTypology": "penthouse"}, "suggestedTexts": {"subtitle": "Sant Gervasi - La Bonanova, Barcelona", "title": "\u00c1tico"}, "hasPlan": true, "has3DTour": true, "has360": false, "hasStaging": false, "topNewDevelopment": false}, {"propertyCode": "86206425", "thumbnail": "https://img3.idealista.com/blur/WEB_LISTING/0/id.pro.es.image.master/2e/9c/e3/755969197.jpg", "externalReference": "W-02AHUH", "numPhotos": 41, "floor": "1", "price": 1200000.0, "propertyType": "flat", "operation": "sale", "size": 130.0, "exterior": false, "rooms": 3, "bathrooms": 2, "address": "barrio Sant Gervasi - La Bonanova", "province": "Barcelona", "municipality": "Barcelona", "district": "Sarri\u00e0-Sant Gervasi", "country": "es", "neighborhood": "Sant Gervasi - La Bonanova", "latitude": 41.4093987, "longitude": 2.1278007, "showAddress": false, "url": "https://www.idealista.com/inmueble/86206425/", "distance": "2930", "hasVideo": false, "status": "good", "newDevelopment": false, "hasLift": true, "parkingSpace": {"hasParkingSpace": true, "isParkingSpaceIncludedInPrice": true}, "priceByArea": 9231.0, "detailedType": {"typology": "flat"}, "suggestedTexts": {"subtitle": "Sant Gervasi - La Bonanova, Barcelona", "title": "Piso"}, "hasPlan": true, "has3DTour": true, "has360": false, "hasStaging": false, "topNewDevelopment": false}, {"propertyCode": "85493774", "thumbnail": "https://img3.idealista.com/blur/WEB_LISTING/0/id.pro.es.image.master/b4/84/0a/771646001.jpg", "externalReference": "W-02ECLK", "numPhotos": 36, "floor": "bj", "price": 750000.0, "propertyType": "flat", "operation": "sale", "size": 202.0, "exterior": false, "rooms": 1, "bathrooms": 2, "address": "barrio Vila de Gr\u00e0cia", "province": "Barcelona", "municipality": "Barcelona", "district": "Gr\u00e0cia", "country": "es", "neighborhood": "Vila de Gr\u00e0cia", "latitude": 41.4005828, "longitude": 2.1558008, "showAddress": false, "url": "https://www.idealista.com/inmueble/85493774/", "distance": "495", "hasVideo": false, "status": "good", "newDevelopment": false, "hasLift": false, "parkingSpace": {"hasParkingSpace": true, "isParkingSpaceIncludedInPrice": true}, "priceByArea": 3713.0, "detailedType": {"typology": "flat"}, "suggestedTexts": {"subtitle": "Vila de Gr\u00e0cia, Barcelona", "title": "Piso"}, "hasPlan": true, "has3DTour": true, "has360": false, "hasStaging": false, "topNewDevelopment": false}, {"propertyCode": "87580684", "thumbnail": "https://img3.idealista.com/blur/WEB_LISTING/0/id.pro.es.image.master/58/e5/72/833550136.jpg", "externalReference": "232345", "numPhotos": 19, "floor": "4", "price": 265000.0, "propertyType": "flat", "operation": "sale", "size": 105.0, "exterior": true, "rooms": 3, "bathrooms": 1, "address": "barrio El Raval", "province": "Barcelona", "municipality": "Barcelona", "district": "Ciutat Vella", "country": "es", "neighborhood": "El Raval", "latitude": 41.3802322, "longitude": 2.1723842, "showAddress": false, "url": "https://www.idealista.com/inmueble/87580684/", "distance": "2158", "hasVideo": false, "status": "good", "newDevelopment": false, "hasLift": false, "priceByArea": 2524.0, "detailedType": {"typology": "flat"}, "suggestedTexts": {"subtitle": "El Raval, Barcelona", "title": "Piso"}, "hasPlan": true, "has3DTour": true, "has360": false, "hasStaging": false, "topNewDevelopment": false}, {"propertyCode": "92529277", "thumbnail": "https://img3.idealista.com/blur/WEB_LISTING/0/id.pro.es.image.master/a4/78/ee/841859867.jpg", "externalReference": "VB2101020", "numPhotos": 19, "floor": "4", "price": 337000.0, "propertyType": "penthouse", "operation": "sale", "size": 89.0, "exterior": true, "rooms": 3, "bathrooms": 1, "address": "barrio El Raval", "province": "Barcelona", "municipality": "Barcelona", "district": "Ciutat Vella", "country": "es", "neighborhood": "El Raval", "latitude": 41.3813681, "longitude": 2.168363, "showAddress": false, "url": "https://www.idealista.com/inmueble/92529277/", "distance": "1884", "hasVideo": false, "status": "good", "newDevelopment": false, "hasLift": true, "priceByArea": 3787.0, "detailedType": {"typology": "flat", "subTypology": "penthouse"}, "suggestedTexts": {"subtitle": "El Raval, Barcelona", "title": "\u00c1tico"}, "hasPlan": true, "has3DTour": true, "has360": false, "hasStaging": false, "topNewDevelopment": false}, {"propertyCode": "88869912", "thumbnail": "https://img3.idealista.com/blur/WEB_LISTING/0/id.pro.es.image.master/65/cd/4f/757476750.jpg", "externalReference": "BCN15755", "numPhotos": 26, "price": 1700000.0, "propertyType": "penthouse", "operation": "sale", "size": 316.0, "exterior": true, "rooms": 6, "bathrooms": 3, "address": "barrio Sant Gervasi - Galvany", "province": "Barcelona", "municipality": "Barcelona", "district": "Sarri\u00e0-Sant Gervasi", "country": "es", "neighborhood": "Sant Gervasi - Galvany", "latitude": 41.4043581, "longitude": 2.1412002, "showAddress": false, "url": "https://www.idealista.com/inmueble/88869912/", "distance": "1682", "hasVideo": false, "status": "good", "newDevelopment": false, "hasLift": true, "parkingSpace": {"hasParkingSpace": true, "isParkingSpaceIncludedInPrice": true}, "priceByArea": 5380.0, "detailedType": {"typology": "flat", "subTypology": "penthouse"}, "suggestedTexts": {"subtitle": "Sant Gervasi - Galvany, Barcelona", "title": "\u00c1tico"}, "hasPlan": false, "has3DTour": true, "has360": false, "hasStaging": false, "topNewDevelopment": false}, {"propertyCode": "86995241", "thumbnail": "https://img3.idealista.com/blur/WEB_LISTING/0/id.pro.es.image.master/50/ce/0d/708156223.jpg", "externalReference": "019226", "numPhotos": 9, "floor": "1", "price": 690000.0, "propertyType": "flat", "operation": "sale", "size": 80.0, "exterior": true, "rooms": 2, "bathrooms": 1, "address": "Avenida de Josep Tarradellas", "province": "Barcelona", "municipality": "Barcelona", "district": "Eixample", "country": "es", "neighborhood": "L'Antiga Esquerra de l'Eixample", "latitude": 41.3911477, "longitude": 2.1457176, "showAddress": false, "url": "https://www.idealista.com/inmueble/86995241/", "distance": "1230", "hasVideo": false, "status": "good", "newDevelopment": false, "hasLift": true, "priceByArea": 8625.0, "detailedType": {"typology": "flat"}, "suggestedTexts": {"subtitle": "L'Antiga Esquerra de l'Eixample, Barcelona", "title": "Piso en Avenida de Josep Tarradellas"}, "hasPlan": false, "has3DTour": true, "has360": false, "hasStaging": false, "topNewDevelopment": false}, {"propertyCode": "87974582", "thumbnail": "https://img3.idealista.com/blur/WEB_LISTING/0/id.pro.es.image.master/f8/e1/65/735480084.jpg", "externalReference": "019249", "numPhotos": 27, "floor": "3", "price": 630000.0, "propertyType": "flat", "operation": "sale", "size": 80.0, "exterior": true, "rooms": 2, "bathrooms": 2, "address": "Avenida de Josep Tarradellas", "province": "Barcelona", "municipality": "Barcelona", "district": "Eixample", "country": "es", "neighborhood": "L'Antiga Esquerra de l'Eixample", "latitude": 41.3918477, "longitude": 2.1450176, "showAddress": false, "url": "https://www.idealista.com/inmueble/87974582/", "distance": "1246", "hasVideo": true, "status": "good", "newDevelopment": false, "hasLift": true, "priceByArea": 7875.0, "detailedType": {"typology": "flat"}, "suggestedTexts": {"subtitle": "L'Antiga Esquerra de l'Eixample, Barcelona", "title": "Piso en Avenida de Josep Tarradellas"}, "hasPlan": true, "has3DTour": false, "has360": true, "hasStaging": false, "topNewDevelopment": false}, {"propertyCode": "92228558", "thumbnail": "https://img3.idealista.com/blur/WEB_LISTING/0/id.pro.es.image.master/8d/4c/bd/834217811.jpg", "externalReference": "4399", "numPhotos": 32, "floor": "7", "price": 490000.0, "propertyType": "flat", "operation": "sale", "size": 125.0, "exterior": true, "rooms": 4, "bathrooms": 2, "address": "Gran Via de Carles III", "province": "Barcelona", "municipality": "Barcelona", "district": "Les Corts", "country": "es", "neighborhood": "La Maternitat i Sant Ramon", "latitude": 41.3848586, "longitude": 2.1255646, "showAddress": false, "url": "https://www.idealista.com/inmueble/92228558/", "distance": "3045", "hasVideo": true, "status": "renew", "newDevelopment": false, "hasLift": true, "priceByArea": 3920.0, "detailedType": {"typology": "flat"}, "suggestedTexts": {"subtitle": "La Maternitat i Sant Ramon, Barcelona", "title": "Piso en Gran Via de Carles III"}, "hasPlan": true, "has3DTour": false, "has360": true, "hasStaging": false, "topNewDevelopment": false}, {"propertyCode": "88980995", "thumbnail": "https://img3.idealista.com/blur/WEB_LISTING/0/id.pro.es.image.master/a1/0d/39/760254447.jpg", "externalReference": "3350", "numPhotos": 14, "price": 1020000.0, "propertyType": "flat", "operation": "sale", "size": 400.0, "exterior": false, "rooms": 3, "bathrooms": 2, "address": "Calle del Consell de Cent", "province": "Barcelona", "municipality": "Barcelona", "district": "Eixample", "country": "es", "neighborhood": "L'Antiga Esquerra de l'Eixample", "latitude": 41.3871925, "longitude": 2.1599495, "showAddress": false, "url": "https://www.idealista.com/inmueble/88980995/", "distance": "1055", "hasVideo": true, "status": "good", "newDevelopment": false, "hasLift": false, "priceByArea": 2550.0, "detailedType": {"typology": "flat"}, "suggestedTexts": {"subtitle": "L'Antiga Esquerra de l'Eixample, Barcelona", "title": "Piso en Calle del Consell de Cent"}, "hasPlan": true, "has3DTour": false, "has360": true, "hasStaging": false, "topNewDevelopment": false}, {"propertyCode": "39669401", "thumbnail": "https://img3.idealista.com/blur/WEB_LISTING/0/id.pro.es.image.master/86/37/b5/844567227.jpg", "externalReference": "B04241BA", "numPhotos": 25, "floor": "1", "price": 790000.0, "propertyType": "flat", "operation": "sale", "size": 132.0, "exterior": true, "rooms": 3, "bathrooms": 2, "address": "barrio Sant Gervasi - Galvany", "province": "Barcelona", "municipality": "Barcelona", "district": "Sarri\u00e0-Sant Gervasi", "country": "es", "neighborhood": "Sant Gervasi - Galvany", "latitude": 41.39124, "longitude": 2.1396285, "showAddress": false, "url": "https://www.idealista.com/inmueble/39669401/", "distance": "1687", "hasVideo": true, "status": "good", "newDevelopment": false, "hasLift": true, "priceByArea": 5985.0, "detailedType": {"typology": "flat"}, "suggestedTexts": {"subtitle": "Sant Gervasi - Galvany, Barcelona", "title": "Piso"}, "hasPlan": true, "has3DTour": false, "has360": true, "hasStaging": false, "topNewDevelopment": false}, {"propertyCode": "89784716", "thumbnail": "https://img3.idealista.com/blur/WEB_LISTING/0/id.pro.es.image.master/41/1e/b7/776472593.jpg", "externalReference": "019271", "numPhotos": 28, "floor": "1", "price": 864000.0, "propertyType": "flat", "operation": "sale", "size": 155.0, "exterior": false, "rooms": 5, "bathrooms": 2, "address": "Calle de Calatrava", "province": "Barcelona", "municipality": "Barcelona", "district": "Sarri\u00e0-Sant Gervasi", "country": "es", "neighborhood": "Les Tres Torres", "latitude": 41.4023503, "longitude": 2.1295338, "showAddress": false, "url": "https://www.idealista.com/inmueble/89784716/", "distance": "2501", "hasVideo": true, "status": "good", "newDevelopment": false, "hasLift": true, "parkingSpace": {"hasParkingSpace": true, "isParkingSpaceIncludedInPrice": true}, "priceByArea": 5574.0, "detailedType": {"typology": "flat"}, "suggestedTexts": {"subtitle": "Les Tres Torres, Barcelona", "title": "Piso en Calle de Calatrava"}, "hasPlan": true, "has3DTour": false, "has360": false, "hasStaging": false, "topNewDevelopment": false}, {"propertyCode": "87894859", "thumbnail": "https://img3.idealista.com/blur/WEB_LISTING/0/id.pro.es.image.master/d7/ca/a7/761771404.jpg", "externalReference": "VB1911059", "numPhotos": 35, "floor": "5", "price": 790000.0, "propertyType": "penthouse", "operation": "sale", "size": 134.0, "exterior": true, "rooms": 3, "bathrooms": 4, "address": "Calle de Mari\u00e0 Cub\u00ed", "province": "Barcelona", "municipality": "Barcelona", "district": "Sarri\u00e0-Sant Gervasi", "country": "es", "neighborhood": "Sant Gervasi - Galvany", "latitude": 41.3988899, "longitude": 2.1506489, "showAddress": false, "url": "https://www.idealista.com/inmueble/87894859/", "distance": "704", "hasVideo": false, "status": "good", "newDevelopment": false, "hasLift": true, "priceByArea": 5896.0, "detailedType": {"typology": "flat", "subTypology": "penthouse"}, "suggestedTexts": {"subtitle": "Sant Gervasi - Galvany, Barcelona", "title": "\u00c1tico en Calle de Mari\u00e0 Cub\u00ed"}, "hasPlan": true, "has3DTour": false, "has360": true, "hasStaging": false, "topNewDevelopment": false}, {"propertyCode": "91700583", "thumbnail": "https://img3.idealista.com/blur/WEB_LISTING/0/id.pro.es.image.master/4e/61/41/821143826.jpg", "externalReference": "VB2007030-5", "numPhotos": 33, "floor": "3", "price": 890000.0, "propertyType": "flat", "operation": "sale", "size": 170.0, "exterior": true, "rooms": 5, "bathrooms": 3, "address": "Calle de Mandri", "province": "Barcelona", "municipality": "Barcelona", "district": "Sarri\u00e0-Sant Gervasi", "country": "es", "neighborhood": "Sant Gervasi - La Bonanova", "latitude": 41.4035485, "longitude": 2.1372682, "showAddress": false, "url": "https://www.idealista.com/inmueble/91700583/", "distance": "1933", "hasVideo": true, "status": "good", "newDevelopment": false, "hasLift": true, "parkingSpace": {"hasParkingSpace": true, "isParkingSpaceIncludedInPrice": true}, "priceByArea": 5235.0, "detailedType": {"typology": "flat"}, "suggestedTexts": {"subtitle": "Sant Gervasi - La Bonanova, Barcelona", "title": "Piso en Calle de Mandri"}, "hasPlan": true, "has3DTour": false, "has360": false, "hasStaging": false, "topNewDevelopment": false}, {"propertyCode": "92284473", "thumbnail": "https://img3.idealista.com/blur/WEB_LISTING/0/id.pro.es.image.master/1e/23/3d/835760591.jpg", "externalReference": "019281", "numPhotos": 30, "floor": "4", "price": 845000.0, "propertyType": "flat", "operation": "sale", "size": 150.0, "exterior": false, "rooms": 4, "bathrooms": 2, "address": "Calle de l'Avenir", "province": "Barcelona", "municipality": "Barcelona", "district": "Sarri\u00e0-Sant Gervasi", "country": "es", "neighborhood": "Sant Gervasi - Galvany", "latitude": 41.3967773, "longitude": 2.1456382, "showAddress": false, "url": "https://www.idealista.com/inmueble/92284473/", "distance": "1075", "hasVideo": true, "status": "good", "newDevelopment": false, "hasLift": true, "parkingSpace": {"hasParkingSpace": true, "isParkingSpaceIncludedInPrice": true}, "priceByArea": 5633.0, "detailedType": {"typology": "flat"}, "suggestedTexts": {"subtitle": "Sant Gervasi - Galvany, Barcelona", "title": "Piso en Calle de l'Avenir"}, "hasPlan": true, "has3DTour": false, "has360": true, "hasStaging": false, "topNewDevelopment": false}, {"propertyCode": "89359380", "thumbnail": "https://img3.idealista.com/blur/WEB_LISTING/0/id.pro.es.image.master/c6/af/d1/769770739.jpg", "externalReference": "3432", "numPhotos": 28, "price": 320000.0, "propertyType": "flat", "operation": "sale", "size": 60.0, "exterior": true, "rooms": 1, "bathrooms": 1, "address": "Calle del Consell de Cent", "province": "Barcelona", "municipality": "Barcelona", "district": "Eixample", "country": "es", "neighborhood": "La Dreta de l'Eixample", "latitude": 41.3944857, "longitude": 2.1669098, "showAddress": false, "url": "https://www.idealista.com/inmueble/89359380/", "distance": "737", "hasVideo": false, "status": "good", "newDevelopment": false, "hasLift": true, "priceByArea": 5333.0, "detailedType": {"typology": "flat"}, "suggestedTexts": {"subtitle": "La Dreta de l'Eixample, Barcelona", "title": "Piso en Calle del Consell de Cent"}, "hasPlan": true, "has3DTour": false, "has360": true, "hasStaging": false, "topNewDevelopment": false}, {"propertyCode": "92446224", "thumbnail": "https://img3.idealista.com/blur/WEB_LISTING/0/id.pro.es.image.master/c8/68/88/839831002.jpg", "externalReference": "BCN26821", "numPhotos": 32, "price": 1150000.0, "propertyType": "flat", "operation": "sale", "size": 178.0, "exterior": true, "rooms": 4, "bathrooms": 3, "address": "barrio Pedralbes", "province": "Barcelona", "municipality": "Barcelona", "district": "Les Corts", "country": "es", "neighborhood": "Pedralbes", "latitude": 41.3901975, "longitude": 2.1227699, "showAddress": false, "url": "https://www.idealista.com/inmueble/92446224/", "distance": "3067", "hasVideo": false, "status": "renew", "newDevelopment": false, "hasLift": true, "parkingSpace": {"hasParkingSpace": true, "isParkingSpaceIncludedInPrice": true}, "priceByArea": 6461.0, "detailedType": {"typology": "flat"}, "suggestedTexts": {"subtitle": "Pedralbes, Barcelona", "title": "Piso"}, "hasPlan": true, "has3DTour": false, "has360": true, "hasStaging": false, "topNewDevelopment": false}, {"propertyCode": "89103723", "thumbnail": "https://img3.idealista.com/blur/WEB_LISTING/0/id.pro.es.image.master/55/02/7f/763335757.jpg", "externalReference": "019264", "numPhotos": 26, "price": 1200000.0, "propertyType": "flat", "operation": "sale", "size": 149.0, "exterior": true, "rooms": 2, "bathrooms": 3, "address": "Calle de la Diputaci\u00f3", "province": "Barcelona", "municipality": "Barcelona", "district": "Eixample", "country": "es", "neighborhood": "L'Antiga Esquerra de l'Eixample", "latitude": 41.3874885, "longitude": 2.1594455, "showAddress": false, "url": "https://www.idealista.com/inmueble/89103723/", "distance": "1019", "hasVideo": true, "status": "good", "newDevelopment": false, "hasLift": true, "priceByArea": 8054.0, "detailedType": {"typology": "flat"}, "suggestedTexts": {"subtitle": "L'Antiga Esquerra de l'Eixample, Barcelona", "title": "Piso en Calle de la Diputaci\u00f3"}, "hasPlan": true, "has3DTour": false, "has360": false, "hasStaging": false, "topNewDevelopment": false}, {"propertyCode": "93082183", "thumbnail": "https://img3.idealista.com/blur/WEB_LISTING/0/id.pro.es.image.master/31/d5/cb/854034303.jpg", "externalReference": "VB2102073", "numPhotos": 38, "floor": "5", "price": 840000.0, "propertyType": "flat", "operation": "sale", "size": 138.0, "exterior": true, "rooms": 3, "bathrooms": 2, "address": "Calle de Num\u00e0ncia", "province": "Barcelona", "municipality": "Barcelona", "district": "Les Corts", "country": "es", "neighborhood": "Les Corts", "latitude": 41.3931779, "longitude": 2.1284422, "showAddress": false, "url": "https://www.idealista.com/inmueble/93082183/", "distance": "2539", "hasVideo": true, "status": "good", "newDevelopment": false, "hasLift": true, "parkingSpace": {"hasParkingSpace": true, "isParkingSpaceIncludedInPrice": true}, "priceByArea": 6087.0, "detailedType": {"typology": "flat"}, "suggestedTexts": {"subtitle": "Les Corts, Barcelona", "title": "Piso en Calle de Num\u00e0ncia"}, "hasPlan": true, "has3DTour": false, "has360": true, "hasStaging": false, "topNewDevelopment": false}, {"propertyCode": "87550636", "thumbnail": "https://img3.idealista.com/blur/WEB_LISTING/0/id.pro.es.image.master/e6/86/08/754561611.jpg", "externalReference": "2853", "numPhotos": 21, "floor": "1", "price": 420000.0, "propertyType": "flat", "operation": "sale", "size": 94.0, "exterior": true, "rooms": 4, "bathrooms": 2, "address": "Calle del Dos de Maig", "province": "Barcelona", "municipality": "Barcelona", "district": "Eixample", "country": "es", "neighborhood": "La Sagrada Fam\u00edlia", "latitude": 41.4102389, "longitude": 2.1782718, "showAddress": false, "url": "https://www.idealista.com/inmueble/87550636/", "distance": "2235", "hasVideo": true, "status": "good", "newDevelopment": false, "hasLift": true, "priceByArea": 4468.0, "detailedType": {"typology": "flat"}, "suggestedTexts": {"subtitle": "La Sagrada Fam\u00edlia, Barcelona", "title": "Piso en Calle del Dos de Maig"}, "hasPlan": true, "has3DTour": false, "has360": false, "hasStaging": false, "topNewDevelopment": false}, {"propertyCode": "92472112", "thumbnail": "https://img3.idealista.com/blur/WEB_LISTING/0/id.pro.es.image.master/ff/7b/99/840484158.jpg", "externalReference": "VB2011024-1", "numPhotos": 24, "floor": "5", "price": 870000.0, "propertyType": "flat", "operation": "sale", "size": 86.0, "exterior": true, "rooms": 1, "bathrooms": 1, "address": "Paseo de Gr\u00e0cia", "province": "Barcelona", "municipality": "Barcelona", "district": "Eixample", "country": "es", "neighborhood": "La Dreta de l'Eixample", "latitude": 41.3941412, "longitude": 2.1609541, "showAddress": false, "url": "https://www.idealista.com/inmueble/92472112/", "distance": "342", "hasVideo": true, "status": "good", "newDevelopment": false, "hasLift": true, "priceByArea": 10116.0, "detailedType": {"typology": "flat"}, "suggestedTexts": {"subtitle": "La Dreta de l'Eixample, Barcelona", "title": "Piso en Paseo de Gr\u00e0cia"}, "hasPlan": true, "has3DTour": false, "has360": true, "hasStaging": false, "topNewDevelopment": false}, {"propertyCode": "92379011", "thumbnail": "https://img3.idealista.com/blur/WEB_LISTING/0/id.pro.es.image.master/a0/30/a5/838412740.jpg", "externalReference": "VB2012005-1", "numPhotos": 27, "floor": "1", "price": 675000.0, "propertyType": "flat", "operation": "sale", "size": 152.0, "exterior": true, "rooms": 3, "bathrooms": 2, "address": "Calle del Comte Borrell", "province": "Barcelona", "municipality": "Barcelona", "district": "Eixample", "country": "es", "neighborhood": "La Nova Esquerra de l'Eixample", "latitude": 41.3852075, "longitude": 2.1487027, "showAddress": false, "url": "https://www.idealista.com/inmueble/92379011/", "distance": "1511", "hasVideo": true, "status": "good", "newDevelopment": false, "hasLift": true, "priceByArea": 4441.0, "detailedType": {"typology": "flat"}, "suggestedTexts": {"subtitle": "La Nova Esquerra de l'Eixample, Barcelona", "title": "Piso en Calle del Comte Borrell"}, "hasPlan": true, "has3DTour": false, "has360": true, "hasStaging": false, "topNewDevelopment": false}, {"propertyCode": "91405651", "thumbnail": "https://img3.idealista.com/blur/WEB_LISTING/0/id.pro.es.image.master/2b/95/d0/813827013.jpg", "externalReference": "243002", "numPhotos": 23, "floor": "3", "price": 260000.0, "propertyType": "flat", "operation": "sale", "size": 53.0, "exterior": true, "rooms": 2, "bathrooms": 1, "address": "barrio La Sagrada Fam\u00edlia", "province": "Barcelona", "municipality": "Barcelona", "district": "Eixample", "country": "es", "neighborhood": "La Sagrada Fam\u00edlia", "latitude": 41.4078972, "longitude": 2.1713978, "showAddress": false, "url": "https://www.idealista.com/inmueble/91405651/", "distance": "1649", "hasVideo": false, "status": "good", "newDevelopment": false, "hasLift": true, "priceByArea": 4906.0, "detailedType": {"typology": "flat"}, "suggestedTexts": {"subtitle": "La Sagrada Fam\u00edlia, Barcelona", "title": "Piso"}, "hasPlan": true, "has3DTour": true, "has360": true, "hasStaging": false, "topNewDevelopment": false}, {"propertyCode": "91312447", "thumbnail": "https://img3.idealista.com/blur/WEB_LISTING/0/id.pro.es.image.master/eb/e0/f8/811688344.jpg", "externalReference": "VB2010010", "numPhotos": 27, "floor": "6", "price": 695000.0, "propertyType": "penthouse", "operation": "sale", "size": 157.0, "exterior": true, "rooms": 4, "bathrooms": 2, "address": "Calle de Cal\u00e0bria", "province": "Barcelona", "municipality": "Barcelona", "district": "Eixample", "country": "es", "neighborhood": "Sant Antoni", "latitude": 41.3747549, "longitude": 2.1587567, "showAddress": false, "url": "https://www.idealista.com/inmueble/91312447/", "distance": "2432", "hasVideo": true, "status": "good", "newDevelopment": false, "hasLift": true, "priceByArea": 4427.0, "detailedType": {"typology": "flat", "subTypology": "penthouse"}, "suggestedTexts": {"subtitle": "Sant Antoni, Barcelona", "title": "\u00c1tico en Calle de Cal\u00e0bria"}, "hasPlan": true, "has3DTour": false, "has360": true, "hasStaging": false, "topNewDevelopment": false}, {"propertyCode": "91229353", "thumbnail": "https://img3.idealista.com/blur/WEB_LISTING/0/id.pro.es.image.master/91/1d/ce/809680282.jpg", "externalReference": "VB2010003", "numPhotos": 36, "floor": "2", "price": 995000.0, "propertyType": "flat", "operation": "sale", "size": 181.0, "exterior": true, "rooms": 5, "bathrooms": 3, "address": "Calle de Viladomat", "province": "Barcelona", "municipality": "Barcelona", "district": "Eixample", "country": "es", "neighborhood": "Sant Antoni", "latitude": 41.3816805, "longitude": 2.1561999, "showAddress": false, "url": "https://www.idealista.com/inmueble/91229353/", "distance": "1673", "hasVideo": true, "status": "good", "newDevelopment": false, "hasLift": true, "priceByArea": 5497.0, "detailedType": {"typology": "flat"}, "suggestedTexts": {"subtitle": "Sant Antoni, Barcelona", "title": "Piso en Calle de Viladomat"}, "hasPlan": true, "has3DTour": false, "has360": true, "hasStaging": false, "topNewDevelopment": false}, {"propertyCode": "90550195", "thumbnail": "https://img3.idealista.com/blur/WEB_LISTING/0/id.pro.es.image.master/e1/77/37/792880700.jpg", "externalReference": "BCN06416", "numPhotos": 27, "floor": "3", "price": 695000.0, "propertyType": "flat", "operation": "sale", "size": 112.0, "exterior": true, "rooms": 3, "bathrooms": 2, "address": "Princesa", "province": "Barcelona", "municipality": "Barcelona", "district": "Ciutat Vella", "country": "es", "neighborhood": "Sant Pere - Santa Caterina i la Ribera", "latitude": 41.3854806, "longitude": 2.1810893, "showAddress": false, "url": "https://www.idealista.com/inmueble/90550195/", "distance": "2252", "hasVideo": true, "status": "good", "newDevelopment": false, "hasLift": true, "priceByArea": 6205.0, "detailedType": {"typology": "flat"}, "suggestedTexts": {"subtitle": "Sant Pere - Santa Caterina i la Ribera, Barcelona", "title": "Piso en Princesa"}, "hasPlan": true, "has3DTour": false, "has360": false, "hasStaging": false, "topNewDevelopment": false}, {"propertyCode": "90384893", "thumbnail": "https://img3.idealista.com/blur/WEB_LISTING/0/id.pro.es.image.master/88/53/6a/843810011.jpg", "externalReference": "01840", "numPhotos": 36, "floor": "2", "price": 1080000.0, "propertyType": "flat", "operation": "sale", "size": 162.0, "exterior": true, "rooms": 5, "bathrooms": 3, "address": "Calle de Ganduxer", "province": "Barcelona", "municipality": "Barcelona", "district": "Sarri\u00e0-Sant Gervasi", "country": "es", "neighborhood": "Les Tres Torres", "latitude": 41.4021385, "longitude": 2.1308518, "showAddress": false, "url": "https://www.idealista.com/inmueble/90384893/", "distance": "2388", "hasVideo": true, "status": "good", "newDevelopment": false, "hasLift": true, "parkingSpace": {"hasParkingSpace": true, "isParkingSpaceIncludedInPrice": true}, "priceByArea": 6667.0, "detailedType": {"typology": "flat"}, "suggestedTexts": {"subtitle": "Les Tres Torres, Barcelona", "title": "Piso en Calle de Ganduxer"}, "hasPlan": true, "has3DTour": true, "has360": true, "hasStaging": false, "topNewDevelopment": false}, {"propertyCode": "82927181", "thumbnail": "https://img3.idealista.com/blur/WEB_LISTING/0/id.pro.es.image.master/30/15/83/814255893.jpg", "externalReference": "202275", "numPhotos": 20, "floor": "2", "price": 420000.0, "propertyType": "flat", "operation": "sale", "size": 118.0, "exterior": true, "rooms": 3, "bathrooms": 2, "address": "barrio El Fort Pienc", "province": "Barcelona", "municipality": "Barcelona", "district": "Eixample", "country": "es", "neighborhood": "El Fort Pienc", "latitude": 41.3971703, "longitude": 2.1776647, "showAddress": false, "url": "https://www.idealista.com/inmueble/82927181/", "distance": "1596", "hasVideo": false, "status": "good", "newDevelopment": false, "hasLift": true, "priceByArea": 3559.0, "detailedType": {"typology": "flat"}, "suggestedTexts": {"subtitle": "El Fort Pienc, Barcelona", "title": "Piso"}, "hasPlan": true, "has3DTour": false, "has360": true, "hasStaging": false, "topNewDevelopment": false}]