[{"propertyCode": "91658993", "thumbnail": "https://img3.idealista.com/blur/WEB_LISTING/0/id.pro.es.image.master/c0/2a/b5/820119045.jpg", "externalReference": "019280", "numPhotos": 27, "floor": "en", "price": 845000.0, "propertyType": "flat", "operation": "sale", "size": 116.0, "exterior": true, "rooms": 3, "bathrooms": 2, "address": "barrio Sant Gervasi - La Bonanova", "province": "Barcelona", "municipality": "Barcelona", "district": "Sarri\u00e0-Sant Gervasi", "country": "es", "neighborhood": "Sant Gervasi - La Bonanova", "latitude": 41.4022298, "longitude": 2.1322432, "showAddress": false, "url": "https://www.idealista.com/inmueble/91658993/", "distance": "497", "hasVideo": false, "status": "good", "newDevelopment": false, "hasLift": true, "priceByArea": 7284.0, "detailedType": {"typology": "flat"}, "suggestedTexts": {"subtitle": "Sant Gervasi - La Bonanova, Barcelona", "title": "Piso"}, "hasPlan": true, "has3DTour": true, "has360": true, "hasStaging": false, "topNewDevelopment": false}, {"propertyCode": "89784716", "thumbnail": "https://img3.idealista.com/blur/WEB_LISTING/0/id.pro.es.image.master/41/1e/b7/776472593.jpg", "externalReference": "019271", "numPhotos": 28, "floor": "1", "price": 864000.0, "propertyType": "flat", "operation": "sale", "size": 155.0, "exterior": false, "rooms": 5, "bathrooms": 2, "address": "Calle de Calatrava", "province": "Barcelona", "municipality": "Barcelona", "district": "Sarri\u00e0-Sant Gervasi", "country": "es", "neighborhood": "Les Tres Torres", "latitude": 41.4023503, "longitude": 2.1295338, "showAddress": false, "url": "https://www.idealista.com/inmueble/89784716/", "distance": "289", "hasVideo": true, "status": "good", "newDevelopment": false, "hasLift": true, "parkingSpace": {"hasParkingSpace": true, "isParkingSpaceIncludedInPrice": true}, "priceByArea": 5574.0, "detailedType": {"typology": "flat"}, "suggestedTexts": {"subtitle": "Les Tres Torres, Barcelona", "title": "Piso en Calle de Calatrava"}, "hasPlan": true, "has3DTour": false, "has360": false, "hasStaging": false, "topNewDevelopment": false}, {"propertyCode": "90384893", "thumbnail": "https://img3.idealista.com/blur/WEB_LISTING/0/id.pro.es.image.master/88/53/6a/843810011.jpg", "externalReference": "01840", "numPhotos": 36, "floor": "2", "price": 1080000.0, "propertyType": "flat", "operation": "sale", "size": 162.0, "exterior": true, "rooms": 5, "bathrooms": 3, "address": "Calle de Ganduxer", "province": "Barcelona", "municipality": "Barcelona", "district": "Sarri\u00e0-Sant Gervasi", "country": "es", "neighborhood": "Les Tres Torres", "latitude": 41.4021385, "longitude": 2.1308518, "showAddress": false, "url": "https://www.idealista.com/inmueble/90384893/", "distance": "382", "hasVideo": true, "status": "good", "newDevelopment": false, "hasLift": true, "parkingSpace": {"hasParkingSpace": true, "isParkingSpaceIncludedInPrice": true}, "priceByArea": 6667.0, "detailedType": {"typology": "flat"}, "suggestedTexts": {"subtitle": "Les Tres Torres, Barcelona", "title": "Piso en Calle de Ganduxer"}, "hasPlan": true, "has3DTour": true, "has360": true, "hasStaging": false, "topNewDevelopment": false}, {"propertyCode": "92335180", "thumbnail": "https://img3.idealista.com/blur/WEB_LISTING/0/id.pro.es.image.master/76/a1/c2/837279998.jpg", "externalReference": "VB2101003", "numPhotos": 34, "floor": "1", "price": 870000.0, "propertyType": "flat", "operation": "sale", "size": 160.0, "exterior": true, "rooms": 3, "bathrooms": 3, "address": "barrio Les Tres Torres", "province": "Barcelona", "municipality": "Barcelona", "district": "Sarri\u00e0-Sant Gervasi", "country": "es", "neighborhood": "Les Tres Torres", "latitude": 41.4042049, "longitude": 2.1282219, "showAddress": false, "url": "https://www.idealista.com/inmueble/92335180/", "distance": "371", "hasVideo": true, "status": "renew", "newDevelopment": false, "hasLift": true, "parkingSpace": {"hasParkingSpace": true, "isParkingSpaceIncludedInPrice": true}, "priceByArea": 5438.0, "detailedType": {"typology": "flat"}, "suggestedTexts": {"subtitle": "Les Tres Torres, Barcelona", "title": "Piso"}, "hasPlan": true, "has3DTour": false, "has360": false, "hasStaging": false, "topNewDevelopment": false}, {"propertyCode": "88662911", "thumbnail": "https://img3.idealista.com/blur/WEB_LISTING/0/id.pro.es.image.master/35/7a/f2/767465049.jpg", "externalReference": "B20337", "numPhotos": 38, "floor": "5", "price": 890000.0, "propertyType": "flat", "operation": "sale", "size": 200.0, "exterior": true, "rooms": 5, "bathrooms": 2, "address": "Calle de Ricardo Calvo", "province": "Barcelona", "municipality": "Barcelona", "district": "Sarri\u00e0-Sant Gervasi", "country": "es", "neighborhood": "Sant Gervasi - La Bonanova", "latitude": 41.4038397, "longitude": 2.1311439, "showAddress": false, "url": "https://www.idealista.com/inmueble/88662911/", "distance": "492", "hasVideo": true, "status": "good", "newDevelopment": false, "hasLift": true, "parkingSpace": {"hasParkingSpace": true, "isParkingSpaceIncludedInPrice": true}, "priceByArea": 4450.0, "detailedType": {"typology": "flat"}, "suggestedTexts": {"subtitle": "Sant Gervasi - La Bonanova, Barcelona", "title": "Piso en Calle de Ricardo Calvo"}, "hasPlan": true, "has3DTour": false, "has360": true, "hasStaging": true, "topNewDevelopment": false}, {"propertyCode": "92867335", "thumbnail": "https://img3.idealista.com/blur/WEB_LISTING/0/id.pro.es.image.master/e1/cf/ae/855823943.jpg", "externalReference": "GV622", "numPhotos": 27, "floor": "5", "price": 990000.0, "propertyType": "flat", "operation": "sale", "size": 165.0, "exterior": true, "rooms": 5, "bathrooms": 3, "address": "Paseo de Manuel Girona", "province": "Barcelona", "municipality": "Barcelona", "district": "Les Corts", "country": "es", "neighborhood": "Pedralbes", "latitude": 41.3934623, "longitude": 2.127285, "showAddress": false, "url": "https://www.idealista.com/inmueble/92867335/", "distance": "855", "hasVideo": true, "status": "good", "newDevelopment": false, "hasLift": true, "priceByArea": 6000.0, "detailedType": {"typology": "flat"}, "suggestedTexts": {"subtitle": "Pedralbes, Barcelona", "title": "Piso en Paseo de Manuel Girona"}, "hasPlan": true, "has3DTour": false, "has360": true, "hasStaging": false, "topNewDevelopment": false}, {"propertyCode": "91903169", "thumbnail": "https://img3.idealista.com/blur/WEB_LISTING/0/id.pro.es.image.master/73/63/51/826089004.jpg", "externalReference": "2441", "numPhotos": 19, "floor": "2", "price": 770000.0, "propertyType": "flat", "operation": "sale", "size": 160.0, "exterior": true, "rooms": 5, "bathrooms": 2, "address": "barrio Sarri\u00e0", "province": "Barcelona", "municipality": "Barcelona", "district": "Sarri\u00e0-Sant Gervasi", "country": "es", "neighborhood": "Sarri\u00e0", "latitude": 41.3938308, "longitude": 2.1279846, "showAddress": false, "url": "https://www.idealista.com/inmueble/91903169/", "distance": "822", "hasVideo": false, "status": "good", "newDevelopment": false, "hasLift": true, "priceByArea": 4813.0, "detailedType": {"typology": "flat"}, "suggestedTexts": {"subtitle": "Sarri\u00e0, Barcelona", "title": "Piso"}, "hasPlan": true, "has3DTour": false, "has360": true, "hasStaging": false, "topNewDevelopment": false}, {"propertyCode": "81345140", "thumbnail": "https://img3.idealista.com/blur/WEB_LISTING/0/id.pro.es.image.master/a1/59/83/575091742.jpg", "externalReference": "BCN11347", "numPhotos": 45, "price": 2750000.0, "propertyType": "chalet", "operation": "sale", "size": 224.0, "exterior": false, "rooms": 2, "bathrooms": 3, "address": "barrio Les Tres Torres", "province": "Barcelona", "municipality": "Barcelona", "district": "Sarri\u00e0-Sant Gervasi", "country": "es", "neighborhood": "Les Tres Torres", "latitude": 41.396468, "longitude": 2.1333346, "showAddress": false, "url": "https://www.idealista.com/inmueble/81345140/", "distance": "773", "hasVideo": false, "status": "good", "newDevelopment": false, "parkingSpace": {"hasParkingSpace": true, "isParkingSpaceIncludedInPrice": true}, "priceByArea": 12277.0, "detailedType": {"typology": "chalet"}, "suggestedTexts": {"subtitle": "Les Tres Torres, Barcelona", "title": "Chalet"}, "hasPlan": true, "has3DTour": false, "has360": false, "hasStaging": false, "topNewDevelopment": false}, {"propertyCode": "90571031", "thumbnail": "https://img3.idealista.com/blur/WEB_LISTING/0/id.pro.es.image.master/e7/bb/d9/793414034.jpg", "externalReference": "BCN24619", "numPhotos": 43, "price": 2300000.0, "propertyType": "flat", "operation": "sale", "size": 351.0, "exterior": true, "rooms": 6, "bathrooms": 5, "address": "barrio Les Tres Torres", "province": "Barcelona", "municipality": "Barcelona", "district": "Sarri\u00e0-Sant Gervasi", "country": "es", "neighborhood": "Les Tres Torres", "latitude": 41.401307, "longitude": 2.1291549, "showAddress": false, "url": "https://www.idealista.com/inmueble/90571031/", "distance": "225", "hasVideo": false, "status": "renew", "newDevelopment": false, "hasLift": true, "parkingSpace": {"hasParkingSpace": true, "isParkingSpaceIncludedInPrice": true}, "priceByArea": 6553.0, "detailedType": {"typology": "flat"}, "suggestedTexts": {"subtitle": "Les Tres Torres, Barcelona", "title": "Piso"}, "hasPlan": true, "has3DTour": false, "has360": false, "hasStaging": false, "topNewDevelopment": false}, {"propertyCode": "92890890", "thumbnail": "https://img3.idealista.com/blur/WEB_LISTING/0/id.pro.es.image.master/94/8c/99/850347791.jpg", "externalReference": "10650", "numPhotos": 62, "price": 1690000.0, "propertyType": "penthouse", "operation": "sale", "size": 290.0, "exterior": true, "rooms": 4, "bathrooms": 4, "address": "Via Augusta", "province": "Barcelona", "municipality": "Barcelona", "district": "Sarri\u00e0-Sant Gervasi", "country": "es", "neighborhood": "Sant Gervasi - Galvany", "latitude": 41.3989684, "longitude": 2.1350011, "showAddress": false, "url": "https://www.idealista.com/inmueble/92890890/", "distance": "751", "hasVideo": false, "status": "good", "newDevelopment": false, "hasLift": true, "parkingSpace": {"hasParkingSpace": true, "isParkingSpaceIncludedInPrice": true}, "priceByArea": 5828.0, "detailedType": {"typology": "flat", "subTypology": "penthouse"}, "suggestedTexts": {"subtitle": "Sant Gervasi - Galvany, Barcelona", "title": "\u00c1tico en Via Augusta"}, "hasPlan": true, "has3DTour": true, "has360": false, "hasStaging": false, "topNewDevelopment": false}, {"propertyCode": "93173352", "thumbnail": "https://img3.idealista.com/blur/WEB_LISTING/0/id.pro.es.image.master/00/4f/00/856139471.jpg", "externalReference": "B07491BA", "numPhotos": 28, "floor": "1", "price": 950000.0, "propertyType": "flat", "operation": "sale", "size": 156.0, "exterior": true, "rooms": 6, "bathrooms": 3, "address": "Calle de Muntaner", "province": "Barcelona", "municipality": "Barcelona", "district": "Sarri\u00e0-Sant Gervasi", "country": "es", "neighborhood": "Sant Gervasi - La Bonanova", "latitude": 41.4070844, "longitude": 2.1325264, "showAddress": false, "url": "https://www.idealista.com/inmueble/93173352/", "distance": "832", "hasVideo": true, "status": "renew", "newDevelopment": false, "hasLift": true, "parkingSpace": {"hasParkingSpace": true, "isParkingSpaceIncludedInPrice": true}, "priceByArea": 6090.0, "detailedType": {"typology": "flat"}, "suggestedTexts": {"subtitle": "Sant Gervasi - La Bonanova, Barcelona", "title": "Piso en Calle de Muntaner"}, "hasPlan": false, "has3DTour": false, "has360": false, "hasStaging": false, "topNewDevelopment": false}, {"propertyCode": "93180492", "thumbnail": "https://img3.idealista.com/blur/WEB_LISTING/0/id.pro.es.image.master/0e/fa/5f/856319596.jpg", "externalReference": "VB2103012", "numPhotos": 42, "floor": "en", "price": 1150000.0, "propertyType": "flat", "operation": "sale", "size": 164.0, "exterior": true, "rooms": 3, "bathrooms": 3, "address": "barrio Les Tres Torres", "province": "Barcelona", "municipality": "Barcelona", "district": "Sarri\u00e0-Sant Gervasi", "country": "es", "neighborhood": "Les Tres Torres", "latitude": 41.4035056, "longitude": 2.1278735, "showAddress": false, "url": "https://www.idealista.com/inmueble/93180492/", "distance": "288", "hasVideo": true, "status": "good", "newDevelopment": false, "hasLift": true, "parkingSpace": {"hasParkingSpace": true, "isParkingSpaceIncludedInPrice": true}, "priceByArea": 7012.0, "detailedType": {"typology": "flat"}, "suggestedTexts": {"subtitle": "Les Tres Torres, Barcelona", "title": "Piso"}, "hasPlan": false, "has3DTour": false, "has360": false, "hasStaging": false, "topNewDevelopment": false}, {"propertyCode": "92029224", "thumbnail": "https://img3.idealista.com/blur/WEB_LISTING/0/id.pro.es.image.master/a0/cd/bf/829036414.jpg", "externalReference": "V7287", "numPhotos": 20, "floor": "bj", "price": 845000.0, "propertyType": "flat", "operation": "sale", "size": 160.0, "exterior": true, "rooms": 3, "bathrooms": 2, "address": "barrio Sant Gervasi - La Bonanova", "province": "Barcelona", "municipality": "Barcelona", "district": "Sarri\u00e0-Sant Gervasi", "country": "es", "neighborhood": "Sant Gervasi - La Bonanova", "latitude": 41.4044298, "longitude": 2.1322432, "showAddress": false, "url": "https://www.idealista.com/inmueble/92029224/", "distance": "605", "hasVideo": true, "status": "good", "newDevelopment": false, "hasLift": true, "priceByArea": 5281.0, "detailedType": {"typology": "flat"}, "suggestedTexts": {"subtitle": "Sant Gervasi - La Bonanova, Barcelona", "title": "Piso"}, "hasPlan": true, "has3DTour": false, "has360": false, "hasStaging": false, "topNewDevelopment": false}, {"propertyCode": "91626719", "thumbnail": "https://img3.idealista.com/blur/WEB_LISTING/0/id.pro.es.image.master/ae/2c/a4/819372712.jpg", "externalReference": "VB2003023-5", "numPhotos": 30, "floor": "1", "price": 790000.0, "propertyType": "flat", "operation": "sale", "size": 126.0, "exterior": true, "rooms": 3, "bathrooms": 2, "address": "barrio Sarri\u00e0", "province": "Barcelona", "municipality": "Barcelona", "district": "Sarri\u00e0-Sant Gervasi", "country": "es", "neighborhood": "Sarri\u00e0", "latitude": 41.3960794, "longitude": 2.1222336, "showAddress": false, "url": "https://www.idealista.com/inmueble/91626719/", "distance": "663", "hasVideo": false, "status": "good", "newDevelopment": false, "hasLift": true, "parkingSpace": {"hasParkingSpace": true, "isParkingSpaceIncludedInPrice": true}, "priceByArea": 6270.0, "detailedType": {"typology": "flat"}, "suggestedTexts": {"subtitle": "Sarri\u00e0, Barcelona", "title": "Piso"}, "hasPlan": true, "has3DTour": false, "has360": false, "hasStaging": false, "topNewDevelopment": false}, {"propertyCode": "91213761", "thumbnail": "https://img3.idealista.com/blur/WEB_LISTING/0/id.pro.es.image.master/df/39/10/809287139.jpg", "externalReference": "W-02JDHD", "numPhotos": 44, "floor": "3", "price": 1140000.0, "propertyType": "flat", "operation": "sale", "size": 160.0, "exterior": false, "rooms": 4, "bathrooms": 3, "address": "barrio Sarri\u00e0", "province": "Barcelona", "municipality": "Barcelona", "district": "Sarri\u00e0-Sant Gervasi", "country": "es", "neighborhood": "Sarri\u00e0", "latitude": 41.4020774, "longitude": 2.1245468, "showAddress": false, "url": "https://www.idealista.com/inmueble/91213761/", "distance": "191", "hasVideo": false, "status": "good", "newDevelopment": false, "hasLift": true, "parkingSpace": {"hasParkingSpace": true, "isParkingSpaceIncludedInPrice": true}, "priceByArea": 7125.0, "detailedType": {"typology": "flat"}, "suggestedTexts": {"subtitle": "Sarri\u00e0, Barcelona", "title": "Piso"}, "hasPlan": true, "has3DTour": false, "has360": false, "hasStaging": false, "topNewDevelopment": false}, {"propertyCode": "88036349", "thumbnail": "https://img3.idealista.com/blur/WEB_LISTING/0/id.pro.es.image.master/8d/bc/9e/755970610.jpg", "externalReference": "W-02AAZ4", "numPhotos": 29, "floor": "1", "price": 899000.0, "propertyType": "flat", "operation": "sale", "size": 185.0, "exterior": false, "rooms": 6, "bathrooms": 3, "address": "barrio Les Tres Torres", "province": "Barcelona", "municipality": "Barcelona", "district": "Sarri\u00e0-Sant Gervasi", "country": "es", "neighborhood": "Les Tres Torres", "latitude": 41.4033289, "longitude": 2.1289823, "showAddress": false, "url": "https://www.idealista.com/inmueble/88036349/", "distance": "322", "hasVideo": false, "status": "good", "newDevelopment": false, "hasLift": false, "priceByArea": 4859.0, "detailedType": {"typology": "flat"}, "suggestedTexts": {"subtitle": "Les Tres Torres, Barcelona", "title": "Piso"}, "hasPlan": true, "has3DTour": false, "has360": false, "hasStaging": false, "topNewDevelopment": false}, {"propertyCode": "86370052", "thumbnail": "https://img3.idealista.com/blur/WEB_LISTING/0/id.pro.es.image.master/fa/a3/41/754619008.jpg", "externalReference": "6805", "numPhotos": 32, "price": 739000.0, "propertyType": "flat", "operation": "sale", "size": 105.0, "exterior": true, "rooms": 3, "bathrooms": 2, "address": "Calle de Castellnou", "province": "Barcelona", "municipality": "Barcelona", "district": "Sarri\u00e0-Sant Gervasi", "country": "es", "neighborhood": "Les Tres Torres", "latitude": 41.3953605, "longitude": 2.1287565, "showAddress": false, "url": "https://www.idealista.com/inmueble/86370052/", "distance": "669", "hasVideo": true, "status": "good", "newDevelopment": false, "hasLift": false, "parkingSpace": {"hasParkingSpace": true, "isParkingSpaceIncludedInPrice": true}, "priceByArea": 7038.0, "detailedType": {"typology": "flat"}, "suggestedTexts": {"subtitle": "Les Tres Torres, Barcelona", "title": "Piso en Calle de Castellnou"}, "hasPlan": true, "has3DTour": false, "has360": false, "hasStaging": false, "topNewDevelopment": false}, {"propertyCode": "84485092", "thumbnail": "https://img3.idealista.com/blur/WEB_LISTING/0/id.pro.es.image.master/05/3c/54/754624274.jpg", "externalReference": "5702", "numPhotos": 29, "floor": "3", "price": 990000.0, "propertyType": "flat", "operation": "sale", "size": 185.0, "exterior": true, "rooms": 3, "bathrooms": 2, "address": "Calle de Calatrava", "province": "Barcelona", "municipality": "Barcelona", "district": "Sarri\u00e0-Sant Gervasi", "country": "es", "neighborhood": "Les Tres Torres", "latitude": 41.4002267, "longitude": 2.1295305, "showAddress": false, "url": "https://www.idealista.com/inmueble/84485092/", "distance": "275", "hasVideo": true, "status": "good", "newDevelopment": false, "hasLift": true, "parkingSpace": {"hasParkingSpace": true, "isParkingSpaceIncludedInPrice": true}, "priceByArea": 5351.0, "detailedType": {"typology": "flat"}, "suggestedTexts": {"subtitle": "Les Tres Torres, Barcelona", "title": "Piso en Calle de Calatrava"}, "hasPlan": true, "has3DTour": false, "has360": false, "hasStaging": false, "topNewDevelopment": false}, {"propertyCode": "93086874", "thumbnail": "https://img3.idealista.com/blur/WEB_LISTING/0/id.pro.es.image.master/be/dd/07/854169056.jpg", "externalReference": "C.A.G.", "numPhotos": 39, "price": 2490000.0, "propertyType": "chalet", "operation": "sale", "size": 340.0, "exterior": false, "rooms": 5, "bathrooms": 5, "address": "Angel Guimer\u00e1", "province": "Barcelona", "municipality": "Barcelona", "district": "Sarri\u00e0-Sant Gervasi", "country": "es", "neighborhood": "Les Tres Torres", "latitude": 41.3971669, "longitude": 2.1341217, "showAddress": false, "url": "https://www.idealista.com/inmueble/93086874/", "distance": "776", "hasVideo": true, "status": "good", "newDevelopment": false, "priceByArea": 7324.0, "detailedType": {"typology": "chalet", "subTypology": "independantHouse"}, "suggestedTexts": {"subtitle": "Les Tres Torres, Barcelona", "title": "Casa independiente en Angel Guimer\u00e1"}, "hasPlan": true, "has3DTour": false, "has360": false, "hasStaging": false, "topNewDevelopment": false}, {"propertyCode": "91631473", "thumbnail": "https://img3.idealista.com/blur/WEB_LISTING/0/id.pro.es.image.master/ab/2a/9e/819490881.jpg", "externalReference": "BCN25766", "numPhotos": 20, "price": 950000.0, "propertyType": "flat", "operation": "sale", "size": 162.0, "exterior": true, "rooms": 4, "bathrooms": 3, "address": "barrio Les Tres Torres", "province": "Barcelona", "municipality": "Barcelona", "district": "Sarri\u00e0-Sant Gervasi", "country": "es", "neighborhood": "Les Tres Torres", "latitude": 41.3950864, "longitude": 2.1311527, "showAddress": false, "url": "https://www.idealista.com/inmueble/91631473/", "distance": "778", "hasVideo": false, "status": "renew", "newDevelopment": false, "hasLift": true, "parkingSpace": {"hasParkingSpace": true, "isParkingSpaceIncludedInPrice": true}, "priceByArea": 5864.0, "detailedType": {"typology": "flat"}, "suggestedTexts": {"subtitle": "Les Tres Torres, Barcelona", "title": "Piso"}, "hasPlan": true, "has3DTour": false, "has360": false, "hasStaging": false, "topNewDevelopment": false}, {"propertyCode": "91299611", "thumbnail": "https://img3.idealista.com/blur/WEB_LISTING/0/id.pro.es.image.master/c7/a9/28/847039686.jpg", "externalReference": "PRI-SOLIPADRIS001", "numPhotos": 54, "floor": "1", "price": 1180000.0, "propertyType": "flat", "operation": "sale", "size": 331.0, "exterior": true, "rooms": 5, "bathrooms": 3, "address": "Calle de Sol i Padr\u00eds", "province": "Barcelona", "municipality": "Barcelona", "district": "Sarri\u00e0-Sant Gervasi", "country": "es", "neighborhood": "Sarri\u00e0", "latitude": 41.4004686, "longitude": 2.120838, "showAddress": false, "url": "https://www.idealista.com/inmueble/91299611/", "distance": "474", "hasVideo": true, "status": "good", "newDevelopment": false, "hasLift": true, "parkingSpace": {"hasParkingSpace": true, "isParkingSpaceIncludedInPrice": true}, "priceByArea": 3565.0, "detailedType": {"typology": "flat"}, "suggestedTexts": {"subtitle": "Sarri\u00e0, Barcelona", "title": "Piso en Calle de Sol i Padr\u00eds"}, "hasPlan": true, "has3DTour": true, "has360": false, "hasStaging": false, "topNewDevelopment": false}, {"propertyCode": "92682023", "thumbnail": "https://img3.idealista.com/blur/WEB_LISTING/0/id.pro.es.image.master/a1/2d/b0/845572287.jpg", "externalReference": "FG02-43", "numPhotos": 20, "floor": "4", "price": 848000.0, "propertyType": "flat", "operation": "sale", "size": 166.0, "exterior": true, "rooms": 5, "bathrooms": 3, "address": "Calle de Pau Alcover", "province": "Barcelona", "municipality": "Barcelona", "district": "Sarri\u00e0-Sant Gervasi", "country": "es", "neighborhood": "Les Tres Torres", "latitude": 41.3979638, "longitude": 2.125009, "showAddress": false, "url": "https://www.idealista.com/inmueble/92682023/", "distance": "372", "hasVideo": false, "status": "good", "newDevelopment": false, "hasLift": true, "parkingSpace": {"hasParkingSpace": true, "isParkingSpaceIncludedInPrice": true}, "priceByArea": 5108.0, "detailedType": {"typology": "flat"}, "suggestedTexts": {"subtitle": "Les Tres Torres, Barcelona", "title": "Piso en Calle de Pau Alcover"}, "hasPlan": true, "has3DTour": false, "has360": false, "hasStaging": false, "topNewDevelopment": false}, {"propertyCode": "92811766", "thumbnail": "https://img3.idealista.com/blur/WEB_LISTING/0/id.pro.es.image.master/32/be/a5/848698746.jpg", "externalReference": "619v", "numPhotos": 33, "floor": "1", "price": 1260000.0, "propertyType": "flat", "operation": "sale", "size": 281.0, "exterior": true, "rooms": 5, "bathrooms": 4, "address": "barrio Les Tres Torres", "province": "Barcelona", "municipality": "Barcelona", "district": "Sarri\u00e0-Sant Gervasi", "country": "es", "neighborhood": "Les Tres Torres", "latitude": 41.3960258, "longitude": 2.131756, "showAddress": false, "url": "https://www.idealista.com/inmueble/92811766/", "distance": "719", "hasVideo": true, "status": "good", "newDevelopment": false, "hasLift": true, "parkingSpace": {"hasParkingSpace": true, "isParkingSpaceIncludedInPrice": true}, "priceByArea": 4484.0, "detailedType": {"typology": "flat"}, "suggestedTexts": {"subtitle": "Les Tres Torres, Barcelona", "title": "Piso"}, "hasPlan": true, "has3DTour": false, "has360": false, "hasStaging": false, "topNewDevelopment": false}, {"propertyCode": "33743918", "thumbnail": "https://img3.idealista.com/blur/WEB_LISTING/0/id.pro.es.image.master/85/ca/86/637729259.jpg", "externalReference": "BCN2468", "numPhotos": 32, "price": 2600000.0, "propertyType": "chalet", "operation": "sale", "size": 488.0, "exterior": false, "rooms": 7, "bathrooms": 8, "address": "barrio Sant Gervasi - La Bonanova", "province": "Barcelona", "municipality": "Barcelona", "district": "Sarri\u00e0-Sant Gervasi", "country": "es", "neighborhood": "Sant Gervasi - La Bonanova", "latitude": 41.4061366, "longitude": 2.1213645, "showAddress": false, "url": "https://www.idealista.com/inmueble/33743918/", "distance": "700", "hasVideo": false, "status": "good", "newDevelopment": false, "parkingSpace": {"hasParkingSpace": true, "isParkingSpaceIncludedInPrice": true}, "priceByArea": 5328.0, "detailedType": {"typology": "chalet"}, "suggestedTexts": {"subtitle": "Sant Gervasi - La Bonanova, Barcelona", "title": "Chalet"}, "hasPlan": false, "has3DTour": false, "has360": false, "hasStaging": false, "topNewDevelopment": false}, {"propertyCode": "88661233", "thumbnail": "https://img3.idealista.com/blur/WEB_LISTING/0/id.pro.es.image.master/d1/5a/4a/752149531.jpg", "externalReference": "BCN22485", "numPhotos": 75, "price": 4500000.0, "propertyType": "chalet", "operation": "sale", "size": 730.0, "exterior": false, "rooms": 7, "bathrooms": 4, "address": "barrio Sant Gervasi - La Bonanova", "province": "Barcelona", "municipality": "Barcelona", "district": "Sarri\u00e0-Sant Gervasi", "country": "es", "neighborhood": "Sant Gervasi - La Bonanova", "latitude": 41.406233, "longitude": 2.1283323, "showAddress": false, "url": "https://www.idealista.com/inmueble/88661233/", "distance": "587", "hasVideo": false, "status": "renew", "newDevelopment": false, "priceByArea": 6164.0, "detailedType": {"typology": "chalet"}, "suggestedTexts": {"subtitle": "Sant Gervasi - La Bonanova, Barcelona", "title": "Chalet"}, "hasPlan": false, "has3DTour": false, "has360": false, "hasStaging": false, "topNewDevelopment": false}, {"propertyCode": "88376448", "thumbnail": "https://img3.idealista.com/blur/WEB_LISTING/0/id.pro.es.image.master/b2/4a/43/745294357.jpg", "externalReference": "BCN14958", "numPhotos": 35, "price": 3900000.0, "propertyType": "chalet", "operation": "sale", "size": 512.0, "exterior": false, "rooms": 6, "bathrooms": 6, "address": "barrio Sarri\u00e0", "province": "Barcelona", "municipality": "Barcelona", "district": "Sarri\u00e0-Sant Gervasi", "country": "es", "neighborhood": "Sarri\u00e0", "latitude": 41.4005037, "longitude": 2.1224093, "showAddress": false, "url": "https://www.idealista.com/inmueble/88376448/", "distance": "345", "hasVideo": false, "status": "renew", "newDevelopment": false, "parkingSpace": {"hasParkingSpace": true, "isParkingSpaceIncludedInPrice": true}, "priceByArea": 7617.0, "detailedType": {"typology": "chalet"}, "suggestedTexts": {"subtitle": "Sarri\u00e0, Barcelona", "title": "Chalet"}, "hasPlan": false, "has3DTour": false, "has360": false, "hasStaging": false, "topNewDevelopment": false}, {"propertyCode": "92383608", "thumbnail": "https://img3.idealista.com/blur/WEB_LISTING/0/id.pro.es.image.master/c1/82/8e/838514878.jpg", "numPhotos": 31, "floor": "5", "price": 760000.0, "propertyType": "flat", "operation": "sale", "size": 179.0, "exterior": true, "rooms": 4, "bathrooms": 2, "address": "Ronda del General Mitre", "province": "Barcelona", "municipality": "Barcelona", "district": "Sarri\u00e0-Sant Gervasi", "country": "es", "neighborhood": "Sant Gervasi - Galvany", "latitude": 41.3997316, "longitude": 2.1358865, "showAddress": false, "url": "https://www.idealista.com/inmueble/92383608/", "distance": "801", "hasVideo": true, "status": "renew", "newDevelopment": false, "hasLift": true, "priceByArea": 4246.0, "detailedType": {"typology": "flat"}, "suggestedTexts": {"subtitle": "Sant Gervasi - Galvany, Barcelona", "title": "Piso en Ronda del General Mitre"}, "hasPlan": true, "has3DTour": false, "has360": false, "hasStaging": false, "topNewDevelopment": false}, {"propertyCode": "92042861", "thumbnail": "https://img3.idealista.com/blur/WEB_LISTING/0/id.pro.es.image.master/88/87/69/829384787.jpg", "externalReference": "VB2012009", "numPhotos": 23, "floor": "2", "price": 550000.0, "propertyType": "flat", "operation": "sale", "size": 82.0, "exterior": true, "rooms": 3, "bathrooms": 1, "address": "barrio Sant Gervasi - La Bonanova", "province": "Barcelona", "municipality": "Barcelona", "district": "Sarri\u00e0-Sant Gervasi", "country": "es", "neighborhood": "Sant Gervasi - La Bonanova", "latitude": 41.403459, "longitude": 2.133673, "showAddress": false, "url": "https://www.idealista.com/inmueble/92042861/", "distance": "654", "hasVideo": true, "status": "good", "newDevelopment": false, "hasLift": true, "parkingSpace": {"hasParkingSpace": true, "isParkingSpaceIncludedInPrice": true}, "priceByArea": 6707.0, "detailedType": {"typology": "flat"}, "suggestedTexts": {"subtitle": "Sant Gervasi - La Bonanova, Barcelona", "title": "Piso"}, "hasPlan": false, "has3DTour": false, "has360": false, "hasStaging": false, "topNewDevelopment": false}, {"propertyCode": "91700598", "thumbnail": "https://img3.idealista.com/blur/WEB_LISTING/0/id.pro.es.image.master/b0/4b/d0/821143908.jpg", "externalReference": "VB2007042-5", "numPhotos": 29, "floor": "3", "price": 650000.0, "propertyType": "flat", "operation": "sale", "size": 118.0, "exterior": true, "rooms": 3, "bathrooms": 2, "address": "barrio Sant Gervasi - La Bonanova", "province": "Barcelona", "municipality": "Barcelona", "district": "Sarri\u00e0-Sant Gervasi", "country": "es", "neighborhood": "Sant Gervasi - La Bonanova", "latitude": 41.40411, "longitude": 2.13167, "showAddress": false, "url": "https://www.idealista.com/inmueble/91700598/", "distance": "545", "hasVideo": true, "status": "renew", "newDevelopment": false, "hasLift": true, "priceByArea": 5508.0, "detailedType": {"typology": "flat"}, "suggestedTexts": {"subtitle": "Sant Gervasi - La Bonanova, Barcelona", "title": "Piso"}, "hasPlan": false, "has3DTour": false, "has360": false, "hasStaging": false, "topNewDevelopment": false}, {"propertyCode": "90159205", "thumbnail": "https://img3.idealista.com/blur/WEB_LISTING/0/id.pro.es.image.master/00/35/c1/784568369.jpg", "externalReference": "W-02F78G", "numPhotos": 32, "floor": "4", "price": 1350000.0, "propertyType": "flat", "operation": "sale", "size": 166.0, "exterior": false, "rooms": 3, "bathrooms": 3, "address": "barrio Les Tres Torres", "province": "Barcelona", "municipality": "Barcelona", "district": "Sarri\u00e0-Sant Gervasi", "country": "es", "neighborhood": "Les Tres Torres", "latitude": 41.4025358, "longitude": 2.1295021, "showAddress": false, "url": "https://www.idealista.com/inmueble/90159205/", "distance": "297", "hasVideo": false, "status": "good", "newDevelopment": false, "hasLift": true, "parkingSpace": {"hasParkingSpace": true, "isParkingSpaceIncludedInPrice": true}, "priceByArea": 8133.0, "detailedType": {"typology": "flat"}, "suggestedTexts": {"subtitle": "Les Tres Torres, Barcelona", "title": "Piso"}, "hasPlan": false, "has3DTour": false, "has360": false, "hasStaging": false, "topNewDevelopment": false}, {"propertyCode": "92504550", "thumbnail": "https://img3.idealista.com/blur/WEB_LISTING/0/id.pro.es.image.master/fa/de/9e/841243240.jpg", "externalReference": "8648", "numPhotos": 23, "floor": "3", "price": 865000.0, "propertyType": "flat", "operation": "sale", "size": 178.0, "exterior": true, "rooms": 4, "bathrooms": 3, "address": "Calle de Cop\u00e9rnico", "province": "Barcelona", "municipality": "Barcelona", "district": "Sarri\u00e0-Sant Gervasi", "country": "es", "neighborhood": "Sant Gervasi - Galvany", "latitude": 41.3981283, "longitude": 2.1337119, "showAddress": false, "url": "https://www.idealista.com/inmueble/92504550/", "distance": "690", "hasVideo": false, "status": "good", "newDevelopment": false, "hasLift": true, "priceByArea": 4860.0, "detailedType": {"typology": "flat"}, "suggestedTexts": {"subtitle": "Sant Gervasi - Galvany, Barcelona", "title": "Piso en Calle de Cop\u00e9rnico"}, "hasPlan": false, "has3DTour": false, "has360": false, "hasStaging": false, "topNewDevelopment": false}, {"propertyCode": "91503420", "thumbnail": "https://img3.idealista.com/blur/WEB_LISTING/0/id.pro.es.image.master/d0/da/dd/816131187.jpg", "externalReference": "VA1492", "numPhotos": 18, "floor": "4", "price": 1095000.0, "propertyType": "flat", "operation": "sale", "size": 196.0, "exterior": true, "rooms": 4, "bathrooms": 4, "address": "Paseo de Manuel Girona", "province": "Barcelona", "municipality": "Barcelona", "district": "Sarri\u00e0-Sant Gervasi", "country": "es", "neighborhood": "Sarri\u00e0", "latitude": 41.3945301, "longitude": 2.1286839, "showAddress": false, "url": "https://www.idealista.com/inmueble/91503420/", "distance": "757", "hasVideo": false, "status": "good", "newDevelopment": false, "hasLift": true, "parkingSpace": {"hasParkingSpace": true, "isParkingSpaceIncludedInPrice": true}, "priceByArea": 5587.0, "detailedType": {"typology": "flat"}, "suggestedTexts": {"subtitle": "Sarri\u00e0, Barcelona", "title": "Piso en Paseo de Manuel Girona"}, "hasPlan": true, "has3DTour": false, "has360": false, "hasStaging": false, "topNewDevelopment": false}, {"propertyCode": "92932853", "thumbnail": "https://img3.idealista.com/blur/WEB_LISTING/0/id.pro.es.image.master/6e/95/dd/851437666.jpg", "externalReference": "246643", "numPhotos": 40, "floor": "6", "price": 3200000.0, "propertyType": "penthouse", "operation": "sale", "size": 428.0, "exterior": false, "rooms": 10, "bathrooms": 4, "address": "barrio Sant Gervasi - La Bonanova", "province": "Barcelona", "municipality": "Barcelona", "district": "Sarri\u00e0-Sant Gervasi", "country": "es", "neighborhood": "Sant Gervasi - La Bonanova", "latitude": 41.4040941, "longitude": 2.1355248, "showAddress": false, "url": "https://www.idealista.com/inmueble/92932853/", "distance": "824", "hasVideo": false, "status": "renew", "newDevelopment": false, "hasLift": true, "priceByArea": 7477.0, "detailedType": {"typology": "flat", "subTypology": "penthouse"}, "suggestedTexts": {"subtitle": "Sant Gervasi - La Bonanova, Barcelona", "title": "\u00c1tico"}, "hasPlan": false, "has3DTour": false, "has360": false, "hasStaging": false, "topNewDevelopment": false}, {"propertyCode": "92915813", "thumbnail": "https://img3.idealista.com/blur/WEB_LISTING/0/id.pro.es.image.master/9d/6f/5e/851004305.jpg", "externalReference": "246347", "numPhotos": 26, "floor": "bj", "price": 720000.0, "propertyType": "flat", "operation": "sale", "size": 150.0, "exterior": true, "rooms": 4, "bathrooms": 2, "address": "barrio Sant Gervasi - La Bonanova", "province": "Barcelona", "municipality": "Barcelona", "district": "Sarri\u00e0-Sant Gervasi", "country": "es", "neighborhood": "Sant Gervasi - La Bonanova", "latitude": 41.4057941, "longitude": 2.1344248, "showAddress": false, "url": "https://www.idealista.com/inmueble/92915813/", "distance": "842", "hasVideo": false, "status": "renew", "newDevelopment": false, "hasLift": true, "priceByArea": 4800.0, "detailedType": {"typology": "flat"}, "suggestedTexts": {"subtitle": "Sant Gervasi - La Bonanova, Barcelona", "title": "Piso"}, "hasPlan": false, "has3DTour": false, "has360": false, "hasStaging": false, "topNewDevelopment": false}, {"propertyCode": "92520576", "thumbnail": "https://img3.idealista.com/blur/WEB_LISTING/0/id.pro.es.image.master/76/9e/cd/841602084.jpg", "externalReference": "vda- mandri", "numPhotos": 27, "floor": "1", "price": 875000.0, "propertyType": "flat", "operation": "sale", "size": 186.0, "exterior": true, "rooms": 4, "bathrooms": 3, "address": "Calle de Mandri", "province": "Barcelona", "municipality": "Barcelona", "district": "Sarri\u00e0-Sant Gervasi", "country": "es", "neighborhood": "Sant Gervasi - La Bonanova", "latitude": 41.4043212, "longitude": 2.1307505, "showAddress": false, "url": "https://www.idealista.com/inmueble/92520576/", "distance": "503", "hasVideo": true, "status": "good", "newDevelopment": false, "hasLift": true, "parkingSpace": {"hasParkingSpace": true, "isParkingSpaceIncludedInPrice": false, "parkingSpacePrice": 30000.0}, "priceByArea": 4704.0, "detailedType": {"typology": "flat"}, "suggestedTexts": {"subtitle": "Sant Gervasi - La Bonanova, Barcelona", "title": "Piso en Calle de Mandri"}, "hasPlan": false, "has3DTour": false, "has360": false, "hasStaging": false, "topNewDevelopment": false}, {"propertyCode": "92629448", "thumbnail": "https://img3.idealista.com/blur/WEB_LISTING/0/id.pro.es.image.master/1a/70/26/855711799.jpg", "externalReference": "MV0536", "numPhotos": 39, "floor": "2", "price": 1285000.0, "propertyType": "flat", "operation": "sale", "size": 246.0, "exterior": true, "rooms": 6, "bathrooms": 4, "address": "barrio Les Tres Torres", "province": "Barcelona", "municipality": "Barcelona", "district": "Sarri\u00e0-Sant Gervasi", "country": "es", "neighborhood": "Les Tres Torres", "latitude": 41.3960854, "longitude": 2.1295023, "showAddress": false, "url": "https://www.idealista.com/inmueble/92629448/", "distance": "616", "hasVideo": false, "status": "renew", "newDevelopment": false, "hasLift": true, "parkingSpace": {"hasParkingSpace": true, "isParkingSpaceIncludedInPrice": true}, "priceByArea": 5224.0, "detailedType": {"typology": "flat"}, "suggestedTexts": {"subtitle": "Les Tres Torres, Barcelona", "title": "Piso"}, "hasPlan": false, "has3DTour": false, "has360": false, "hasStaging": false, "topNewDevelopment": false}, {"propertyCode": "92666194", "thumbnail": "https://img3.idealista.com/blur/WEB_LISTING/0/id.pro.es.image.master/c4/dc/ec/855823975.jpg", "externalReference": "GVRM", "numPhotos": 17, "floor": "2", "price": 325000.0, "propertyType": "flat", "operation": "sale", "size": 60.0, "exterior": true, "rooms": 2, "bathrooms": 1, "address": "barrio Sarri\u00e0", "province": "Barcelona", "municipality": "Barcelona", "district": "Sarri\u00e0-Sant Gervasi", "country": "es", "neighborhood": "Sarri\u00e0", "latitude": 41.4011036, "longitude": 2.1204111, "showAddress": false, "url": "https://www.idealista.com/inmueble/92666194/", "distance": "504", "hasVideo": true, "status": "good", "newDevelopment": false, "hasLift": true, "priceByArea": 5417.0, "detailedType": {"typology": "flat"}, "suggestedTexts": {"subtitle": "Sarri\u00e0, Barcelona", "title": "Piso"}, "hasPlan": true, "has3DTour": false, "has360": false, "hasStaging": false, "topNewDevelopment": false}, {"propertyCode": "89245653", "thumbnail": "https://img3.idealista.com/blur/WEB_LISTING/0/id.pro.es.image.master/18/69/d0/849507143.jpg", "externalReference": "VPV07", "numPhotos": 19, "floor": "4", "price": 800000.0, "propertyType": "penthouse", "operation": "sale", "size": 120.0, "exterior": true, "rooms": 3, "bathrooms": 2, "address": "major de sarria", "province": "Barcelona", "municipality": "Barcelona", "district": "Sarri\u00e0-Sant Gervasi", "country": "es", "neighborhood": "Sarri\u00e0", "latitude": 41.4010277, "longitude": 2.1198422, "showAddress": false, "url": "https://www.idealista.com/inmueble/89245653/", "distance": "552", "hasVideo": false, "status": "good", "newDevelopment": false, "hasLift": false, "priceByArea": 6667.0, "detailedType": {"typology": "flat", "subTypology": "penthouse"}, "suggestedTexts": {"subtitle": "Sarri\u00e0, Barcelona", "title": "\u00c1tico en major de sarria"}, "hasPlan": false, "has3DTour": false, "has360": false, "hasStaging": false, "topNewDevelopment": false}, {"propertyCode": "92103908", "thumbnail": "https://img3.idealista.com/blur/WEB_LISTING/0/id.pro.es.image.master/a7/e0/5b/831038357.jpg", "externalReference": "CHV690", "numPhotos": 25, "floor": "4", "price": 1040000.0, "propertyType": "flat", "operation": "sale", "size": 168.0, "exterior": true, "rooms": 5, "bathrooms": 3, "address": "Paseo de la Bonanova", "province": "Barcelona", "municipality": "Barcelona", "district": "Sarri\u00e0-Sant Gervasi", "country": "es", "neighborhood": "Sant Gervasi - La Bonanova", "latitude": 41.404343, "longitude": 2.1335591, "showAddress": false, "url": "https://www.idealista.com/inmueble/92103908/", "distance": "691", "hasVideo": true, "status": "renew", "newDevelopment": false, "hasLift": true, "parkingSpace": {"hasParkingSpace": true, "isParkingSpaceIncludedInPrice": true}, "priceByArea": 6190.0, "detailedType": {"typology": "flat"}, "suggestedTexts": {"subtitle": "Sant Gervasi - La Bonanova, Barcelona", "title": "Piso en Paseo de la Bonanova"}, "hasPlan": false, "has3DTour": false, "has360": false, "hasStaging": false, "topNewDevelopment": false}, {"propertyCode": "91965832", "thumbnail": "https://img3.idealista.com/blur/WEB_LISTING/0/id.pro.es.image.master/54/22/94/827580869.jpg", "externalReference": "VPV06", "numPhotos": 30, "price": 2750000.0, "propertyType": "chalet", "operation": "sale", "size": 280.0, "exterior": false, "rooms": 3, "bathrooms": 3, "address": "barrio Les Tres Torres", "province": "Barcelona", "municipality": "Barcelona", "district": "Sarri\u00e0-Sant Gervasi", "country": "es", "neighborhood": "Les Tres Torres", "latitude": 41.3970757, "longitude": 2.1344179, "showAddress": false, "url": "https://www.idealista.com/inmueble/91965832/", "distance": "802", "hasVideo": false, "status": "good", "newDevelopment": false, "parkingSpace": {"hasParkingSpace": true, "isParkingSpaceIncludedInPrice": true}, "priceByArea": 9821.0, "detailedType": {"typology": "chalet", "subTypology": "terracedHouse"}, "suggestedTexts": {"subtitle": "Les Tres Torres, Barcelona", "title": "Chalet adosado"}, "hasPlan": false, "has3DTour": false, "has360": false, "hasStaging": false, "topNewDevelopment": false}, {"propertyCode": "93164066", "thumbnail": "https://img3.idealista.com/blur/WEB_LISTING/0/id.pro.es.image.master/0b/62/f1/855908940.jpg", "externalReference": "MV0539", "numPhotos": 20, "floor": "2", "price": 335000.0, "propertyType": "flat", "operation": "sale", "size": 55.0, "exterior": true, "rooms": 3, "bathrooms": 1, "address": "barrio Sarri\u00e0", "province": "Barcelona", "municipality": "Barcelona", "district": "Sarri\u00e0-Sant Gervasi", "country": "es", "neighborhood": "Sarri\u00e0", "latitude": 41.3985483, "longitude": 2.1236281, "showAddress": false, "url": "https://www.idealista.com/inmueble/93164066/", "distance": "372", "hasVideo": false, "status": "good", "newDevelopment": false, "hasLift": true, "priceByArea": 6091.0, "detailedType": {"typology": "flat"}, "suggestedTexts": {"subtitle": "Sarri\u00e0, Barcelona", "title": "Piso"}, "hasPlan": false, "has3DTour": false, "has360": false, "hasStaging": false, "topNewDevelopment": false}, {"propertyCode": "92527740", "thumbnail": "https://img3.idealista.com/blur/WEB_LISTING/0/id.pro.es.image.master/58/d4/5f/841814676.jpg", "externalReference": "246066", "numPhotos": 31, "floor": "3", "price": 2250000.0, "propertyType": "penthouse", "operation": "sale", "size": 315.0, "exterior": true, "rooms": 5, "bathrooms": 5, "address": "barrio Sarri\u00e0", "province": "Barcelona", "municipality": "Barcelona", "district": "Sarri\u00e0-Sant Gervasi", "country": "es", "neighborhood": "Sarri\u00e0", "latitude": 41.4026817, "longitude": 2.116786, "showAddress": false, "url": "https://www.idealista.com/inmueble/92527740/", "distance": "825", "hasVideo": false, "status": "renew", "newDevelopment": false, "hasLift": true, "priceByArea": 7143.0, "detailedType": {"typology": "flat", "subTypology": "penthouse"}, "suggestedTexts": {"subtitle": "Sarri\u00e0, Barcelona", "title": "\u00c1tico"}, "hasPlan": false, "has3DTour": false, "has360": false, "hasStaging": false, "topNewDevelopment": false}, {"propertyCode": "93037705", "thumbnail": "https://img3.idealista.com/blur/WEB_LISTING/0/id.pro.es.image.master/09/0d/09/853181751.jpg", "externalReference": "2642", "numPhotos": 10, "floor": "2", "price": 750000.0, "propertyType": "flat", "operation": "sale", "size": 130.0, "exterior": true, "rooms": 5, "bathrooms": 3, "address": "barrio Les Tres Torres", "province": "Barcelona", "municipality": "Barcelona", "district": "Sarri\u00e0-Sant Gervasi", "country": "es", "neighborhood": "Les Tres Torres", "latitude": 41.3966, "longitude": 2.13202, "showAddress": false, "url": "https://www.idealista.com/inmueble/93037705/", "distance": "684", "hasVideo": false, "status": "renew", "newDevelopment": false, "hasLift": true, "parkingSpace": {"hasParkingSpace": true, "isParkingSpaceIncludedInPrice": true}, "priceByArea": 5769.0, "detailedType": {"typology": "flat"}, "suggestedTexts": {"subtitle": "Les Tres Torres, Barcelona", "title": "Piso"}, "hasPlan": false, "has3DTour": false, "has360": false, "hasStaging": false, "topNewDevelopment": false}, {"propertyCode": "90413189", "thumbnail": "https://img3.idealista.com/blur/WEB_LISTING/0/id.pro.es.image.master/b1/da/68/790248453.jpg", "externalReference": "v7211", "numPhotos": 44, "price": 1590000.0, "propertyType": "chalet", "operation": "sale", "size": 201.0, "exterior": false, "rooms": 4, "bathrooms": 2, "address": "barrio Sarri\u00e0", "province": "Barcelona", "municipality": "Barcelona", "district": "Sarri\u00e0-Sant Gervasi", "country": "es", "neighborhood": "Sarri\u00e0", "latitude": 41.3984128, "longitude": 2.122324, "showAddress": false, "url": "https://www.idealista.com/inmueble/90413189/", "distance": "459", "hasVideo": true, "status": "good", "newDevelopment": false, "priceByArea": 7910.0, "detailedType": {"typology": "chalet", "subTypology": "independantHouse"}, "suggestedTexts": {"subtitle": "Sarri\u00e0, Barcelona", "title": "Casa independiente"}, "hasPlan": false, "has3DTour": true, "has360": false, "hasStaging": false, "topNewDevelopment": false}, {"propertyCode": "89999059", "thumbnail": "https://img3.idealista.com/blur/WEB_LISTING/0/id.pro.es.image.master/8d/ee/0d/781263723.jpg", "externalReference": "W-02IINA", "numPhotos": 27, "floor": "1", "price": 795000.0, "propertyType": "flat", "operation": "sale", "size": 143.0, "exterior": true, "rooms": 4, "bathrooms": 2, "address": "barrio Les Tres Torres", "province": "Barcelona", "municipality": "Barcelona", "district": "Sarri\u00e0-Sant Gervasi", "country": "es", "neighborhood": "Les Tres Torres", "latitude": 41.3940516, "longitude": 2.1279513, "showAddress": false, "url": "https://www.idealista.com/inmueble/89999059/", "distance": "797", "hasVideo": false, "status": "good", "newDevelopment": false, "hasLift": true, "parkingSpace": {"hasParkingSpace": true, "isParkingSpaceIncludedInPrice": true}, "priceByArea": 5559.0, "detailedType": {"typology": "flat"}, "suggestedTexts": {"subtitle": "Les Tres Torres, Barcelona", "title": "Piso"}, "hasPlan": true, "has3DTour": false, "has360": true, "hasStaging": false, "topNewDevelopment": false}, {"propertyCode": "89876882", "thumbnail": "https://img3.idealista.com/blur/WEB_LISTING/0/id.pro.es.image.master/79/c6/b9/778456332.jpg", "externalReference": "W-02IOYR", "numPhotos": 67, "floor": "5", "price": 2400000.0, "propertyType": "penthouse", "operation": "sale", "size": 403.0, "exterior": false, "rooms": 6, "bathrooms": 7, "address": "barrio Sant Gervasi - Galvany", "province": "Barcelona", "municipality": "Barcelona", "district": "Sarri\u00e0-Sant Gervasi", "country": "es", "neighborhood": "Sant Gervasi - Galvany", "latitude": 41.3979879, "longitude": 2.1352271, "showAddress": false, "url": "https://www.idealista.com/inmueble/89876882/", "distance": "810", "hasVideo": false, "status": "good", "newDevelopment": false, "hasLift": true, "parkingSpace": {"hasParkingSpace": true, "isParkingSpaceIncludedInPrice": true}, "priceByArea": 5955.0, "detailedType": {"typology": "flat", "subTypology": "penthouse"}, "suggestedTexts": {"subtitle": "Sant Gervasi - Galvany, Barcelona", "title": "\u00c1tico"}, "hasPlan": true, "has3DTour": false, "has360": true, "hasStaging": false, "topNewDevelopment": false}, {"propertyCode": "87823437", "thumbnail": "https://img3.idealista.com/blur/WEB_LISTING/0/id.pro.es.image.master/7d/06/4d/755955558.jpg", "externalReference": "W-02BMPT", "numPhotos": 32, "floor": "4", "price": 1040000.0, "propertyType": "flat", "operation": "sale", "size": 163.0, "exterior": false, "rooms": 5, "bathrooms": 3, "address": "barrio Sant Gervasi - La Bonanova", "province": "Barcelona", "municipality": "Barcelona", "district": "Sarri\u00e0-Sant Gervasi", "country": "es", "neighborhood": "Sant Gervasi - La Bonanova", "latitude": 41.407643, "longitude": 2.1319591, "showAddress": false, "url": "https://www.idealista.com/inmueble/87823437/", "distance": "856", "hasVideo": false, "status": "good", "newDevelopment": false, "hasLift": true, "parkingSpace": {"hasParkingSpace": true, "isParkingSpaceIncludedInPrice": true}, "priceByArea": 6380.0, "detailedType": {"typology": "flat"}, "suggestedTexts": {"subtitle": "Sant Gervasi - La Bonanova, Barcelona", "title": "Piso"}, "hasPlan": true, "has3DTour": false, "has360": true, "hasStaging": false, "topNewDevelopment": false}, {"propertyCode": "91605015", "thumbnail": "https://img3.idealista.com/blur/WEB_LISTING/0/id.pro.es.image.master/91/b0/88/818786709.jpg", "externalReference": "306297", "numPhotos": 22, "price": 899000.0, "propertyType": "penthouse", "operation": "sale", "size": 181.0, "exterior": true, "rooms": 4, "bathrooms": 3, "address": "Via Augusta s/n", "province": "Barcelona", "municipality": "Barcelona", "district": "Sarri\u00e0-Sant Gervasi", "country": "es", "neighborhood": "Les Tres Torres", "latitude": 41.4001021, "longitude": 2.1238087, "showAddress": true, "url": "https://www.idealista.com/inmueble/91605015/", "distance": "249", "hasVideo": true, "status": "good", "newDevelopment": false, "hasLift": true, "priceByArea": 4967.0, "detailedType": {"typology": "flat", "subTypology": "penthouse"}, "suggestedTexts": {"subtitle": "Les Tres Torres, Barcelona", "title": "\u00c1tico en Via Augusta s/n"}, "hasPlan": true, "has3DTour": false, "has360": true, "hasStaging": false, "topNewDevelopment": false}, {"propertyCode": "90549031", "thumbnail": "https://img3.idealista.com/blur/WEB_LISTING/0/id.pro.es.image.master/fb/d3/ca/792856238.jpg", "externalReference": "Capit\u00e1n Arenas", "numPhotos": 22, "floor": "2", "price": 515000.0, "propertyType": "flat", "operation": "sale", "size": 128.0, "exterior": true, "rooms": 4, "bathrooms": 2, "address": "Calle del Capit\u00e0 Arenas", "province": "Barcelona", "municipality": "Barcelona", "district": "Sarri\u00e0-Sant Gervasi", "country": "es", "neighborhood": "Sarri\u00e0", "latitude": 41.3936469, "longitude": 2.1243886, "showAddress": false, "url": "https://www.idealista.com/inmueble/90549031/", "distance": "850", "hasVideo": true, "status": "renew", "newDevelopment": false, "hasLift": true, "priceByArea": 4023.0, "detailedType": {"typology": "flat"}, "suggestedTexts": {"subtitle": "Sarri\u00e0, Barcelona", "title": "Piso en Calle del Capit\u00e0 Arenas"}, "hasPlan": true, "has3DTour": false, "has360": true, "hasStaging": false, "topNewDevelopment": false}, {"propertyCode": "91805259", "thumbnail": "https://img3.idealista.com/blur/WEB_LISTING/0/id.pro.es.image.master/bc/84/50/823731484.jpg", "numPhotos": 26, "floor": "3", "price": 620000.0, "propertyType": "flat", "operation": "sale", "size": 119.0, "exterior": true, "rooms": 3, "bathrooms": 2, "address": "Via agusta", "province": "Barcelona", "municipality": "Barcelona", "district": "Sarri\u00e0-Sant Gervasi", "country": "es", "neighborhood": "Les Tres Torres", "latitude": 41.3971504, "longitude": 2.1292617, "showAddress": false, "url": "https://www.idealista.com/inmueble/91805259/", "distance": "500", "hasVideo": false, "status": "good", "newDevelopment": false, "hasLift": true, "priceByArea": 5210.0, "detailedType": {"typology": "flat"}, "suggestedTexts": {"subtitle": "Les Tres Torres, Barcelona", "title": "Piso en Via agusta"}, "hasPlan": true, "has3DTour": false, "has360": true, "hasStaging": false, "topNewDevelopment": false}]