[{"propertyCode": "91956445", "thumbnail": "https://img3.idealista.com/blur/WEB_LISTING/0/id.pro.es.image.master/3f/6e/06/827319076.jpg", "externalReference": "BCN21032", "numPhotos": 30, "price": 1975000.0, "propertyType": "flat", "operation": "sale", "size": 227.0, "exterior": true, "rooms": 4, "bathrooms": 3, "address": "barrio La Dreta de l'Eixample", "province": "Barcelona", "municipality": "Barcelona", "district": "Eixample", "country": "es", "neighborhood": "La Dreta de l'Eixample", "latitude": 41.3954477, "longitude": 2.1623459, "showAddress": false, "url": "https://www.idealista.com/inmueble/91956445/", "distance": "637", "hasVideo": false, "status": "good", "newDevelopment": false, "hasLift": true, "priceByArea": 8700.0, "detailedType": {"typology": "flat"}, "suggestedTexts": {"subtitle": "La Dreta de l'Eixample, Barcelona", "title": "Piso"}, "hasPlan": true, "has3DTour": true, "has360": false, "hasStaging": false, "topNewDevelopment": false}, {"propertyCode": "85119461", "thumbnail": "https://img3.idealista.com/blur/WEB_LISTING/0/id.pro.es.image.master/29/fe/ce/654772857.jpg", "externalReference": "BCN7672", "numPhotos": 30, "price": 950000.0, "propertyType": "flat", "operation": "sale", "size": 169.0, "exterior": true, "rooms": 3, "bathrooms": 2, "address": "barrio La Dreta de l'Eixample", "province": "Barcelona", "municipality": "Barcelona", "district": "Eixample", "country": "es", "neighborhood": "La Dreta de l'Eixample", "latitude": 41.3927453, "longitude": 2.1596452, "showAddress": false, "url": "https://www.idealista.com/inmueble/85119461/", "distance": "535", "hasVideo": false, "status": "good", "newDevelopment": false, "hasLift": true, "priceByArea": 5621.0, "detailedType": {"typology": "flat"}, "suggestedTexts": {"subtitle": "La Dreta de l'Eixample, Barcelona", "title": "Piso"}, "hasPlan": true, "has3DTour": true, "has360": false, "hasStaging": false, "topNewDevelopment": false}, {"propertyCode": "90288790", "thumbnail": "https://img3.idealista.com/blur/WEB_LISTING/0/id.pro.es.image.master/54/4e/f1/787287928.jpg", "externalReference": "BCN19980", "numPhotos": 39, "price": 1400000.0, "propertyType": "flat", "operation": "sale", "size": 200.0, "exterior": true, "rooms": 4, "bathrooms": 2, "address": "barrio Sant Gervasi - Galvany", "province": "Barcelona", "municipality": "Barcelona", "district": "Sarri\u00e0-Sant Gervasi", "country": "es", "neighborhood": "Sant Gervasi - Galvany", "latitude": 41.3943689, "longitude": 2.1483246, "showAddress": false, "url": "https://www.idealista.com/inmueble/90288790/", "distance": "557", "hasVideo": false, "status": "good", "newDevelopment": false, "hasLift": true, "priceByArea": 7000.0, "detailedType": {"typology": "flat"}, "suggestedTexts": {"subtitle": "Sant Gervasi - Galvany, Barcelona", "title": "Piso"}, "hasPlan": true, "has3DTour": true, "has360": false, "hasStaging": false, "topNewDevelopment": false}, {"propertyCode": "88471656", "thumbnail": "https://img3.idealista.com/blur/WEB_LISTING/0/id.pro.es.image.master/44/27/f8/747584274.jpg", "externalReference": "BCN21499", "numPhotos": 33, "price": 1395000.0, "propertyType": "flat", "operation": "sale", "size": 207.0, "exterior": true, "rooms": 5, "bathrooms": 3, "address": "barrio La Dreta de l'Eixample", "province": "Barcelona", "municipality": "Barcelona", "district": "Eixample", "country": "es", "neighborhood": "La Dreta de l'Eixample", "latitude": 41.3904222, "longitude": 2.1609085, "showAddress": false, "url": "https://www.idealista.com/inmueble/88471656/", "distance": "793", "hasVideo": false, "status": "renew", "newDevelopment": false, "hasLift": true, "priceByArea": 6739.0, "detailedType": {"typology": "flat"}, "suggestedTexts": {"subtitle": "La Dreta de l'Eixample, Barcelona", "title": "Piso"}, "hasPlan": true, "has3DTour": true, "has360": false, "hasStaging": false, "topNewDevelopment": false}, {"propertyCode": "91637762", "thumbnail": "https://img3.idealista.com/blur/WEB_LISTING/0/id.pro.es.image.master/18/b8/b8/819618578.jpg", "externalReference": "14725", "numPhotos": 47, "floor": "4", "price": 1600000.0, "propertyType": "flat", "operation": "sale", "size": 169.0, "exterior": true, "rooms": 3, "bathrooms": 2, "address": "barrio La Dreta de l'Eixample", "province": "Barcelona", "municipality": "Barcelona", "district": "Eixample", "country": "es", "neighborhood": "La Dreta de l'Eixample", "latitude": 41.3943032, "longitude": 2.1622767, "showAddress": false, "url": "https://www.idealista.com/inmueble/91637762/", "distance": "653", "hasVideo": false, "status": "good", "newDevelopment": false, "priceByArea": 9467.0, "detailedType": {"typology": "flat"}, "suggestedTexts": {"subtitle": "La Dreta de l'Eixample, Barcelona", "title": "Piso"}, "hasPlan": true, "has3DTour": true, "has360": false, "hasStaging": false, "topNewDevelopment": false}, {"propertyCode": "89854790", "thumbnail": "https://img3.idealista.com/blur/WEB_LISTING/0/id.pro.es.image.master/6a/79/4e/778082835.jpg", "externalReference": "14092", "numPhotos": 33, "floor": "1", "price": 999000.0, "propertyType": "flat", "operation": "sale", "size": 250.0, "exterior": true, "rooms": 5, "bathrooms": 3, "address": "barrio Sant Gervasi - Galvany", "province": "Barcelona", "municipality": "Barcelona", "district": "Sarri\u00e0-Sant Gervasi", "country": "es", "neighborhood": "Sant Gervasi - Galvany", "latitude": 41.3956444, "longitude": 2.1549884, "showAddress": false, "url": "https://www.idealista.com/inmueble/89854790/", "distance": "31", "hasVideo": false, "status": "renew", "newDevelopment": false, "hasLift": true, "priceByArea": 3996.0, "detailedType": {"typology": "flat"}, "suggestedTexts": {"subtitle": "Sant Gervasi - Galvany, Barcelona", "title": "Piso"}, "hasPlan": true, "has3DTour": true, "has360": false, "hasStaging": false, "topNewDevelopment": false}, {"propertyCode": "88585464", "thumbnail": "https://img3.idealista.com/blur/WEB_LISTING/0/id.pro.es.image.master/c7/07/04/756034472.jpg", "externalReference": "W-02I18U", "numPhotos": 32, "floor": "3", "price": 850000.0, "propertyType": "flat", "operation": "sale", "size": 150.0, "exterior": false, "rooms": 4, "bathrooms": 2, "address": "barrio Sant Gervasi - Galvany", "province": "Barcelona", "municipality": "Barcelona", "district": "Sarri\u00e0-Sant Gervasi", "country": "es", "neighborhood": "Sant Gervasi - Galvany", "latitude": 41.3964793, "longitude": 2.1517862, "showAddress": false, "url": "https://www.idealista.com/inmueble/88585464/", "distance": "254", "hasVideo": false, "status": "good", "newDevelopment": false, "hasLift": true, "priceByArea": 5667.0, "detailedType": {"typology": "flat"}, "suggestedTexts": {"subtitle": "Sant Gervasi - Galvany, Barcelona", "title": "Piso"}, "hasPlan": true, "has3DTour": true, "has360": false, "hasStaging": false, "topNewDevelopment": false}, {"propertyCode": "85493774", "thumbnail": "https://img3.idealista.com/blur/WEB_LISTING/0/id.pro.es.image.master/b4/84/0a/771646001.jpg", "externalReference": "W-02ECLK", "numPhotos": 36, "floor": "bj", "price": 750000.0, "propertyType": "flat", "operation": "sale", "size": 202.0, "exterior": false, "rooms": 1, "bathrooms": 2, "address": "barrio Vila de Gr\u00e0cia", "province": "Barcelona", "municipality": "Barcelona", "district": "Gr\u00e0cia", "country": "es", "neighborhood": "Vila de Gr\u00e0cia", "latitude": 41.4005828, "longitude": 2.1558008, "showAddress": false, "url": "https://www.idealista.com/inmueble/85493774/", "distance": "535", "hasVideo": false, "status": "good", "newDevelopment": false, "hasLift": false, "parkingSpace": {"hasParkingSpace": true, "isParkingSpaceIncludedInPrice": true}, "priceByArea": 3713.0, "detailedType": {"typology": "flat"}, "suggestedTexts": {"subtitle": "Vila de Gr\u00e0cia, Barcelona", "title": "Piso"}, "hasPlan": true, "has3DTour": true, "has360": false, "hasStaging": false, "topNewDevelopment": false}, {"propertyCode": "87894859", "thumbnail": "https://img3.idealista.com/blur/WEB_LISTING/0/id.pro.es.image.master/d7/ca/a7/761771404.jpg", "externalReference": "VB1911059", "numPhotos": 35, "floor": "5", "price": 790000.0, "propertyType": "penthouse", "operation": "sale", "size": 134.0, "exterior": true, "rooms": 3, "bathrooms": 4, "address": "Calle de Mari\u00e0 Cub\u00ed", "province": "Barcelona", "municipality": "Barcelona", "district": "Sarri\u00e0-Sant Gervasi", "country": "es", "neighborhood": "Sant Gervasi - Galvany", "latitude": 41.3988899, "longitude": 2.1506489, "showAddress": false, "url": "https://www.idealista.com/inmueble/87894859/", "distance": "480", "hasVideo": false, "status": "good", "newDevelopment": false, "hasLift": true, "priceByArea": 5896.0, "detailedType": {"typology": "flat", "subTypology": "penthouse"}, "suggestedTexts": {"subtitle": "Sant Gervasi - Galvany, Barcelona", "title": "\u00c1tico en Calle de Mari\u00e0 Cub\u00ed"}, "hasPlan": true, "has3DTour": false, "has360": true, "hasStaging": false, "topNewDevelopment": false}, {"propertyCode": "92284473", "thumbnail": "https://img3.idealista.com/blur/WEB_LISTING/0/id.pro.es.image.master/1e/23/3d/835760591.jpg", "externalReference": "019281", "numPhotos": 30, "floor": "4", "price": 845000.0, "propertyType": "flat", "operation": "sale", "size": 150.0, "exterior": false, "rooms": 4, "bathrooms": 2, "address": "Calle de l'Avenir", "province": "Barcelona", "municipality": "Barcelona", "district": "Sarri\u00e0-Sant Gervasi", "country": "es", "neighborhood": "Sant Gervasi - Galvany", "latitude": 41.3967773, "longitude": 2.1456382, "showAddress": false, "url": "https://www.idealista.com/inmueble/92284473/", "distance": "764", "hasVideo": true, "status": "good", "newDevelopment": false, "hasLift": true, "parkingSpace": {"hasParkingSpace": true, "isParkingSpaceIncludedInPrice": true}, "priceByArea": 5633.0, "detailedType": {"typology": "flat"}, "suggestedTexts": {"subtitle": "Sant Gervasi - Galvany, Barcelona", "title": "Piso en Calle de l'Avenir"}, "hasPlan": true, "has3DTour": false, "has360": true, "hasStaging": false, "topNewDevelopment": false}, {"propertyCode": "92472112", "thumbnail": "https://img3.idealista.com/blur/WEB_LISTING/0/id.pro.es.image.master/ff/7b/99/840484158.jpg", "externalReference": "VB2011024-1", "numPhotos": 24, "floor": "5", "price": 870000.0, "propertyType": "flat", "operation": "sale", "size": 86.0, "exterior": true, "rooms": 1, "bathrooms": 1, "address": "Paseo de Gr\u00e0cia", "province": "Barcelona", "municipality": "Barcelona", "district": "Eixample", "country": "es", "neighborhood": "La Dreta de l'Eixample", "latitude": 41.3941412, "longitude": 2.1609541, "showAddress": false, "url": "https://www.idealista.com/inmueble/92472112/", "distance": "553", "hasVideo": true, "status": "good", "newDevelopment": false, "hasLift": true, "priceByArea": 10116.0, "detailedType": {"typology": "flat"}, "suggestedTexts": {"subtitle": "La Dreta de l'Eixample, Barcelona", "title": "Piso en Paseo de Gr\u00e0cia"}, "hasPlan": true, "has3DTour": false, "has360": true, "hasStaging": false, "topNewDevelopment": false}, {"propertyCode": "91520865", "thumbnail": "https://img3.idealista.com/blur/WEB_LISTING/0/id.pro.es.image.master/92/2d/77/816546198.jpg", "externalReference": "G-40654", "numPhotos": 25, "floor": "5", "price": 285000.0, "propertyType": "flat", "operation": "sale", "size": 76.0, "exterior": true, "rooms": 3, "bathrooms": 1, "address": "Calle de Puigmart\u00ed", "province": "Barcelona", "municipality": "Barcelona", "district": "Gr\u00e0cia", "country": "es", "neighborhood": "Vila de Gr\u00e0cia", "latitude": 41.4003694, "longitude": 2.1624695, "showAddress": false, "url": "https://www.idealista.com/inmueble/91520865/", "distance": "819", "hasVideo": true, "status": "good", "newDevelopment": false, "hasLift": true, "priceByArea": 3750.0, "detailedType": {"typology": "flat"}, "suggestedTexts": {"subtitle": "Vila de Gr\u00e0cia, Barcelona", "title": "Piso en Calle de Puigmart\u00ed"}, "hasPlan": true, "has3DTour": false, "has360": true, "hasStaging": false, "topNewDevelopment": false}, {"propertyCode": "87682669", "thumbnail": "https://img3.idealista.com/blur/WEB_LISTING/0/id.pro.es.image.master/77/cd/33/728335876.jpg", "externalReference": "13622", "numPhotos": 38, "floor": "1", "price": 775000.0, "propertyType": "flat", "operation": "sale", "size": 169.0, "exterior": true, "rooms": 4, "bathrooms": 3, "address": "barrio Sant Gervasi - Galvany", "province": "Barcelona", "municipality": "Barcelona", "district": "Sarri\u00e0-Sant Gervasi", "country": "es", "neighborhood": "Sant Gervasi - Galvany", "latitude": 41.3977277, "longitude": 2.1511683, "showAddress": false, "url": "https://www.idealista.com/inmueble/87682669/", "distance": "363", "hasVideo": true, "status": "good", "newDevelopment": false, "hasLift": true, "priceByArea": 4586.0, "detailedType": {"typology": "flat"}, "suggestedTexts": {"subtitle": "Sant Gervasi - Galvany, Barcelona", "title": "Piso"}, "hasPlan": true, "has3DTour": false, "has360": false, "hasStaging": false, "topNewDevelopment": false}, {"propertyCode": "92935188", "thumbnail": "https://img3.idealista.com/blur/WEB_LISTING/0/id.pro.es.image.master/ba/a2/56/851506222.jpg", "externalReference": "BCN27085", "numPhotos": 35, "price": 1090000.0, "propertyType": "flat", "operation": "sale", "size": 206.0, "exterior": true, "rooms": 6, "bathrooms": 4, "address": "barrio Sant Gervasi - Galvany", "province": "Barcelona", "municipality": "Barcelona", "district": "Sarri\u00e0-Sant Gervasi", "country": "es", "neighborhood": "Sant Gervasi - Galvany", "latitude": 41.3956689, "longitude": 2.1483246, "showAddress": false, "url": "https://www.idealista.com/inmueble/92935188/", "distance": "533", "hasVideo": false, "status": "good", "newDevelopment": false, "hasLift": true, "priceByArea": 5291.0, "detailedType": {"typology": "flat"}, "suggestedTexts": {"subtitle": "Sant Gervasi - Galvany, Barcelona", "title": "Piso"}, "hasPlan": true, "has3DTour": false, "has360": true, "hasStaging": false, "topNewDevelopment": false}, {"propertyCode": "87668541", "thumbnail": "https://img3.idealista.com/blur/WEB_LISTING/0/id.pro.es.image.master/3a/b1/06/844034941.jpg", "externalReference": "218065", "numPhotos": 25, "floor": "3", "price": 380000.0, "propertyType": "flat", "operation": "sale", "size": 82.0, "exterior": true, "rooms": 2, "bathrooms": 1, "address": "barrio L'Antiga Esquerra de l'Eixample", "province": "Barcelona", "municipality": "Barcelona", "district": "Eixample", "country": "es", "neighborhood": "L'Antiga Esquerra de l'Eixample", "latitude": 41.3891518, "longitude": 2.1542236, "showAddress": false, "url": "https://www.idealista.com/inmueble/87668541/", "distance": "744", "hasVideo": false, "status": "good", "newDevelopment": false, "hasLift": true, "priceByArea": 4634.0, "detailedType": {"typology": "flat"}, "suggestedTexts": {"subtitle": "L'Antiga Esquerra de l'Eixample, Barcelona", "title": "Piso"}, "hasPlan": true, "has3DTour": true, "has360": true, "hasStaging": false, "topNewDevelopment": false}, {"propertyCode": "86560022", "thumbnail": "https://img3.idealista.com/blur/WEB_LISTING/0/id.pro.es.image.master/5a/6e/31/702857077.jpg", "externalReference": "019197", "numPhotos": 40, "floor": "4", "price": 1600000.0, "propertyType": "flat", "operation": "sale", "size": 175.0, "exterior": true, "rooms": 3, "bathrooms": 2, "address": "barrio La Dreta de l'Eixample", "province": "Barcelona", "municipality": "Barcelona", "district": "Eixample", "country": "es", "neighborhood": "La Dreta de l'Eixample", "latitude": 41.3978964, "longitude": 2.1624854, "showAddress": false, "url": "https://www.idealista.com/inmueble/86560022/", "distance": "687", "hasVideo": false, "status": "good", "newDevelopment": false, "hasLift": true, "priceByArea": 9143.0, "detailedType": {"typology": "flat"}, "suggestedTexts": {"subtitle": "La Dreta de l'Eixample, Barcelona", "title": "Piso"}, "hasPlan": true, "has3DTour": false, "has360": true, "hasStaging": false, "topNewDevelopment": false}, {"propertyCode": "84869947", "thumbnail": "https://img3.idealista.com/blur/WEB_LISTING/0/id.pro.es.image.master/3c/43/a8/853139579.jpg", "externalReference": "BCN05929", "numPhotos": 23, "floor": "1", "price": 595000.0, "propertyType": "flat", "operation": "sale", "size": 180.0, "exterior": true, "rooms": 4, "bathrooms": 2, "address": "barrio La Dreta de l'Eixample", "province": "Barcelona", "municipality": "Barcelona", "district": "Eixample", "country": "es", "neighborhood": "La Dreta de l'Eixample", "latitude": 41.3985575, "longitude": 2.1601092, "showAddress": false, "url": "https://www.idealista.com/inmueble/84869947/", "distance": "542", "hasVideo": true, "status": "renew", "newDevelopment": false, "hasLift": true, "parkingSpace": {"hasParkingSpace": true, "isParkingSpaceIncludedInPrice": false, "parkingSpacePrice": 30000.0}, "priceByArea": 3306.0, "detailedType": {"typology": "flat"}, "suggestedTexts": {"subtitle": "La Dreta de l'Eixample, Barcelona", "title": "Piso"}, "hasPlan": true, "has3DTour": false, "has360": false, "hasStaging": false, "topNewDevelopment": false}, {"propertyCode": "91067007", "thumbnail": "https://img3.idealista.com/blur/WEB_LISTING/0/id.pro.es.image.master/1a/82/d0/806080927.jpg", "externalReference": "11213", "numPhotos": 35, "floor": "5", "price": 1050000.0, "propertyType": "penthouse", "operation": "sale", "size": 140.0, "exterior": true, "rooms": 3, "bathrooms": 2, "address": "Calle de Mari\u00e0 Cub\u00ed", "province": "Barcelona", "municipality": "Barcelona", "district": "Sarri\u00e0-Sant Gervasi", "country": "es", "neighborhood": "Sant Gervasi - Galvany", "latitude": 41.3954572, "longitude": 2.1469159, "showAddress": false, "url": "https://www.idealista.com/inmueble/91067007/", "distance": "652", "hasVideo": false, "status": "good", "newDevelopment": false, "hasLift": true, "parkingSpace": {"hasParkingSpace": true, "isParkingSpaceIncludedInPrice": true}, "priceByArea": 7500.0, "detailedType": {"typology": "flat", "subTypology": "penthouse"}, "suggestedTexts": {"subtitle": "Sant Gervasi - Galvany, Barcelona", "title": "\u00c1tico en Calle de Mari\u00e0 Cub\u00ed"}, "hasPlan": true, "has3DTour": false, "has360": true, "hasStaging": false, "topNewDevelopment": false}, {"propertyCode": "87362371", "thumbnail": "https://img3.idealista.com/blur/WEB_LISTING/0/id.pro.es.image.master/1f/30/b9/849513899.jpg", "externalReference": "7488", "numPhotos": 39, "floor": "1", "price": 769000.0, "propertyType": "flat", "operation": "sale", "size": 210.0, "exterior": true, "rooms": 5, "bathrooms": 3, "address": "Traves\u00eda de Gr\u00e0cia", "province": "Barcelona", "municipality": "Barcelona", "district": "Sarri\u00e0-Sant Gervasi", "country": "es", "neighborhood": "Sant Gervasi - Galvany", "latitude": 41.4001304, "longitude": 2.1538031, "showAddress": false, "url": "https://www.idealista.com/inmueble/87362371/", "distance": "483", "hasVideo": true, "status": "renew", "newDevelopment": false, "hasLift": true, "priceByArea": 3662.0, "detailedType": {"typology": "flat"}, "suggestedTexts": {"subtitle": "Sant Gervasi - Galvany, Barcelona", "title": "Piso en Traves\u00eda de Gr\u00e0cia"}, "hasPlan": true, "has3DTour": true, "has360": true, "hasStaging": false, "topNewDevelopment": false}, {"propertyCode": "92812172", "thumbnail": "https://img3.idealista.com/blur/WEB_LISTING/0/id.pro.es.image.master/b5/d3/d6/848708562.jpg", "externalReference": "B07480BA", "numPhotos": 43, "floor": "7", "price": 1350000.0, "propertyType": "penthouse", "operation": "sale", "size": 200.0, "exterior": true, "rooms": 5, "bathrooms": 3, "address": "barrio Sant Gervasi - Galvany", "province": "Barcelona", "municipality": "Barcelona", "district": "Sarri\u00e0-Sant Gervasi", "country": "es", "neighborhood": "Sant Gervasi - Galvany", "latitude": 41.3977763, "longitude": 2.150781, "showAddress": false, "url": "https://www.idealista.com/inmueble/92812172/", "distance": "392", "hasVideo": true, "status": "good", "newDevelopment": false, "hasLift": true, "priceByArea": 6750.0, "detailedType": {"typology": "flat", "subTypology": "penthouse"}, "suggestedTexts": {"subtitle": "Sant Gervasi - Galvany, Barcelona", "title": "\u00c1tico"}, "hasPlan": true, "has3DTour": false, "has360": true, "hasStaging": false, "topNewDevelopment": false}, {"propertyCode": "88466394", "thumbnail": "https://img3.idealista.com/blur/WEB_LISTING/0/id.pro.es.image.master/62/f0/ea/855822674.jpg", "externalReference": "GV510", "numPhotos": 31, "floor": "4", "price": 850000.0, "propertyType": "flat", "operation": "sale", "size": 160.0, "exterior": true, "rooms": 5, "bathrooms": 2, "address": "Calle de l'Avenir", "province": "Barcelona", "municipality": "Barcelona", "district": "Sarri\u00e0-Sant Gervasi", "country": "es", "neighborhood": "Sant Gervasi - Galvany", "latitude": 41.3968799, "longitude": 2.1478307, "showAddress": false, "url": "https://www.idealista.com/inmueble/88466394/", "distance": "585", "hasVideo": true, "status": "good", "newDevelopment": false, "hasLift": true, "priceByArea": 5313.0, "detailedType": {"typology": "flat"}, "suggestedTexts": {"subtitle": "Sant Gervasi - Galvany, Barcelona", "title": "Piso en Calle de l'Avenir"}, "hasPlan": true, "has3DTour": false, "has360": true, "hasStaging": false, "topNewDevelopment": false}, {"propertyCode": "88813147", "thumbnail": "https://img3.idealista.com/blur/WEB_LISTING/0/id.pro.es.image.master/fd/0d/58/756044616.jpg", "externalReference": "8038", "numPhotos": 46, "price": 645000.0, "propertyType": "flat", "operation": "sale", "size": 110.0, "exterior": true, "rooms": 3, "bathrooms": 2, "address": "Calle de Muntaner", "province": "Barcelona", "municipality": "Barcelona", "district": "Eixample", "country": "es", "neighborhood": "L'Antiga Esquerra de l'Eixample", "latitude": 41.3898392, "longitude": 2.1516507, "showAddress": false, "url": "https://www.idealista.com/inmueble/88813147/", "distance": "714", "hasVideo": true, "status": "good", "newDevelopment": false, "hasLift": true, "priceByArea": 5864.0, "detailedType": {"typology": "flat"}, "suggestedTexts": {"subtitle": "L'Antiga Esquerra de l'Eixample, Barcelona", "title": "Piso en Calle de Muntaner"}, "hasPlan": true, "has3DTour": true, "has360": true, "hasStaging": false, "topNewDevelopment": false}, {"propertyCode": "91627282", "thumbnail": "https://img3.idealista.com/blur/WEB_LISTING/0/id.pro.es.image.master/b6/d0/4d/822814221.jpg", "externalReference": "BCN06436", "numPhotos": 22, "floor": "1", "price": 990000.0, "propertyType": "flat", "operation": "sale", "size": 192.0, "exterior": true, "rooms": 5, "bathrooms": 2, "address": "barrio La Dreta de l'Eixample", "province": "Barcelona", "municipality": "Barcelona", "district": "Eixample", "country": "es", "neighborhood": "La Dreta de l'Eixample", "latitude": 41.3940567, "longitude": 2.1597249, "showAddress": false, "url": "https://www.idealista.com/inmueble/91627282/", "distance": "462", "hasVideo": false, "status": "renew", "newDevelopment": false, "hasLift": true, "priceByArea": 5156.0, "detailedType": {"typology": "flat"}, "suggestedTexts": {"subtitle": "La Dreta de l'Eixample, Barcelona", "title": "Piso"}, "hasPlan": true, "has3DTour": false, "has360": true, "hasStaging": false, "topNewDevelopment": false}, {"propertyCode": "88336826", "thumbnail": "https://img3.idealista.com/blur/WEB_LISTING/0/id.pro.es.image.master/bd/12/30/744357724.jpg", "externalReference": "0728", "numPhotos": 28, "floor": "4", "price": 875000.0, "propertyType": "flat", "operation": "sale", "size": 155.0, "exterior": true, "rooms": 5, "bathrooms": 2, "address": "barrio Sant Gervasi - Galvany", "province": "Barcelona", "municipality": "Barcelona", "district": "Sarri\u00e0-Sant Gervasi", "country": "es", "neighborhood": "Sant Gervasi - Galvany", "latitude": 41.3970901, "longitude": 2.1468391, "showAddress": false, "url": "https://www.idealista.com/inmueble/88336826/", "distance": "671", "hasVideo": true, "status": "good", "newDevelopment": false, "hasLift": true, "priceByArea": 5645.0, "detailedType": {"typology": "flat"}, "suggestedTexts": {"subtitle": "Sant Gervasi - Galvany, Barcelona", "title": "Piso"}, "hasPlan": true, "has3DTour": false, "has360": true, "hasStaging": false, "topNewDevelopment": false}, {"propertyCode": "91420072", "thumbnail": "https://img3.idealista.com/blur/WEB_LISTING/0/id.pro.es.image.master/d5/bb/15/843346559.jpg", "externalReference": "b", "numPhotos": 25, "floor": "4", "price": 1080000.0, "propertyType": "flat", "operation": "sale", "size": 189.0, "exterior": false, "rooms": 3, "bathrooms": 2, "address": "Calle de C\u00f2rsega", "province": "Barcelona", "municipality": "Barcelona", "district": "Gr\u00e0cia", "country": "es", "neighborhood": "Vila de Gr\u00e0cia", "latitude": 41.3960798, "longitude": 2.1605514, "showAddress": false, "url": "https://www.idealista.com/inmueble/91420072/", "distance": "487", "hasVideo": false, "status": "good", "newDevelopment": false, "hasLift": true, "priceByArea": 5714.0, "detailedType": {"typology": "flat"}, "suggestedTexts": {"subtitle": "Vila de Gr\u00e0cia, Barcelona", "title": "Piso en Calle de C\u00f2rsega"}, "hasPlan": false, "has3DTour": false, "has360": true, "hasStaging": false, "topNewDevelopment": false}, {"propertyCode": "92625235", "thumbnail": "https://img3.idealista.com/blur/WEB_LISTING/0/id.pro.es.image.master/9a/da/df/855811463.jpg", "externalReference": "FG61-31", "numPhotos": 23, "floor": "3", "price": 488000.0, "propertyType": "flat", "operation": "sale", "size": 118.0, "exterior": false, "rooms": 3, "bathrooms": 1, "address": "Calle Gran de Gr\u00e0cia", "province": "Barcelona", "municipality": "Barcelona", "district": "Gr\u00e0cia", "country": "es", "neighborhood": "Vila de Gr\u00e0cia", "latitude": 41.4011023, "longitude": 2.1574188, "showAddress": false, "url": "https://www.idealista.com/inmueble/92625235/", "distance": "627", "hasVideo": false, "status": "good", "newDevelopment": false, "hasLift": true, "priceByArea": 4136.0, "detailedType": {"typology": "flat"}, "suggestedTexts": {"subtitle": "Vila de Gr\u00e0cia, Barcelona", "title": "Piso en Calle Gran de Gr\u00e0cia"}, "hasPlan": true, "has3DTour": false, "has360": false, "hasStaging": false, "topNewDevelopment": false}, {"propertyCode": "93181159", "thumbnail": "https://img3.idealista.com/blur/WEB_LISTING/0/id.pro.es.image.master/be/ac/0a/856337956.jpg", "externalReference": "VB2103013", "numPhotos": 39, "floor": "1", "price": 395000.0, "propertyType": "flat", "operation": "sale", "size": 76.0, "exterior": true, "rooms": 2, "bathrooms": 1, "address": "barrio Vila de Gr\u00e0cia", "province": "Barcelona", "municipality": "Barcelona", "district": "Gr\u00e0cia", "country": "es", "neighborhood": "Vila de Gr\u00e0cia", "latitude": 41.4019072, "longitude": 2.1592846, "showAddress": false, "url": "https://www.idealista.com/inmueble/93181159/", "distance": "775", "hasVideo": true, "status": "good", "newDevelopment": false, "hasLift": false, "priceByArea": 5197.0, "detailedType": {"typology": "flat"}, "suggestedTexts": {"subtitle": "Vila de Gr\u00e0cia, Barcelona", "title": "Piso"}, "hasPlan": true, "has3DTour": false, "has360": false, "hasStaging": false, "topNewDevelopment": false}, {"propertyCode": "93080432", "thumbnail": "https://img3.idealista.com/blur/WEB_LISTING/0/id.pro.es.image.master/0d/dd/8d/853995529.jpg", "externalReference": "VB2102072", "numPhotos": 40, "floor": "5", "price": 539000.0, "propertyType": "flat", "operation": "sale", "size": 92.0, "exterior": true, "rooms": 3, "bathrooms": 2, "address": "Calle de Girona", "province": "Barcelona", "municipality": "Barcelona", "district": "Eixample", "country": "es", "neighborhood": "La Dreta de l'Eixample", "latitude": 41.3981165, "longitude": 2.1641944, "showAddress": false, "url": "https://www.idealista.com/inmueble/93080432/", "distance": "830", "hasVideo": true, "status": "good", "newDevelopment": false, "hasLift": true, "parkingSpace": {"hasParkingSpace": true, "isParkingSpaceIncludedInPrice": false, "parkingSpacePrice": 30000.0}, "priceByArea": 5859.0, "detailedType": {"typology": "flat"}, "suggestedTexts": {"subtitle": "La Dreta de l'Eixample, Barcelona", "title": "Piso en Calle de Girona"}, "hasPlan": true, "has3DTour": false, "has360": false, "hasStaging": false, "topNewDevelopment": false}, {"propertyCode": "92911172", "thumbnail": "https://img3.idealista.com/blur/WEB_LISTING/0/id.pro.es.image.master/c8/97/66/850881797.jpg", "externalReference": "VB2102040", "numPhotos": 22, "floor": "2", "price": 310000.0, "propertyType": "flat", "operation": "sale", "size": 91.0, "exterior": true, "rooms": 3, "bathrooms": 2, "address": "Calle de la Ind\u00fastria", "province": "Barcelona", "municipality": "Barcelona", "district": "Gr\u00e0cia", "country": "es", "neighborhood": "El Camp d'En Grassot i Gr\u00e0cia Nova", "latitude": 41.4004149, "longitude": 2.1626076, "showAddress": false, "url": "https://www.idealista.com/inmueble/92911172/", "distance": "832", "hasVideo": false, "status": "good", "newDevelopment": false, "hasLift": true, "priceByArea": 3407.0, "detailedType": {"typology": "flat"}, "suggestedTexts": {"subtitle": "El Camp d'En Grassot i Gr\u00e0cia Nova, Barcelona", "title": "Piso en Calle de la Ind\u00fastria"}, "hasPlan": true, "has3DTour": false, "has360": false, "hasStaging": false, "topNewDevelopment": false}, {"propertyCode": "92855502", "thumbnail": "https://img3.idealista.com/blur/WEB_LISTING/0/id.pro.es.image.master/2c/de/0d/849588160.jpg", "externalReference": "VB2102031", "numPhotos": 38, "floor": "3", "price": 1080000.0, "propertyType": "flat", "operation": "sale", "size": 177.0, "exterior": true, "rooms": 3, "bathrooms": 2, "address": "Calle de C\u00f2rsega", "province": "Barcelona", "municipality": "Barcelona", "district": "Gr\u00e0cia", "country": "es", "neighborhood": "Vila de Gr\u00e0cia", "latitude": 41.3961095, "longitude": 2.1617514, "showAddress": false, "url": "https://www.idealista.com/inmueble/92855502/", "distance": "587", "hasVideo": true, "status": "good", "newDevelopment": false, "hasLift": true, "priceByArea": 6102.0, "detailedType": {"typology": "flat"}, "suggestedTexts": {"subtitle": "Vila de Gr\u00e0cia, Barcelona", "title": "Piso en Calle de C\u00f2rsega"}, "hasPlan": true, "has3DTour": false, "has360": false, "hasStaging": false, "topNewDevelopment": false}, {"propertyCode": "92556791", "thumbnail": "https://img3.idealista.com/blur/WEB_LISTING/0/id.pro.es.image.master/9e/8b/43/842586836.jpg", "externalReference": "VB2011031-2", "numPhotos": 42, "floor": "en", "price": 1200000.0, "propertyType": "flat", "operation": "sale", "size": 171.0, "exterior": true, "rooms": 3, "bathrooms": 2, "address": "Calle de Val\u00e8ncia", "province": "Barcelona", "municipality": "Barcelona", "district": "Eixample", "country": "es", "neighborhood": "L'Antiga Esquerra de l'Eixample", "latitude": 41.3898412, "longitude": 2.1588543, "showAddress": false, "url": "https://www.idealista.com/inmueble/92556791/", "distance": "750", "hasVideo": false, "status": "good", "newDevelopment": false, "hasLift": true, "priceByArea": 7018.0, "detailedType": {"typology": "flat"}, "suggestedTexts": {"subtitle": "L'Antiga Esquerra de l'Eixample, Barcelona", "title": "Piso en Calle de Val\u00e8ncia"}, "hasPlan": true, "has3DTour": false, "has360": false, "hasStaging": false, "topNewDevelopment": false}, {"propertyCode": "91976914", "thumbnail": "https://img3.idealista.com/blur/WEB_LISTING/0/id.pro.es.image.master/0f/8e/48/827776982.jpg", "externalReference": "VB2010024-3", "numPhotos": 25, "floor": "3", "price": 645000.0, "propertyType": "flat", "operation": "sale", "size": 110.0, "exterior": true, "rooms": 3, "bathrooms": 2, "address": "Calle de Muntaner", "province": "Barcelona", "municipality": "Barcelona", "district": "Eixample", "country": "es", "neighborhood": "L'Antiga Esquerra de l'Eixample", "latitude": 41.3895392, "longitude": 2.1553507, "showAddress": false, "url": "https://www.idealista.com/inmueble/91976914/", "distance": "702", "hasVideo": true, "status": "good", "newDevelopment": false, "hasLift": true, "priceByArea": 5864.0, "detailedType": {"typology": "flat"}, "suggestedTexts": {"subtitle": "L'Antiga Esquerra de l'Eixample, Barcelona", "title": "Piso en Calle de Muntaner"}, "hasPlan": true, "has3DTour": false, "has360": false, "hasStaging": false, "topNewDevelopment": false}, {"propertyCode": "91669935", "thumbnail": "https://img3.idealista.com/blur/WEB_LISTING/0/id.pro.es.image.master/4e/72/57/820392014.jpg", "externalReference": "VB1911054-5", "numPhotos": 26, "floor": "1", "price": 735000.0, "propertyType": "flat", "operation": "sale", "size": 126.0, "exterior": true, "rooms": 3, "bathrooms": 2, "address": "Calle de Balmes", "province": "Barcelona", "municipality": "Barcelona", "district": "Sarri\u00e0-Sant Gervasi", "country": "es", "neighborhood": "Sant Gervasi - Galvany", "latitude": 41.3971499, "longitude": 2.1505, "showAddress": false, "url": "https://www.idealista.com/inmueble/91669935/", "distance": "380", "hasVideo": false, "status": "good", "newDevelopment": false, "hasLift": true, "priceByArea": 5833.0, "detailedType": {"typology": "flat"}, "suggestedTexts": {"subtitle": "Sant Gervasi - Galvany, Barcelona", "title": "Piso en Calle de Balmes"}, "hasPlan": true, "has3DTour": false, "has360": false, "hasStaging": false, "topNewDevelopment": false}, {"propertyCode": "91626728", "thumbnail": "https://img3.idealista.com/blur/WEB_LISTING/0/id.pro.es.image.master/90/b9/4a/819372556.jpg", "externalReference": "VB2002058-5", "numPhotos": 30, "floor": "en", "price": 580000.0, "propertyType": "flat", "operation": "sale", "size": 132.0, "exterior": true, "rooms": 2, "bathrooms": 2, "address": "Calle de Par\u00eds", "province": "Barcelona", "municipality": "Barcelona", "district": "Eixample", "country": "es", "neighborhood": "L'Antiga Esquerra de l'Eixample", "latitude": 41.3932354, "longitude": 2.1522716, "showAddress": false, "url": "https://www.idealista.com/inmueble/91626728/", "distance": "353", "hasVideo": false, "status": "good", "newDevelopment": false, "hasLift": true, "priceByArea": 4394.0, "detailedType": {"typology": "flat"}, "suggestedTexts": {"subtitle": "L'Antiga Esquerra de l'Eixample, Barcelona", "title": "Piso en Calle de Par\u00eds"}, "hasPlan": true, "has3DTour": false, "has360": false, "hasStaging": false, "topNewDevelopment": false}, {"propertyCode": "91521223", "thumbnail": "https://img3.idealista.com/blur/WEB_LISTING/0/id.pro.es.image.master/dd/e3/7a/816554391.jpg", "externalReference": "VB2002041-5", "numPhotos": 40, "floor": "4", "price": 895000.0, "propertyType": "flat", "operation": "sale", "size": 135.0, "exterior": true, "rooms": 3, "bathrooms": 2, "address": "Calle d'Aribau", "province": "Barcelona", "municipality": "Barcelona", "district": "Eixample", "country": "es", "neighborhood": "L'Antiga Esquerra de l'Eixample", "latitude": 41.3903167, "longitude": 2.1538388, "showAddress": false, "url": "https://www.idealista.com/inmueble/91521223/", "distance": "618", "hasVideo": false, "status": "good", "newDevelopment": false, "hasLift": true, "priceByArea": 6630.0, "detailedType": {"typology": "flat"}, "suggestedTexts": {"subtitle": "L'Antiga Esquerra de l'Eixample, Barcelona", "title": "Piso en Calle d'Aribau"}, "hasPlan": true, "has3DTour": false, "has360": false, "hasStaging": false, "topNewDevelopment": false}, {"propertyCode": "91341897", "thumbnail": "https://img3.idealista.com/blur/WEB_LISTING/0/id.pro.es.image.master/2c/d3/e5/812376311.jpg", "externalReference": "VB2004005-4", "numPhotos": 37, "floor": "3", "price": 825000.0, "propertyType": "flat", "operation": "sale", "size": 141.0, "exterior": true, "rooms": 3, "bathrooms": 2, "address": "Calle d'Aribau", "province": "Barcelona", "municipality": "Barcelona", "district": "Eixample", "country": "es", "neighborhood": "L'Antiga Esquerra de l'Eixample", "latitude": 41.3937431, "longitude": 2.1549649, "showAddress": false, "url": "https://www.idealista.com/inmueble/91341897/", "distance": "233", "hasVideo": false, "status": "good", "newDevelopment": false, "hasLift": true, "priceByArea": 5851.0, "detailedType": {"typology": "flat"}, "suggestedTexts": {"subtitle": "L'Antiga Esquerra de l'Eixample, Barcelona", "title": "Piso en Calle d'Aribau"}, "hasPlan": true, "has3DTour": false, "has360": false, "hasStaging": false, "topNewDevelopment": false}, {"propertyCode": "91153536", "thumbnail": "https://img3.idealista.com/blur/WEB_LISTING/0/id.pro.es.image.master/d1/70/9a/807998515.jpg", "externalReference": "VB2001003-4", "numPhotos": 24, "floor": "3", "price": 660000.0, "propertyType": "flat", "operation": "sale", "size": 170.0, "exterior": true, "rooms": 4, "bathrooms": 1, "address": "Calle d'Arag\u00f3", "province": "Barcelona", "municipality": "Barcelona", "district": "Eixample", "country": "es", "neighborhood": "L'Antiga Esquerra de l'Eixample", "latitude": 41.3888408, "longitude": 2.1591667, "showAddress": false, "url": "https://www.idealista.com/inmueble/91153536/", "distance": "861", "hasVideo": false, "status": "renew", "newDevelopment": false, "hasLift": true, "priceByArea": 3882.0, "detailedType": {"typology": "flat"}, "suggestedTexts": {"subtitle": "L'Antiga Esquerra de l'Eixample, Barcelona", "title": "Piso en Calle d'Arag\u00f3"}, "hasPlan": true, "has3DTour": false, "has360": false, "hasStaging": false, "topNewDevelopment": false}, {"propertyCode": "86073242", "thumbnail": "https://img3.idealista.com/blur/WEB_LISTING/0/id.pro.es.image.master/74/77/e3/682850289.jpg", "externalReference": "019215", "numPhotos": 22, "floor": "4", "price": 1200000.0, "propertyType": "flat", "operation": "sale", "size": 200.0, "exterior": true, "rooms": 5, "bathrooms": 2, "address": "Rambla de Catalunya", "province": "Barcelona", "municipality": "Barcelona", "district": "Eixample", "country": "es", "neighborhood": "La Dreta de l'Eixample", "latitude": 41.392094, "longitude": 2.1628807, "showAddress": false, "url": "https://www.idealista.com/inmueble/86073242/", "distance": "798", "hasVideo": false, "status": "renew", "newDevelopment": false, "hasLift": true, "priceByArea": 6000.0, "detailedType": {"typology": "flat"}, "suggestedTexts": {"subtitle": "La Dreta de l'Eixample, Barcelona", "title": "Piso en Rambla de Catalunya"}, "hasPlan": true, "has3DTour": false, "has360": false, "hasStaging": false, "topNewDevelopment": false}, {"propertyCode": "93092091", "thumbnail": "https://img3.idealista.com/blur/WEB_LISTING/0/id.pro.es.image.master/e7/a1/67/854317897.jpg", "externalReference": "245729", "numPhotos": 26, "floor": "2", "price": 242500.0, "propertyType": "flat", "operation": "sale", "size": 46.0, "exterior": true, "rooms": 1, "bathrooms": 1, "address": "barrio Sant Gervasi - Galvany", "province": "Barcelona", "municipality": "Barcelona", "district": "Sarri\u00e0-Sant Gervasi", "country": "es", "neighborhood": "Sant Gervasi - Galvany", "latitude": 41.3947204, "longitude": 2.1458846, "showAddress": false, "url": "https://www.idealista.com/inmueble/93092091/", "distance": "747", "hasVideo": false, "status": "good", "newDevelopment": false, "hasLift": true, "priceByArea": 5272.0, "detailedType": {"typology": "flat"}, "suggestedTexts": {"subtitle": "Sant Gervasi - Galvany, Barcelona", "title": "Piso"}, "hasPlan": true, "has3DTour": false, "has360": false, "hasStaging": false, "topNewDevelopment": false}, {"propertyCode": "39976370", "thumbnail": "https://img3.idealista.com/blur/WEB_LISTING/0/id.pro.es.image.master/2b/69/06/668624885.jpg", "externalReference": "B03728BA", "numPhotos": 21, "floor": "1", "price": 1879000.0, "propertyType": "flat", "operation": "sale", "size": 210.0, "exterior": false, "rooms": 4, "bathrooms": 4, "address": "Calle de Balmes, 167", "province": "Barcelona", "municipality": "Barcelona", "district": "Eixample", "country": "es", "neighborhood": "L'Antiga Esquerra de l'Eixample", "latitude": 41.394799, "longitude": 2.1550967, "showAddress": true, "url": "https://www.idealista.com/inmueble/39976370/", "distance": "119", "hasVideo": true, "status": "good", "newDevelopment": false, "hasLift": true, "priceByArea": 8948.0, "detailedType": {"typology": "flat"}, "suggestedTexts": {"subtitle": "L'Antiga Esquerra de l'Eixample, Barcelona", "title": "Piso en Calle de Balmes, 167"}, "hasPlan": true, "has3DTour": false, "has360": false, "hasStaging": false, "topNewDevelopment": false}, {"propertyCode": "91817179", "thumbnail": "https://img3.idealista.com/blur/WEB_LISTING/0/id.pro.es.image.master/7d/5c/7c/824003404.jpg", "externalReference": "10056", "numPhotos": 34, "price": 595000.0, "propertyType": "flat", "operation": "sale", "size": 100.0, "exterior": true, "rooms": 3, "bathrooms": 2, "address": "Calle d'Aribau", "province": "Barcelona", "municipality": "Barcelona", "district": "Sarri\u00e0-Sant Gervasi", "country": "es", "neighborhood": "Sant Gervasi - Galvany", "latitude": 41.3984033, "longitude": 2.145151, "showAddress": false, "url": "https://www.idealista.com/inmueble/91817179/", "distance": "847", "hasVideo": true, "status": "good", "newDevelopment": false, "hasLift": true, "parkingSpace": {"hasParkingSpace": true, "isParkingSpaceIncludedInPrice": true}, "priceByArea": 5950.0, "detailedType": {"typology": "flat"}, "suggestedTexts": {"subtitle": "Sant Gervasi - Galvany, Barcelona", "title": "Piso en Calle d'Aribau"}, "hasPlan": true, "has3DTour": true, "has360": false, "hasStaging": false, "topNewDevelopment": false}, {"propertyCode": "88247712", "thumbnail": "https://img3.idealista.com/blur/WEB_LISTING/0/id.pro.es.image.master/f4/fa/99/754607956.jpg", "externalReference": "7533", "numPhotos": 45, "floor": "4", "price": 845000.0, "propertyType": "flat", "operation": "sale", "size": 180.0, "exterior": true, "rooms": 4, "bathrooms": 2, "address": "Calle de l'Avenir", "province": "Barcelona", "municipality": "Barcelona", "district": "Sarri\u00e0-Sant Gervasi", "country": "es", "neighborhood": "Sant Gervasi - Galvany", "latitude": 41.3943799, "longitude": 2.1469307, "showAddress": false, "url": "https://www.idealista.com/inmueble/88247712/", "distance": "669", "hasVideo": true, "status": "good", "newDevelopment": false, "hasLift": true, "parkingSpace": {"hasParkingSpace": true, "isParkingSpaceIncludedInPrice": true}, "priceByArea": 4694.0, "detailedType": {"typology": "flat"}, "suggestedTexts": {"subtitle": "Sant Gervasi - Galvany, Barcelona", "title": "Piso en Calle de l'Avenir"}, "hasPlan": true, "has3DTour": true, "has360": false, "hasStaging": false, "topNewDevelopment": false}, {"propertyCode": "84758673", "thumbnail": "https://img3.idealista.com/blur/WEB_LISTING/0/id.pro.es.image.master/29/b1/9c/754572145.jpg", "externalReference": "1752", "numPhotos": 27, "floor": "2", "price": 1650000.0, "propertyType": "flat", "operation": "sale", "size": 212.0, "exterior": true, "rooms": 7, "bathrooms": 2, "address": "Paseo de Gr\u00e0cia", "province": "Barcelona", "municipality": "Barcelona", "district": "Eixample", "country": "es", "neighborhood": "La Dreta de l'Eixample", "latitude": 41.396241, "longitude": 2.1599987, "showAddress": false, "url": "https://www.idealista.com/inmueble/84758673/", "distance": "442", "hasVideo": false, "status": "renew", "newDevelopment": false, "hasLift": true, "priceByArea": 7783.0, "detailedType": {"typology": "flat"}, "suggestedTexts": {"subtitle": "La Dreta de l'Eixample, Barcelona", "title": "Piso en Paseo de Gr\u00e0cia"}, "hasPlan": true, "has3DTour": false, "has360": false, "hasStaging": false, "topNewDevelopment": false}, {"propertyCode": "93117407", "thumbnail": "https://img3.idealista.com/blur/WEB_LISTING/0/id.pro.es.image.master/62/6a/8e/856227406.jpg", "externalReference": "VB2103003", "numPhotos": 36, "floor": "en", "price": 1050000.0, "propertyType": "flat", "operation": "sale", "size": 208.0, "exterior": true, "rooms": 4, "bathrooms": 3, "address": "barrio Sant Gervasi - Galvany", "province": "Barcelona", "municipality": "Barcelona", "district": "Sarri\u00e0-Sant Gervasi", "country": "es", "neighborhood": "Sant Gervasi - Galvany", "latitude": 41.3943636, "longitude": 2.1523745, "showAddress": false, "url": "https://www.idealista.com/inmueble/93117407/", "distance": "254", "hasVideo": false, "status": "good", "newDevelopment": false, "hasLift": true, "priceByArea": 5048.0, "detailedType": {"typology": "flat"}, "suggestedTexts": {"subtitle": "Sant Gervasi - Galvany, Barcelona", "title": "Piso"}, "hasPlan": true, "has3DTour": false, "has360": false, "hasStaging": false, "topNewDevelopment": false}, {"propertyCode": "93036791", "thumbnail": "https://img3.idealista.com/blur/WEB_LISTING/0/id.pro.es.image.master/69/b1/92/853161193.jpg", "externalReference": "VB2102061", "numPhotos": 26, "floor": "8", "price": 850000.0, "propertyType": "flat", "operation": "sale", "size": 144.0, "exterior": true, "rooms": 3, "bathrooms": 3, "address": "barrio Sant Gervasi - Galvany", "province": "Barcelona", "municipality": "Barcelona", "district": "Sarri\u00e0-Sant Gervasi", "country": "es", "neighborhood": "Sant Gervasi - Galvany", "latitude": 41.395527, "longitude": 2.1499493, "showAddress": false, "url": "https://www.idealista.com/inmueble/93036791/", "distance": "399", "hasVideo": true, "status": "good", "newDevelopment": false, "hasLift": true, "priceByArea": 5903.0, "detailedType": {"typology": "flat"}, "suggestedTexts": {"subtitle": "Sant Gervasi - Galvany, Barcelona", "title": "Piso"}, "hasPlan": true, "has3DTour": false, "has360": false, "hasStaging": false, "topNewDevelopment": false}, {"propertyCode": "92847091", "thumbnail": "https://img3.idealista.com/blur/WEB_LISTING/0/id.pro.es.image.master/29/77/50/849377347.jpg", "externalReference": "W-02JSFC", "numPhotos": 31, "floor": "1", "price": 1500000.0, "propertyType": "flat", "operation": "sale", "size": 150.0, "exterior": false, "rooms": 3, "bathrooms": 3, "address": "barrio La Dreta de l'Eixample", "province": "Barcelona", "municipality": "Barcelona", "district": "Eixample", "country": "es", "neighborhood": "La Dreta de l'Eixample", "latitude": 41.3966291, "longitude": 2.1617948, "showAddress": false, "url": "https://www.idealista.com/inmueble/92847091/", "distance": "596", "hasVideo": false, "status": "good", "newDevelopment": false, "hasLift": true, "parkingSpace": {"hasParkingSpace": true, "isParkingSpaceIncludedInPrice": true}, "priceByArea": 10000.0, "detailedType": {"typology": "flat"}, "suggestedTexts": {"subtitle": "La Dreta de l'Eixample, Barcelona", "title": "Piso"}, "hasPlan": true, "has3DTour": false, "has360": false, "hasStaging": false, "topNewDevelopment": false}, {"propertyCode": "92480222", "thumbnail": "https://img3.idealista.com/blur/WEB_LISTING/0/id.pro.es.image.master/5a/37/dd/840712211.jpg", "externalReference": "BCN26639", "numPhotos": 28, "price": 1280000.0, "propertyType": "flat", "operation": "sale", "size": 306.0, "exterior": true, "rooms": 8, "bathrooms": 4, "address": "barrio Vila de Gr\u00e0cia", "province": "Barcelona", "municipality": "Barcelona", "district": "Gr\u00e0cia", "country": "es", "neighborhood": "Vila de Gr\u00e0cia", "latitude": 41.4008588, "longitude": 2.155351, "showAddress": false, "url": "https://www.idealista.com/inmueble/92480222/", "distance": "560", "hasVideo": false, "status": "renew", "newDevelopment": false, "hasLift": true, "priceByArea": 4183.0, "detailedType": {"typology": "flat"}, "suggestedTexts": {"subtitle": "Vila de Gr\u00e0cia, Barcelona", "title": "Piso"}, "hasPlan": true, "has3DTour": false, "has360": false, "hasStaging": false, "topNewDevelopment": false}, {"propertyCode": "92093975", "thumbnail": "https://img3.idealista.com/blur/WEB_LISTING/0/id.pro.es.image.master/c0/83/f7/830786172.jpg", "externalReference": "BCN25437", "numPhotos": 26, "price": 550000.0, "propertyType": "flat", "operation": "sale", "size": 88.0, "exterior": true, "rooms": 2, "bathrooms": 2, "address": "barrio L'Antiga Esquerra de l'Eixample", "province": "Barcelona", "municipality": "Barcelona", "district": "Eixample", "country": "es", "neighborhood": "L'Antiga Esquerra de l'Eixample", "latitude": 41.393346, "longitude": 2.1594006, "showAddress": false, "url": "https://www.idealista.com/inmueble/92093975/", "distance": "478", "hasVideo": false, "status": "good", "newDevelopment": false, "hasLift": true, "priceByArea": 6250.0, "detailedType": {"typology": "flat"}, "suggestedTexts": {"subtitle": "L'Antiga Esquerra de l'Eixample, Barcelona", "title": "Piso"}, "hasPlan": true, "has3DTour": false, "has360": false, "hasStaging": false, "topNewDevelopment": false}, {"propertyCode": "92048508", "thumbnail": "https://img3.idealista.com/blur/WEB_LISTING/0/id.pro.es.image.master/81/29/99/829556355.jpg", "externalReference": "BCN26358", "numPhotos": 33, "price": 947500.0, "propertyType": "flat", "operation": "sale", "size": 118.0, "exterior": true, "rooms": 3, "bathrooms": 2, "address": "barrio L'Antiga Esquerra de l'Eixample", "province": "Barcelona", "municipality": "Barcelona", "district": "Eixample", "country": "es", "neighborhood": "L'Antiga Esquerra de l'Eixample", "latitude": 41.3918618, "longitude": 2.1578978, "showAddress": false, "url": "https://www.idealista.com/inmueble/92048508/", "distance": "515", "hasVideo": false, "status": "good", "newDevelopment": false, "hasLift": true, "priceByArea": 8030.0, "detailedType": {"typology": "flat"}, "suggestedTexts": {"subtitle": "L'Antiga Esquerra de l'Eixample, Barcelona", "title": "Piso"}, "hasPlan": true, "has3DTour": false, "has360": false, "hasStaging": false, "topNewDevelopment": false}, {"propertyCode": "91178037", "thumbnail": "https://img3.idealista.com/blur/WEB_LISTING/0/id.pro.es.image.master/ee/d8/51/808572338.jpg", "externalReference": "BCN19869", "numPhotos": 24, "price": 1850000.0, "propertyType": "flat", "operation": "sale", "size": 174.0, "exterior": true, "rooms": 3, "bathrooms": 3, "address": "barrio La Dreta de l'Eixample", "province": "Barcelona", "municipality": "Barcelona", "district": "Eixample", "country": "es", "neighborhood": "La Dreta de l'Eixample", "latitude": 41.3948533, "longitude": 2.1578979, "showAddress": false, "url": "https://www.idealista.com/inmueble/91178037/", "distance": "286", "hasVideo": false, "status": "good", "newDevelopment": false, "hasLift": true, "priceByArea": 10632.0, "detailedType": {"typology": "flat"}, "suggestedTexts": {"subtitle": "La Dreta de l'Eixample, Barcelona", "title": "Piso"}, "hasPlan": true, "has3DTour": false, "has360": false, "hasStaging": false, "topNewDevelopment": false}]