[{"propertyCode": "92505303", "thumbnail": "https://img3.idealista.com/blur/WEB_LISTING/0/id.pro.es.image.master/8c/0f/9d/841263464.jpg", "externalReference": "VB2101017", "numPhotos": 34, "floor": "11", "price": 1250000.0, "propertyType": "flat", "operation": "sale", "size": 206.0, "exterior": true, "rooms": 5, "bathrooms": 2, "address": "barrio Pedralbes", "province": "Barcelona", "municipality": "Barcelona", "district": "Les Corts", "country": "es", "neighborhood": "Pedralbes", "latitude": 41.3873665, "longitude": 2.1076946, "showAddress": false, "url": "https://www.idealista.com/inmueble/92505303/", "distance": "2669", "hasVideo": true, "status": "good", "newDevelopment": false, "hasLift": true, "parkingSpace": {"hasParkingSpace": true, "isParkingSpaceIncludedInPrice": true}, "priceByArea": 6068.0, "detailedType": {"typology": "flat"}, "suggestedTexts": {"subtitle": "Pedralbes, Barcelona", "title": "Piso"}, "hasPlan": true, "has3DTour": false, "has360": false, "hasStaging": false, "topNewDevelopment": false}, {"propertyCode": "91417634", "thumbnail": "https://img3.idealista.com/blur/WEB_LISTING/0/id.pro.es.image.master/04/1d/3e/814070622.jpg", "externalReference": "6502", "numPhotos": 58, "price": 625000.0, "propertyType": "chalet", "operation": "sale", "size": 245.0, "exterior": false, "rooms": 4, "bathrooms": 5, "address": "Calle Major", "province": "Barcelona", "municipality": "Hospitalet de Llobregat", "district": "Centre", "country": "es", "neighborhood": "Centre", "latitude": 41.358062, "longitude": 2.0980035, "showAddress": false, "url": "https://www.idealista.com/inmueble/91417634/", "distance": "2612", "hasVideo": false, "status": "good", "newDevelopment": false, "parkingSpace": {"hasParkingSpace": true, "isParkingSpaceIncludedInPrice": true}, "priceByArea": 2551.0, "detailedType": {"typology": "chalet", "subTypology": "semidetachedHouse"}, "suggestedTexts": {"subtitle": "Centre, Hospitalet de Llobregat", "title": "Chalet pareado en Calle Major"}, "hasPlan": true, "has3DTour": false, "has360": true, "hasStaging": false, "topNewDevelopment": false}, {"propertyCode": "91577811", "thumbnail": "https://img3.idealista.com/blur/WEB_LISTING/0/id.pro.es.image.master/94/20/31/855823725.jpg", "externalReference": "GV601", "numPhotos": 48, "floor": "1", "price": 499000.0, "propertyType": "flat", "operation": "sale", "size": 103.0, "exterior": true, "rooms": 3, "bathrooms": 2, "address": "Carretera Reial", "province": "Barcelona", "municipality": "Sant Just Desvern", "district": "Mas Llu\u00ed - Els Miralls", "country": "es", "latitude": 41.3801734, "longitude": 2.0594804, "showAddress": false, "url": "https://www.idealista.com/inmueble/91577811/", "distance": "1673", "hasVideo": true, "status": "good", "newDevelopment": false, "hasLift": true, "parkingSpace": {"hasParkingSpace": true, "isParkingSpaceIncludedInPrice": true}, "priceByArea": 4845.0, "detailedType": {"typology": "flat"}, "suggestedTexts": {"subtitle": "Mas Llu\u00ed - Els Miralls, Sant Just Desvern", "title": "Piso en Carretera Reial"}, "hasPlan": true, "has3DTour": false, "has360": true, "hasStaging": false, "topNewDevelopment": false}, {"propertyCode": "89805610", "thumbnail": "https://img3.idealista.com/blur/WEB_LISTING/0/id.pro.es.image.master/e4/86/0c/777444095.jpg", "externalReference": "729-20V", "numPhotos": 29, "floor": "bj", "price": 490000.0, "propertyType": "duplex", "operation": "sale", "size": 170.0, "exterior": true, "rooms": 3, "bathrooms": 3, "address": "Carretera de Collblanc", "province": "Barcelona", "municipality": "Barcelona", "district": "Les Corts", "country": "es", "neighborhood": "La Maternitat i Sant Ramon", "latitude": 41.3745411, "longitude": 2.1135981, "showAddress": false, "url": "https://www.idealista.com/inmueble/89805610/", "distance": "2896", "hasVideo": false, "status": "good", "newDevelopment": false, "hasLift": true, "priceByArea": 2882.0, "detailedType": {"typology": "flat", "subTypology": "duplex"}, "suggestedTexts": {"subtitle": "La Maternitat i Sant Ramon, Barcelona", "title": "D\u00faplex en Carretera de Collblanc"}, "hasPlan": false, "has3DTour": false, "has360": true, "hasStaging": false, "topNewDevelopment": false}, {"propertyCode": "91784581", "thumbnail": "https://img3.idealista.com/blur/WEB_LISTING/0/id.pro.es.image.master/a7/42/76/823215284.jpg", "externalReference": "VB2011020-1", "numPhotos": 34, "floor": "1", "price": 725000.0, "propertyType": "flat", "operation": "sale", "size": 128.0, "exterior": true, "rooms": 3, "bathrooms": 2, "address": "Centre", "province": "Barcelona", "municipality": "Sant Just Desvern", "district": "Centre", "country": "es", "latitude": 41.381215, "longitude": 2.0778565, "showAddress": false, "url": "https://www.idealista.com/inmueble/91784581/", "distance": "506", "hasVideo": true, "status": "good", "newDevelopment": false, "hasLift": true, "parkingSpace": {"hasParkingSpace": true, "isParkingSpaceIncludedInPrice": true}, "priceByArea": 5664.0, "detailedType": {"typology": "flat"}, "suggestedTexts": {"subtitle": "Centre, Sant Just Desvern", "title": "Piso"}, "hasPlan": true, "has3DTour": false, "has360": false, "hasStaging": false, "topNewDevelopment": false}, {"propertyCode": "93136859", "thumbnail": "https://img3.idealista.com/blur/WEB_LISTING/0/id.pro.es.image.master/dc/12/7e/855358384.jpg", "externalReference": "0103215090", "numPhotos": 24, "floor": "en", "price": 70000.0, "propertyType": "flat", "operation": "sale", "size": 39.0, "exterior": true, "rooms": 2, "bathrooms": 1, "address": "Calle Enginyer Moncunill", "province": "Barcelona", "municipality": "Hospitalet de Llobregat", "district": "La Florida - Les Planes", "country": "es", "neighborhood": "La Florida", "latitude": 41.3735371, "longitude": 2.1119704, "showAddress": false, "url": "https://www.idealista.com/inmueble/93136859/", "distance": "2773", "hasVideo": false, "status": "good", "newDevelopment": false, "hasLift": false, "priceByArea": 1795.0, "detailedType": {"typology": "flat"}, "suggestedTexts": {"subtitle": "La Florida, Hospitalet de Llobregat", "title": "Piso en Calle Enginyer Moncunill"}, "hasPlan": true, "has3DTour": false, "has360": false, "hasStaging": false, "topNewDevelopment": false}, {"propertyCode": "93104835", "thumbnail": "https://img3.idealista.com/blur/WEB_LISTING/0/id.pro.es.image.master/4b/d7/51/854610679.jpg", "externalReference": "CARDENAL REIG / COLL", "numPhotos": 27, "floor": "bj", "price": 298000.0, "propertyType": "flat", "operation": "sale", "size": 80.0, "exterior": true, "rooms": 3, "bathrooms": 2, "address": "CARDENAL REIG, 31", "province": "Barcelona", "municipality": "Barcelona", "district": "Les Corts", "country": "es", "neighborhood": "La Maternitat i Sant Ramon", "latitude": 41.3781439, "longitude": 2.1153391, "showAddress": true, "url": "https://www.idealista.com/inmueble/93104835/", "distance": "3035", "hasVideo": true, "status": "good", "newDevelopment": false, "hasLift": true, "priceByArea": 3725.0, "detailedType": {"typology": "flat"}, "suggestedTexts": {"subtitle": "La Maternitat i Sant Ramon, Barcelona", "title": "Piso en CARDENAL REIG, 31"}, "hasPlan": false, "has3DTour": false, "has360": false, "hasStaging": false, "topNewDevelopment": false}, {"propertyCode": "92742590", "thumbnail": "https://img3.idealista.com/blur/WEB_LISTING/0/id.pro.es.image.master/84/18/11/847017420.jpg", "externalReference": "CB_BCN_0411_V", "numPhotos": 24, "floor": "1", "price": 162000.0, "propertyType": "flat", "operation": "sale", "size": 80.0, "exterior": true, "rooms": 4, "bathrooms": 1, "address": "Calle Dos de Maig", "province": "Barcelona", "municipality": "Hospitalet de Llobregat", "district": "Collblanc", "country": "es", "neighborhood": "Collblanc", "latitude": 41.3753714, "longitude": 2.1167981, "showAddress": false, "url": "https://www.idealista.com/inmueble/92742590/", "distance": "3156", "hasVideo": true, "status": "renew", "newDevelopment": false, "hasLift": false, "priceByArea": 2025.0, "detailedType": {"typology": "flat"}, "suggestedTexts": {"subtitle": "Collblanc, Hospitalet de Llobregat", "title": "Piso en Calle Dos de Maig"}, "hasPlan": true, "has3DTour": true, "has360": false, "hasStaging": false, "topNewDevelopment": false}, {"propertyCode": "92706675", "thumbnail": "https://img3.idealista.com/blur/WEB_LISTING/0/id.pro.es.image.master/77/87/94/846113429.jpg", "externalReference": "VB2102007", "numPhotos": 30, "floor": "4", "price": 1100000.0, "propertyType": "flat", "operation": "sale", "size": 178.0, "exterior": true, "rooms": 5, "bathrooms": 3, "address": "Avenida Diagonal", "province": "Barcelona", "municipality": "Barcelona", "district": "Les Corts", "country": "es", "neighborhood": "Pedralbes", "latitude": 41.3847942, "longitude": 2.1117112, "showAddress": false, "url": "https://www.idealista.com/inmueble/92706675/", "distance": "2871", "hasVideo": true, "status": "good", "newDevelopment": false, "hasLift": true, "parkingSpace": {"hasParkingSpace": true, "isParkingSpaceIncludedInPrice": true}, "priceByArea": 6180.0, "detailedType": {"typology": "flat"}, "suggestedTexts": {"subtitle": "Pedralbes, Barcelona", "title": "Piso en Avenida Diagonal"}, "hasPlan": true, "has3DTour": false, "has360": false, "hasStaging": false, "topNewDevelopment": false}, {"propertyCode": "91842095", "thumbnail": "https://img3.idealista.com/blur/WEB_LISTING/0/id.pro.es.image.master/3f/b2/e9/843012051.jpg", "externalReference": "244592", "numPhotos": 21, "floor": "1", "price": 170000.0, "propertyType": "flat", "operation": "sale", "size": 79.0, "exterior": true, "rooms": 3, "bathrooms": 1, "address": "barrio Pubilla Cases", "province": "Barcelona", "municipality": "Hospitalet de Llobregat", "district": "Can Serra - Pubilla Cases", "country": "es", "neighborhood": "Pubilla Cases", "latitude": 41.3737499, "longitude": 2.1049476, "showAddress": false, "url": "https://www.idealista.com/inmueble/91842095/", "distance": "2189", "hasVideo": false, "status": "good", "newDevelopment": false, "hasLift": true, "priceByArea": 2152.0, "detailedType": {"typology": "flat"}, "suggestedTexts": {"subtitle": "Pubilla Cases, Hospitalet de Llobregat", "title": "Piso"}, "hasPlan": true, "has3DTour": false, "has360": false, "hasStaging": false, "topNewDevelopment": false}, {"propertyCode": "90522537", "thumbnail": "https://img3.idealista.com/blur/WEB_LISTING/0/id.pro.es.image.master/58/16/94/792260594.jpg", "externalReference": "BCN18417", "numPhotos": 44, "price": 3125000.0, "propertyType": "chalet", "operation": "sale", "size": 620.0, "exterior": false, "rooms": 5, "bathrooms": 9, "address": "La Miranda - Ciutat Diagonal", "province": "Barcelona", "municipality": "Esplugues de Llobregat", "district": "La Miranda - Ciutat Diagonal", "country": "es", "latitude": 41.3844807, "longitude": 2.0881974, "showAddress": false, "url": "https://www.idealista.com/inmueble/90522537/", "distance": "1152", "hasVideo": false, "status": "good", "newDevelopment": false, "parkingSpace": {"hasParkingSpace": true, "isParkingSpaceIncludedInPrice": true}, "priceByArea": 5040.0, "detailedType": {"typology": "chalet"}, "suggestedTexts": {"subtitle": "La Miranda - Ciutat Diagonal, Esplugues de Llobregat", "title": "Chalet"}, "hasPlan": true, "has3DTour": false, "has360": false, "hasStaging": false, "topNewDevelopment": false}, {"propertyCode": "84342098", "thumbnail": "https://img3.idealista.com/blur/WEB_LISTING/0/id.pro.es.image.master/48/48/b4/636989540.jpg", "externalReference": "BCN16287", "numPhotos": 50, "price": 4600000.0, "propertyType": "chalet", "operation": "sale", "size": 790.0, "exterior": false, "rooms": 10, "bathrooms": 8, "address": "barrio Pedralbes", "province": "Barcelona", "municipality": "Barcelona", "district": "Les Corts", "country": "es", "neighborhood": "Pedralbes", "latitude": 41.3915139, "longitude": 2.1111807, "showAddress": false, "url": "https://www.idealista.com/inmueble/84342098/", "distance": "3146", "hasVideo": false, "status": "renew", "newDevelopment": false, "parkingSpace": {"hasParkingSpace": true, "isParkingSpaceIncludedInPrice": true}, "priceByArea": 5823.0, "detailedType": {"typology": "chalet"}, "suggestedTexts": {"subtitle": "Pedralbes, Barcelona", "title": "Chalet"}, "hasPlan": true, "has3DTour": false, "has360": false, "hasStaging": false, "topNewDevelopment": false}, {"propertyCode": "90536761", "thumbnail": "https://img3.idealista.com/blur/WEB_LISTING/0/id.pro.es.image.master/d5/61/43/792579416.jpg", "externalReference": "LFS2992", "numPhotos": 45, "price": 2060000.0, "propertyType": "chalet", "operation": "sale", "size": 340.0, "exterior": false, "rooms": 5, "bathrooms": 5, "address": "barrio Pedralbes", "province": "Barcelona", "municipality": "Barcelona", "district": "Les Corts", "country": "es", "neighborhood": "Pedralbes", "latitude": 41.3916201, "longitude": 2.1066476, "showAddress": false, "url": "https://www.idealista.com/inmueble/90536761/", "distance": "2838", "hasVideo": false, "status": "good", "newDevelopment": false, "parkingSpace": {"hasParkingSpace": true, "isParkingSpaceIncludedInPrice": true}, "priceByArea": 6059.0, "detailedType": {"typology": "chalet"}, "suggestedTexts": {"subtitle": "Pedralbes, Barcelona", "title": "Chalet"}, "hasPlan": true, "has3DTour": false, "has360": false, "hasStaging": false, "topNewDevelopment": false}, {"propertyCode": "87904761", "thumbnail": "https://img3.idealista.com/blur/WEB_LISTING/0/id.pro.es.image.master/86/8b/f6/733941500.jpg", "externalReference": "BCN10815", "numPhotos": 48, "price": 860000.0, "propertyType": "chalet", "operation": "sale", "size": 185.0, "exterior": false, "rooms": 4, "bathrooms": 3, "address": "barrio Pedralbes", "province": "Barcelona", "municipality": "Barcelona", "district": "Les Corts", "country": "es", "neighborhood": "Pedralbes", "latitude": 41.3893849, "longitude": 2.103972, "showAddress": false, "url": "https://www.idealista.com/inmueble/87904761/", "distance": "2512", "hasVideo": false, "status": "renew", "newDevelopment": false, "priceByArea": 4649.0, "detailedType": {"typology": "chalet"}, "suggestedTexts": {"subtitle": "Pedralbes, Barcelona", "title": "Chalet"}, "hasPlan": true, "has3DTour": false, "has360": false, "hasStaging": false, "topNewDevelopment": false}, {"propertyCode": "85198866", "thumbnail": "https://img3.idealista.com/blur/WEB_LISTING/0/id.pro.es.image.master/cf/81/02/656815866.jpg", "externalReference": "BCN15936", "numPhotos": 35, "price": 1950000.0, "propertyType": "chalet", "operation": "sale", "size": 391.0, "exterior": false, "rooms": 4, "bathrooms": 5, "address": "La Miranda - Ciutat Diagonal", "province": "Barcelona", "municipality": "Esplugues de Llobregat", "district": "La Miranda - Ciutat Diagonal", "country": "es", "latitude": 41.3877974, "longitude": 2.0850112, "showAddress": false, "url": "https://www.idealista.com/inmueble/85198866/", "distance": "1327", "hasVideo": false, "status": "good", "newDevelopment": false, "parkingSpace": {"hasParkingSpace": true, "isParkingSpaceIncludedInPrice": true}, "priceByArea": 4987.0, "detailedType": {"typology": "chalet"}, "suggestedTexts": {"subtitle": "La Miranda - Ciutat Diagonal, Esplugues de Llobregat", "title": "Chalet"}, "hasPlan": true, "has3DTour": false, "has360": false, "hasStaging": false, "topNewDevelopment": false}, {"propertyCode": "92055187", "thumbnail": "https://img3.idealista.com/blur/WEB_LISTING/0/id.pro.es.image.master/34/16/cd/829727265.jpg", "externalReference": "VB2012012", "numPhotos": 62, "price": 3990000.0, "propertyType": "chalet", "operation": "sale", "size": 600.0, "exterior": false, "rooms": 5, "bathrooms": 7, "address": "barrio Pedralbes", "province": "Barcelona", "municipality": "Barcelona", "district": "Les Corts", "country": "es", "neighborhood": "Pedralbes", "latitude": 41.38674, "longitude": 2.1036399, "showAddress": false, "url": "https://www.idealista.com/inmueble/92055187/", "distance": "2336", "hasVideo": true, "status": "good", "newDevelopment": false, "parkingSpace": {"hasParkingSpace": true, "isParkingSpaceIncludedInPrice": true}, "priceByArea": 6650.0, "detailedType": {"typology": "chalet"}, "suggestedTexts": {"subtitle": "Pedralbes, Barcelona", "title": "Chalet"}, "hasPlan": true, "has3DTour": false, "has360": false, "hasStaging": false, "topNewDevelopment": false}, {"propertyCode": "91784841", "thumbnail": "https://img3.idealista.com/blur/WEB_LISTING/0/id.pro.es.image.master/70/e1/fd/823218921.jpg", "externalReference": "VB1703044-6", "numPhotos": 39, "price": 1500000.0, "propertyType": "chalet", "operation": "sale", "size": 480.0, "exterior": false, "rooms": 5, "bathrooms": 4, "address": "La Plana - Bellsoleig", "province": "Barcelona", "municipality": "Sant Just Desvern", "district": "La Plana - Bellsoleig", "country": "es", "latitude": 41.3972758, "longitude": 2.0735675, "showAddress": false, "url": "https://www.idealista.com/inmueble/91784841/", "distance": "2328", "hasVideo": false, "status": "good", "newDevelopment": false, "parkingSpace": {"hasParkingSpace": true, "isParkingSpaceIncludedInPrice": true}, "priceByArea": 3125.0, "detailedType": {"typology": "chalet"}, "suggestedTexts": {"subtitle": "La Plana - Bellsoleig, Sant Just Desvern", "title": "Chalet"}, "hasPlan": true, "has3DTour": false, "has360": false, "hasStaging": false, "topNewDevelopment": false}, {"propertyCode": "91561354", "thumbnail": "https://img3.idealista.com/blur/WEB_LISTING/0/id.pro.es.image.master/27/cb/e4/817510035.jpg", "externalReference": "W-02D6M9", "numPhotos": 26, "floor": "3", "price": 399000.0, "propertyType": "flat", "operation": "sale", "size": 117.0, "exterior": false, "rooms": 3, "bathrooms": 2, "address": "barrio La Maternitat i Sant Ramon", "province": "Barcelona", "municipality": "Barcelona", "district": "Les Corts", "country": "es", "neighborhood": "La Maternitat i Sant Ramon", "latitude": 41.3780895, "longitude": 2.1173664, "showAddress": false, "url": "https://www.idealista.com/inmueble/91561354/", "distance": "3203", "hasVideo": false, "status": "good", "newDevelopment": false, "hasLift": true, "priceByArea": 3410.0, "detailedType": {"typology": "flat"}, "suggestedTexts": {"subtitle": "La Maternitat i Sant Ramon, Barcelona", "title": "Piso"}, "hasPlan": true, "has3DTour": false, "has360": false, "hasStaging": false, "topNewDevelopment": false}, {"propertyCode": "91521219", "thumbnail": "https://img3.idealista.com/blur/WEB_LISTING/0/id.pro.es.image.master/49/b2/fd/816554023.jpg", "externalReference": "VB2002024-5", "numPhotos": 26, "price": 750000.0, "propertyType": "chalet", "operation": "sale", "size": 264.0, "exterior": false, "rooms": 4, "bathrooms": 2, "address": "Centre", "province": "Barcelona", "municipality": "Esplugues de Llobregat", "district": "Centre", "country": "es", "latitude": 41.37691, "longitude": 2.08678, "showAddress": false, "url": "https://www.idealista.com/inmueble/91521219/", "distance": "648", "hasVideo": false, "status": "good", "newDevelopment": false, "parkingSpace": {"hasParkingSpace": true, "isParkingSpaceIncludedInPrice": true}, "priceByArea": 2841.0, "detailedType": {"typology": "chalet"}, "suggestedTexts": {"subtitle": "Centre, Esplugues de Llobregat", "title": "Chalet"}, "hasPlan": true, "has3DTour": false, "has360": false, "hasStaging": false, "topNewDevelopment": false}, {"propertyCode": "92748377", "thumbnail": "https://img3.idealista.com/blur/WEB_LISTING/0/id.pro.es.image.master/6a/07/65/847162819.jpg", "externalReference": "10300", "numPhotos": 79, "price": 3990000.0, "propertyType": "chalet", "operation": "sale", "size": 600.0, "exterior": false, "rooms": 5, "bathrooms": 8, "address": "Calle del Torrent de les Roses", "province": "Barcelona", "municipality": "Barcelona", "district": "Les Corts", "country": "es", "neighborhood": "Pedralbes", "latitude": 41.38944, "longitude": 2.1039399, "showAddress": false, "url": "https://www.idealista.com/inmueble/92748377/", "distance": "2514", "hasVideo": false, "status": "good", "newDevelopment": false, "parkingSpace": {"hasParkingSpace": true, "isParkingSpaceIncludedInPrice": true}, "priceByArea": 6650.0, "detailedType": {"typology": "chalet"}, "suggestedTexts": {"subtitle": "Pedralbes, Barcelona", "title": "Chalet en Calle del Torrent de les Roses"}, "hasPlan": true, "has3DTour": true, "has360": false, "hasStaging": false, "topNewDevelopment": false}, {"propertyCode": "91576613", "thumbnail": "https://img3.idealista.com/blur/WEB_LISTING/0/id.pro.es.image.master/b7/00/c1/818001735.jpg", "externalReference": "GVVFCV6", "numPhotos": 39, "floor": "bj", "price": 487000.0, "propertyType": "flat", "operation": "sale", "size": 115.0, "exterior": true, "rooms": 4, "bathrooms": 2, "address": "Calle de Francesca Cort\u00e8s i Vives", "province": "Barcelona", "municipality": "Sant Just Desvern", "district": "Mas Llu\u00ed - Els Miralls", "country": "es", "latitude": 41.3848637, "longitude": 2.0616631, "showAddress": false, "url": "https://www.idealista.com/inmueble/91576613/", "distance": "1705", "hasVideo": true, "status": "good", "newDevelopment": false, "hasLift": true, "parkingSpace": {"hasParkingSpace": true, "isParkingSpaceIncludedInPrice": true}, "priceByArea": 4235.0, "detailedType": {"typology": "flat"}, "suggestedTexts": {"subtitle": "Mas Llu\u00ed - Els Miralls, Sant Just Desvern", "title": "Piso en Calle de Francesca Cort\u00e8s i Vives"}, "hasPlan": true, "has3DTour": false, "has360": false, "hasStaging": false, "topNewDevelopment": false}, {"propertyCode": "90513526", "thumbnail": "https://img3.idealista.com/blur/WEB_LISTING/0/id.pro.es.image.master/e4/13/9a/792119946.jpg", "externalReference": "W-02JDY9", "numPhotos": 24, "floor": "bj", "price": 180000.0, "propertyType": "flat", "operation": "sale", "size": 166.0, "exterior": false, "rooms": 2, "bathrooms": 2, "address": "Calle Bellavista", "province": "Barcelona", "municipality": "Hospitalet de Llobregat", "district": "Centre", "country": "es", "neighborhood": "Centre", "latitude": 41.3624125, "longitude": 2.0965745, "showAddress": false, "url": "https://www.idealista.com/inmueble/90513526/", "distance": "2164", "hasVideo": false, "status": "good", "newDevelopment": false, "hasLift": false, "priceByArea": 1084.0, "detailedType": {"typology": "flat"}, "suggestedTexts": {"subtitle": "Centre, Hospitalet de Llobregat", "title": "Piso en Calle Bellavista"}, "hasPlan": false, "has3DTour": false, "has360": false, "hasStaging": false, "topNewDevelopment": false}, {"propertyCode": "84591188", "thumbnail": "https://img3.idealista.com/blur/WEB_LISTING/0/id.pro.es.image.master/aa/21/a2/782165535.jpg", "externalReference": "5960", "numPhotos": 45, "floor": "1", "price": 1790000.0, "propertyType": "flat", "operation": "sale", "size": 400.0, "exterior": true, "rooms": 4, "bathrooms": 4, "address": "Calle de l'Abadessa Olzet", "province": "Barcelona", "municipality": "Barcelona", "district": "Les Corts", "country": "es", "neighborhood": "Pedralbes", "latitude": 41.3901978, "longitude": 2.1126738, "showAddress": false, "url": "https://www.idealista.com/inmueble/84591188/", "distance": "3182", "hasVideo": true, "status": "good", "newDevelopment": false, "hasLift": true, "parkingSpace": {"hasParkingSpace": true, "isParkingSpaceIncludedInPrice": true}, "priceByArea": 4475.0, "detailedType": {"typology": "flat"}, "suggestedTexts": {"subtitle": "Pedralbes, Barcelona", "title": "Piso en Calle de l'Abadessa Olzet"}, "hasPlan": true, "has3DTour": true, "has360": false, "hasStaging": false, "topNewDevelopment": false}, {"propertyCode": "93130862", "thumbnail": "https://img3.idealista.com/blur/WEB_LISTING/0/id.pro.es.image.master/e3/e6/42/855208547.jpg", "externalReference": "3585", "numPhotos": 17, "floor": "3", "price": 259900.0, "propertyType": "flat", "operation": "sale", "size": 110.0, "exterior": true, "rooms": 4, "bathrooms": 2, "address": "Calle de la Muntanya", "province": "Barcelona", "municipality": "Hospitalet de Llobregat", "district": "Centre", "country": "es", "neighborhood": "Sant Josep", "latitude": 41.3615044, "longitude": 2.1102711, "showAddress": false, "url": "https://www.idealista.com/inmueble/93130862/", "distance": "3110", "hasVideo": false, "status": "good", "newDevelopment": false, "hasLift": true, "priceByArea": 2363.0, "detailedType": {"typology": "flat"}, "suggestedTexts": {"subtitle": "Sant Josep, Hospitalet de Llobregat", "title": "Piso en Calle de la Muntanya"}, "hasPlan": true, "has3DTour": false, "has360": false, "hasStaging": false, "topNewDevelopment": false}, {"propertyCode": "93114056", "thumbnail": "https://img3.idealista.com/blur/WEB_LISTING/0/id.pro.es.image.master/eb/19/55/854825397.jpg", "externalReference": "2648", "numPhotos": 18, "floor": "2", "price": 164900.0, "propertyType": "flat", "operation": "sale", "size": 77.0, "exterior": true, "rooms": 3, "bathrooms": 1, "address": "Calle de Roca i Umbert", "province": "Barcelona", "municipality": "Hospitalet de Llobregat", "district": "Centre", "country": "es", "neighborhood": "Carretera del Mig", "latitude": 41.3583698, "longitude": 2.1010069, "showAddress": false, "url": "https://www.idealista.com/inmueble/93114056/", "distance": "2746", "hasVideo": false, "status": "good", "newDevelopment": false, "hasLift": true, "priceByArea": 2142.0, "detailedType": {"typology": "flat"}, "suggestedTexts": {"subtitle": "Carretera del Mig, Hospitalet de Llobregat", "title": "Piso en Calle de Roca i Umbert"}, "hasPlan": true, "has3DTour": false, "has360": false, "hasStaging": false, "topNewDevelopment": false}, {"propertyCode": "93047375", "thumbnail": "https://img3.idealista.com/blur/WEB_LISTING/0/id.pro.es.image.master/bc/ae/eb/853372616.jpg", "externalReference": "0103215034", "numPhotos": 18, "floor": "5", "price": 99000.0, "propertyType": "flat", "operation": "sale", "size": 96.0, "exterior": true, "rooms": 3, "bathrooms": 1, "address": "Calle Piera", "province": "Barcelona", "municipality": "Hospitalet de Llobregat", "district": "La Florida - Les Planes", "country": "es", "neighborhood": "La Florida", "latitude": 41.3703311, "longitude": 2.111734, "showAddress": false, "url": "https://www.idealista.com/inmueble/93047375/", "distance": "2822", "hasVideo": false, "status": "good", "newDevelopment": false, "hasLift": false, "priceByArea": 1031.0, "detailedType": {"typology": "flat"}, "suggestedTexts": {"subtitle": "La Florida, Hospitalet de Llobregat", "title": "Piso en Calle Piera"}, "hasPlan": true, "has3DTour": false, "has360": false, "hasStaging": false, "topNewDevelopment": false}, {"propertyCode": "92857025", "thumbnail": "https://img3.idealista.com/blur/WEB_LISTING/0/id.pro.es.image.master/75/39/5a/849872389.jpg", "externalReference": "PVL19", "numPhotos": 39, "floor": "7", "price": 485000.0, "propertyType": "flat", "operation": "sale", "size": 104.0, "exterior": true, "rooms": 3, "bathrooms": 2, "address": "Carretera Reial", "province": "Barcelona", "municipality": "Sant Just Desvern", "district": "Mas Llu\u00ed - Els Miralls", "country": "es", "latitude": 41.3815734, "longitude": 2.0602804, "showAddress": false, "url": "https://www.idealista.com/inmueble/92857025/", "distance": "1652", "hasVideo": true, "status": "good", "newDevelopment": false, "hasLift": true, "parkingSpace": {"hasParkingSpace": true, "isParkingSpaceIncludedInPrice": true}, "priceByArea": 4663.0, "detailedType": {"typology": "flat"}, "suggestedTexts": {"subtitle": "Mas Llu\u00ed - Els Miralls, Sant Just Desvern", "title": "Piso en Carretera Reial"}, "hasPlan": true, "has3DTour": false, "has360": true, "hasStaging": false, "topNewDevelopment": false}, {"propertyCode": "92789487", "thumbnail": "https://img3.idealista.com/blur/WEB_LISTING/0/id.pro.es.image.master/ab/50/28/848198379.jpg", "externalReference": "CVDS0383", "numPhotos": 29, "floor": "en", "price": 160000.0, "propertyType": "flat", "operation": "sale", "size": 67.0, "exterior": true, "rooms": 3, "bathrooms": 1, "address": "Andorra", "province": "Barcelona", "municipality": "Hospitalet de Llobregat", "district": "Can Serra - Pubilla Cases", "country": "es", "neighborhood": "Can Serra", "latitude": 41.3693131, "longitude": 2.1000989, "showAddress": false, "url": "https://www.idealista.com/inmueble/92789487/", "distance": "1943", "hasVideo": true, "status": "good", "newDevelopment": false, "hasLift": false, "priceByArea": 2388.0, "detailedType": {"typology": "flat"}, "suggestedTexts": {"subtitle": "Can Serra, Hospitalet de Llobregat", "title": "Piso en Andorra"}, "hasPlan": true, "has3DTour": false, "has360": false, "hasStaging": false, "topNewDevelopment": false}, {"propertyCode": "85298117", "thumbnail": "https://img3.idealista.com/blur/WEB_LISTING/0/id.pro.es.image.master/03/76/44/754557931.jpg", "externalReference": "2147", "numPhotos": 23, "price": 380000.0, "propertyType": "flat", "operation": "sale", "size": 110.0, "exterior": true, "rooms": 3, "bathrooms": 2, "address": "Avenida Pau Casals", "province": "Barcelona", "municipality": "Hospitalet de Llobregat", "district": "Centre", "country": "es", "neighborhood": "Centre", "latitude": 41.3590897, "longitude": 2.1056067, "showAddress": false, "url": "https://www.idealista.com/inmueble/85298117/", "distance": "2962", "hasVideo": false, "status": "good", "newDevelopment": false, "hasLift": true, "priceByArea": 3455.0, "detailedType": {"typology": "flat"}, "suggestedTexts": {"subtitle": "Centre, Hospitalet de Llobregat", "title": "Piso en Avenida Pau Casals"}, "hasPlan": false, "has3DTour": false, "has360": false, "hasStaging": false, "topNewDevelopment": false}, {"propertyCode": "84065852", "thumbnail": "https://img3.idealista.com/blur/WEB_LISTING/0/id.pro.es.image.master/b4/1f/8a/631112922.jpg", "externalReference": "BCN16348", "numPhotos": 35, "price": 6900000.0, "propertyType": "chalet", "operation": "sale", "size": 660.0, "exterior": false, "rooms": 5, "bathrooms": 7, "address": "barrio Pedralbes", "province": "Barcelona", "municipality": "Barcelona", "district": "Les Corts", "country": "es", "neighborhood": "Pedralbes", "latitude": 41.3899364, "longitude": 2.1057568, "showAddress": false, "url": "https://www.idealista.com/inmueble/84065852/", "distance": "2670", "hasVideo": false, "status": "renew", "newDevelopment": false, "parkingSpace": {"hasParkingSpace": true, "isParkingSpaceIncludedInPrice": true}, "priceByArea": 10455.0, "detailedType": {"typology": "chalet"}, "suggestedTexts": {"subtitle": "Pedralbes, Barcelona", "title": "Chalet"}, "hasPlan": false, "has3DTour": false, "has360": false, "hasStaging": false, "topNewDevelopment": false}, {"propertyCode": "92773574", "thumbnail": "https://img3.idealista.com/blur/WEB_LISTING/0/id.pro.es.image.master/a2/1c/94/847793162.jpg", "externalReference": "EPR-SJ169", "numPhotos": 13, "floor": "2", "price": 159000.0, "propertyType": "flat", "operation": "sale", "size": 90.0, "exterior": true, "rooms": 3, "bathrooms": 1, "address": "enric prat de la riba", "province": "Barcelona", "municipality": "Hospitalet de Llobregat", "district": "Centre", "country": "es", "neighborhood": "Sant Josep", "latitude": 41.3630384, "longitude": 2.1058058, "showAddress": false, "url": "https://www.idealista.com/inmueble/92773574/", "distance": "2705", "hasVideo": false, "status": "good", "newDevelopment": false, "hasLift": false, "priceByArea": 1767.0, "detailedType": {"typology": "flat"}, "suggestedTexts": {"subtitle": "Sant Josep, Hospitalet de Llobregat", "title": "Piso en enric prat de la riba"}, "hasPlan": true, "has3DTour": false, "has360": false, "hasStaging": false, "topNewDevelopment": false}, {"propertyCode": "93179938", "thumbnail": "https://img3.idealista.com/blur/WEB_LISTING/0/id.pro.es.image.master/5d/7a/38/856303230.jpg", "externalReference": "W-02LAMZ", "numPhotos": 25, "floor": "bj", "price": 648000.0, "propertyType": "flat", "operation": "sale", "size": 160.0, "exterior": true, "rooms": 4, "bathrooms": 3, "address": "Centre", "province": "Barcelona", "municipality": "Sant Just Desvern", "district": "Centre", "country": "es", "latitude": 41.3852071, "longitude": 2.0757533, "showAddress": false, "url": "https://www.idealista.com/inmueble/93179938/", "distance": "979", "hasVideo": false, "status": "good", "newDevelopment": false, "hasLift": true, "parkingSpace": {"hasParkingSpace": true, "isParkingSpaceIncludedInPrice": true}, "priceByArea": 4050.0, "detailedType": {"typology": "flat"}, "suggestedTexts": {"subtitle": "Centre, Sant Just Desvern", "title": "Piso"}, "hasPlan": false, "has3DTour": false, "has360": false, "hasStaging": false, "topNewDevelopment": false}, {"propertyCode": "93157259", "thumbnail": "https://img3.idealista.com/blur/WEB_LISTING/0/id.pro.es.image.master/71/a0/cb/855734281.jpg", "externalReference": "W-02JZQW", "numPhotos": 27, "price": 1300000.0, "propertyType": "chalet", "operation": "sale", "size": 466.0, "exterior": false, "rooms": 4, "bathrooms": 4, "address": "La Miranda - Can Candeler", "province": "Barcelona", "municipality": "Sant Just Desvern", "district": "La Miranda - Can Candeler", "country": "es", "latitude": 41.389146, "longitude": 2.0827594, "showAddress": false, "url": "https://www.idealista.com/inmueble/93157259/", "distance": "1414", "hasVideo": false, "status": "good", "newDevelopment": false, "parkingSpace": {"hasParkingSpace": true, "isParkingSpaceIncludedInPrice": true}, "priceByArea": 2790.0, "detailedType": {"typology": "chalet", "subTypology": "independantHouse"}, "suggestedTexts": {"subtitle": "La Miranda - Can Candeler, Sant Just Desvern", "title": "Casa independiente"}, "hasPlan": false, "has3DTour": false, "has360": false, "hasStaging": false, "topNewDevelopment": false}, {"propertyCode": "93116274", "thumbnail": "https://img3.idealista.com/blur/WEB_LISTING/0/id.pro.es.image.master/a1/d3/c7/854869840.jpg", "externalReference": "VPV21", "numPhotos": 53, "floor": "2", "price": 1670000.0, "propertyType": "flat", "operation": "sale", "size": 210.0, "exterior": true, "rooms": 3, "bathrooms": 3, "address": "barrio Pedralbes", "province": "Barcelona", "municipality": "Barcelona", "district": "Les Corts", "country": "es", "neighborhood": "Pedralbes", "latitude": 41.390932, "longitude": 2.1088187, "showAddress": false, "url": "https://www.idealista.com/inmueble/93116274/", "distance": "2945", "hasVideo": false, "status": "good", "newDevelopment": false, "hasLift": true, "parkingSpace": {"hasParkingSpace": true, "isParkingSpaceIncludedInPrice": true}, "priceByArea": 7952.0, "detailedType": {"typology": "flat"}, "suggestedTexts": {"subtitle": "Pedralbes, Barcelona", "title": "Piso"}, "hasPlan": false, "has3DTour": false, "has360": false, "hasStaging": false, "topNewDevelopment": false}, {"propertyCode": "87764777", "thumbnail": "https://img3.idealista.com/blur/WEB_LISTING/0/id.pro.es.image.master/30/e5/26/755884924.jpg", "externalReference": "W-02DZ02", "numPhotos": 34, "price": 495000.0, "propertyType": "chalet", "operation": "sale", "size": 240.0, "exterior": false, "rooms": 4, "bathrooms": 2, "address": "barrio Sant Josep", "province": "Barcelona", "municipality": "Hospitalet de Llobregat", "district": "Centre", "country": "es", "neighborhood": "Sant Josep", "latitude": 41.3615992, "longitude": 2.1112451, "showAddress": false, "url": "https://www.idealista.com/inmueble/87764777/", "distance": "3173", "hasVideo": false, "status": "good", "newDevelopment": false, "parkingSpace": {"hasParkingSpace": true, "isParkingSpaceIncludedInPrice": true}, "priceByArea": 2063.0, "detailedType": {"typology": "chalet", "subTypology": "semidetachedHouse"}, "suggestedTexts": {"subtitle": "Sant Josep, Hospitalet de Llobregat", "title": "Chalet pareado"}, "hasPlan": false, "has3DTour": true, "has360": false, "hasStaging": false, "topNewDevelopment": false}, {"propertyCode": "92777759", "thumbnail": "https://img3.idealista.com/blur/WEB_LISTING/0/id.pro.es.image.master/5d/68/75/833126904.jpg", "externalReference": "1455", "numPhotos": 65, "floor": "1", "price": 750000.0, "propertyType": "flat", "operation": "sale", "size": 166.0, "exterior": true, "rooms": 3, "bathrooms": 3, "address": "Calle de Trias i Gir\u00f3", "province": "Barcelona", "municipality": "Barcelona", "district": "Les Corts", "country": "es", "neighborhood": "Pedralbes", "latitude": 41.3880947, "longitude": 2.1143648, "showAddress": false, "url": "https://www.idealista.com/inmueble/92777759/", "distance": "3208", "hasVideo": true, "status": "good", "newDevelopment": false, "hasLift": true, "priceByArea": 4518.0, "detailedType": {"typology": "flat"}, "suggestedTexts": {"subtitle": "Pedralbes, Barcelona", "title": "Piso en Calle de Trias i Gir\u00f3"}, "hasPlan": false, "has3DTour": false, "has360": false, "hasStaging": false, "topNewDevelopment": false}, {"propertyCode": "92766156", "thumbnail": "https://img3.idealista.com/blur/WEB_LISTING/0/id.pro.es.image.master/96/39/b0/847639387.jpg", "externalReference": "246902", "numPhotos": 34, "floor": "2", "price": 750000.0, "propertyType": "flat", "operation": "sale", "size": 149.0, "exterior": true, "rooms": 3, "bathrooms": 3, "address": "barrio Pedralbes", "province": "Barcelona", "municipality": "Barcelona", "district": "Les Corts", "country": "es", "neighborhood": "Pedralbes", "latitude": 41.3859947, "longitude": 2.1118648, "showAddress": false, "url": "https://www.idealista.com/inmueble/92766156/", "distance": "2927", "hasVideo": false, "status": "good", "newDevelopment": false, "hasLift": true, "parkingSpace": {"hasParkingSpace": true, "isParkingSpaceIncludedInPrice": true}, "priceByArea": 5034.0, "detailedType": {"typology": "flat"}, "suggestedTexts": {"subtitle": "Pedralbes, Barcelona", "title": "Piso"}, "hasPlan": false, "has3DTour": false, "has360": false, "hasStaging": false, "topNewDevelopment": false}, {"propertyCode": "92797368", "thumbnail": "https://img3.idealista.com/blur/WEB_LISTING/0/id.pro.es.image.master/d5/1e/6b/848396384.jpg", "externalReference": "3534", "numPhotos": 20, "floor": "7", "price": 169900.0, "propertyType": "penthouse", "operation": "sale", "size": 60.0, "exterior": true, "rooms": 2, "bathrooms": 1, "address": "Avenida d'Isabel la Cat\u00f2lica", "province": "Barcelona", "municipality": "Hospitalet de Llobregat", "district": "Centre", "country": "es", "neighborhood": "Sant Josep", "latitude": 41.3637896, "longitude": 2.1051753, "showAddress": false, "url": "https://www.idealista.com/inmueble/92797368/", "distance": "2615", "hasVideo": false, "status": "good", "newDevelopment": false, "hasLift": true, "priceByArea": 2832.0, "detailedType": {"typology": "flat", "subTypology": "penthouse"}, "suggestedTexts": {"subtitle": "Sant Josep, Hospitalet de Llobregat", "title": "\u00c1tico en Avenida d'Isabel la Cat\u00f2lica"}, "hasPlan": true, "has3DTour": false, "has360": false, "hasStaging": false, "topNewDevelopment": false}, {"propertyCode": "91439193", "thumbnail": "https://img3.idealista.com/blur/WEB_LISTING/0/id.pro.es.image.master/f1/71/d3/833138941.jpg", "externalReference": "90912690", "numPhotos": 45, "floor": "bj", "price": 1300000.0, "propertyType": "flat", "operation": "sale", "size": 350.0, "exterior": false, "rooms": 4, "bathrooms": 3, "address": "N-340", "province": "Barcelona", "municipality": "Sant Just Desvern", "district": "Centre", "country": "es", "latitude": 41.3781551, "longitude": 2.0748847, "showAddress": false, "url": "https://www.idealista.com/inmueble/91439193/", "distance": "378", "hasVideo": false, "status": "good", "newDevelopment": false, "hasLift": true, "parkingSpace": {"hasParkingSpace": true, "isParkingSpaceIncludedInPrice": true}, "priceByArea": 3714.0, "detailedType": {"typology": "flat"}, "suggestedTexts": {"subtitle": "Centre, Sant Just Desvern", "title": "Piso en N-340"}, "hasPlan": false, "has3DTour": false, "has360": false, "hasStaging": false, "topNewDevelopment": false}, {"propertyCode": "88554505", "thumbnail": "https://img3.idealista.com/blur/WEB_LISTING/0/id.pro.es.image.master/89/07/95/749493587.jpg", "externalReference": "11046", "numPhotos": 22, "floor": "2", "price": 330000.0, "propertyType": "flat", "operation": "sale", "size": 83.0, "exterior": true, "rooms": 4, "bathrooms": 1, "address": "Avenida Cornella", "province": "Barcelona", "municipality": "Esplugues de Llobregat", "district": "La Plana - Montesa", "country": "es", "latitude": 41.3692445, "longitude": 2.080695, "showAddress": false, "url": "https://www.idealista.com/inmueble/88554505/", "distance": "845", "hasVideo": false, "status": "good", "newDevelopment": false, "hasLift": true, "priceByArea": 3976.0, "detailedType": {"typology": "flat"}, "suggestedTexts": {"subtitle": "La Plana - Montesa, Esplugues de Llobregat", "title": "Piso en Avenida Cornella"}, "hasPlan": false, "has3DTour": false, "has360": false, "hasStaging": false, "topNewDevelopment": false}, {"propertyCode": "88927053", "thumbnail": "https://img3.idealista.com/blur/WEB_LISTING/0/id.pro.es.image.master/0e/23/45/811040989.jpg", "externalReference": "25539", "numPhotos": 23, "floor": "2", "price": 287000.0, "propertyType": "flat", "operation": "sale", "size": 79.0, "exterior": true, "rooms": 3, "bathrooms": 2, "address": "barrio Centre", "province": "Barcelona", "municipality": "Hospitalet de Llobregat", "district": "Centre", "country": "es", "neighborhood": "Centre", "latitude": 41.361574, "longitude": 2.0939317, "showAddress": false, "url": "https://www.idealista.com/inmueble/88927053/", "distance": "2096", "hasVideo": false, "status": "good", "newDevelopment": false, "hasLift": true, "priceByArea": 3633.0, "detailedType": {"typology": "flat"}, "suggestedTexts": {"subtitle": "Centre, Hospitalet de Llobregat", "title": "Piso"}, "hasPlan": true, "has3DTour": false, "has360": false, "hasStaging": false, "topNewDevelopment": false}, {"propertyCode": "88927048", "thumbnail": "https://img3.idealista.com/blur/WEB_LISTING/0/id.pro.es.image.master/c5/ca/05/811040870.jpg", "externalReference": "25451", "numPhotos": 23, "floor": "bj", "price": 370000.0, "propertyType": "flat", "operation": "sale", "size": 102.0, "exterior": true, "rooms": 4, "bathrooms": 2, "address": "barrio Centre", "province": "Barcelona", "municipality": "Hospitalet de Llobregat", "district": "Centre", "country": "es", "neighborhood": "Centre", "latitude": 41.359974, "longitude": 2.0947317, "showAddress": false, "url": "https://www.idealista.com/inmueble/88927048/", "distance": "2279", "hasVideo": false, "status": "good", "newDevelopment": false, "hasLift": true, "priceByArea": 3627.0, "detailedType": {"typology": "flat"}, "suggestedTexts": {"subtitle": "Centre, Hospitalet de Llobregat", "title": "Piso"}, "hasPlan": true, "has3DTour": false, "has360": false, "hasStaging": false, "topNewDevelopment": false}, {"propertyCode": "88600432", "thumbnail": "https://img3.idealista.com/blur/WEB_LISTING/0/id.pro.es.image.master/da/2b/b0/750629908.jpg", "externalReference": "0793", "numPhotos": 32, "floor": "7", "price": 2000000.0, "propertyType": "penthouse", "operation": "sale", "size": 277.0, "exterior": true, "rooms": 5, "bathrooms": 4, "address": "barrio Pedralbes", "province": "Barcelona", "municipality": "Barcelona", "district": "Les Corts", "country": "es", "neighborhood": "Pedralbes", "latitude": 41.3856508, "longitude": 2.107674, "showAddress": false, "url": "https://www.idealista.com/inmueble/88600432/", "distance": "2588", "hasVideo": true, "status": "good", "newDevelopment": false, "hasLift": true, "priceByArea": 7220.0, "detailedType": {"typology": "flat", "subTypology": "penthouse"}, "suggestedTexts": {"subtitle": "Pedralbes, Barcelona", "title": "\u00c1tico"}, "hasPlan": false, "has3DTour": false, "has360": false, "hasStaging": false, "topNewDevelopment": false}, {"propertyCode": "81822436", "thumbnail": "https://img3.idealista.com/blur/WEB_LISTING/0/id.pro.es.image.master/83/66/40/730933695.jpg", "externalReference": "24217", "numPhotos": 23, "floor": "1", "price": 460000.0, "propertyType": "flat", "operation": "sale", "size": 111.0, "exterior": true, "rooms": 4, "bathrooms": 2, "address": "Centre", "province": "Barcelona", "municipality": "Sant Just Desvern", "district": "Centre", "country": "es", "latitude": 41.379824, "longitude": 2.0786795, "showAddress": false, "url": "https://www.idealista.com/inmueble/81822436/", "distance": "344", "hasVideo": true, "status": "good", "newDevelopment": false, "hasLift": true, "priceByArea": 4144.0, "detailedType": {"typology": "flat"}, "suggestedTexts": {"subtitle": "Centre, Sant Just Desvern", "title": "Piso"}, "hasPlan": true, "has3DTour": false, "has360": false, "hasStaging": false, "topNewDevelopment": false}, {"propertyCode": "40177072", "thumbnail": "https://img3.idealista.com/blur/WEB_LISTING/0/id.pro.es.image.master/5b/13/56/275351043.jpg", "externalReference": "BCN05229", "numPhotos": 23, "price": 4500000.0, "propertyType": "chalet", "operation": "sale", "size": 800.0, "exterior": false, "rooms": 6, "bathrooms": 6, "address": "La Plana - Bellsoleig", "province": "Barcelona", "municipality": "Sant Just Desvern", "district": "La Plana - Bellsoleig", "country": "es", "latitude": 41.39527, "longitude": 2.07322, "showAddress": false, "url": "https://www.idealista.com/inmueble/40177072/", "distance": "2116", "hasVideo": false, "status": "good", "newDevelopment": false, "parkingSpace": {"hasParkingSpace": true, "isParkingSpaceIncludedInPrice": true}, "priceByArea": 5625.0, "detailedType": {"typology": "chalet", "subTypology": "independantHouse"}, "suggestedTexts": {"subtitle": "La Plana - Bellsoleig, Sant Just Desvern", "title": "Casa independiente"}, "hasPlan": false, "has3DTour": false, "has360": false, "hasStaging": false, "topNewDevelopment": false}, {"propertyCode": "93046332", "thumbnail": "https://img3.idealista.com/blur/WEB_LISTING/0/id.pro.es.image.master/fc/41/e5/853357566.jpg", "externalReference": "547", "numPhotos": 13, "floor": "2", "price": 135000.0, "propertyType": "flat", "operation": "sale", "size": 62.0, "exterior": false, "rooms": 3, "bathrooms": 1, "address": "Mina s/n", "province": "Barcelona", "municipality": "Hospitalet de Llobregat", "district": "Can Serra - Pubilla Cases", "country": "es", "neighborhood": "Pubilla Cases", "latitude": 41.3712866, "longitude": 2.1006006, "showAddress": true, "url": "https://www.idealista.com/inmueble/93046332/", "distance": "1900", "hasVideo": true, "status": "good", "newDevelopment": false, "hasLift": true, "priceByArea": 2177.0, "detailedType": {"typology": "flat"}, "suggestedTexts": {"subtitle": "Pubilla Cases, Hospitalet de Llobregat", "title": "Piso en Mina s/n"}, "hasPlan": false, "has3DTour": false, "has360": false, "hasStaging": false, "topNewDevelopment": false}, {"propertyCode": "92689108", "thumbnail": "https://img3.idealista.com/blur/WEB_LISTING/0/id.pro.es.image.master/db/62/d7/845728715.jpg", "externalReference": "3193", "numPhotos": 12, "floor": "bj", "price": 95000.0, "propertyType": "flat", "operation": "sale", "size": 56.0, "exterior": false, "rooms": 2, "bathrooms": 1, "address": "Avenida de Severo Ochoa", "province": "Barcelona", "municipality": "Hospitalet de Llobregat", "district": "Can Serra - Pubilla Cases", "country": "es", "neighborhood": "Pubilla Cases", "latitude": 41.3701373, "longitude": 2.1008194, "showAddress": false, "url": "https://www.idealista.com/inmueble/92689108/", "distance": "1962", "hasVideo": false, "status": "good", "newDevelopment": false, "hasLift": false, "priceByArea": 1696.0, "detailedType": {"typology": "flat"}, "suggestedTexts": {"subtitle": "Pubilla Cases, Hospitalet de Llobregat", "title": "Piso en Avenida de Severo Ochoa"}, "hasPlan": true, "has3DTour": false, "has360": false, "hasStaging": false, "topNewDevelopment": false}, {"propertyCode": "92183219", "thumbnail": "https://img3.idealista.com/blur/WEB_LISTING/0/id.pro.es.image.master/fe/65/a9/832979121.jpg", "externalReference": "3180", "numPhotos": 18, "floor": "en", "price": 159900.0, "propertyType": "flat", "operation": "sale", "size": 70.0, "exterior": true, "rooms": 2, "bathrooms": 1, "address": "Avenida del Carrilet", "province": "Barcelona", "municipality": "Hospitalet de Llobregat", "district": "Centre", "country": "es", "neighborhood": "Sant Josep", "latitude": 41.3599103, "longitude": 2.1098992, "showAddress": false, "url": "https://www.idealista.com/inmueble/92183219/", "distance": "3185", "hasVideo": false, "status": "good", "newDevelopment": false, "hasLift": true, "priceByArea": 2284.0, "detailedType": {"typology": "flat"}, "suggestedTexts": {"subtitle": "Sant Josep, Hospitalet de Llobregat", "title": "Piso en Avenida del Carrilet"}, "hasPlan": true, "has3DTour": false, "has360": true, "hasStaging": false, "topNewDevelopment": false}, {"propertyCode": "88806526", "thumbnail": "https://img3.idealista.com/blur/WEB_LISTING/0/id.pro.es.image.master/c0/1f/86/755835595.jpg", "externalReference": "2129", "numPhotos": 19, "floor": "bj", "price": 169900.0, "propertyType": "flat", "operation": "sale", "size": 82.0, "exterior": true, "rooms": 3, "bathrooms": 2, "address": "Calle de Frederic Prats", "province": "Barcelona", "municipality": "Hospitalet de Llobregat", "district": "Centre", "country": "es", "neighborhood": "Centre", "latitude": 41.3590307, "longitude": 2.0961721, "showAddress": false, "url": "https://www.idealista.com/inmueble/88806526/", "distance": "2434", "hasVideo": true, "status": "good", "newDevelopment": false, "hasLift": false, "priceByArea": 2072.0, "detailedType": {"typology": "flat"}, "suggestedTexts": {"subtitle": "Centre, Hospitalet de Llobregat", "title": "Piso en Calle de Frederic Prats"}, "hasPlan": true, "has3DTour": false, "has360": false, "hasStaging": false, "topNewDevelopment": false}, {"propertyCode": "92810444", "thumbnail": "https://img3.idealista.com/blur/WEB_LISTING/0/id.pro.es.image.master/06/ea/4f/848661860.jpg", "externalReference": "AV-PC127", "numPhotos": 11, "floor": "2", "price": 124500.0, "propertyType": "flat", "operation": "sale", "size": 55.0, "exterior": false, "rooms": 3, "bathrooms": 1, "address": "masnou, 1", "province": "Barcelona", "municipality": "Hospitalet de Llobregat", "district": "La Florida - Les Planes", "country": "es", "neighborhood": "La Florida", "latitude": 41.3711722, "longitude": 2.1050846, "showAddress": true, "url": "https://www.idealista.com/inmueble/92810444/", "distance": "2262", "hasVideo": false, "status": "good", "newDevelopment": false, "hasLift": false, "priceByArea": 2264.0, "detailedType": {"typology": "flat"}, "suggestedTexts": {"subtitle": "La Florida, Hospitalet de Llobregat", "title": "Piso en masnou, 1"}, "hasPlan": false, "has3DTour": false, "has360": false, "hasStaging": false, "topNewDevelopment": false}]