[{"propertyCode": "86950973", "thumbnail": "https://img3.idealista.com/blur/WEB_LISTING/0/id.pro.es.image.master/93/0a/7a/853085136.jpg", "externalReference": "39533", "numPhotos": 35, "price": 2200000.0, "propertyType": "chalet", "operation": "sale", "size": 360.0, "exterior": false, "rooms": 7, "bathrooms": 6, "address": "Plaza de Rovira i Trias", "province": "Barcelona", "municipality": "Barcelona", "district": "Gr\u00e0cia", "country": "es", "neighborhood": "Vila de Gr\u00e0cia", "latitude": 41.4095022, "longitude": 2.1565747, "showAddress": false, "url": "https://www.idealista.com/inmueble/86950973/", "distance": "851", "hasVideo": true, "status": "good", "newDevelopment": false, "priceByArea": 6111.0, "detailedType": {"typology": "chalet", "subTypology": "semidetachedHouse"}, "suggestedTexts": {"subtitle": "Vila de Gr\u00e0cia, Barcelona", "title": "Chalet pareado en Plaza de Rovira i Trias"}, "hasPlan": true, "has3DTour": true, "has360": false, "hasStaging": false, "topNewDevelopment": false}, {"propertyCode": "89706442", "thumbnail": "https://img3.idealista.com/blur/WEB_LISTING/0/id.pro.es.image.master/8d/de/e1/774571617.jpg", "externalReference": "W-02IFY9", "numPhotos": 41, "floor": "5", "price": 495000.0, "propertyType": "flat", "operation": "sale", "size": 126.0, "exterior": false, "rooms": 4, "bathrooms": 2, "address": "barrio El Camp d'En Grassot i Gr\u00e0cia Nova", "province": "Barcelona", "municipality": "Barcelona", "district": "Gr\u00e0cia", "country": "es", "neighborhood": "El Camp d'En Grassot i Gr\u00e0cia Nova", "latitude": 41.4115467, "longitude": 2.1617976, "showAddress": false, "url": "https://www.idealista.com/inmueble/89706442/", "distance": "848", "hasVideo": false, "status": "good", "newDevelopment": false, "hasLift": true, "priceByArea": 3929.0, "detailedType": {"typology": "flat"}, "suggestedTexts": {"subtitle": "El Camp d'En Grassot i Gr\u00e0cia Nova, Barcelona", "title": "Piso"}, "hasPlan": true, "has3DTour": true, "has360": false, "hasStaging": false, "topNewDevelopment": false}, {"propertyCode": "88509600", "thumbnail": "https://img3.idealista.com/blur/WEB_LISTING/0/id.pro.es.image.master/71/6c/b3/755905184.jpg", "externalReference": "W-02I2GZ", "numPhotos": 25, "floor": "1", "price": 430000.0, "propertyType": "chalet", "operation": "sale", "size": 110.0, "exterior": false, "rooms": 3, "bathrooms": 2, "address": "barrio Can Bar\u00f3", "province": "Barcelona", "municipality": "Barcelona", "district": "Horta Guinard\u00f3", "country": "es", "neighborhood": "Can Bar\u00f3", "latitude": 41.4157407, "longitude": 2.1638352, "showAddress": false, "url": "https://www.idealista.com/inmueble/88509600/", "distance": "773", "hasVideo": false, "status": "good", "newDevelopment": false, "priceByArea": 3909.0, "detailedType": {"typology": "chalet", "subTypology": "terracedHouse"}, "suggestedTexts": {"subtitle": "Can Bar\u00f3, Barcelona", "title": "Chalet adosado"}, "hasPlan": true, "has3DTour": true, "has360": false, "hasStaging": false, "topNewDevelopment": false}, {"propertyCode": "92057260", "thumbnail": "https://img3.idealista.com/blur/WEB_LISTING/0/id.pro.es.image.master/df/32/87/829778545.jpg", "externalReference": "Pza Sanllehy - vda", "numPhotos": 53, "price": 775000.0, "propertyType": "chalet", "operation": "sale", "size": 250.0, "exterior": false, "rooms": 4, "bathrooms": 4, "address": "Calle de Miquel dels Sants Oliver", "province": "Barcelona", "municipality": "Barcelona", "district": "Horta Guinard\u00f3", "country": "es", "neighborhood": "Can Bar\u00f3", "latitude": 41.4157488, "longitude": 2.1596228, "showAddress": false, "url": "https://www.idealista.com/inmueble/92057260/", "distance": "433", "hasVideo": true, "status": "good", "newDevelopment": false, "parkingSpace": {"hasParkingSpace": true, "isParkingSpaceIncludedInPrice": true}, "priceByArea": 3100.0, "detailedType": {"typology": "chalet", "subTypology": "semidetachedHouse"}, "suggestedTexts": {"subtitle": "Can Bar\u00f3, Barcelona", "title": "Chalet pareado en Calle de Miquel dels Sants Oliver"}, "hasPlan": true, "has3DTour": false, "has360": true, "hasStaging": false, "topNewDevelopment": false}, {"propertyCode": "92139064", "thumbnail": "https://img3.idealista.com/blur/WEB_LISTING/0/id.pro.es.image.master/87/e9/34/831920390.jpg", "externalReference": "W-02FZQR", "numPhotos": 30, "price": 480000.0, "propertyType": "chalet", "operation": "sale", "size": 207.0, "exterior": false, "rooms": 4, "bathrooms": 2, "address": "barrio El Carmel", "province": "Barcelona", "municipality": "Barcelona", "district": "Horta Guinard\u00f3", "country": "es", "neighborhood": "El Carmel", "latitude": 41.419505, "longitude": 2.1532501, "showAddress": false, "url": "https://www.idealista.com/inmueble/92139064/", "distance": "301", "hasVideo": false, "status": "renew", "newDevelopment": false, "parkingSpace": {"hasParkingSpace": true, "isParkingSpaceIncludedInPrice": true}, "priceByArea": 2319.0, "detailedType": {"typology": "chalet", "subTypology": "independantHouse"}, "suggestedTexts": {"subtitle": "El Carmel, Barcelona", "title": "Casa independiente"}, "hasPlan": true, "has3DTour": false, "has360": false, "hasStaging": false, "topNewDevelopment": false}, {"propertyCode": "91784565", "thumbnail": "https://img3.idealista.com/blur/WEB_LISTING/0/id.pro.es.image.master/f2/ea/81/823214879.jpg", "externalReference": "VB2011005-1", "numPhotos": 21, "floor": "4", "price": 429000.0, "propertyType": "penthouse", "operation": "sale", "size": 80.0, "exterior": true, "rooms": 1, "bathrooms": 1, "address": "barrio Vallcarca i els Penitents", "province": "Barcelona", "municipality": "Barcelona", "district": "Gr\u00e0cia", "country": "es", "neighborhood": "Vallcarca i els Penitents", "latitude": 41.4114349, "longitude": 2.1499492, "showAddress": false, "url": "https://www.idealista.com/inmueble/91784565/", "distance": "738", "hasVideo": true, "status": "good", "newDevelopment": false, "hasLift": true, "priceByArea": 5363.0, "detailedType": {"typology": "flat", "subTypology": "penthouse"}, "suggestedTexts": {"subtitle": "Vallcarca i els Penitents, Barcelona", "title": "\u00c1tico"}, "hasPlan": true, "has3DTour": false, "has360": false, "hasStaging": false, "topNewDevelopment": false}, {"propertyCode": "91730038", "thumbnail": "https://img3.idealista.com/blur/WEB_LISTING/0/id.pro.es.image.master/0a/fc/15/821871515.jpg", "externalReference": "CLK00/UV/2020/000283", "numPhotos": 21, "price": 144000.0, "propertyType": "flat", "operation": "sale", "size": 69.0, "exterior": true, "rooms": 3, "bathrooms": 1, "address": "Calle de la Conca de Tremp", "province": "Barcelona", "municipality": "Barcelona", "district": "Horta Guinard\u00f3", "country": "es", "neighborhood": "El Carmel", "latitude": 41.4225715, "longitude": 2.1566563, "showAddress": false, "url": "https://www.idealista.com/inmueble/91730038/", "distance": "637", "hasVideo": false, "status": "good", "newDevelopment": false, "hasLift": true, "priceByArea": 2087.0, "detailedType": {"typology": "flat"}, "suggestedTexts": {"subtitle": "El Carmel, Barcelona", "title": "Piso en Calle de la Conca de Tremp"}, "hasPlan": false, "has3DTour": false, "has360": false, "hasStaging": false, "topNewDevelopment": false}, {"propertyCode": "91394499", "thumbnail": "https://img3.idealista.com/blur/WEB_LISTING/0/id.pro.es.image.master/18/11/ff/813555413.jpg", "externalReference": "W-02JUQK", "numPhotos": 27, "floor": "1", "price": 210000.0, "propertyType": "flat", "operation": "sale", "size": 63.0, "exterior": false, "rooms": 3, "bathrooms": 1, "address": "barrio Can Bar\u00f3", "province": "Barcelona", "municipality": "Barcelona", "district": "Horta Guinard\u00f3", "country": "es", "neighborhood": "Can Bar\u00f3", "latitude": 41.417384, "longitude": 2.1607676, "showAddress": false, "url": "https://www.idealista.com/inmueble/91394499/", "distance": "506", "hasVideo": false, "status": "good", "newDevelopment": false, "hasLift": true, "priceByArea": 3333.0, "detailedType": {"typology": "flat"}, "suggestedTexts": {"subtitle": "Can Bar\u00f3, Barcelona", "title": "Piso"}, "hasPlan": true, "has3DTour": false, "has360": false, "hasStaging": false, "topNewDevelopment": false}, {"propertyCode": "90552513", "thumbnail": "https://img3.idealista.com/blur/WEB_LISTING/0/id.pro.es.image.master/04/b8/21/836973160.jpg", "externalReference": "W-02J8CQ", "numPhotos": 40, "floor": "6", "price": 349000.0, "propertyType": "penthouse", "operation": "sale", "size": 93.0, "exterior": false, "rooms": 2, "bathrooms": 2, "address": "barrio Can Bar\u00f3", "province": "Barcelona", "municipality": "Barcelona", "district": "Horta Guinard\u00f3", "country": "es", "neighborhood": "Can Bar\u00f3", "latitude": 41.4166076, "longitude": 2.1604742, "showAddress": false, "url": "https://www.idealista.com/inmueble/90552513/", "distance": "482", "hasVideo": false, "status": "good", "newDevelopment": false, "hasLift": false, "priceByArea": 3753.0, "detailedType": {"typology": "flat", "subTypology": "penthouse"}, "suggestedTexts": {"subtitle": "Can Bar\u00f3, Barcelona", "title": "\u00c1tico"}, "hasPlan": true, "has3DTour": false, "has360": false, "hasStaging": false, "topNewDevelopment": false}, {"propertyCode": "89447341", "thumbnail": "https://img3.idealista.com/blur/WEB_LISTING/0/id.pro.es.image.master/a1/62/ec/771644190.jpg", "externalReference": "W-02ITJX", "numPhotos": 34, "floor": "8", "price": 495000.0, "propertyType": "penthouse", "operation": "sale", "size": 116.0, "exterior": false, "rooms": 3, "bathrooms": 2, "address": "barrio Can Bar\u00f3", "province": "Barcelona", "municipality": "Barcelona", "district": "Horta Guinard\u00f3", "country": "es", "neighborhood": "Can Bar\u00f3", "latitude": 41.4136736, "longitude": 2.1622082, "showAddress": false, "url": "https://www.idealista.com/inmueble/89447341/", "distance": "727", "hasVideo": false, "status": "good", "newDevelopment": false, "hasLift": true, "parkingSpace": {"hasParkingSpace": true, "isParkingSpaceIncludedInPrice": true}, "priceByArea": 4267.0, "detailedType": {"typology": "flat", "subTypology": "penthouse"}, "suggestedTexts": {"subtitle": "Can Bar\u00f3, Barcelona", "title": "\u00c1tico"}, "hasPlan": true, "has3DTour": false, "has360": false, "hasStaging": false, "topNewDevelopment": false}, {"propertyCode": "83131388", "thumbnail": "https://img3.idealista.com/blur/WEB_LISTING/0/id.pro.es.image.master/dd/84/c5/755895621.jpg", "externalReference": "W-02E6FW", "numPhotos": 48, "price": 598000.0, "propertyType": "flat", "operation": "sale", "size": 248.0, "exterior": false, "rooms": 5, "bathrooms": 2, "address": "barrio Vallcarca i els Penitents", "province": "Barcelona", "municipality": "Barcelona", "district": "Gr\u00e0cia", "country": "es", "neighborhood": "Vallcarca i els Penitents", "latitude": 41.4179281, "longitude": 2.1445119, "showAddress": false, "url": "https://www.idealista.com/inmueble/83131388/", "distance": "856", "hasVideo": false, "status": "good", "newDevelopment": false, "hasLift": false, "priceByArea": 2411.0, "detailedType": {"typology": "flat"}, "suggestedTexts": {"subtitle": "Vallcarca i els Penitents, Barcelona", "title": "Piso"}, "hasPlan": true, "has3DTour": false, "has360": false, "hasStaging": false, "topNewDevelopment": false}, {"propertyCode": "92959266", "thumbnail": "https://img3.idealista.com/blur/WEB_LISTING/0/id.pro.es.image.master/6d/b9/21/852035644.jpg", "externalReference": "RM24", "numPhotos": 32, "floor": "bj", "price": 850000.0, "propertyType": "duplex", "operation": "sale", "size": 222.0, "exterior": true, "rooms": 3, "bathrooms": 3, "address": "Rambla de Mercedes, 24", "province": "Barcelona", "municipality": "Barcelona", "district": "Gr\u00e0cia", "country": "es", "neighborhood": "La Salut", "latitude": 41.412369, "longitude": 2.1546071, "showAddress": true, "url": "https://www.idealista.com/inmueble/92959266/", "distance": "518", "hasVideo": false, "status": "good", "newDevelopment": false, "hasLift": true, "priceByArea": 3829.0, "detailedType": {"typology": "flat", "subTypology": "duplex"}, "suggestedTexts": {"subtitle": "La Salut, Barcelona", "title": "D\u00faplex en Rambla de Mercedes, 24"}, "hasPlan": true, "has3DTour": false, "has360": false, "hasStaging": false, "topNewDevelopment": false}, {"propertyCode": "93085268", "thumbnail": "https://img3.idealista.com/blur/WEB_LISTING/0/id.pro.es.image.master/f8/8f/52/854119790.jpg", "externalReference": "1097", "numPhotos": 30, "floor": "3", "price": 176000.0, "propertyType": "flat", "operation": "sale", "size": 70.0, "exterior": true, "rooms": 2, "bathrooms": 1, "address": "Calle de Santa Rosalia, 90", "province": "Barcelona", "municipality": "Barcelona", "district": "Horta Guinard\u00f3", "country": "es", "neighborhood": "La Teixonera", "latitude": 41.4234764, "longitude": 2.1491109, "showAddress": true, "url": "https://www.idealista.com/inmueble/93085268/", "distance": "855", "hasVideo": true, "status": "good", "newDevelopment": false, "hasLift": false, "priceByArea": 2514.0, "detailedType": {"typology": "flat"}, "suggestedTexts": {"subtitle": "La Teixonera, Barcelona", "title": "Piso en Calle de Santa Rosalia, 90"}, "hasPlan": false, "has3DTour": false, "has360": false, "hasStaging": false, "topNewDevelopment": false}, {"propertyCode": "92341629", "thumbnail": "https://img3.idealista.com/blur/WEB_LISTING/0/id.pro.es.image.master/ff/5f/1e/852213841.jpg", "externalReference": "244345", "numPhotos": 23, "floor": "bj", "price": 470000.0, "propertyType": "flat", "operation": "sale", "size": 140.0, "exterior": true, "rooms": 3, "bathrooms": 2, "address": "barrio El Camp d'En Grassot i Gr\u00e0cia Nova", "province": "Barcelona", "municipality": "Barcelona", "district": "Gr\u00e0cia", "country": "es", "neighborhood": "El Camp d'En Grassot i Gr\u00e0cia Nova", "latitude": 41.4103984, "longitude": 2.159495, "showAddress": false, "url": "https://www.idealista.com/inmueble/92341629/", "distance": "837", "hasVideo": false, "status": "good", "newDevelopment": false, "hasLift": true, "priceByArea": 3357.0, "detailedType": {"typology": "flat"}, "suggestedTexts": {"subtitle": "El Camp d'En Grassot i Gr\u00e0cia Nova, Barcelona", "title": "Piso"}, "hasPlan": false, "has3DTour": false, "has360": false, "hasStaging": false, "topNewDevelopment": false}, {"propertyCode": "92111424", "thumbnail": "https://img3.idealista.com/blur/WEB_LISTING/0/id.pro.es.image.master/45/54/34/853382956.jpg", "externalReference": "W-02HNSJ", "numPhotos": 29, "price": 1350000.0, "propertyType": "chalet", "operation": "sale", "size": 325.0, "exterior": false, "rooms": 15, "bathrooms": 4, "address": "barrio El Camp d'En Grassot i Gr\u00e0cia Nova", "province": "Barcelona", "municipality": "Barcelona", "district": "Gr\u00e0cia", "country": "es", "neighborhood": "El Camp d'En Grassot i Gr\u00e0cia Nova", "latitude": 41.4115447, "longitude": 2.1582008, "showAddress": false, "url": "https://www.idealista.com/inmueble/92111424/", "distance": "675", "hasVideo": false, "status": "good", "newDevelopment": false, "priceByArea": 4154.0, "detailedType": {"typology": "chalet", "subTypology": "independantHouse"}, "suggestedTexts": {"subtitle": "El Camp d'En Grassot i Gr\u00e0cia Nova, Barcelona", "title": "Casa independiente"}, "hasPlan": false, "has3DTour": false, "has360": false, "hasStaging": false, "topNewDevelopment": false}, {"propertyCode": "92770534", "thumbnail": "https://img3.idealista.com/blur/WEB_LISTING/0/id.pro.es.image.master/fe/0f/91/847723701.jpg", "externalReference": "JV-RES-1036-019-21", "numPhotos": 19, "floor": "1", "price": 368000.0, "propertyType": "flat", "operation": "sale", "size": 112.0, "exterior": true, "rooms": 3, "bathrooms": 2, "address": "Calle de les Cam\u00e8lies", "province": "Barcelona", "municipality": "Barcelona", "district": "Horta Guinard\u00f3", "country": "es", "neighborhood": "El Baix Guinard\u00f3", "latitude": 41.4114876, "longitude": 2.1608701, "showAddress": false, "url": "https://www.idealista.com/inmueble/92770534/", "distance": "801", "hasVideo": true, "status": "good", "newDevelopment": false, "hasLift": true, "priceByArea": 3286.0, "detailedType": {"typology": "flat"}, "suggestedTexts": {"subtitle": "El Baix Guinard\u00f3, Barcelona", "title": "Piso en Calle de les Cam\u00e8lies"}, "hasPlan": false, "has3DTour": false, "has360": false, "hasStaging": false, "topNewDevelopment": false}, {"propertyCode": "91573828", "thumbnail": "https://img3.idealista.com/blur/WEB_LISTING/0/id.pro.es.image.master/69/11/15/817921439.jpg", "externalReference": "Ramon Rocafull", "numPhotos": 15, "floor": "st", "price": 94500.0, "propertyType": "flat", "operation": "sale", "size": 64.0, "exterior": false, "rooms": 2, "bathrooms": 1, "address": "Calle de Ramon Rocafull", "province": "Barcelona", "municipality": "Barcelona", "district": "Horta Guinard\u00f3", "country": "es", "neighborhood": "El Carmel", "latitude": 41.4216273, "longitude": 2.1567479, "showAddress": false, "url": "https://www.idealista.com/inmueble/91573828/", "distance": "538", "hasVideo": false, "status": "good", "newDevelopment": false, "hasLift": true, "priceByArea": 1477.0, "detailedType": {"typology": "flat"}, "suggestedTexts": {"subtitle": "El Carmel, Barcelona", "title": "Piso en Calle de Ramon Rocafull"}, "hasPlan": false, "has3DTour": false, "has360": false, "hasStaging": false, "topNewDevelopment": false}, {"propertyCode": "91786243", "thumbnail": "https://img3.idealista.com/blur/WEB_LISTING/0/id.pro.es.image.master/87/fb/f8/823483130.jpg", "numPhotos": 30, "floor": "1", "price": 450000.0, "propertyType": "flat", "operation": "sale", "size": 275.0, "exterior": true, "rooms": 4, "bathrooms": 2, "address": "pedrell", "province": "Barcelona", "municipality": "Barcelona", "district": "Horta Guinard\u00f3", "country": "es", "neighborhood": "La Font d'En Fargues", "latitude": 41.4223869, "longitude": 2.1596476, "showAddress": false, "url": "https://www.idealista.com/inmueble/91786243/", "distance": "723", "hasVideo": false, "status": "good", "newDevelopment": false, "hasLift": true, "parkingSpace": {"hasParkingSpace": true, "isParkingSpaceIncludedInPrice": false, "parkingSpacePrice": 25000.0}, "priceByArea": 1636.0, "detailedType": {"typology": "flat"}, "suggestedTexts": {"subtitle": "La Font d'En Fargues, Barcelona", "title": "Piso en pedrell"}, "hasPlan": false, "has3DTour": false, "has360": false, "hasStaging": false, "topNewDevelopment": false}, {"propertyCode": "90587973", "thumbnail": "https://img3.idealista.com/blur/WEB_LISTING/0/id.pro.es.image.master/b8/39/89/793814896.jpg", "externalReference": "008-5896", "numPhotos": 24, "floor": "4", "price": 139000.0, "propertyType": "penthouse", "operation": "sale", "size": 60.0, "exterior": true, "rooms": 3, "bathrooms": 1, "address": "del Dr. Bov\u00e9", "province": "Barcelona", "municipality": "Barcelona", "district": "Horta Guinard\u00f3", "country": "es", "neighborhood": "El Carmel", "latitude": 41.4200982, "longitude": 2.1608533, "showAddress": false, "url": "https://www.idealista.com/inmueble/90587973/", "distance": "615", "hasVideo": false, "status": "good", "newDevelopment": false, "hasLift": false, "priceByArea": 2317.0, "detailedType": {"typology": "flat", "subTypology": "penthouse"}, "suggestedTexts": {"subtitle": "El Carmel, Barcelona", "title": "\u00c1tico en del Dr. Bov\u00e9"}, "hasPlan": false, "has3DTour": false, "has360": false, "hasStaging": false, "topNewDevelopment": false}, {"propertyCode": "91627782", "thumbnail": "https://img3.idealista.com/blur/WEB_LISTING/0/id.pro.es.image.master/0e/43/cd/819399883.jpg", "numPhotos": 16, "floor": "bj", "price": 200000.0, "propertyType": "studio", "operation": "sale", "size": 63.0, "exterior": true, "rooms": 0, "bathrooms": 1, "address": "Calle de Sostres, 08024 s/n", "province": "Barcelona", "municipality": "Barcelona", "district": "Gr\u00e0cia", "country": "es", "neighborhood": "La Salut", "latitude": 41.4117367, "longitude": 2.1501916, "showAddress": true, "url": "https://www.idealista.com/inmueble/91627782/", "distance": "698", "hasVideo": true, "status": "good", "newDevelopment": false, "hasLift": false, "priceByArea": 3175.0, "detailedType": {"typology": "flat", "subTypology": "studio"}, "suggestedTexts": {"subtitle": "La Salut, Barcelona", "title": "Estudio en Calle de Sostres, 08024 s/n"}, "hasPlan": false, "has3DTour": false, "has360": false, "hasStaging": false, "topNewDevelopment": false}, {"propertyCode": "87524225", "thumbnail": "https://img3.idealista.com/blur/WEB_LISTING/0/id.pro.es.image.master/8f/1d/4f/780730362.jpg", "externalReference": "60492482", "numPhotos": 14, "price": 536500.0, "propertyType": "flat", "operation": "sale", "size": 106.0, "exterior": false, "rooms": 3, "bathrooms": 2, "address": "Travessera de Dalt, 97", "province": "Barcelona", "municipality": "Barcelona", "district": "Gr\u00e0cia", "country": "es", "neighborhood": "La Salut", "latitude": 41.4112249, "longitude": 2.1573078, "showAddress": true, "url": "https://www.idealista.com/obra-nueva/87524225/", "distance": "680", "hasVideo": false, "status": "newdevelopment", "newDevelopment": true, "parkingSpace": {"hasParkingSpace": true, "isParkingSpaceIncludedInPrice": true}, "newDevelopmentFinished": false, "priceByArea": 5061.0, "detailedType": {"typology": "flat"}, "suggestedTexts": {"subtitle": "La Salut, Barcelona", "title": "Piso en Travessera de Dalt, 97"}, "hasPlan": false, "has3DTour": false, "has360": false, "hasStaging": false, "topNewDevelopment": false}, {"propertyCode": "90898872", "thumbnail": "https://img3.idealista.com/blur/WEB_LISTING/0/id.pro.es.image.master/7f/51/18/801638381.jpg", "externalReference": "VVM1-2009", "numPhotos": 35, "floor": "2", "price": 365000.0, "propertyType": "flat", "operation": "sale", "size": 78.0, "exterior": true, "rooms": 2, "bathrooms": 1, "address": "Torrent de les Flors", "province": "Barcelona", "municipality": "Barcelona", "district": "Gr\u00e0cia", "country": "es", "neighborhood": "Vila de Gr\u00e0cia", "latitude": 41.4096182, "longitude": 2.1568782, "showAddress": false, "url": "https://www.idealista.com/inmueble/90898872/", "distance": "843", "hasVideo": true, "status": "good", "newDevelopment": false, "hasLift": true, "priceByArea": 4679.0, "detailedType": {"typology": "flat"}, "suggestedTexts": {"subtitle": "Vila de Gr\u00e0cia, Barcelona", "title": "Piso en Torrent de les Flors"}, "hasPlan": true, "has3DTour": false, "has360": true, "hasStaging": false, "topNewDevelopment": false}, {"propertyCode": "91019869", "thumbnail": "https://img3.idealista.com/blur/WEB_LISTING/0/id.pro.es.image.master/db/10/77/804987519.jpg", "externalReference": "V02133", "numPhotos": 52, "floor": "bj", "price": 850000.0, "propertyType": "duplex", "operation": "sale", "size": 222.0, "exterior": true, "rooms": 3, "bathrooms": 3, "address": "Rambla de Mercedes", "province": "Barcelona", "municipality": "Barcelona", "district": "Gr\u00e0cia", "country": "es", "neighborhood": "La Salut", "latitude": 41.4108633, "longitude": 2.1553583, "showAddress": false, "url": "https://www.idealista.com/inmueble/91019869/", "distance": "687", "hasVideo": false, "status": "good", "newDevelopment": false, "hasLift": true, "priceByArea": 3829.0, "detailedType": {"typology": "flat", "subTypology": "duplex"}, "suggestedTexts": {"subtitle": "La Salut, Barcelona", "title": "D\u00faplex en Rambla de Mercedes"}, "hasPlan": true, "has3DTour": false, "has360": true, "hasStaging": false, "topNewDevelopment": false}, {"propertyCode": "91313184", "thumbnail": "https://img3.idealista.com/blur/WEB_LISTING/0/id.pro.es.image.master/58/64/43/811718752.jpg", "externalReference": "3451-02064", "numPhotos": 12, "floor": "bj", "price": 435000.0, "propertyType": "flat", "operation": "sale", "size": 90.0, "exterior": true, "rooms": 3, "bathrooms": 2, "address": "Mare de D\u00e9u dels \u00c0ngels", "province": "Barcelona", "municipality": "Barcelona", "district": "Horta Guinard\u00f3", "country": "es", "neighborhood": "La Teixonera", "latitude": 41.4233614, "longitude": 2.1514757, "showAddress": false, "url": "https://www.idealista.com/inmueble/91313184/", "distance": "754", "hasVideo": false, "status": "good", "newDevelopment": false, "hasLift": true, "parkingSpace": {"hasParkingSpace": true, "isParkingSpaceIncludedInPrice": true}, "priceByArea": 4833.0, "detailedType": {"typology": "flat"}, "suggestedTexts": {"subtitle": "La Teixonera, Barcelona", "title": "Piso en Mare de D\u00e9u dels \u00c0ngels"}, "hasPlan": true, "has3DTour": false, "has360": true, "hasStaging": false, "topNewDevelopment": false}, {"propertyCode": "88281009", "thumbnail": "https://img3.idealista.com/blur/WEB_LISTING/0/id.pro.es.image.master/6b/79/2f/743159004.jpg", "externalReference": "124 -  Duplex Carrer Repartidor", "numPhotos": 16, "floor": "bj", "price": 285000.0, "propertyType": "duplex", "operation": "sale", "size": 94.0, "exterior": true, "rooms": 2, "bathrooms": 2, "address": "Calle del Repartidor", "province": "Barcelona", "municipality": "Barcelona", "district": "Gr\u00e0cia", "country": "es", "neighborhood": "La Salut", "latitude": 41.411522, "longitude": 2.1512246, "showAddress": false, "url": "https://www.idealista.com/inmueble/88281009/", "distance": "677", "hasVideo": false, "status": "good", "newDevelopment": false, "hasLift": true, "parkingSpace": {"hasParkingSpace": true, "isParkingSpaceIncludedInPrice": false, "parkingSpacePrice": 24000.0}, "priceByArea": 3032.0, "detailedType": {"typology": "flat", "subTypology": "duplex"}, "suggestedTexts": {"subtitle": "La Salut, Barcelona", "title": "D\u00faplex en Calle del Repartidor"}, "hasPlan": true, "has3DTour": false, "has360": true, "hasStaging": false, "topNewDevelopment": false}, {"propertyCode": "92184695", "thumbnail": "https://img3.idealista.com/blur/WEB_LISTING/0/id.pro.es.image.master/73/a4/75/833015093.jpg", "externalReference": "11281", "numPhotos": 26, "price": 745000.0, "propertyType": "chalet", "operation": "sale", "size": 170.0, "exterior": false, "rooms": 4, "bathrooms": 3, "address": "Calle de Verdi", "province": "Barcelona", "municipality": "Barcelona", "district": "Gr\u00e0cia", "country": "es", "neighborhood": "Vila de Gr\u00e0cia", "latitude": 41.4100261, "longitude": 2.1546882, "showAddress": false, "url": "https://www.idealista.com/inmueble/92184695/", "distance": "778", "hasVideo": false, "status": "good", "newDevelopment": false, "parkingSpace": {"hasParkingSpace": true, "isParkingSpaceIncludedInPrice": true}, "priceByArea": 4382.0, "detailedType": {"typology": "chalet", "subTypology": "terracedHouse"}, "suggestedTexts": {"subtitle": "Vila de Gr\u00e0cia, Barcelona", "title": "Chalet adosado en Calle de Verdi"}, "hasPlan": false, "has3DTour": false, "has360": true, "hasStaging": false, "topNewDevelopment": false}, {"propertyCode": "90473514", "thumbnail": "https://img3.idealista.com/blur/WEB_LISTING/0/id.pro.es.image.master/8f/28/98/791272845.jpg", "externalReference": "4324", "numPhotos": 55, "price": 595000.0, "propertyType": "chalet", "operation": "sale", "size": 160.0, "exterior": false, "rooms": 5, "bathrooms": 3, "address": "barrio La Font d'En Fargues", "province": "Barcelona", "municipality": "Barcelona", "district": "Horta Guinard\u00f3", "country": "es", "neighborhood": "La Font d'En Fargues", "latitude": 41.4244234, "longitude": 2.1563326, "showAddress": false, "url": "https://www.idealista.com/inmueble/90473514/", "distance": "833", "hasVideo": false, "status": "good", "newDevelopment": false, "priceByArea": 3719.0, "detailedType": {"typology": "chalet", "subTypology": "semidetachedHouse"}, "suggestedTexts": {"subtitle": "La Font d'En Fargues, Barcelona", "title": "Chalet pareado"}, "hasPlan": true, "has3DTour": false, "has360": true, "hasStaging": false, "topNewDevelopment": false}, {"propertyCode": "90016751", "thumbnail": "https://img3.idealista.com/blur/WEB_LISTING/0/id.pro.es.image.master/6d/17/29/781626566.jpg", "externalReference": "269452", "numPhotos": 32, "price": 300000.0, "propertyType": "flat", "operation": "sale", "size": 85.0, "exterior": true, "rooms": 3, "bathrooms": 1, "address": "Calle de Praga, 18", "province": "Barcelona", "municipality": "Barcelona", "district": "Horta Guinard\u00f3", "country": "es", "neighborhood": "El Baix Guinard\u00f3", "latitude": 41.41337, "longitude": 2.1638099, "showAddress": true, "url": "https://www.idealista.com/inmueble/90016751/", "distance": "860", "hasVideo": true, "status": "good", "newDevelopment": false, "hasLift": true, "priceByArea": 3529.0, "detailedType": {"typology": "flat"}, "suggestedTexts": {"subtitle": "El Baix Guinard\u00f3, Barcelona", "title": "Piso en Calle de Praga, 18"}, "hasPlan": false, "has3DTour": false, "has360": true, "hasStaging": false, "topNewDevelopment": false}, {"propertyCode": "93197142", "thumbnail": "https://img3.idealista.com/blur/WEB_LISTING/0/id.pro.es.image.master/5d/25/d7/856759877.jpg", "externalReference": "A21-02", "numPhotos": 27, "floor": "2", "price": 240000.0, "propertyType": "flat", "operation": "sale", "size": 62.0, "exterior": true, "rooms": 2, "bathrooms": 1, "address": "Calle de Ramiro de Maeztu", "province": "Barcelona", "municipality": "Barcelona", "district": "Gr\u00e0cia", "country": "es", "neighborhood": "La Salut", "latitude": 41.4154896, "longitude": 2.1558354, "showAddress": false, "url": "https://www.idealista.com/inmueble/93197142/", "distance": "194", "hasVideo": false, "status": "good", "newDevelopment": false, "hasLift": false, "priceByArea": 3871.0, "detailedType": {"typology": "flat"}, "suggestedTexts": {"subtitle": "La Salut, Barcelona", "title": "Piso en Calle de Ramiro de Maeztu"}, "hasPlan": false, "has3DTour": false, "has360": false, "hasStaging": false, "topNewDevelopment": false}, {"propertyCode": "93080374", "thumbnail": "https://img3.idealista.com/blur/WEB_LISTING/0/id.pro.es.image.master/a6/ec/d2/853994320.jpg", "externalReference": "VPD2-2102", "numPhotos": 30, "floor": "4", "price": 450000.0, "propertyType": "penthouse", "operation": "sale", "size": 96.0, "exterior": true, "rooms": 2, "bathrooms": 2, "address": "Calle del Repartidor", "province": "Barcelona", "municipality": "Barcelona", "district": "Gr\u00e0cia", "country": "es", "neighborhood": "La Salut", "latitude": 41.4121106, "longitude": 2.1479476, "showAddress": false, "url": "https://www.idealista.com/inmueble/93080374/", "distance": "785", "hasVideo": false, "status": "good", "newDevelopment": false, "hasLift": false, "priceByArea": 4688.0, "detailedType": {"typology": "flat", "subTypology": "penthouse"}, "suggestedTexts": {"subtitle": "La Salut, Barcelona", "title": "\u00c1tico en Calle del Repartidor"}, "hasPlan": true, "has3DTour": false, "has360": true, "hasStaging": false, "topNewDevelopment": false}, {"propertyCode": "92853528", "thumbnail": "https://img3.idealista.com/blur/WEB_LISTING/0/id.pro.es.image.master/d1/9f/e0/849535495.jpg", "externalReference": "VB2102029", "numPhotos": 23, "floor": "2", "price": 345000.0, "propertyType": "flat", "operation": "sale", "size": 67.0, "exterior": true, "rooms": 2, "bathrooms": 1, "address": "barrio El Coll", "province": "Barcelona", "municipality": "Barcelona", "district": "Gr\u00e0cia", "country": "es", "neighborhood": "El Coll", "latitude": 41.4195019, "longitude": 2.1483106, "showAddress": false, "url": "https://www.idealista.com/inmueble/92853528/", "distance": "600", "hasVideo": false, "status": "good", "newDevelopment": false, "hasLift": true, "parkingSpace": {"hasParkingSpace": true, "isParkingSpaceIncludedInPrice": true}, "priceByArea": 5149.0, "detailedType": {"typology": "flat"}, "suggestedTexts": {"subtitle": "El Coll, Barcelona", "title": "Piso"}, "hasPlan": true, "has3DTour": false, "has360": false, "hasStaging": false, "topNewDevelopment": false}, {"propertyCode": "92908213", "thumbnail": "https://img3.idealista.com/blur/WEB_LISTING/0/id.pro.es.image.master/b5/10/58/850802217.jpg", "externalReference": "194314", "numPhotos": 31, "floor": "1", "price": 279900.0, "propertyType": "flat", "operation": "sale", "size": 96.0, "exterior": true, "rooms": 3, "bathrooms": 1, "address": "Calle de Montserrat de Casanovas, 217", "province": "Barcelona", "municipality": "Barcelona", "district": "Horta Guinard\u00f3", "country": "es", "neighborhood": "El Carmel", "latitude": 41.4218411, "longitude": 2.1596197, "showAddress": true, "url": "https://www.idealista.com/inmueble/92908213/", "distance": "673", "hasVideo": true, "status": "good", "newDevelopment": false, "hasLift": true, "priceByArea": 2916.0, "detailedType": {"typology": "flat"}, "suggestedTexts": {"subtitle": "El Carmel, Barcelona", "title": "Piso en Calle de Montserrat de Casanovas, 217"}, "hasPlan": true, "has3DTour": false, "has360": false, "hasStaging": false, "topNewDevelopment": false}, {"propertyCode": "85097689", "thumbnail": "https://img3.idealista.com/blur/WEB_LISTING/0/id.pro.es.image.master/e6/7b/96/755899334.jpg", "externalReference": "W-02FFBR", "numPhotos": 31, "floor": "bj", "price": 239000.0, "propertyType": "flat", "operation": "sale", "size": 72.0, "exterior": false, "rooms": 2, "bathrooms": 1, "address": "barrio Can Bar\u00f3", "province": "Barcelona", "municipality": "Barcelona", "district": "Horta Guinard\u00f3", "country": "es", "neighborhood": "Can Bar\u00f3", "latitude": 41.4149511, "longitude": 2.1599368, "showAddress": false, "url": "https://www.idealista.com/inmueble/85097689/", "distance": "492", "hasVideo": false, "status": "good", "newDevelopment": false, "hasLift": false, "priceByArea": 3319.0, "detailedType": {"typology": "flat"}, "suggestedTexts": {"subtitle": "Can Bar\u00f3, Barcelona", "title": "Piso"}, "hasPlan": true, "has3DTour": false, "has360": false, "hasStaging": false, "topNewDevelopment": false}, {"propertyCode": "92875309", "thumbnail": "https://img3.idealista.com/blur/WEB_LISTING/0/id.pro.es.image.master/df/a9/92/850033430.jpg", "externalReference": "LLOBRE149", "numPhotos": 38, "floor": "2", "price": 149000.0, "propertyType": "flat", "operation": "sale", "size": 55.0, "exterior": true, "rooms": 2, "bathrooms": 1, "address": "Calle del Llobreg\u00f3s, 198", "province": "Barcelona", "municipality": "Barcelona", "district": "Horta Guinard\u00f3", "country": "es", "neighborhood": "El Carmel", "latitude": 41.4223039, "longitude": 2.1523277, "showAddress": true, "url": "https://www.idealista.com/inmueble/92875309/", "distance": "619", "hasVideo": true, "status": "good", "newDevelopment": false, "hasLift": true, "priceByArea": 2709.0, "detailedType": {"typology": "flat"}, "suggestedTexts": {"subtitle": "El Carmel, Barcelona", "title": "Piso en Calle del Llobreg\u00f3s, 198"}, "hasPlan": true, "has3DTour": false, "has360": false, "hasStaging": false, "topNewDevelopment": false}, {"propertyCode": "92132969", "thumbnail": "https://img3.idealista.com/blur/WEB_LISTING/0/id.pro.es.image.master/d0/1e/c3/831791224.jpg", "externalReference": "313820", "numPhotos": 26, "price": 160000.0, "propertyType": "flat", "operation": "sale", "size": 88.0, "exterior": true, "rooms": 3, "bathrooms": 1, "address": "Calle del Passarell, 63", "province": "Barcelona", "municipality": "Barcelona", "district": "Horta Guinard\u00f3", "country": "es", "neighborhood": "El Carmel", "latitude": 41.420985, "longitude": 2.1591425, "showAddress": true, "url": "https://www.idealista.com/inmueble/92132969/", "distance": "574", "hasVideo": true, "status": "good", "newDevelopment": false, "hasLift": false, "priceByArea": 1818.0, "detailedType": {"typology": "flat"}, "suggestedTexts": {"subtitle": "El Carmel, Barcelona", "title": "Piso en Calle del Passarell, 63"}, "hasPlan": true, "has3DTour": false, "has360": false, "hasStaging": false, "topNewDevelopment": false}, {"propertyCode": "91838554", "thumbnail": "https://img3.idealista.com/blur/WEB_LISTING/0/id.pro.es.image.master/fa/6d/67/824503504.jpg", "externalReference": "306715", "numPhotos": 23, "floor": "2", "price": 230000.0, "propertyType": "flat", "operation": "sale", "size": 90.0, "exterior": true, "rooms": 3, "bathrooms": 2, "address": "Calle de Santa Rosalia s/n", "province": "Barcelona", "municipality": "Barcelona", "district": "Horta Guinard\u00f3", "country": "es", "neighborhood": "La Teixonera", "latitude": 41.42203, "longitude": 2.147561, "showAddress": true, "url": "https://www.idealista.com/inmueble/91838554/", "distance": "815", "hasVideo": true, "status": "good", "newDevelopment": false, "hasLift": false, "priceByArea": 2556.0, "detailedType": {"typology": "flat"}, "suggestedTexts": {"subtitle": "La Teixonera, Barcelona", "title": "Piso en Calle de Santa Rosalia s/n"}, "hasPlan": true, "has3DTour": false, "has360": false, "hasStaging": false, "topNewDevelopment": false}, {"propertyCode": "93128741", "thumbnail": "https://img3.idealista.com/blur/WEB_LISTING/0/id.pro.es.image.master/b3/c5/51/855157030.jpg", "externalReference": "0100", "numPhotos": 32, "floor": "5", "price": 310000.0, "propertyType": "flat", "operation": "sale", "size": 86.0, "exterior": true, "rooms": 3, "bathrooms": 1, "address": "Calle de Praga", "province": "Barcelona", "municipality": "Barcelona", "district": "Horta Guinard\u00f3", "country": "es", "neighborhood": "El Baix Guinard\u00f3", "latitude": 41.4132498, "longitude": 2.1621359, "showAddress": false, "url": "https://www.idealista.com/inmueble/93128741/", "distance": "747", "hasVideo": false, "status": "good", "newDevelopment": false, "hasLift": true, "priceByArea": 3605.0, "detailedType": {"typology": "flat"}, "suggestedTexts": {"subtitle": "El Baix Guinard\u00f3, Barcelona", "title": "Piso en Calle de Praga"}, "hasPlan": true, "has3DTour": false, "has360": false, "hasStaging": false, "topNewDevelopment": false}, {"propertyCode": "93070399", "thumbnail": "https://img3.idealista.com/blur/WEB_LISTING/0/id.pro.es.image.master/50/47/52/853758849.jpg", "externalReference": "BAR-8082940", "numPhotos": 38, "floor": "2", "price": 485000.0, "propertyType": "flat", "operation": "sale", "size": 140.0, "exterior": true, "rooms": 4, "bathrooms": 2, "address": "Avenida de la Mare de D\u00e9u de Montserrat", "province": "Barcelona", "municipality": "Barcelona", "district": "Horta Guinard\u00f3", "country": "es", "neighborhood": "Can Bar\u00f3", "latitude": 41.4150024, "longitude": 2.1642231, "showAddress": false, "url": "https://www.idealista.com/inmueble/93070399/", "distance": "824", "hasVideo": false, "status": "good", "newDevelopment": false, "hasLift": true, "priceByArea": 3464.0, "detailedType": {"typology": "flat"}, "suggestedTexts": {"subtitle": "Can Bar\u00f3, Barcelona", "title": "Piso en Avenida de la Mare de D\u00e9u de Montserrat"}, "hasPlan": true, "has3DTour": false, "has360": false, "hasStaging": false, "topNewDevelopment": false}, {"propertyCode": "91517664", "thumbnail": "https://img3.idealista.com/blur/WEB_LISTING/0/id.pro.es.image.master/84/ac/33/816463285.jpg", "externalReference": "CASA GRACIA", "numPhotos": 32, "price": 430000.0, "propertyType": "chalet", "operation": "sale", "size": 150.0, "exterior": false, "rooms": 3, "bathrooms": 2, "address": "Passatge de Bismarck", "province": "Barcelona", "municipality": "Barcelona", "district": "Horta Guinard\u00f3", "country": "es", "neighborhood": "Can Bar\u00f3", "latitude": 41.4140228, "longitude": 2.1610523, "showAddress": false, "url": "https://www.idealista.com/inmueble/91517664/", "distance": "625", "hasVideo": true, "status": "good", "newDevelopment": false, "priceByArea": 2867.0, "detailedType": {"typology": "chalet", "subTypology": "semidetachedHouse"}, "suggestedTexts": {"subtitle": "Can Bar\u00f3, Barcelona", "title": "Chalet pareado en Passatge de Bismarck"}, "hasPlan": true, "has3DTour": false, "has360": false, "hasStaging": false, "topNewDevelopment": false}, {"propertyCode": "92599157", "thumbnail": "https://img3.idealista.com/blur/WEB_LISTING/0/id.pro.es.image.master/5c/e1/ed/843656091.jpg", "externalReference": "86879", "numPhotos": 27, "price": 229000.0, "propertyType": "flat", "operation": "sale", "size": 101.0, "exterior": true, "rooms": 2, "bathrooms": 1, "address": "Calle de Rossell", "province": "Barcelona", "municipality": "Barcelona", "district": "Horta Guinard\u00f3", "country": "es", "neighborhood": "La Teixonera", "latitude": 41.4219881, "longitude": 2.1470433, "showAddress": false, "url": "https://www.idealista.com/inmueble/92599157/", "distance": "844", "hasVideo": false, "status": "good", "newDevelopment": false, "hasLift": true, "parkingSpace": {"hasParkingSpace": true, "isParkingSpaceIncludedInPrice": true}, "priceByArea": 2267.0, "detailedType": {"typology": "flat"}, "suggestedTexts": {"subtitle": "La Teixonera, Barcelona", "title": "Piso en Calle de Rossell"}, "hasPlan": false, "has3DTour": false, "has360": false, "hasStaging": false, "topNewDevelopment": false}, {"propertyCode": "92422163", "thumbnail": "https://img3.idealista.com/blur/WEB_LISTING/0/id.pro.es.image.master/e0/3f/3f/839271809.jpg", "externalReference": "V0224K", "numPhotos": 26, "floor": "2", "price": 460000.0, "propertyType": "flat", "operation": "sale", "size": 115.0, "exterior": true, "rooms": 4, "bathrooms": 2, "address": "Traves\u00eda de Dalt", "province": "Barcelona", "municipality": "Barcelona", "district": "Gr\u00e0cia", "country": "es", "neighborhood": "La Salut", "latitude": 41.4121022, "longitude": 2.1585794, "showAddress": false, "url": "https://www.idealista.com/inmueble/92422163/", "distance": "635", "hasVideo": false, "status": "good", "newDevelopment": false, "hasLift": true, "priceByArea": 4000.0, "detailedType": {"typology": "flat"}, "suggestedTexts": {"subtitle": "La Salut, Barcelona", "title": "Piso en Traves\u00eda de Dalt"}, "hasPlan": true, "has3DTour": false, "has360": false, "hasStaging": false, "topNewDevelopment": false}, {"propertyCode": "91305578", "thumbnail": "https://img3.idealista.com/blur/WEB_LISTING/0/id.pro.es.image.master/27/cb/59/811535501.jpg", "externalReference": "1788", "numPhotos": 14, "floor": "1", "price": 170000.0, "propertyType": "flat", "operation": "sale", "size": 59.0, "exterior": false, "rooms": 3, "bathrooms": 1, "address": "calderon de la barca", "province": "Barcelona", "municipality": "Barcelona", "district": "Horta Guinard\u00f3", "country": "es", "neighborhood": "El Carmel", "latitude": 41.422576, "longitude": 2.1548668, "showAddress": false, "url": "https://www.idealista.com/inmueble/91305578/", "distance": "617", "hasVideo": true, "status": "good", "newDevelopment": false, "hasLift": false, "priceByArea": 2881.0, "detailedType": {"typology": "flat"}, "suggestedTexts": {"subtitle": "El Carmel, Barcelona", "title": "Piso en calderon de la barca"}, "hasPlan": true, "has3DTour": false, "has360": false, "hasStaging": false, "topNewDevelopment": false}, {"propertyCode": "93103714", "thumbnail": "https://img3.idealista.com/blur/WEB_LISTING/0/id.pro.es.image.master/f5/c7/62/854580189.jpg", "externalReference": "01058DR75", "numPhotos": 31, "floor": "bj", "price": 299000.0, "propertyType": "flat", "operation": "sale", "size": 113.0, "exterior": true, "rooms": 1, "bathrooms": 1, "address": "Calle de Verdi", "province": "Barcelona", "municipality": "Barcelona", "district": "Gr\u00e0cia", "country": "es", "neighborhood": "Vila de Gr\u00e0cia", "latitude": 41.4096092, "longitude": 2.1531569, "showAddress": false, "url": "https://www.idealista.com/inmueble/93103714/", "distance": "835", "hasVideo": false, "status": "good", "newDevelopment": false, "hasLift": true, "priceByArea": 2646.0, "detailedType": {"typology": "flat"}, "suggestedTexts": {"subtitle": "Vila de Gr\u00e0cia, Barcelona", "title": "Piso en Calle de Verdi"}, "hasPlan": true, "has3DTour": false, "has360": false, "hasStaging": false, "topNewDevelopment": false}, {"propertyCode": "93002415", "thumbnail": "https://img3.idealista.com/blur/WEB_LISTING/0/id.pro.es.image.master/7f/c9/c2/852790976.jpg", "externalReference": "V0221K", "numPhotos": 27, "floor": "bj", "price": 200000.0, "propertyType": "flat", "operation": "sale", "size": 66.0, "exterior": false, "rooms": 1, "bathrooms": 1, "address": "Calle de Sostres", "province": "Barcelona", "municipality": "Barcelona", "district": "Gr\u00e0cia", "country": "es", "neighborhood": "La Salut", "latitude": 41.4105975, "longitude": 2.1496318, "showAddress": false, "url": "https://www.idealista.com/inmueble/93002415/", "distance": "831", "hasVideo": false, "status": "good", "newDevelopment": false, "hasLift": false, "priceByArea": 3030.0, "detailedType": {"typology": "flat"}, "suggestedTexts": {"subtitle": "La Salut, Barcelona", "title": "Piso en Calle de Sostres"}, "hasPlan": true, "has3DTour": false, "has360": false, "hasStaging": false, "topNewDevelopment": false}, {"propertyCode": "92794777", "thumbnail": "https://img3.idealista.com/blur/WEB_LISTING/0/id.pro.es.image.master/26/9f/b1/848329105.jpg", "externalReference": "3477-01330", "numPhotos": 20, "floor": "1", "price": 368000.0, "propertyType": "flat", "operation": "sale", "size": 112.0, "exterior": true, "rooms": 3, "bathrooms": 2, "address": "Calle de les Cam\u00e8lies", "province": "Barcelona", "municipality": "Barcelona", "district": "Horta Guinard\u00f3", "country": "es", "neighborhood": "El Baix Guinard\u00f3", "latitude": 41.4145876, "longitude": 2.1613701, "showAddress": false, "url": "https://www.idealista.com/inmueble/92794777/", "distance": "617", "hasVideo": false, "status": "good", "newDevelopment": false, "hasLift": true, "priceByArea": 3286.0, "detailedType": {"typology": "flat"}, "suggestedTexts": {"subtitle": "El Baix Guinard\u00f3, Barcelona", "title": "Piso en Calle de les Cam\u00e8lies"}, "hasPlan": true, "has3DTour": false, "has360": false, "hasStaging": false, "topNewDevelopment": false}, {"propertyCode": "90835725", "thumbnail": "https://img3.idealista.com/blur/WEB_LISTING/0/id.pro.es.image.master/fd/78/05/802195394.jpg", "externalReference": "184-21660", "numPhotos": 33, "floor": "1", "price": 240000.0, "propertyType": "flat", "operation": "sale", "size": 68.0, "exterior": true, "rooms": 2, "bathrooms": 1, "address": "Calle de Josep Sangen\u00eds", "province": "Barcelona", "municipality": "Barcelona", "district": "Horta Guinard\u00f3", "country": "es", "neighborhood": "La Teixonera", "latitude": 41.4233885, "longitude": 2.1511527, "showAddress": false, "url": "https://www.idealista.com/inmueble/90835725/", "distance": "767", "hasVideo": true, "status": "good", "newDevelopment": false, "hasLift": true, "priceByArea": 3529.0, "detailedType": {"typology": "flat"}, "suggestedTexts": {"subtitle": "La Teixonera, Barcelona", "title": "Piso en Calle de Josep Sangen\u00eds"}, "hasPlan": true, "has3DTour": false, "has360": false, "hasStaging": false, "topNewDevelopment": false}, {"propertyCode": "91954052", "thumbnail": "https://img3.idealista.com/blur/WEB_LISTING/0/id.pro.es.image.master/aa/31/6b/827247614.jpg", "externalReference": "W-02JYKR", "numPhotos": 19, "floor": "1", "price": 318000.0, "propertyType": "flat", "operation": "sale", "size": 125.0, "exterior": false, "rooms": 4, "bathrooms": 3, "address": "barrio La Teixonera", "province": "Barcelona", "municipality": "Barcelona", "district": "Horta Guinard\u00f3", "country": "es", "neighborhood": "La Teixonera", "latitude": 41.4204561, "longitude": 2.1464763, "showAddress": false, "url": "https://www.idealista.com/inmueble/91954052/", "distance": "785", "hasVideo": false, "status": "renew", "newDevelopment": false, "hasLift": false, "priceByArea": 2544.0, "detailedType": {"typology": "flat"}, "suggestedTexts": {"subtitle": "La Teixonera, Barcelona", "title": "Piso"}, "hasPlan": true, "has3DTour": false, "has360": false, "hasStaging": false, "topNewDevelopment": false}, {"propertyCode": "91259599", "thumbnail": "https://img3.idealista.com/blur/WEB_LISTING/0/id.pro.es.image.master/b9/91/53/831743414.jpg", "numPhotos": 26, "floor": "1", "price": 149900.0, "propertyType": "flat", "operation": "sale", "size": 66.0, "exterior": true, "rooms": 3, "bathrooms": 1, "address": "Calle de la Manxa", "province": "Barcelona", "municipality": "Barcelona", "district": "Horta Guinard\u00f3", "country": "es", "neighborhood": "El Carmel", "latitude": 41.4203438, "longitude": 2.1550354, "showAddress": false, "url": "https://www.idealista.com/inmueble/91259599/", "distance": "369", "hasVideo": true, "status": "renew", "newDevelopment": false, "hasLift": false, "priceByArea": 2271.0, "detailedType": {"typology": "flat"}, "suggestedTexts": {"subtitle": "El Carmel, Barcelona", "title": "Piso en Calle de la Manxa"}, "hasPlan": true, "has3DTour": false, "has360": false, "hasStaging": false, "topNewDevelopment": false}, {"propertyCode": "92874175", "thumbnail": "https://img3.idealista.com/blur/WEB_LISTING/0/id.pro.es.image.master/d1/be/1c/850015847.jpg", "externalReference": "327662", "numPhotos": 24, "floor": "2", "price": 199900.0, "propertyType": "flat", "operation": "sale", "size": 65.0, "exterior": true, "rooms": 3, "bathrooms": 1, "address": "Camino dels \u00c0ngels, 15", "province": "Barcelona", "municipality": "Barcelona", "district": "Horta Guinard\u00f3", "country": "es", "neighborhood": "La Teixonera", "latitude": 41.4217054, "longitude": 2.1493121, "showAddress": true, "url": "https://www.idealista.com/inmueble/92874175/", "distance": "688", "hasVideo": true, "status": "good", "newDevelopment": false, "hasLift": true, "priceByArea": 3075.0, "detailedType": {"typology": "flat"}, "suggestedTexts": {"subtitle": "La Teixonera, Barcelona", "title": "Piso en Camino dels \u00c0ngels, 15"}, "hasPlan": false, "has3DTour": false, "has360": false, "hasStaging": false, "topNewDevelopment": false}, {"propertyCode": "90361279", "thumbnail": "https://img3.idealista.com/blur/WEB_LISTING/0/id.pro.es.image.master/9a/d7/ba/789030808.jpg", "numPhotos": 21, "floor": "1", "price": 279000.0, "propertyType": "flat", "operation": "sale", "size": 67.0, "exterior": true, "rooms": 3, "bathrooms": 1, "address": "Calle de les Cam\u00e8lies", "province": "Barcelona", "municipality": "Barcelona", "district": "Horta Guinard\u00f3", "country": "es", "neighborhood": "El Baix Guinard\u00f3", "latitude": 41.4146286, "longitude": 2.1639618, "showAddress": false, "url": "https://www.idealista.com/inmueble/90361279/", "distance": "815", "hasVideo": true, "status": "good", "newDevelopment": false, "hasLift": true, "priceByArea": 4164.0, "detailedType": {"typology": "flat"}, "suggestedTexts": {"subtitle": "El Baix Guinard\u00f3, Barcelona", "title": "Piso en Calle de les Cam\u00e8lies"}, "hasPlan": true, "has3DTour": false, "has360": false, "hasStaging": false, "topNewDevelopment": false}]