[{"propertyCode": "91577811", "thumbnail": "https://img3.idealista.com/blur/WEB_LISTING/0/id.pro.es.image.master/94/20/31/855823725.jpg", "externalReference": "GV601", "numPhotos": 48, "floor": "1", "price": 499000.0, "propertyType": "flat", "operation": "sale", "size": 103.0, "exterior": true, "rooms": 3, "bathrooms": 2, "address": "Carretera Reial", "province": "Barcelona", "municipality": "Sant Just Desvern", "district": "Mas Llu\u00ed - Els Miralls", "country": "es", "latitude": 41.3801734, "longitude": 2.0594804, "showAddress": false, "url": "https://www.idealista.com/inmueble/91577811/", "distance": "1920", "hasVideo": true, "status": "good", "newDevelopment": false, "hasLift": true, "parkingSpace": {"hasParkingSpace": true, "isParkingSpaceIncludedInPrice": true}, "priceByArea": 4845.0, "detailedType": {"typology": "flat"}, "suggestedTexts": {"subtitle": "Mas Llu\u00ed - Els Miralls, Sant Just Desvern", "title": "Piso en Carretera Reial"}, "hasPlan": true, "has3DTour": false, "has360": true, "hasStaging": false, "topNewDevelopment": false}, {"propertyCode": "91784581", "thumbnail": "https://img3.idealista.com/blur/WEB_LISTING/0/id.pro.es.image.master/a7/42/76/823215284.jpg", "externalReference": "VB2011020-1", "numPhotos": 34, "floor": "1", "price": 725000.0, "propertyType": "flat", "operation": "sale", "size": 128.0, "exterior": true, "rooms": 3, "bathrooms": 2, "address": "Centre", "province": "Barcelona", "municipality": "Sant Just Desvern", "district": "Centre", "country": "es", "latitude": 41.381215, "longitude": 2.0778565, "showAddress": false, "url": "https://www.idealista.com/inmueble/91784581/", "distance": "2722", "hasVideo": true, "status": "good", "newDevelopment": false, "hasLift": true, "parkingSpace": {"hasParkingSpace": true, "isParkingSpaceIncludedInPrice": true}, "priceByArea": 5664.0, "detailedType": {"typology": "flat"}, "suggestedTexts": {"subtitle": "Centre, Sant Just Desvern", "title": "Piso"}, "hasPlan": true, "has3DTour": false, "has360": false, "hasStaging": false, "topNewDevelopment": false}, {"propertyCode": "85198866", "thumbnail": "https://img3.idealista.com/blur/WEB_LISTING/0/id.pro.es.image.master/cf/81/02/656815866.jpg", "externalReference": "BCN15936", "numPhotos": 35, "price": 1950000.0, "propertyType": "chalet", "operation": "sale", "size": 391.0, "exterior": false, "rooms": 4, "bathrooms": 5, "address": "La Miranda - Ciutat Diagonal", "province": "Barcelona", "municipality": "Esplugues de Llobregat", "district": "La Miranda - Ciutat Diagonal", "country": "es", "latitude": 41.3877974, "longitude": 2.0850112, "showAddress": false, "url": "https://www.idealista.com/inmueble/85198866/", "distance": "2884", "hasVideo": false, "status": "good", "newDevelopment": false, "parkingSpace": {"hasParkingSpace": true, "isParkingSpaceIncludedInPrice": true}, "priceByArea": 4987.0, "detailedType": {"typology": "chalet"}, "suggestedTexts": {"subtitle": "La Miranda - Ciutat Diagonal, Esplugues de Llobregat", "title": "Chalet"}, "hasPlan": true, "has3DTour": false, "has360": false, "hasStaging": false, "topNewDevelopment": false}, {"propertyCode": "91784841", "thumbnail": "https://img3.idealista.com/blur/WEB_LISTING/0/id.pro.es.image.master/70/e1/fd/823218921.jpg", "externalReference": "VB1703044-6", "numPhotos": 39, "price": 1500000.0, "propertyType": "chalet", "operation": "sale", "size": 480.0, "exterior": false, "rooms": 5, "bathrooms": 4, "address": "La Plana - Bellsoleig", "province": "Barcelona", "municipality": "Sant Just Desvern", "district": "La Plana - Bellsoleig", "country": "es", "latitude": 41.3972758, "longitude": 2.0735675, "showAddress": false, "url": "https://www.idealista.com/inmueble/91784841/", "distance": "1758", "hasVideo": false, "status": "good", "newDevelopment": false, "parkingSpace": {"hasParkingSpace": true, "isParkingSpaceIncludedInPrice": true}, "priceByArea": 3125.0, "detailedType": {"typology": "chalet"}, "suggestedTexts": {"subtitle": "La Plana - Bellsoleig, Sant Just Desvern", "title": "Chalet"}, "hasPlan": true, "has3DTour": false, "has360": false, "hasStaging": false, "topNewDevelopment": false}, {"propertyCode": "91576613", "thumbnail": "https://img3.idealista.com/blur/WEB_LISTING/0/id.pro.es.image.master/b7/00/c1/818001735.jpg", "externalReference": "GVVFCV6", "numPhotos": 39, "floor": "bj", "price": 487000.0, "propertyType": "flat", "operation": "sale", "size": 115.0, "exterior": true, "rooms": 4, "bathrooms": 2, "address": "Calle de Francesca Cort\u00e8s i Vives", "province": "Barcelona", "municipality": "Sant Just Desvern", "district": "Mas Llu\u00ed - Els Miralls", "country": "es", "latitude": 41.3848637, "longitude": 2.0616631, "showAddress": false, "url": "https://www.idealista.com/inmueble/91576613/", "distance": "1515", "hasVideo": true, "status": "good", "newDevelopment": false, "hasLift": true, "parkingSpace": {"hasParkingSpace": true, "isParkingSpaceIncludedInPrice": true}, "priceByArea": 4235.0, "detailedType": {"typology": "flat"}, "suggestedTexts": {"subtitle": "Mas Llu\u00ed - Els Miralls, Sant Just Desvern", "title": "Piso en Calle de Francesca Cort\u00e8s i Vives"}, "hasPlan": true, "has3DTour": false, "has360": false, "hasStaging": false, "topNewDevelopment": false}, {"propertyCode": "88320610", "thumbnail": "https://img3.idealista.com/blur/WEB_LISTING/0/id.pro.es.image.master/c6/5b/b3/731624888.jpg", "externalReference": "4\u00baG", "numPhotos": 14, "floor": "4", "price": 219000.0, "propertyType": "flat", "operation": "sale", "size": 67.0, "exterior": true, "rooms": 2, "bathrooms": 2, "address": "Avenida  de la Mancomunitat, 1", "province": "Barcelona", "municipality": "Molins de Rei", "country": "es", "latitude": 41.4067889, "longitude": 2.0256349, "showAddress": true, "url": "https://www.idealista.com/obra-nueva/88320610/", "distance": "2509", "hasVideo": false, "status": "newdevelopment", "newDevelopment": true, "hasLift": true, "newDevelopmentFinished": false, "priceByArea": 3269.0, "detailedType": {"typology": "flat"}, "suggestedTexts": {"subtitle": "Molins de Rei", "title": "Piso en Avenida  de la Mancomunitat, 1"}, "hasPlan": true, "has3DTour": false, "has360": false, "hasStaging": false, "topNewDevelopment": false}, {"propertyCode": "92857025", "thumbnail": "https://img3.idealista.com/blur/WEB_LISTING/0/id.pro.es.image.master/75/39/5a/849872389.jpg", "externalReference": "PVL19", "numPhotos": 39, "floor": "7", "price": 485000.0, "propertyType": "flat", "operation": "sale", "size": 104.0, "exterior": true, "rooms": 3, "bathrooms": 2, "address": "Carretera Reial", "province": "Barcelona", "municipality": "Sant Just Desvern", "district": "Mas Llu\u00ed - Els Miralls", "country": "es", "latitude": 41.3815734, "longitude": 2.0602804, "showAddress": false, "url": "https://www.idealista.com/inmueble/92857025/", "distance": "1795", "hasVideo": true, "status": "good", "newDevelopment": false, "hasLift": true, "parkingSpace": {"hasParkingSpace": true, "isParkingSpaceIncludedInPrice": true}, "priceByArea": 4663.0, "detailedType": {"typology": "flat"}, "suggestedTexts": {"subtitle": "Mas Llu\u00ed - Els Miralls, Sant Just Desvern", "title": "Piso en Carretera Reial"}, "hasPlan": true, "has3DTour": false, "has360": true, "hasStaging": false, "topNewDevelopment": false}, {"propertyCode": "93179938", "thumbnail": "https://img3.idealista.com/blur/WEB_LISTING/0/id.pro.es.image.master/5d/7a/38/856303230.jpg", "externalReference": "W-02LAMZ", "numPhotos": 25, "floor": "bj", "price": 648000.0, "propertyType": "flat", "operation": "sale", "size": 160.0, "exterior": true, "rooms": 4, "bathrooms": 3, "address": "Centre", "province": "Barcelona", "municipality": "Sant Just Desvern", "district": "Centre", "country": "es", "latitude": 41.3852071, "longitude": 2.0757533, "showAddress": false, "url": "https://www.idealista.com/inmueble/93179938/", "distance": "2318", "hasVideo": false, "status": "good", "newDevelopment": false, "hasLift": true, "parkingSpace": {"hasParkingSpace": true, "isParkingSpaceIncludedInPrice": true}, "priceByArea": 4050.0, "detailedType": {"typology": "flat"}, "suggestedTexts": {"subtitle": "Centre, Sant Just Desvern", "title": "Piso"}, "hasPlan": false, "has3DTour": false, "has360": false, "hasStaging": false, "topNewDevelopment": false}, {"propertyCode": "93157259", "thumbnail": "https://img3.idealista.com/blur/WEB_LISTING/0/id.pro.es.image.master/71/a0/cb/855734281.jpg", "externalReference": "W-02JZQW", "numPhotos": 27, "price": 1300000.0, "propertyType": "chalet", "operation": "sale", "size": 466.0, "exterior": false, "rooms": 4, "bathrooms": 4, "address": "La Miranda - Can Candeler", "province": "Barcelona", "municipality": "Sant Just Desvern", "district": "La Miranda - Can Candeler", "country": "es", "latitude": 41.389146, "longitude": 2.0827594, "showAddress": false, "url": "https://www.idealista.com/inmueble/93157259/", "distance": "2657", "hasVideo": false, "status": "good", "newDevelopment": false, "parkingSpace": {"hasParkingSpace": true, "isParkingSpaceIncludedInPrice": true}, "priceByArea": 2790.0, "detailedType": {"typology": "chalet", "subTypology": "independantHouse"}, "suggestedTexts": {"subtitle": "La Miranda - Can Candeler, Sant Just Desvern", "title": "Casa independiente"}, "hasPlan": false, "has3DTour": false, "has360": false, "hasStaging": false, "topNewDevelopment": false}, {"propertyCode": "91439193", "thumbnail": "https://img3.idealista.com/blur/WEB_LISTING/0/id.pro.es.image.master/f1/71/d3/833138941.jpg", "externalReference": "90912690", "numPhotos": 45, "floor": "bj", "price": 1300000.0, "propertyType": "flat", "operation": "sale", "size": 350.0, "exterior": false, "rooms": 4, "bathrooms": 3, "address": "N-340", "province": "Barcelona", "municipality": "Sant Just Desvern", "district": "Centre", "country": "es", "latitude": 41.3781551, "longitude": 2.0748847, "showAddress": false, "url": "https://www.idealista.com/inmueble/91439193/", "distance": "2776", "hasVideo": false, "status": "good", "newDevelopment": false, "hasLift": true, "parkingSpace": {"hasParkingSpace": true, "isParkingSpaceIncludedInPrice": true}, "priceByArea": 3714.0, "detailedType": {"typology": "flat"}, "suggestedTexts": {"subtitle": "Centre, Sant Just Desvern", "title": "Piso en N-340"}, "hasPlan": false, "has3DTour": false, "has360": false, "hasStaging": false, "topNewDevelopment": false}, {"propertyCode": "81822436", "thumbnail": "https://img3.idealista.com/blur/WEB_LISTING/0/id.pro.es.image.master/83/66/40/730933695.jpg", "externalReference": "24217", "numPhotos": 23, "floor": "1", "price": 460000.0, "propertyType": "flat", "operation": "sale", "size": 111.0, "exterior": true, "rooms": 4, "bathrooms": 2, "address": "Centre", "province": "Barcelona", "municipality": "Sant Just Desvern", "district": "Centre", "country": "es", "latitude": 41.379824, "longitude": 2.0786795, "showAddress": false, "url": "https://www.idealista.com/inmueble/81822436/", "distance": "2874", "hasVideo": true, "status": "good", "newDevelopment": false, "hasLift": true, "priceByArea": 4144.0, "detailedType": {"typology": "flat"}, "suggestedTexts": {"subtitle": "Centre, Sant Just Desvern", "title": "Piso"}, "hasPlan": true, "has3DTour": false, "has360": false, "hasStaging": false, "topNewDevelopment": false}, {"propertyCode": "40177072", "thumbnail": "https://img3.idealista.com/blur/WEB_LISTING/0/id.pro.es.image.master/5b/13/56/275351043.jpg", "externalReference": "BCN05229", "numPhotos": 23, "price": 4500000.0, "propertyType": "chalet", "operation": "sale", "size": 800.0, "exterior": false, "rooms": 6, "bathrooms": 6, "address": "La Plana - Bellsoleig", "province": "Barcelona", "municipality": "Sant Just Desvern", "district": "La Plana - Bellsoleig", "country": "es", "latitude": 41.39527, "longitude": 2.07322, "showAddress": false, "url": "https://www.idealista.com/inmueble/40177072/", "distance": "1735", "hasVideo": false, "status": "good", "newDevelopment": false, "parkingSpace": {"hasParkingSpace": true, "isParkingSpaceIncludedInPrice": true}, "priceByArea": 5625.0, "detailedType": {"typology": "chalet", "subTypology": "independantHouse"}, "suggestedTexts": {"subtitle": "La Plana - Bellsoleig, Sant Just Desvern", "title": "Casa independiente"}, "hasPlan": false, "has3DTour": false, "has360": false, "hasStaging": false, "topNewDevelopment": false}, {"propertyCode": "88686072", "thumbnail": "https://img3.idealista.com/blur/WEB_LISTING/0/id.pro.es.image.master/9e/c0/4a/752829453.jpg", "externalReference": "960AR196A", "numPhotos": 30, "floor": "2", "price": 479000.0, "propertyType": "flat", "operation": "sale", "size": 143.0, "exterior": true, "rooms": 4, "bathrooms": 2, "address": "paissos catalans", "province": "Barcelona", "municipality": "Sant Just Desvern", "district": "Centre", "country": "es", "latitude": 41.3788065, "longitude": 2.0810444, "showAddress": false, "url": "https://www.idealista.com/inmueble/88686072/", "distance": "3098", "hasVideo": true, "status": "good", "newDevelopment": false, "hasLift": true, "parkingSpace": {"hasParkingSpace": true, "isParkingSpaceIncludedInPrice": true}, "priceByArea": 3350.0, "detailedType": {"typology": "flat"}, "suggestedTexts": {"subtitle": "Centre, Sant Just Desvern", "title": "Piso en paissos catalans"}, "hasPlan": false, "has3DTour": false, "has360": false, "hasStaging": false, "topNewDevelopment": false}, {"propertyCode": "93130558", "thumbnail": "https://img3.idealista.com/blur/WEB_LISTING/0/id.pro.es.image.master/59/a1/82/855202178.jpg", "externalReference": "W-02L2VH", "numPhotos": 17, "price": 1995000.0, "propertyType": "chalet", "operation": "sale", "size": 563.0, "exterior": false, "rooms": 6, "bathrooms": 6, "address": "La Miranda - Ciutat Diagonal", "province": "Barcelona", "municipality": "Esplugues de Llobregat", "district": "La Miranda - Ciutat Diagonal", "country": "es", "latitude": 41.3854591, "longitude": 2.0877879, "showAddress": false, "url": "https://www.idealista.com/inmueble/93130558/", "distance": "3195", "hasVideo": false, "status": "good", "newDevelopment": false, "parkingSpace": {"hasParkingSpace": true, "isParkingSpaceIncludedInPrice": true}, "priceByArea": 3544.0, "detailedType": {"typology": "chalet", "subTypology": "independantHouse"}, "suggestedTexts": {"subtitle": "La Miranda - Ciutat Diagonal, Esplugues de Llobregat", "title": "Casa independiente"}, "hasPlan": false, "has3DTour": false, "has360": false, "hasStaging": false, "topNewDevelopment": false}, {"propertyCode": "93084753", "thumbnail": "https://img3.idealista.com/blur/WEB_LISTING/0/id.pro.es.image.master/da/02/56/854109385.jpg", "externalReference": "W-00N32I", "numPhotos": 41, "price": 1269000.0, "propertyType": "chalet", "operation": "sale", "size": 417.0, "exterior": false, "rooms": 7, "bathrooms": 5, "address": "La Plana - Bellsoleig", "province": "Barcelona", "municipality": "Sant Just Desvern", "district": "La Plana - Bellsoleig", "country": "es", "latitude": 41.3958252, "longitude": 2.0722956, "showAddress": false, "url": "https://www.idealista.com/inmueble/93084753/", "distance": "1653", "hasVideo": false, "status": "good", "newDevelopment": false, "parkingSpace": {"hasParkingSpace": true, "isParkingSpaceIncludedInPrice": true}, "priceByArea": 3043.0, "detailedType": {"typology": "chalet", "subTypology": "independantHouse"}, "suggestedTexts": {"subtitle": "La Plana - Bellsoleig, Sant Just Desvern", "title": "Casa independiente"}, "hasPlan": false, "has3DTour": false, "has360": false, "hasStaging": false, "topNewDevelopment": false}, {"propertyCode": "84119209", "thumbnail": "https://img3.idealista.com/blur/WEB_LISTING/0/id.pro.es.image.master/df/5f/e0/764361063.jpg", "externalReference": "1050", "numPhotos": 25, "price": 1500000.0, "propertyType": "chalet", "operation": "sale", "size": 657.0, "exterior": false, "rooms": 5, "bathrooms": 4, "address": "Calle de les Perdius", "province": "Barcelona", "municipality": "Sant Just Desvern", "district": "La Plana - Bellsoleig", "country": "es", "latitude": 41.3969092, "longitude": 2.0766478, "showAddress": false, "url": "https://www.idealista.com/inmueble/84119209/", "distance": "2014", "hasVideo": true, "status": "good", "newDevelopment": false, "parkingSpace": {"hasParkingSpace": true, "isParkingSpaceIncludedInPrice": true}, "priceByArea": 2283.0, "detailedType": {"typology": "chalet", "subTypology": "independantHouse"}, "suggestedTexts": {"subtitle": "La Plana - Bellsoleig, Sant Just Desvern", "title": "Casa independiente en Calle de les Perdius"}, "hasPlan": false, "has3DTour": false, "has360": false, "hasStaging": false, "topNewDevelopment": false}, {"propertyCode": "91909399", "thumbnail": "https://img3.idealista.com/blur/WEB_LISTING/0/id.pro.es.image.master/15/d8/24/826216940.jpg", "externalReference": "SP117TV", "numPhotos": 46, "price": 1380000.0, "propertyType": "chalet", "operation": "sale", "size": 519.0, "exterior": false, "rooms": 7, "bathrooms": 3, "address": "Centre", "province": "Barcelona", "municipality": "Sant Just Desvern", "district": "Centre", "country": "es", "latitude": 41.3826505, "longitude": 2.0745571, "showAddress": false, "url": "https://www.idealista.com/inmueble/91909399/", "distance": "2408", "hasVideo": true, "status": "good", "newDevelopment": false, "parkingSpace": {"hasParkingSpace": true, "isParkingSpaceIncludedInPrice": true}, "priceByArea": 2659.0, "detailedType": {"typology": "chalet", "subTypology": "independantHouse"}, "suggestedTexts": {"subtitle": "Centre, Sant Just Desvern", "title": "Casa independiente"}, "hasPlan": false, "has3DTour": false, "has360": false, "hasStaging": false, "topNewDevelopment": false}, {"propertyCode": "85222438", "thumbnail": "https://img3.idealista.com/blur/WEB_LISTING/0/id.pro.es.image.master/02/61/17/657422314.jpg", "externalReference": "10814", "numPhotos": 27, "price": 970000.0, "propertyType": "chalet", "operation": "sale", "size": 256.0, "exterior": false, "rooms": 5, "bathrooms": 5, "address": "La Miranda - Can Candeler", "province": "Barcelona", "municipality": "Sant Just Desvern", "district": "La Miranda - Can Candeler", "country": "es", "latitude": 41.3875454, "longitude": 2.0825004, "showAddress": false, "url": "https://www.idealista.com/inmueble/85222438/", "distance": "2698", "hasVideo": false, "status": "good", "newDevelopment": false, "parkingSpace": {"hasParkingSpace": true, "isParkingSpaceIncludedInPrice": true}, "priceByArea": 3789.0, "detailedType": {"typology": "chalet", "subTypology": "terracedHouse"}, "suggestedTexts": {"subtitle": "La Miranda - Can Candeler, Sant Just Desvern", "title": "Chalet adosado"}, "hasPlan": false, "has3DTour": false, "has360": false, "hasStaging": false, "topNewDevelopment": false}, {"propertyCode": "91817020", "thumbnail": "https://img3.idealista.com/blur/WEB_LISTING/0/id.pro.es.image.master/b8/d5/af/824023114.jpg", "externalReference": "960AR262L", "numPhotos": 40, "price": 790000.0, "propertyType": "chalet", "operation": "sale", "size": 284.0, "exterior": false, "rooms": 4, "bathrooms": 4, "address": "La Miranda - Can Candeler", "province": "Barcelona", "municipality": "Sant Just Desvern", "district": "La Miranda - Can Candeler", "country": "es", "latitude": 41.3811369, "longitude": 2.0802379, "showAddress": false, "url": "https://www.idealista.com/inmueble/91817020/", "distance": "2884", "hasVideo": true, "status": "good", "newDevelopment": false, "parkingSpace": {"hasParkingSpace": true, "isParkingSpaceIncludedInPrice": true}, "priceByArea": 2782.0, "detailedType": {"typology": "chalet", "subTypology": "terracedHouse"}, "suggestedTexts": {"subtitle": "La Miranda - Can Candeler, Sant Just Desvern", "title": "Chalet adosado"}, "hasPlan": false, "has3DTour": false, "has360": false, "hasStaging": false, "topNewDevelopment": false}, {"propertyCode": "91778188", "thumbnail": "https://img3.idealista.com/blur/WEB_LISTING/0/id.pro.es.image.master/e4/f9/13/823061764.jpg", "externalReference": "960AR259L", "numPhotos": 30, "floor": "1", "price": 648000.0, "propertyType": "flat", "operation": "sale", "size": 157.0, "exterior": true, "rooms": 4, "bathrooms": 3, "address": "Centre", "province": "Barcelona", "municipality": "Sant Just Desvern", "district": "Centre", "country": "es", "latitude": 41.3845071, "longitude": 2.0787533, "showAddress": false, "url": "https://www.idealista.com/inmueble/91778188/", "distance": "2571", "hasVideo": true, "status": "good", "newDevelopment": false, "hasLift": true, "parkingSpace": {"hasParkingSpace": true, "isParkingSpaceIncludedInPrice": true}, "priceByArea": 4127.0, "detailedType": {"typology": "flat"}, "suggestedTexts": {"subtitle": "Centre, Sant Just Desvern", "title": "Piso"}, "hasPlan": false, "has3DTour": false, "has360": false, "hasStaging": false, "topNewDevelopment": false}, {"propertyCode": "88973681", "thumbnail": "https://img3.idealista.com/blur/WEB_LISTING/0/id.pro.es.image.master/30/f2/51/760129548.jpg", "externalReference": "960MD212A", "numPhotos": 22, "floor": "3", "price": 310000.0, "propertyType": "flat", "operation": "sale", "size": 75.0, "exterior": true, "rooms": 3, "bathrooms": 1, "address": "Centre", "province": "Barcelona", "municipality": "Sant Just Desvern", "district": "Centre", "country": "es", "latitude": 41.3841224, "longitude": 2.0825438, "showAddress": false, "url": "https://www.idealista.com/inmueble/88973681/", "distance": "2866", "hasVideo": false, "status": "good", "newDevelopment": false, "hasLift": false, "priceByArea": 4133.0, "detailedType": {"typology": "flat"}, "suggestedTexts": {"subtitle": "Centre, Sant Just Desvern", "title": "Piso"}, "hasPlan": false, "has3DTour": false, "has360": false, "hasStaging": false, "topNewDevelopment": false}, {"propertyCode": "88821528", "thumbnail": "https://img3.idealista.com/blur/WEB_LISTING/0/id.pro.es.image.master/c3/a4/1b/278286076.jpg", "externalReference": "212", "numPhotos": 20, "floor": "1", "price": 199000.0, "propertyType": "flat", "operation": "sale", "size": 60.0, "exterior": true, "rooms": 1, "bathrooms": 1, "address": "Calle Anselm Clave", "province": "Barcelona", "municipality": "Sant Just Desvern", "district": "Centre", "country": "es", "latitude": 41.385784, "longitude": 2.0761888, "showAddress": false, "url": "https://www.idealista.com/inmueble/88821528/", "distance": "2315", "hasVideo": false, "status": "good", "newDevelopment": false, "hasLift": false, "priceByArea": 3317.0, "detailedType": {"typology": "flat"}, "suggestedTexts": {"subtitle": "Centre, Sant Just Desvern", "title": "Piso en Calle Anselm Clave"}, "hasPlan": false, "has3DTour": false, "has360": false, "hasStaging": false, "topNewDevelopment": false}, {"propertyCode": "91302966", "thumbnail": "https://img3.idealista.com/blur/WEB_LISTING/0/id.pro.es.image.master/f5/bd/0c/811467783.jpg", "externalReference": "27754", "numPhotos": 30, "price": 1380000.0, "propertyType": "chalet", "operation": "sale", "size": 519.0, "exterior": false, "rooms": 6, "bathrooms": 2, "address": "Centre", "province": "Barcelona", "municipality": "Sant Just Desvern", "district": "Centre", "country": "es", "latitude": 41.3792505, "longitude": 2.0728571, "showAddress": false, "url": "https://www.idealista.com/inmueble/91302966/", "distance": "2572", "hasVideo": true, "status": "good", "newDevelopment": false, "parkingSpace": {"hasParkingSpace": true, "isParkingSpaceIncludedInPrice": true}, "priceByArea": 2659.0, "detailedType": {"typology": "chalet"}, "suggestedTexts": {"subtitle": "Centre, Sant Just Desvern", "title": "Chalet"}, "hasPlan": false, "has3DTour": false, "has360": false, "hasStaging": false, "topNewDevelopment": false}, {"propertyCode": "84482895", "thumbnail": "https://img3.idealista.com/blur/WEB_LISTING/0/id.pro.es.image.master/d7/eb/85/818845315.jpg", "externalReference": "25285", "numPhotos": 42, "price": 890000.0, "propertyType": "chalet", "operation": "sale", "size": 310.0, "exterior": false, "rooms": 4, "bathrooms": 4, "address": "Centre", "province": "Barcelona", "municipality": "Sant Just Desvern", "district": "Centre", "country": "es", "latitude": 41.3768382, "longitude": 2.0769916, "showAddress": false, "url": "https://www.idealista.com/inmueble/84482895/", "distance": "3002", "hasVideo": false, "status": "good", "newDevelopment": false, "parkingSpace": {"hasParkingSpace": true, "isParkingSpaceIncludedInPrice": true}, "priceByArea": 2871.0, "detailedType": {"typology": "chalet"}, "suggestedTexts": {"subtitle": "Centre, Sant Just Desvern", "title": "Chalet"}, "hasPlan": false, "has3DTour": false, "has360": false, "hasStaging": false, "topNewDevelopment": false}, {"propertyCode": "85682302", "thumbnail": "https://img3.idealista.com/blur/WEB_LISTING/0/id.pro.es.image.master/60/19/0e/672636693.jpg", "externalReference": "VA965", "numPhotos": 20, "price": 2300000.0, "propertyType": "chalet", "operation": "sale", "size": 425.0, "exterior": false, "rooms": 7, "bathrooms": 7, "address": "Calle de Jaume Huguet", "province": "Barcelona", "municipality": "Esplugues de Llobregat", "district": "La Miranda - Ciutat Diagonal", "country": "es", "latitude": 41.3849135, "longitude": 2.0871367, "showAddress": false, "url": "https://www.idealista.com/inmueble/85682302/", "distance": "3169", "hasVideo": false, "status": "good", "newDevelopment": false, "parkingSpace": {"hasParkingSpace": true, "isParkingSpaceIncludedInPrice": true}, "priceByArea": 5412.0, "detailedType": {"typology": "chalet", "subTypology": "terracedHouse"}, "suggestedTexts": {"subtitle": "La Miranda - Ciutat Diagonal, Esplugues de Llobregat", "title": "Chalet adosado en Calle de Jaume Huguet"}, "hasPlan": false, "has3DTour": false, "has360": false, "hasStaging": false, "topNewDevelopment": false}, {"propertyCode": "91654273", "thumbnail": "https://img3.idealista.com/blur/WEB_LISTING/0/id.pro.es.image.master/6a/31/d7/820013989.jpg", "externalReference": "VB1912017-5", "numPhotos": 40, "price": 845000.0, "propertyType": "chalet", "operation": "sale", "size": 265.0, "exterior": false, "rooms": 5, "bathrooms": 4, "address": "Centre", "province": "Barcelona", "municipality": "Sant Just Desvern", "district": "Centre", "country": "es", "latitude": 41.381507, "longitude": 2.081622, "showAddress": false, "url": "https://www.idealista.com/inmueble/91654273/", "distance": "2954", "hasVideo": true, "status": "good", "newDevelopment": false, "parkingSpace": {"hasParkingSpace": true, "isParkingSpaceIncludedInPrice": true}, "priceByArea": 3189.0, "detailedType": {"typology": "chalet"}, "suggestedTexts": {"subtitle": "Centre, Sant Just Desvern", "title": "Chalet"}, "hasPlan": true, "has3DTour": false, "has360": false, "hasStaging": false, "topNewDevelopment": false}, {"propertyCode": "92457322", "thumbnail": "https://img3.idealista.com/blur/WEB_LISTING/0/id.pro.es.image.master/36/d1/a1/840088491.jpg", "externalReference": "320644", "numPhotos": 24, "floor": "2", "price": 131000.0, "propertyType": "flat", "operation": "sale", "size": 60.0, "exterior": true, "rooms": 3, "bathrooms": 1, "address": "Calle de Francesc Mestres s/n", "province": "Barcelona", "municipality": "Sant Feliu de Llobregat", "district": "Can Calders", "country": "es", "latitude": 41.3855355, "longitude": 2.0458987, "showAddress": true, "url": "https://www.idealista.com/inmueble/92457322/", "distance": "1350", "hasVideo": true, "status": "good", "newDevelopment": false, "hasLift": false, "priceByArea": 2183.0, "detailedType": {"typology": "flat"}, "suggestedTexts": {"subtitle": "Can Calders, Sant Feliu de Llobregat", "title": "Piso en Calle de Francesc Mestres s/n"}, "hasPlan": true, "has3DTour": false, "has360": true, "hasStaging": false, "topNewDevelopment": false}, {"propertyCode": "88489353", "thumbnail": "https://img3.idealista.com/blur/WEB_LISTING/0/id.pro.es.image.master/36/68/3b/747987894.jpg", "externalReference": "W-02H59A", "numPhotos": 25, "price": 630000.0, "propertyType": "chalet", "operation": "sale", "size": 230.0, "exterior": false, "rooms": 3, "bathrooms": 3, "address": "Torreblanca - Pla del Vent", "province": "Barcelona", "municipality": "Sant Joan Desp\u00ed", "district": "Torreblanca - Pla del Vent", "country": "es", "latitude": 41.3757521, "longitude": 2.05714, "showAddress": false, "url": "https://www.idealista.com/inmueble/88489353/", "distance": "2353", "hasVideo": false, "status": "good", "newDevelopment": false, "parkingSpace": {"hasParkingSpace": true, "isParkingSpaceIncludedInPrice": true}, "priceByArea": 2739.0, "detailedType": {"typology": "chalet", "subTypology": "terracedHouse"}, "suggestedTexts": {"subtitle": "Torreblanca - Pla del Vent, Sant Joan Desp\u00ed", "title": "Chalet adosado"}, "hasPlan": false, "has3DTour": false, "has360": true, "hasStaging": false, "topNewDevelopment": false}, {"propertyCode": "90499677", "thumbnail": "https://img3.idealista.com/blur/WEB_LISTING/0/id.pro.es.image.master/5f/a7/50/791839810.jpg", "externalReference": "113312", "numPhotos": 27, "floor": "4", "price": 350000.0, "propertyType": "duplex", "operation": "sale", "size": 180.0, "exterior": true, "rooms": 4, "bathrooms": 3, "address": "Calle Amadeu Vives", "province": "Barcelona", "municipality": "Molins de Rei", "country": "es", "latitude": 41.40751, "longitude": 2.0256799, "showAddress": false, "url": "https://www.idealista.com/inmueble/90499677/", "distance": "2542", "hasVideo": false, "status": "good", "newDevelopment": false, "hasLift": true, "parkingSpace": {"hasParkingSpace": true, "isParkingSpaceIncludedInPrice": true}, "priceByArea": 1944.0, "detailedType": {"typology": "flat", "subTypology": "duplex"}, "suggestedTexts": {"subtitle": "Molins de Rei", "title": "D\u00faplex en Calle Amadeu Vives"}, "hasPlan": true, "has3DTour": false, "has360": false, "hasStaging": false, "topNewDevelopment": false}, {"propertyCode": "89851034", "thumbnail": "https://img3.idealista.com/blur/WEB_LISTING/0/id.pro.es.image.master/3c/0a/1c/778012073.jpg", "externalReference": "112804", "numPhotos": 21, "floor": "2", "price": 190000.0, "propertyType": "flat", "operation": "sale", "size": 68.0, "exterior": true, "rooms": 3, "bathrooms": 1, "address": "Calle de Santa Creu", "province": "Barcelona", "municipality": "Sant Feliu de Llobregat", "district": "Can Calders", "country": "es", "latitude": 41.3860009, "longitude": 2.047435, "showAddress": false, "url": "https://www.idealista.com/inmueble/89851034/", "distance": "1254", "hasVideo": false, "status": "good", "newDevelopment": false, "hasLift": true, "priceByArea": 2794.0, "detailedType": {"typology": "flat"}, "suggestedTexts": {"subtitle": "Can Calders, Sant Feliu de Llobregat", "title": "Piso en Calle de Santa Creu"}, "hasPlan": true, "has3DTour": false, "has360": false, "hasStaging": false, "topNewDevelopment": false}, {"propertyCode": "89752289", "thumbnail": "https://img3.idealista.com/blur/WEB_LISTING/0/id.pro.es.image.master/70/c2/f8/775639312.jpg", "externalReference": "112698", "numPhotos": 34, "floor": "4", "price": 190000.0, "propertyType": "flat", "operation": "sale", "size": 70.0, "exterior": false, "rooms": 2, "bathrooms": 1, "address": "Carretera Reial", "province": "Barcelona", "municipality": "Sant Just Desvern", "district": "Centre", "country": "es", "latitude": 41.3802595, "longitude": 2.0687687, "showAddress": false, "url": "https://www.idealista.com/inmueble/89752289/", "distance": "2270", "hasVideo": false, "status": "good", "newDevelopment": false, "hasLift": true, "priceByArea": 2714.0, "detailedType": {"typology": "flat"}, "suggestedTexts": {"subtitle": "Centre, Sant Just Desvern", "title": "Piso en Carretera Reial"}, "hasPlan": true, "has3DTour": false, "has360": false, "hasStaging": false, "topNewDevelopment": false}, {"propertyCode": "87953247", "thumbnail": "https://img3.idealista.com/blur/WEB_LISTING/0/id.pro.es.image.master/cd/ce/f6/848847805.jpg", "externalReference": "W-02GXE3", "numPhotos": 35, "floor": "bj", "price": 535000.0, "propertyType": "flat", "operation": "sale", "size": 218.0, "exterior": true, "rooms": 5, "bathrooms": 2, "address": "Balmes", "province": "Barcelona", "municipality": "Sant Just Desvern", "district": "La Miranda - Can Candeler", "country": "es", "latitude": 41.3862113, "longitude": 2.0808507, "showAddress": false, "url": "https://www.idealista.com/inmueble/87953247/", "distance": "2633", "hasVideo": false, "status": "good", "newDevelopment": false, "hasLift": false, "priceByArea": 2454.0, "detailedType": {"typology": "flat"}, "suggestedTexts": {"subtitle": "La Miranda - Can Candeler, Sant Just Desvern", "title": "Piso en Balmes"}, "hasPlan": true, "has3DTour": false, "has360": false, "hasStaging": false, "topNewDevelopment": false}, {"propertyCode": "87248768", "thumbnail": "https://img3.idealista.com/blur/WEB_LISTING/0/id.pro.es.image.master/9e/e3/54/715819432.jpg", "externalReference": "107508", "numPhotos": 39, "floor": "bj", "price": 560000.0, "propertyType": "chalet", "operation": "sale", "size": 219.0, "exterior": false, "rooms": 4, "bathrooms": 5, "address": "Calle de Joan Salvat Papasseit", "province": "Barcelona", "municipality": "Molins de Rei", "country": "es", "latitude": 41.4134196, "longitude": 2.0268202, "showAddress": false, "url": "https://www.idealista.com/inmueble/87248768/", "distance": "2841", "hasVideo": false, "status": "good", "newDevelopment": false, "parkingSpace": {"hasParkingSpace": true, "isParkingSpaceIncludedInPrice": true}, "priceByArea": 2557.0, "detailedType": {"typology": "chalet"}, "suggestedTexts": {"subtitle": "Molins de Rei", "title": "Chalet en Calle de Joan Salvat Papasseit"}, "hasPlan": true, "has3DTour": false, "has360": false, "hasStaging": false, "topNewDevelopment": false}, {"propertyCode": "93190531", "thumbnail": "https://img3.idealista.com/blur/WEB_LISTING/0/id.pro.es.image.master/51/0c/4b/856599318.jpg", "externalReference": "AN SAD", "numPhotos": 15, "floor": "4", "price": 159000.0, "propertyType": "flat", "operation": "sale", "size": 50.0, "exterior": true, "rooms": 2, "bathrooms": 1, "address": "SADET", "province": "Barcelona", "municipality": "Sant Just Desvern", "district": "Centre", "country": "es", "latitude": 41.3815094, "longitude": 2.0730992, "showAddress": false, "url": "https://www.idealista.com/inmueble/93190531/", "distance": "2404", "hasVideo": true, "status": "good", "newDevelopment": false, "hasLift": false, "priceByArea": 3180.0, "detailedType": {"typology": "flat"}, "suggestedTexts": {"subtitle": "Centre, Sant Just Desvern", "title": "Piso en SADET"}, "hasPlan": false, "has3DTour": false, "has360": false, "hasStaging": false, "topNewDevelopment": false}, {"propertyCode": "92796863", "thumbnail": "https://img3.idealista.com/blur/WEB_LISTING/0/id.pro.es.image.master/e0/84/14/848389393.jpg", "externalReference": "1843", "numPhotos": 52, "floor": "14", "price": 299000.0, "propertyType": "flat", "operation": "sale", "size": 95.0, "exterior": true, "rooms": 3, "bathrooms": 2, "address": "Carretera Reial", "province": "Barcelona", "municipality": "Sant Just Desvern", "district": "Centre", "country": "es", "latitude": 41.3792595, "longitude": 2.0673687, "showAddress": false, "url": "https://www.idealista.com/inmueble/92796863/", "distance": "2295", "hasVideo": true, "status": "good", "newDevelopment": false, "hasLift": true, "priceByArea": 3147.0, "detailedType": {"typology": "flat"}, "suggestedTexts": {"subtitle": "Centre, Sant Just Desvern", "title": "Piso en Carretera Reial"}, "hasPlan": true, "has3DTour": false, "has360": false, "hasStaging": false, "topNewDevelopment": false}, {"propertyCode": "93044090", "thumbnail": "https://img3.idealista.com/blur/WEB_LISTING/0/id.pro.es.image.master/bf/f5/63/853321052.jpg", "externalReference": "116064", "numPhotos": 25, "floor": "4", "price": 239000.0, "propertyType": "penthouse", "operation": "sale", "size": 68.0, "exterior": true, "rooms": 2, "bathrooms": 1, "address": "Centre", "province": "Barcelona", "municipality": "Sant Just Desvern", "district": "Centre", "country": "es", "latitude": 41.3826881, "longitude": 2.0691243, "showAddress": false, "url": "https://www.idealista.com/inmueble/93044090/", "distance": "2079", "hasVideo": false, "status": "good", "newDevelopment": false, "hasLift": true, "priceByArea": 3515.0, "detailedType": {"typology": "flat", "subTypology": "penthouse"}, "suggestedTexts": {"subtitle": "Centre, Sant Just Desvern", "title": "\u00c1tico"}, "hasPlan": true, "has3DTour": false, "has360": false, "hasStaging": false, "topNewDevelopment": false}, {"propertyCode": "36934496", "thumbnail": "https://img3.idealista.com/blur/WEB_LISTING/0/id.pro.es.image.master/69/de/b2/233869568.jpg", "externalReference": "BCN6332", "numPhotos": 29, "price": 2100000.0, "propertyType": "chalet", "operation": "sale", "size": 312.0, "exterior": false, "rooms": 5, "bathrooms": 3, "address": "La Miranda - Ciutat Diagonal", "province": "Barcelona", "municipality": "Esplugues de Llobregat", "district": "La Miranda - Ciutat Diagonal", "country": "es", "latitude": 41.3864658, "longitude": 2.0865823, "showAddress": false, "url": "https://www.idealista.com/inmueble/36934496/", "distance": "3059", "hasVideo": false, "status": "renew", "newDevelopment": false, "parkingSpace": {"hasParkingSpace": true, "isParkingSpaceIncludedInPrice": true}, "priceByArea": 6731.0, "detailedType": {"typology": "chalet"}, "suggestedTexts": {"subtitle": "La Miranda - Ciutat Diagonal, Esplugues de Llobregat", "title": "Chalet"}, "hasPlan": true, "has3DTour": false, "has360": false, "hasStaging": false, "topNewDevelopment": false}, {"propertyCode": "92987028", "thumbnail": "https://img3.idealista.com/blur/WEB_LISTING/0/id.pro.es.image.master/e2/75/c4/852552033.jpg", "externalReference": "329859", "numPhotos": 23, "floor": "en", "price": 170000.0, "propertyType": "flat", "operation": "sale", "size": 69.0, "exterior": true, "rooms": 3, "bathrooms": 1, "address": "Calle de Picasso s/n", "province": "Barcelona", "municipality": "Sant Feliu de Llobregat", "district": "La Salut", "country": "es", "latitude": 41.3873488, "longitude": 2.0444057, "showAddress": true, "url": "https://www.idealista.com/inmueble/92987028/", "distance": "1233", "hasVideo": true, "status": "good", "newDevelopment": false, "hasLift": true, "priceByArea": 2464.0, "detailedType": {"typology": "flat"}, "suggestedTexts": {"subtitle": "La Salut, Sant Feliu de Llobregat", "title": "Piso en Calle de Picasso s/n"}, "hasPlan": true, "has3DTour": false, "has360": false, "hasStaging": false, "topNewDevelopment": false}, {"propertyCode": "92712054", "thumbnail": "https://img3.idealista.com/blur/WEB_LISTING/0/id.pro.es.image.master/8a/33/73/846244474.jpg", "externalReference": "VB2102011", "numPhotos": 31, "floor": "bj", "price": 648000.0, "propertyType": "flat", "operation": "sale", "size": 161.0, "exterior": true, "rooms": 4, "bathrooms": 2, "address": "Centre", "province": "Barcelona", "municipality": "Sant Just Desvern", "district": "Centre", "country": "es", "latitude": 41.3850012, "longitude": 2.0779734, "showAddress": false, "url": "https://www.idealista.com/inmueble/92712054/", "distance": "2487", "hasVideo": false, "status": "good", "newDevelopment": false, "hasLift": true, "parkingSpace": {"hasParkingSpace": true, "isParkingSpaceIncludedInPrice": true}, "priceByArea": 4025.0, "detailedType": {"typology": "flat"}, "suggestedTexts": {"subtitle": "Centre, Sant Just Desvern", "title": "Piso"}, "hasPlan": true, "has3DTour": false, "has360": false, "hasStaging": false, "topNewDevelopment": false}, {"propertyCode": "92472247", "thumbnail": "https://img3.idealista.com/blur/WEB_LISTING/0/id.pro.es.image.master/e6/de/93/840487132.jpg", "externalReference": "VB2101012", "numPhotos": 26, "price": 690000.0, "propertyType": "chalet", "operation": "sale", "size": 368.0, "exterior": false, "rooms": 5, "bathrooms": 2, "address": "Centre", "province": "Barcelona", "municipality": "Sant Feliu de Llobregat", "district": "Centre", "country": "es", "latitude": 41.3840463, "longitude": 2.0474217, "showAddress": false, "url": "https://www.idealista.com/inmueble/92472247/", "distance": "1461", "hasVideo": false, "status": "good", "newDevelopment": false, "priceByArea": 1875.0, "detailedType": {"typology": "chalet"}, "suggestedTexts": {"subtitle": "Centre, Sant Feliu de Llobregat", "title": "Chalet"}, "hasPlan": true, "has3DTour": false, "has360": false, "hasStaging": false, "topNewDevelopment": false}, {"propertyCode": "92423732", "thumbnail": "https://img3.idealista.com/blur/WEB_LISTING/0/id.pro.es.image.master/d9/e3/78/839291032.jpg", "externalReference": "VB2101009", "numPhotos": 50, "price": 1550000.0, "propertyType": "chalet", "operation": "sale", "size": 484.0, "exterior": false, "rooms": 7, "bathrooms": 6, "address": "Centre", "province": "Barcelona", "municipality": "Sant Just Desvern", "district": "Centre", "country": "es", "latitude": 41.3879609, "longitude": 2.0739157, "showAddress": false, "url": "https://www.idealista.com/inmueble/92423732/", "distance": "2029", "hasVideo": false, "status": "good", "newDevelopment": false, "parkingSpace": {"hasParkingSpace": true, "isParkingSpaceIncludedInPrice": true}, "priceByArea": 3202.0, "detailedType": {"typology": "chalet"}, "suggestedTexts": {"subtitle": "Centre, Sant Just Desvern", "title": "Chalet"}, "hasPlan": true, "has3DTour": false, "has360": false, "hasStaging": false, "topNewDevelopment": false}, {"propertyCode": "91876285", "thumbnail": "https://img3.idealista.com/blur/WEB_LISTING/0/id.pro.es.image.master/83/f1/67/825403774.jpg", "externalReference": "VB1807006-6", "numPhotos": 27, "price": 1250000.0, "propertyType": "chalet", "operation": "sale", "size": 460.0, "exterior": false, "rooms": 6, "bathrooms": 6, "address": "La Miranda - Can Candeler", "province": "Barcelona", "municipality": "Sant Just Desvern", "district": "La Miranda - Can Candeler", "country": "es", "latitude": 41.3912773, "longitude": 2.0846936, "showAddress": false, "url": "https://www.idealista.com/inmueble/91876285/", "distance": "2750", "hasVideo": false, "status": "good", "newDevelopment": false, "parkingSpace": {"hasParkingSpace": true, "isParkingSpaceIncludedInPrice": true}, "priceByArea": 2717.0, "detailedType": {"typology": "chalet"}, "suggestedTexts": {"subtitle": "La Miranda - Can Candeler, Sant Just Desvern", "title": "Chalet"}, "hasPlan": true, "has3DTour": false, "has360": false, "hasStaging": false, "topNewDevelopment": false}, {"propertyCode": "91784559", "thumbnail": "https://img3.idealista.com/blur/WEB_LISTING/0/id.pro.es.image.master/84/01/8b/823214738.jpg", "externalReference": "VB2010044-2", "numPhotos": 46, "price": 1150000.0, "propertyType": "chalet", "operation": "sale", "size": 510.0, "exterior": false, "rooms": 6, "bathrooms": 4, "address": "Centre", "province": "Barcelona", "municipality": "Sant Just Desvern", "district": "Centre", "country": "es", "latitude": 41.3850097, "longitude": 2.0724315, "showAddress": false, "url": "https://www.idealista.com/inmueble/91784559/", "distance": "2105", "hasVideo": true, "status": "good", "newDevelopment": false, "parkingSpace": {"hasParkingSpace": true, "isParkingSpaceIncludedInPrice": true}, "priceByArea": 2255.0, "detailedType": {"typology": "chalet"}, "suggestedTexts": {"subtitle": "Centre, Sant Just Desvern", "title": "Chalet"}, "hasPlan": true, "has3DTour": false, "has360": false, "hasStaging": false, "topNewDevelopment": false}, {"propertyCode": "91612510", "thumbnail": "https://img3.idealista.com/blur/WEB_LISTING/0/id.pro.es.image.master/f9/70/f4/819006707.jpg", "externalReference": "VB2009003-4", "numPhotos": 35, "price": 1300000.0, "propertyType": "chalet", "operation": "sale", "size": 495.0, "exterior": false, "rooms": 10, "bathrooms": 4, "address": "Centre", "province": "Barcelona", "municipality": "Sant Just Desvern", "district": "Centre", "country": "es", "latitude": 41.38444, "longitude": 2.0735243, "showAddress": false, "url": "https://www.idealista.com/inmueble/91612510/", "distance": "2216", "hasVideo": true, "status": "renew", "newDevelopment": false, "parkingSpace": {"hasParkingSpace": true, "isParkingSpaceIncludedInPrice": true}, "priceByArea": 2626.0, "detailedType": {"typology": "chalet"}, "suggestedTexts": {"subtitle": "Centre, Sant Just Desvern", "title": "Chalet"}, "hasPlan": true, "has3DTour": false, "has360": false, "hasStaging": false, "topNewDevelopment": false}, {"propertyCode": "91521237", "thumbnail": "https://img3.idealista.com/blur/WEB_LISTING/0/id.pro.es.image.master/26/9b/25/816553950.jpg", "externalReference": "VB2001037-5", "numPhotos": 38, "price": 970000.0, "propertyType": "chalet", "operation": "sale", "size": 256.0, "exterior": false, "rooms": 5, "bathrooms": 5, "address": "La Miranda - Can Candeler", "province": "Barcelona", "municipality": "Sant Just Desvern", "district": "La Miranda - Can Candeler", "country": "es", "latitude": 41.3852041, "longitude": 2.0830714, "showAddress": false, "url": "https://www.idealista.com/inmueble/91521237/", "distance": "2849", "hasVideo": false, "status": "good", "newDevelopment": false, "parkingSpace": {"hasParkingSpace": true, "isParkingSpaceIncludedInPrice": true}, "priceByArea": 3789.0, "detailedType": {"typology": "chalet"}, "suggestedTexts": {"subtitle": "La Miranda - Can Candeler, Sant Just Desvern", "title": "Chalet"}, "hasPlan": true, "has3DTour": false, "has360": false, "hasStaging": false, "topNewDevelopment": false}, {"propertyCode": "91521236", "thumbnail": "https://img3.idealista.com/blur/WEB_LISTING/0/id.pro.es.image.master/8a/cd/f8/816553915.jpg", "externalReference": "VB2001030-5", "numPhotos": 25, "price": 890000.0, "propertyType": "chalet", "operation": "sale", "size": 220.0, "exterior": false, "rooms": 5, "bathrooms": 4, "address": "La Miranda - Ciutat Diagonal", "province": "Barcelona", "municipality": "Esplugues de Llobregat", "district": "La Miranda - Ciutat Diagonal", "country": "es", "latitude": 41.3842521, "longitude": 2.0862673, "showAddress": false, "url": "https://www.idealista.com/inmueble/91521236/", "distance": "3135", "hasVideo": false, "status": "good", "newDevelopment": false, "parkingSpace": {"hasParkingSpace": true, "isParkingSpaceIncludedInPrice": true}, "priceByArea": 4045.0, "detailedType": {"typology": "chalet"}, "suggestedTexts": {"subtitle": "La Miranda - Ciutat Diagonal, Esplugues de Llobregat", "title": "Chalet"}, "hasPlan": true, "has3DTour": false, "has360": false, "hasStaging": false, "topNewDevelopment": false}, {"propertyCode": "89616853", "thumbnail": "https://img3.idealista.com/blur/WEB_LISTING/0/id.pro.es.image.master/5e/50/2d/773216875.jpg", "externalReference": "W-02LDWL", "numPhotos": 26, "floor": "bj", "price": 537000.0, "propertyType": "flat", "operation": "sale", "size": 97.0, "exterior": true, "rooms": 3, "bathrooms": 2, "address": "Centre", "province": "Barcelona", "municipality": "Sant Joan Desp\u00ed", "district": "Centre", "country": "es", "latitude": 41.370526, "longitude": 2.0585332, "showAddress": false, "url": "https://www.idealista.com/inmueble/89616853/", "distance": "2945", "hasVideo": true, "status": "good", "newDevelopment": false, "hasLift": true, "parkingSpace": {"hasParkingSpace": true, "isParkingSpaceIncludedInPrice": true}, "priceByArea": 5536.0, "detailedType": {"typology": "flat"}, "suggestedTexts": {"subtitle": "Centre, Sant Joan Desp\u00ed", "title": "Piso"}, "hasPlan": true, "has3DTour": false, "has360": false, "hasStaging": false, "topNewDevelopment": false}, {"propertyCode": "93112974", "thumbnail": "https://img3.idealista.com/blur/WEB_LISTING/0/id.pro.es.image.master/08/da/a3/802498159.jpg", "externalReference": "Esc. 4 2\u00ba 2\u00aa", "numPhotos": 13, "floor": "2", "price": 445000.0, "propertyType": "duplex", "operation": "sale", "size": 134.0, "exterior": true, "rooms": 4, "bathrooms": 3, "address": "Calle Joan Antoni Samaranch, 13", "province": "Barcelona", "municipality": "Sant Feliu de Llobregat", "district": "Centre", "country": "es", "latitude": 41.3818337, "longitude": 2.0416817, "showAddress": true, "url": "https://www.idealista.com/obra-nueva/93112974/", "distance": "1876", "hasVideo": true, "status": "newdevelopment", "newDevelopment": true, "hasLift": true, "newDevelopmentFinished": false, "priceByArea": 3321.0, "detailedType": {"typology": "flat", "subTypology": "duplex"}, "suggestedTexts": {"subtitle": "Centre, Sant Feliu de Llobregat", "title": "D\u00faplex en Calle Joan Antoni Samaranch, 13"}, "hasPlan": true, "has3DTour": false, "has360": false, "hasStaging": false, "topNewDevelopment": false}, {"propertyCode": "92014259", "thumbnail": "https://img3.idealista.com/blur/WEB_LISTING/0/id.pro.es.image.master/2f/9b/13/828669998.jpg", "externalReference": "W-02KLA3", "numPhotos": 10, "floor": "1", "price": 385000.0, "propertyType": "flat", "operation": "sale", "size": 84.0, "exterior": true, "rooms": 3, "bathrooms": 2, "address": "Rambla Marquesa Castellbell", "province": "Barcelona", "municipality": "Sant Feliu de Llobregat", "district": "Roses - Castellbell", "country": "es", "latitude": 41.3807949, "longitude": 2.0497833, "showAddress": false, "url": "https://www.idealista.com/inmueble/92014259/", "distance": "1775", "hasVideo": false, "status": "good", "newDevelopment": false, "hasLift": true, "priceByArea": 4583.0, "detailedType": {"typology": "flat"}, "suggestedTexts": {"subtitle": "Roses - Castellbell, Sant Feliu de Llobregat", "title": "Piso en Rambla Marquesa Castellbell"}, "hasPlan": true, "has3DTour": false, "has360": false, "hasStaging": false, "topNewDevelopment": false}, {"propertyCode": "91384115", "thumbnail": "https://img3.idealista.com/blur/WEB_LISTING/0/id.pro.es.image.master/9b/34/f7/825438541.jpg", "externalReference": "300403", "numPhotos": 29, "floor": "1", "price": 476000.0, "propertyType": "flat", "operation": "sale", "size": 97.0, "exterior": false, "rooms": 3, "bathrooms": 2, "address": "Calle de Francesc Maci\u00e0, 40 -48", "province": "Barcelona", "municipality": "Sant Joan Desp\u00ed", "district": "Centre", "country": "es", "latitude": 41.3711853, "longitude": 2.0571375, "showAddress": true, "url": "https://www.idealista.com/inmueble/91384115/", "distance": "2855", "hasVideo": true, "status": "good", "newDevelopment": false, "hasLift": true, "parkingSpace": {"hasParkingSpace": true, "isParkingSpaceIncludedInPrice": false, "parkingSpacePrice": 19998.0}, "priceByArea": 4907.0, "detailedType": {"typology": "flat"}, "suggestedTexts": {"subtitle": "Centre, Sant Joan Desp\u00ed", "title": "Piso en Calle de Francesc Maci\u00e0, 40 -48"}, "hasPlan": true, "has3DTour": false, "has360": false, "hasStaging": false, "topNewDevelopment": false}]