[{"propertyCode": "91417634", "thumbnail": "https://img3.idealista.com/blur/WEB_LISTING/0/id.pro.es.image.master/04/1d/3e/814070622.jpg", "externalReference": "6502", "numPhotos": 58, "price": 625000.0, "propertyType": "chalet", "operation": "sale", "size": 245.0, "exterior": false, "rooms": 4, "bathrooms": 5, "address": "Calle Major", "province": "Barcelona", "municipality": "Hospitalet de Llobregat", "district": "Centre", "country": "es", "neighborhood": "Centre", "latitude": 41.358062, "longitude": 2.0980035, "showAddress": false, "url": "https://www.idealista.com/inmueble/91417634/", "distance": "2430", "hasVideo": false, "status": "good", "newDevelopment": false, "parkingSpace": {"hasParkingSpace": true, "isParkingSpaceIncludedInPrice": true}, "priceByArea": 2551.0, "detailedType": {"typology": "chalet", "subTypology": "semidetachedHouse"}, "suggestedTexts": {"subtitle": "Centre, Hospitalet de Llobregat", "title": "Chalet pareado en Calle Major"}, "hasPlan": true, "has3DTour": false, "has360": true, "hasStaging": false, "topNewDevelopment": false}, {"propertyCode": "90164001", "thumbnail": "https://img3.idealista.com/blur/WEB_LISTING/0/id.pro.es.image.master/03/2f/07/805374283.jpg", "externalReference": "B20563", "numPhotos": 51, "price": 980000.0, "propertyType": "chalet", "operation": "sale", "size": 295.0, "exterior": false, "rooms": 5, "bathrooms": 4, "address": "Mileva Maric", "province": "Barcelona", "municipality": "Hospitalet de Llobregat", "district": "Granvia L-H", "country": "es", "neighborhood": "Gran Via L-H", "latitude": 41.3558, "longitude": 2.13083, "showAddress": false, "url": "https://www.idealista.com/inmueble/90164001/", "distance": "2976", "hasVideo": true, "status": "good", "newDevelopment": false, "parkingSpace": {"hasParkingSpace": true, "isParkingSpaceIncludedInPrice": true}, "priceByArea": 3322.0, "detailedType": {"typology": "chalet", "subTypology": "terracedHouse"}, "suggestedTexts": {"subtitle": "Gran Via L-H, Hospitalet de Llobregat", "title": "Chalet adosado en Mileva Maric"}, "hasPlan": true, "has3DTour": false, "has360": false, "hasStaging": false, "topNewDevelopment": false}, {"propertyCode": "90513526", "thumbnail": "https://img3.idealista.com/blur/WEB_LISTING/0/id.pro.es.image.master/e4/13/9a/792119946.jpg", "externalReference": "W-02JDY9", "numPhotos": 24, "floor": "bj", "price": 180000.0, "propertyType": "flat", "operation": "sale", "size": 166.0, "exterior": false, "rooms": 2, "bathrooms": 2, "address": "Calle Bellavista", "province": "Barcelona", "municipality": "Hospitalet de Llobregat", "district": "Centre", "country": "es", "neighborhood": "Centre", "latitude": 41.3624125, "longitude": 2.0965745, "showAddress": false, "url": "https://www.idealista.com/inmueble/90513526/", "distance": "2928", "hasVideo": false, "status": "good", "newDevelopment": false, "hasLift": false, "priceByArea": 1084.0, "detailedType": {"typology": "flat"}, "suggestedTexts": {"subtitle": "Centre, Hospitalet de Llobregat", "title": "Piso en Calle Bellavista"}, "hasPlan": false, "has3DTour": false, "has360": false, "hasStaging": false, "topNewDevelopment": false}, {"propertyCode": "87374781", "thumbnail": "https://img3.idealista.com/blur/WEB_LISTING/0/id.pro.es.image.master/3a/6b/d0/719210030.jpg", "externalReference": "B19297", "numPhotos": 44, "price": 1075000.0, "propertyType": "chalet", "operation": "sale", "size": 295.0, "exterior": false, "rooms": 5, "bathrooms": 2, "address": "Calle de Mileva Maric", "province": "Barcelona", "municipality": "Hospitalet de Llobregat", "district": "Granvia L-H", "country": "es", "neighborhood": "Gran Via L-H", "latitude": 41.3557, "longitude": 2.13043, "showAddress": false, "url": "https://www.idealista.com/inmueble/87374781/", "distance": "2945", "hasVideo": true, "status": "good", "newDevelopment": false, "parkingSpace": {"hasParkingSpace": true, "isParkingSpaceIncludedInPrice": true}, "priceByArea": 3644.0, "detailedType": {"typology": "chalet", "subTypology": "terracedHouse"}, "suggestedTexts": {"subtitle": "Gran Via L-H, Hospitalet de Llobregat", "title": "Chalet adosado en Calle de Mileva Maric"}, "hasPlan": true, "has3DTour": false, "has360": false, "hasStaging": false, "topNewDevelopment": false}, {"propertyCode": "93130862", "thumbnail": "https://img3.idealista.com/blur/WEB_LISTING/0/id.pro.es.image.master/e3/e6/42/855208547.jpg", "externalReference": "3585", "numPhotos": 17, "floor": "3", "price": 259900.0, "propertyType": "flat", "operation": "sale", "size": 110.0, "exterior": true, "rooms": 4, "bathrooms": 2, "address": "Calle de la Muntanya", "province": "Barcelona", "municipality": "Hospitalet de Llobregat", "district": "Centre", "country": "es", "neighborhood": "Sant Josep", "latitude": 41.3615044, "longitude": 2.1102711, "showAddress": false, "url": "https://www.idealista.com/inmueble/93130862/", "distance": "2759", "hasVideo": false, "status": "good", "newDevelopment": false, "hasLift": true, "priceByArea": 2363.0, "detailedType": {"typology": "flat"}, "suggestedTexts": {"subtitle": "Sant Josep, Hospitalet de Llobregat", "title": "Piso en Calle de la Muntanya"}, "hasPlan": true, "has3DTour": false, "has360": false, "hasStaging": false, "topNewDevelopment": false}, {"propertyCode": "93114056", "thumbnail": "https://img3.idealista.com/blur/WEB_LISTING/0/id.pro.es.image.master/eb/19/55/854825397.jpg", "externalReference": "2648", "numPhotos": 18, "floor": "2", "price": 164900.0, "propertyType": "flat", "operation": "sale", "size": 77.0, "exterior": true, "rooms": 3, "bathrooms": 1, "address": "Calle de Roca i Umbert", "province": "Barcelona", "municipality": "Hospitalet de Llobregat", "district": "Centre", "country": "es", "neighborhood": "Carretera del Mig", "latitude": 41.3583698, "longitude": 2.1010069, "showAddress": false, "url": "https://www.idealista.com/inmueble/93114056/", "distance": "2411", "hasVideo": false, "status": "good", "newDevelopment": false, "hasLift": true, "priceByArea": 2142.0, "detailedType": {"typology": "flat"}, "suggestedTexts": {"subtitle": "Carretera del Mig, Hospitalet de Llobregat", "title": "Piso en Calle de Roca i Umbert"}, "hasPlan": true, "has3DTour": false, "has360": false, "hasStaging": false, "topNewDevelopment": false}, {"propertyCode": "85298117", "thumbnail": "https://img3.idealista.com/blur/WEB_LISTING/0/id.pro.es.image.master/03/76/44/754557931.jpg", "externalReference": "2147", "numPhotos": 23, "price": 380000.0, "propertyType": "flat", "operation": "sale", "size": 110.0, "exterior": true, "rooms": 3, "bathrooms": 2, "address": "Avenida Pau Casals", "province": "Barcelona", "municipality": "Hospitalet de Llobregat", "district": "Centre", "country": "es", "neighborhood": "Centre", "latitude": 41.3590897, "longitude": 2.1056067, "showAddress": false, "url": "https://www.idealista.com/inmueble/85298117/", "distance": "2462", "hasVideo": false, "status": "good", "newDevelopment": false, "hasLift": true, "priceByArea": 3455.0, "detailedType": {"typology": "flat"}, "suggestedTexts": {"subtitle": "Centre, Hospitalet de Llobregat", "title": "Piso en Avenida Pau Casals"}, "hasPlan": false, "has3DTour": false, "has360": false, "hasStaging": false, "topNewDevelopment": false}, {"propertyCode": "93170048", "thumbnail": "https://img3.idealista.com/blur/WEB_LISTING/0/id.pro.es.image.master/a2/e8/44/856058863.jpg", "externalReference": "IGUALDAD", "numPhotos": 14, "floor": "3", "price": 155000.0, "propertyType": "flat", "operation": "sale", "size": 60.0, "exterior": true, "rooms": 3, "bathrooms": 1, "address": "IGUALDAD, 40", "province": "Barcelona", "municipality": "Hospitalet de Llobregat", "district": "Santa Eul\u00e0lia", "country": "es", "neighborhood": "Santa Eul\u00e0lia", "latitude": 41.3601937, "longitude": 2.1256307, "showAddress": true, "url": "https://www.idealista.com/inmueble/93170048/", "distance": "3082", "hasVideo": false, "status": "good", "newDevelopment": false, "hasLift": true, "priceByArea": 2583.0, "detailedType": {"typology": "flat"}, "suggestedTexts": {"subtitle": "Santa Eul\u00e0lia, Hospitalet de Llobregat", "title": "Piso en IGUALDAD, 40"}, "hasPlan": false, "has3DTour": false, "has360": false, "hasStaging": false, "topNewDevelopment": false}, {"propertyCode": "92773574", "thumbnail": "https://img3.idealista.com/blur/WEB_LISTING/0/id.pro.es.image.master/a2/1c/94/847793162.jpg", "externalReference": "EPR-SJ169", "numPhotos": 13, "floor": "2", "price": 159000.0, "propertyType": "flat", "operation": "sale", "size": 90.0, "exterior": true, "rooms": 3, "bathrooms": 1, "address": "enric prat de la riba", "province": "Barcelona", "municipality": "Hospitalet de Llobregat", "district": "Centre", "country": "es", "neighborhood": "Sant Josep", "latitude": 41.3630384, "longitude": 2.1058058, "showAddress": false, "url": "https://www.idealista.com/inmueble/92773574/", "distance": "2901", "hasVideo": false, "status": "good", "newDevelopment": false, "hasLift": false, "priceByArea": 1767.0, "detailedType": {"typology": "flat"}, "suggestedTexts": {"subtitle": "Sant Josep, Hospitalet de Llobregat", "title": "Piso en enric prat de la riba"}, "hasPlan": true, "has3DTour": false, "has360": false, "hasStaging": false, "topNewDevelopment": false}, {"propertyCode": "87764777", "thumbnail": "https://img3.idealista.com/blur/WEB_LISTING/0/id.pro.es.image.master/30/e5/26/755884924.jpg", "externalReference": "W-02DZ02", "numPhotos": 34, "price": 495000.0, "propertyType": "chalet", "operation": "sale", "size": 240.0, "exterior": false, "rooms": 4, "bathrooms": 2, "address": "barrio Sant Josep", "province": "Barcelona", "municipality": "Hospitalet de Llobregat", "district": "Centre", "country": "es", "neighborhood": "Sant Josep", "latitude": 41.3615992, "longitude": 2.1112451, "showAddress": false, "url": "https://www.idealista.com/inmueble/87764777/", "distance": "2782", "hasVideo": false, "status": "good", "newDevelopment": false, "parkingSpace": {"hasParkingSpace": true, "isParkingSpaceIncludedInPrice": true}, "priceByArea": 2063.0, "detailedType": {"typology": "chalet", "subTypology": "semidetachedHouse"}, "suggestedTexts": {"subtitle": "Sant Josep, Hospitalet de Llobregat", "title": "Chalet pareado"}, "hasPlan": false, "has3DTour": true, "has360": false, "hasStaging": false, "topNewDevelopment": false}, {"propertyCode": "92534164", "thumbnail": "https://img3.idealista.com/blur/WEB_LISTING/0/id.pro.es.image.master/46/ab/62/842337848.jpg", "externalReference": "B21602", "numPhotos": 18, "floor": "1", "price": 275000.0, "propertyType": "flat", "operation": "sale", "size": 80.0, "exterior": true, "rooms": 2, "bathrooms": 2, "address": "Calle Ciencies", "province": "Barcelona", "municipality": "Hospitalet de Llobregat", "district": "Granvia L-H", "country": "es", "neighborhood": "Gran Via L-H", "latitude": 41.3570969, "longitude": 2.1307505, "showAddress": false, "url": "https://www.idealista.com/inmueble/92534164/", "distance": "3075", "hasVideo": true, "status": "good", "newDevelopment": false, "hasLift": true, "priceByArea": 3438.0, "detailedType": {"typology": "flat"}, "suggestedTexts": {"subtitle": "Gran Via L-H, Hospitalet de Llobregat", "title": "Piso en Calle Ciencies"}, "hasPlan": true, "has3DTour": false, "has360": false, "hasStaging": false, "topNewDevelopment": false}, {"propertyCode": "92797368", "thumbnail": "https://img3.idealista.com/blur/WEB_LISTING/0/id.pro.es.image.master/d5/1e/6b/848396384.jpg", "externalReference": "3534", "numPhotos": 20, "floor": "7", "price": 169900.0, "propertyType": "penthouse", "operation": "sale", "size": 60.0, "exterior": true, "rooms": 2, "bathrooms": 1, "address": "Avenida d'Isabel la Cat\u00f2lica", "province": "Barcelona", "municipality": "Hospitalet de Llobregat", "district": "Centre", "country": "es", "neighborhood": "Sant Josep", "latitude": 41.3637896, "longitude": 2.1051753, "showAddress": false, "url": "https://www.idealista.com/inmueble/92797368/", "distance": "2985", "hasVideo": false, "status": "good", "newDevelopment": false, "hasLift": true, "priceByArea": 2832.0, "detailedType": {"typology": "flat", "subTypology": "penthouse"}, "suggestedTexts": {"subtitle": "Sant Josep, Hospitalet de Llobregat", "title": "\u00c1tico en Avenida d'Isabel la Cat\u00f2lica"}, "hasPlan": true, "has3DTour": false, "has360": false, "hasStaging": false, "topNewDevelopment": false}, {"propertyCode": "88927053", "thumbnail": "https://img3.idealista.com/blur/WEB_LISTING/0/id.pro.es.image.master/0e/23/45/811040989.jpg", "externalReference": "25539", "numPhotos": 23, "floor": "2", "price": 287000.0, "propertyType": "flat", "operation": "sale", "size": 79.0, "exterior": true, "rooms": 3, "bathrooms": 2, "address": "barrio Centre", "province": "Barcelona", "municipality": "Hospitalet de Llobregat", "district": "Centre", "country": "es", "neighborhood": "Centre", "latitude": 41.361574, "longitude": 2.0939317, "showAddress": false, "url": "https://www.idealista.com/inmueble/88927053/", "distance": "2904", "hasVideo": false, "status": "good", "newDevelopment": false, "hasLift": true, "priceByArea": 3633.0, "detailedType": {"typology": "flat"}, "suggestedTexts": {"subtitle": "Centre, Hospitalet de Llobregat", "title": "Piso"}, "hasPlan": true, "has3DTour": false, "has360": false, "hasStaging": false, "topNewDevelopment": false}, {"propertyCode": "88927048", "thumbnail": "https://img3.idealista.com/blur/WEB_LISTING/0/id.pro.es.image.master/c5/ca/05/811040870.jpg", "externalReference": "25451", "numPhotos": 23, "floor": "bj", "price": 370000.0, "propertyType": "flat", "operation": "sale", "size": 102.0, "exterior": true, "rooms": 4, "bathrooms": 2, "address": "barrio Centre", "province": "Barcelona", "municipality": "Hospitalet de Llobregat", "district": "Centre", "country": "es", "neighborhood": "Centre", "latitude": 41.359974, "longitude": 2.0947317, "showAddress": false, "url": "https://www.idealista.com/inmueble/88927048/", "distance": "2714", "hasVideo": false, "status": "good", "newDevelopment": false, "hasLift": true, "priceByArea": 3627.0, "detailedType": {"typology": "flat"}, "suggestedTexts": {"subtitle": "Centre, Hospitalet de Llobregat", "title": "Piso"}, "hasPlan": true, "has3DTour": false, "has360": false, "hasStaging": false, "topNewDevelopment": false}, {"propertyCode": "92528599", "thumbnail": "https://img3.idealista.com/blur/WEB_LISTING/0/id.pro.es.image.master/3c/39/41/841843364.jpg", "externalReference": "3189", "numPhotos": 18, "floor": "6", "price": 165000.0, "propertyType": "flat", "operation": "sale", "size": 73.0, "exterior": true, "rooms": 3, "bathrooms": 1, "address": "Avenida d'Europa", "province": "Barcelona", "municipality": "Hospitalet de Llobregat", "district": "Bellvitge", "country": "es", "neighborhood": "Bellvitge", "latitude": 41.3559144, "longitude": 2.1164764, "showAddress": false, "url": "https://www.idealista.com/inmueble/92528599/", "distance": "2299", "hasVideo": false, "status": "good", "newDevelopment": false, "hasLift": true, "priceByArea": 2260.0, "detailedType": {"typology": "flat"}, "suggestedTexts": {"subtitle": "Bellvitge, Hospitalet de Llobregat", "title": "Piso en Avenida d'Europa"}, "hasPlan": true, "has3DTour": false, "has360": true, "hasStaging": false, "topNewDevelopment": false}, {"propertyCode": "92183219", "thumbnail": "https://img3.idealista.com/blur/WEB_LISTING/0/id.pro.es.image.master/fe/65/a9/832979121.jpg", "externalReference": "3180", "numPhotos": 18, "floor": "en", "price": 159900.0, "propertyType": "flat", "operation": "sale", "size": 70.0, "exterior": true, "rooms": 2, "bathrooms": 1, "address": "Avenida del Carrilet", "province": "Barcelona", "municipality": "Hospitalet de Llobregat", "district": "Centre", "country": "es", "neighborhood": "Sant Josep", "latitude": 41.3599103, "longitude": 2.1098992, "showAddress": false, "url": "https://www.idealista.com/inmueble/92183219/", "distance": "2579", "hasVideo": false, "status": "good", "newDevelopment": false, "hasLift": true, "priceByArea": 2284.0, "detailedType": {"typology": "flat"}, "suggestedTexts": {"subtitle": "Sant Josep, Hospitalet de Llobregat", "title": "Piso en Avenida del Carrilet"}, "hasPlan": true, "has3DTour": false, "has360": true, "hasStaging": false, "topNewDevelopment": false}, {"propertyCode": "88806526", "thumbnail": "https://img3.idealista.com/blur/WEB_LISTING/0/id.pro.es.image.master/c0/1f/86/755835595.jpg", "externalReference": "2129", "numPhotos": 19, "floor": "bj", "price": 169900.0, "propertyType": "flat", "operation": "sale", "size": 82.0, "exterior": true, "rooms": 3, "bathrooms": 2, "address": "Calle de Frederic Prats", "province": "Barcelona", "municipality": "Hospitalet de Llobregat", "district": "Centre", "country": "es", "neighborhood": "Centre", "latitude": 41.3590307, "longitude": 2.0961721, "showAddress": false, "url": "https://www.idealista.com/inmueble/88806526/", "distance": "2576", "hasVideo": true, "status": "good", "newDevelopment": false, "hasLift": false, "priceByArea": 2072.0, "detailedType": {"typology": "flat"}, "suggestedTexts": {"subtitle": "Centre, Hospitalet de Llobregat", "title": "Piso en Calle de Frederic Prats"}, "hasPlan": true, "has3DTour": false, "has360": false, "hasStaging": false, "topNewDevelopment": false}, {"propertyCode": "92710757", "thumbnail": "https://img3.idealista.com/blur/WEB_LISTING/0/id.pro.es.image.master/5f/f7/b7/846205604.jpg", "externalReference": "local con terraza", "numPhotos": 7, "floor": "bj", "price": 89000.0, "propertyType": "duplex", "operation": "sale", "size": 45.0, "exterior": true, "rooms": 2, "bathrooms": 1, "address": "JANSANA, 25", "province": "Barcelona", "municipality": "Hospitalet de Llobregat", "district": "Santa Eul\u00e0lia", "country": "es", "neighborhood": "Santa Eul\u00e0lia", "latitude": 41.3641864, "longitude": 2.1183393, "showAddress": true, "url": "https://www.idealista.com/inmueble/92710757/", "distance": "3212", "hasVideo": false, "status": "renew", "newDevelopment": false, "hasLift": false, "priceByArea": 1978.0, "detailedType": {"typology": "flat", "subTypology": "duplex"}, "suggestedTexts": {"subtitle": "Santa Eul\u00e0lia, Hospitalet de Llobregat", "title": "D\u00faplex en JANSANA, 25"}, "hasPlan": false, "has3DTour": false, "has360": false, "hasStaging": false, "topNewDevelopment": false}, {"propertyCode": "92040001", "thumbnail": "https://img3.idealista.com/blur/WEB_LISTING/0/id.pro.es.image.master/09/03/73/829309478.jpg", "externalReference": "VG-SJ132", "numPhotos": 13, "floor": "1", "price": 120000.0, "propertyType": "flat", "operation": "sale", "size": 64.0, "exterior": false, "rooms": 3, "bathrooms": 1, "address": "VENTURA GASSOL", "province": "Barcelona", "municipality": "Hospitalet de Llobregat", "district": "Centre", "country": "es", "neighborhood": "Sant Josep", "latitude": 41.363924, "longitude": 2.1122576, "showAddress": false, "url": "https://www.idealista.com/inmueble/92040001/", "distance": "3052", "hasVideo": false, "status": "good", "newDevelopment": false, "hasLift": false, "priceByArea": 1875.0, "detailedType": {"typology": "flat"}, "suggestedTexts": {"subtitle": "Sant Josep, Hospitalet de Llobregat", "title": "Piso en VENTURA GASSOL"}, "hasPlan": false, "has3DTour": false, "has360": false, "hasStaging": false, "topNewDevelopment": false}, {"propertyCode": "93030093", "thumbnail": "https://img3.idealista.com/blur/WEB_LISTING/0/id.pro.es.image.master/dd/c1/c4/853011254.jpg", "externalReference": "C-SJ189", "numPhotos": 14, "floor": "7", "price": 189000.0, "propertyType": "flat", "operation": "sale", "size": 70.0, "exterior": true, "rooms": 3, "bathrooms": 1, "address": "CARRILET", "province": "Barcelona", "municipality": "Hospitalet de Llobregat", "district": "Centre", "country": "es", "neighborhood": "Sant Josep", "latitude": 41.3627103, "longitude": 2.1116992, "showAddress": false, "url": "https://www.idealista.com/inmueble/93030093/", "distance": "2911", "hasVideo": false, "status": "good", "newDevelopment": false, "hasLift": true, "priceByArea": 2700.0, "detailedType": {"typology": "flat"}, "suggestedTexts": {"subtitle": "Sant Josep, Hospitalet de Llobregat", "title": "Piso en CARRILET"}, "hasPlan": false, "has3DTour": false, "has360": false, "hasStaging": false, "topNewDevelopment": false}, {"propertyCode": "92361240", "thumbnail": "https://img3.idealista.com/blur/WEB_LISTING/0/id.pro.es.image.master/c1/8a/2a/837918067.jpg", "numPhotos": 10, "floor": "1", "price": 149800.0, "propertyType": "flat", "operation": "sale", "size": 60.0, "exterior": true, "rooms": 3, "bathrooms": 1, "address": "Avenida d'Isabel la Cat\u00f2lica", "province": "Barcelona", "municipality": "Hospitalet de Llobregat", "district": "Can Serra - Pubilla Cases", "country": "es", "neighborhood": "Can Serra", "latitude": 41.3658199, "longitude": 2.102977, "showAddress": false, "url": "https://www.idealista.com/inmueble/92361240/", "distance": "3217", "hasVideo": false, "status": "good", "newDevelopment": false, "hasLift": true, "priceByArea": 2497.0, "detailedType": {"typology": "flat"}, "suggestedTexts": {"subtitle": "Can Serra, Hospitalet de Llobregat", "title": "Piso en Avenida d'Isabel la Cat\u00f2lica"}, "hasPlan": false, "has3DTour": false, "has360": false, "hasStaging": false, "topNewDevelopment": false}, {"propertyCode": "92142139", "thumbnail": "https://img3.idealista.com/blur/WEB_LISTING/0/id.pro.es.image.master/b1/06/3e/832216682.jpg", "externalReference": "1106065", "numPhotos": 17, "floor": "3", "price": 220000.0, "propertyType": "flat", "operation": "sale", "size": 81.0, "exterior": true, "rooms": 3, "bathrooms": 2, "address": "Plaza Mare de D\u00e9u de Montserrat", "province": "Barcelona", "municipality": "Hospitalet de Llobregat", "district": "Centre", "country": "es", "neighborhood": "Centre", "latitude": 41.3561465, "longitude": 2.1023601, "showAddress": false, "url": "https://www.idealista.com/inmueble/92142139/", "distance": "2151", "hasVideo": false, "status": "good", "newDevelopment": false, "hasLift": true, "priceByArea": 2716.0, "detailedType": {"typology": "flat"}, "suggestedTexts": {"subtitle": "Centre, Hospitalet de Llobregat", "title": "Piso en Plaza Mare de D\u00e9u de Montserrat"}, "hasPlan": false, "has3DTour": false, "has360": false, "hasStaging": false, "topNewDevelopment": false}, {"propertyCode": "92034453", "thumbnail": "https://img3.idealista.com/blur/WEB_LISTING/0/id.pro.es.image.master/53/31/45/829173162.jpg", "externalReference": "G10_341521", "numPhotos": 18, "floor": "4", "price": 195000.0, "propertyType": "flat", "operation": "sale", "size": 82.0, "exterior": true, "rooms": 4, "bathrooms": 1, "address": "barrio Santa Eul\u00e0lia", "province": "Barcelona", "municipality": "Hospitalet de Llobregat", "district": "Santa Eul\u00e0lia", "country": "es", "neighborhood": "Santa Eul\u00e0lia", "latitude": 41.3604409, "longitude": 2.123794, "showAddress": false, "url": "https://www.idealista.com/inmueble/92034453/", "distance": "3025", "hasVideo": false, "status": "good", "newDevelopment": false, "hasLift": true, "priceByArea": 2378.0, "detailedType": {"typology": "flat"}, "suggestedTexts": {"subtitle": "Santa Eul\u00e0lia, Hospitalet de Llobregat", "title": "Piso"}, "hasPlan": false, "has3DTour": false, "has360": false, "hasStaging": false, "topNewDevelopment": false}, {"propertyCode": "92695011", "thumbnail": "https://img3.idealista.com/blur/WEB_LISTING/0/id.pro.es.image.master/51/6e/ef/845880224.jpg", "externalReference": "IgualGrego", "numPhotos": 19, "floor": "3", "price": 159000.0, "propertyType": "flat", "operation": "sale", "size": 65.0, "exterior": false, "rooms": 3, "bathrooms": 1, "address": "igualtat", "province": "Barcelona", "municipality": "Hospitalet de Llobregat", "district": "Santa Eul\u00e0lia", "country": "es", "neighborhood": "Santa Eul\u00e0lia", "latitude": 41.3597371, "longitude": 2.1252444, "showAddress": false, "url": "https://www.idealista.com/inmueble/92695011/", "distance": "3022", "hasVideo": true, "status": "good", "newDevelopment": false, "hasLift": true, "priceByArea": 2446.0, "detailedType": {"typology": "flat"}, "suggestedTexts": {"subtitle": "Santa Eul\u00e0lia, Hospitalet de Llobregat", "title": "Piso en igualtat"}, "hasPlan": false, "has3DTour": false, "has360": false, "hasStaging": false, "topNewDevelopment": false}, {"propertyCode": "91623879", "thumbnail": "https://img3.idealista.com/blur/WEB_LISTING/0/id.pro.es.image.master/68/71/49/819659947.jpg", "externalReference": "3451-02078", "numPhotos": 25, "floor": "bj", "price": 439000.0, "propertyType": "flat", "operation": "sale", "size": 110.0, "exterior": true, "rooms": 4, "bathrooms": 2, "address": "barrio Centre", "province": "Barcelona", "municipality": "Hospitalet de Llobregat", "district": "Centre", "country": "es", "neighborhood": "Centre", "latitude": 41.3575792, "longitude": 2.0957473, "showAddress": false, "url": "https://www.idealista.com/inmueble/91623879/", "distance": "2435", "hasVideo": false, "status": "good", "newDevelopment": false, "hasLift": true, "priceByArea": 3991.0, "detailedType": {"typology": "flat"}, "suggestedTexts": {"subtitle": "Centre, Hospitalet de Llobregat", "title": "Piso"}, "hasPlan": false, "has3DTour": true, "has360": false, "hasStaging": false, "topNewDevelopment": false}, {"propertyCode": "89020467", "thumbnail": "https://img3.idealista.com/blur/WEB_LISTING/0/id.pro.es.image.master/a2/47/b1/761190852.jpg", "externalReference": "247686", "numPhotos": 25, "floor": "1", "price": 289900.0, "propertyType": "flat", "operation": "sale", "size": 110.0, "exterior": true, "rooms": 3, "bathrooms": 2, "address": "Avenida de Josep Anselm Clav\u00e9, 53", "province": "Barcelona", "municipality": "El Prat de Llobregat", "district": "Centre", "country": "es", "latitude": 41.3326432, "longitude": 2.0969119, "showAddress": true, "url": "https://www.idealista.com/inmueble/89020467/", "distance": "862", "hasVideo": true, "status": "good", "newDevelopment": false, "hasLift": true, "priceByArea": 2635.0, "detailedType": {"typology": "flat"}, "suggestedTexts": {"subtitle": "Centre, El Prat de Llobregat", "title": "Piso en Avenida de Josep Anselm Clav\u00e9, 53"}, "hasPlan": true, "has3DTour": false, "has360": true, "hasStaging": false, "topNewDevelopment": false}, {"propertyCode": "88147652", "thumbnail": "https://img3.idealista.com/blur/WEB_LISTING/0/id.pro.es.image.master/e4/2b/cc/739825856.jpg", "externalReference": "157279", "numPhotos": 36, "floor": "1", "price": 420000.0, "propertyType": "flat", "operation": "sale", "size": 113.0, "exterior": true, "rooms": 3, "bathrooms": 2, "address": "Avenida d'\u00c1lvarez de Castro, 37", "province": "Barcelona", "municipality": "Hospitalet de Llobregat", "district": "Centre", "country": "es", "neighborhood": "Centre", "latitude": 41.3597894, "longitude": 2.0947637, "showAddress": true, "url": "https://www.idealista.com/inmueble/88147652/", "distance": "2694", "hasVideo": true, "status": "good", "newDevelopment": false, "hasLift": true, "parkingSpace": {"hasParkingSpace": true, "isParkingSpaceIncludedInPrice": true}, "priceByArea": 3717.0, "detailedType": {"typology": "flat"}, "suggestedTexts": {"subtitle": "Centre, Hospitalet de Llobregat", "title": "Piso en Avenida d'\u00c1lvarez de Castro, 37"}, "hasPlan": false, "has3DTour": false, "has360": true, "hasStaging": false, "topNewDevelopment": false}, {"propertyCode": "93178860", "thumbnail": "https://img3.idealista.com/blur/WEB_LISTING/0/id.pro.es.image.master/49/a3/ed/856281885.jpg", "externalReference": "1-284", "numPhotos": 35, "floor": "2", "price": 227000.0, "propertyType": "flat", "operation": "sale", "size": 95.0, "exterior": true, "rooms": 4, "bathrooms": 2, "address": "Rambla MARINA", "province": "Barcelona", "municipality": "Hospitalet de Llobregat", "district": "Centre", "country": "es", "neighborhood": "Centre", "latitude": 41.3601189, "longitude": 2.1004839, "showAddress": false, "url": "https://www.idealista.com/inmueble/93178860/", "distance": "2610", "hasVideo": false, "status": "renew", "newDevelopment": false, "hasLift": true, "priceByArea": 2389.0, "detailedType": {"typology": "flat"}, "suggestedTexts": {"subtitle": "Centre, Hospitalet de Llobregat", "title": "Piso en Rambla MARINA"}, "hasPlan": false, "has3DTour": false, "has360": false, "hasStaging": false, "topNewDevelopment": false}, {"propertyCode": "93082736", "thumbnail": "https://img3.idealista.com/blur/WEB_LISTING/0/id.pro.es.image.master/08/32/e0/854046312.jpg", "externalReference": "24E189D0-1", "numPhotos": 25, "floor": "5", "price": 115000.0, "propertyType": "flat", "operation": "sale", "size": 55.0, "exterior": true, "rooms": 2, "bathrooms": 1, "address": "Calle del General Prim", "province": "Barcelona", "municipality": "Hospitalet de Llobregat", "district": "Santa Eul\u00e0lia", "country": "es", "neighborhood": "Santa Eul\u00e0lia", "latitude": 41.3619726, "longitude": 2.1253162, "showAddress": false, "url": "https://www.idealista.com/inmueble/93082736/", "distance": "3236", "hasVideo": false, "status": "good", "newDevelopment": false, "hasLift": false, "priceByArea": 2091.0, "detailedType": {"typology": "flat"}, "suggestedTexts": {"subtitle": "Santa Eul\u00e0lia, Hospitalet de Llobregat", "title": "Piso en Calle del General Prim"}, "hasPlan": true, "has3DTour": true, "has360": false, "hasStaging": false, "topNewDevelopment": false}, {"propertyCode": "90876364", "thumbnail": "https://img3.idealista.com/blur/WEB_LISTING/0/id.pro.es.image.master/f4/5e/f4/800700015.jpg", "externalReference": "113545", "numPhotos": 29, "floor": "14", "price": 240000.0, "propertyType": "flat", "operation": "sale", "size": 88.0, "exterior": true, "rooms": 4, "bathrooms": 2, "address": "Calle dels Joncs", "province": "Barcelona", "municipality": "Hospitalet de Llobregat", "district": "Bellvitge", "country": "es", "neighborhood": "Bellvitge", "latitude": 41.3598555, "longitude": 2.1205594, "showAddress": false, "url": "https://www.idealista.com/inmueble/90876364/", "distance": "2840", "hasVideo": false, "status": "good", "newDevelopment": false, "hasLift": true, "priceByArea": 2727.0, "detailedType": {"typology": "flat"}, "suggestedTexts": {"subtitle": "Bellvitge, Hospitalet de Llobregat", "title": "Piso en Calle dels Joncs"}, "hasPlan": true, "has3DTour": false, "has360": false, "hasStaging": false, "topNewDevelopment": false}, {"propertyCode": "91143518", "thumbnail": "https://img3.idealista.com/blur/WEB_LISTING/0/id.pro.es.image.master/6c/46/08/807755323.jpg", "externalReference": "CVFP0339", "numPhotos": 21, "floor": "4", "price": 214000.0, "propertyType": "penthouse", "operation": "sale", "size": 88.0, "exterior": true, "rooms": 4, "bathrooms": 1, "address": "Bonestar", "province": "Barcelona", "municipality": "Cornell\u00e0 de Llobregat", "district": "La Gavarra", "country": "es", "latitude": 41.3578779, "longitude": 2.0785844, "showAddress": false, "url": "https://www.idealista.com/inmueble/91143518/", "distance": "3236", "hasVideo": true, "status": "good", "newDevelopment": false, "hasLift": true, "parkingSpace": {"hasParkingSpace": true, "isParkingSpaceIncludedInPrice": false, "parkingSpacePrice": 20000.0}, "priceByArea": 2432.0, "detailedType": {"typology": "flat", "subTypology": "penthouse"}, "suggestedTexts": {"subtitle": "La Gavarra, Cornell\u00e0 de Llobregat", "title": "\u00c1tico en Bonestar"}, "hasPlan": true, "has3DTour": false, "has360": false, "hasStaging": false, "topNewDevelopment": false}, {"propertyCode": "93190579", "thumbnail": "https://img3.idealista.com/blur/WEB_LISTING/0/id.pro.es.image.master/db/aa/03/856600538.jpg", "externalReference": "DA CAST", "numPhotos": 20, "floor": "bj", "price": 210000.0, "propertyType": "flat", "operation": "sale", "size": 65.0, "exterior": true, "rooms": 3, "bathrooms": 1, "address": "palamos", "province": "Barcelona", "municipality": "El Prat de Llobregat", "district": "Eixample", "country": "es", "latitude": 41.3231727, "longitude": 2.0979198, "showAddress": false, "url": "https://www.idealista.com/inmueble/93190579/", "distance": "1657", "hasVideo": true, "status": "good", "newDevelopment": false, "hasLift": true, "priceByArea": 3231.0, "detailedType": {"typology": "flat"}, "suggestedTexts": {"subtitle": "Eixample, El Prat de Llobregat", "title": "Piso en palamos"}, "hasPlan": true, "has3DTour": false, "has360": false, "hasStaging": false, "topNewDevelopment": false}, {"propertyCode": "92788790", "thumbnail": "https://img3.idealista.com/blur/WEB_LISTING/0/id.pro.es.image.master/20/50/da/848176923.jpg", "externalReference": "11-205", "numPhotos": 27, "floor": "4", "price": 171000.0, "propertyType": "flat", "operation": "sale", "size": 78.0, "exterior": true, "rooms": 3, "bathrooms": 1, "address": "Avenida Can Serra", "province": "Barcelona", "municipality": "Hospitalet de Llobregat", "district": "Can Serra - Pubilla Cases", "country": "es", "neighborhood": "Can Serra", "latitude": 41.3656093, "longitude": 2.1015058, "showAddress": false, "url": "https://www.idealista.com/inmueble/92788790/", "distance": "3204", "hasVideo": false, "status": "good", "newDevelopment": false, "hasLift": true, "priceByArea": 2192.0, "detailedType": {"typology": "flat"}, "suggestedTexts": {"subtitle": "Can Serra, Hospitalet de Llobregat", "title": "Piso en Avenida Can Serra"}, "hasPlan": false, "has3DTour": false, "has360": false, "hasStaging": false, "topNewDevelopment": false}, {"propertyCode": "92247297", "thumbnail": "https://img3.idealista.com/blur/WEB_LISTING/0/id.pro.es.image.master/0d/d7/1f/834693067.jpg", "externalReference": "HOSPITALET CENTRO", "numPhotos": 33, "floor": "2", "price": 242000.0, "propertyType": "flat", "operation": "sale", "size": 95.0, "exterior": true, "rooms": 4, "bathrooms": 1, "address": "Pau Casals s/n", "province": "Barcelona", "municipality": "Hospitalet de Llobregat", "district": "Centre", "country": "es", "neighborhood": "Centre", "latitude": 41.359773, "longitude": 2.1041944, "showAddress": true, "url": "https://www.idealista.com/inmueble/92247297/", "distance": "2540", "hasVideo": true, "status": "good", "newDevelopment": false, "hasLift": true, "priceByArea": 2547.0, "detailedType": {"typology": "flat"}, "suggestedTexts": {"subtitle": "Centre, Hospitalet de Llobregat", "title": "Piso en Pau Casals s/n"}, "hasPlan": true, "has3DTour": false, "has360": false, "hasStaging": false, "topNewDevelopment": false}, {"propertyCode": "92995564", "thumbnail": "https://img3.idealista.com/blur/WEB_LISTING/0/id.pro.es.image.master/44/e1/ef/852695462.jpg", "externalReference": "SANJ269", "numPhotos": 23, "floor": "5", "price": 269000.0, "propertyType": "flat", "operation": "sale", "size": 90.0, "exterior": true, "rooms": 2, "bathrooms": 1, "address": "canigo s/n", "province": "Barcelona", "municipality": "Hospitalet de Llobregat", "district": "Centre", "country": "es", "neighborhood": "Sant Josep", "latitude": 41.3652948, "longitude": 2.1137862, "showAddress": true, "url": "https://www.idealista.com/inmueble/92995564/", "distance": "3227", "hasVideo": true, "status": "good", "newDevelopment": false, "hasLift": true, "priceByArea": 2989.0, "detailedType": {"typology": "flat"}, "suggestedTexts": {"subtitle": "Sant Josep, Hospitalet de Llobregat", "title": "Piso en canigo s/n"}, "hasPlan": true, "has3DTour": false, "has360": false, "hasStaging": false, "topNewDevelopment": false}, {"propertyCode": "92995400", "thumbnail": "https://img3.idealista.com/blur/WEB_LISTING/0/id.pro.es.image.master/bb/8a/8e/852683351.jpg", "externalReference": "PRAT210", "numPhotos": 25, "floor": "bj", "price": 210000.0, "propertyType": "flat", "operation": "sale", "size": 65.0, "exterior": true, "rooms": 3, "bathrooms": 1, "address": "eixample s/n", "province": "Barcelona", "municipality": "El Prat de Llobregat", "district": "Eixample", "country": "es", "latitude": 41.3224037, "longitude": 2.0995842, "showAddress": true, "url": "https://www.idealista.com/inmueble/92995400/", "distance": "1690", "hasVideo": true, "status": "good", "newDevelopment": false, "hasLift": true, "priceByArea": 3231.0, "detailedType": {"typology": "flat"}, "suggestedTexts": {"subtitle": "Eixample, El Prat de Llobregat", "title": "Piso en eixample s/n"}, "hasPlan": true, "has3DTour": false, "has360": false, "hasStaging": false, "topNewDevelopment": false}, {"propertyCode": "92866884", "thumbnail": "https://img3.idealista.com/blur/WEB_LISTING/0/id.pro.es.image.master/70/29/ea/849862293.jpg", "externalReference": "2\u00ba 4\u00aa", "numPhotos": 17, "floor": "2", "price": 299000.0, "propertyType": "flat", "operation": "sale", "size": 75.0, "exterior": true, "rooms": 3, "bathrooms": 2, "address": "Avenida Carrilet , 216", "province": "Barcelona", "municipality": "Hospitalet de Llobregat", "district": "Centre", "country": "es", "neighborhood": "Sant Josep", "latitude": 41.3611163, "longitude": 2.1108313, "showAddress": true, "url": "https://www.idealista.com/obra-nueva/92866884/", "distance": "2724", "hasVideo": true, "status": "newdevelopment", "newDevelopment": true, "hasLift": true, "newDevelopmentFinished": false, "priceByArea": 3987.0, "detailedType": {"typology": "flat"}, "suggestedTexts": {"subtitle": "Sant Josep, Hospitalet de Llobregat", "title": "Piso en Avenida Carrilet , 216"}, "hasPlan": true, "has3DTour": false, "has360": false, "hasStaging": false, "topNewDevelopment": false}, {"propertyCode": "92866917", "thumbnail": "https://img3.idealista.com/blur/WEB_LISTING/0/id.pro.es.image.master/62/22/b5/849862292.jpg", "externalReference": "3\u00ba 3\u00aa", "numPhotos": 16, "floor": "3", "price": 306000.0, "propertyType": "flat", "operation": "sale", "size": 75.0, "exterior": true, "rooms": 3, "bathrooms": 2, "address": "Avenida Carrilet , 216", "province": "Barcelona", "municipality": "Hospitalet de Llobregat", "district": "Centre", "country": "es", "neighborhood": "Sant Josep", "latitude": 41.3611163, "longitude": 2.1108313, "showAddress": true, "url": "https://www.idealista.com/obra-nueva/92866917/", "distance": "2724", "hasVideo": true, "status": "newdevelopment", "newDevelopment": true, "hasLift": true, "newDevelopmentFinished": false, "priceByArea": 4080.0, "detailedType": {"typology": "flat"}, "suggestedTexts": {"subtitle": "Sant Josep, Hospitalet de Llobregat", "title": "Piso en Avenida Carrilet , 216"}, "hasPlan": true, "has3DTour": false, "has360": false, "hasStaging": false, "topNewDevelopment": false}, {"propertyCode": "92866104", "thumbnail": "https://img3.idealista.com/blur/WEB_LISTING/0/id.pro.es.image.master/62/22/b5/849862292.jpg", "externalReference": "1\u00ba 2\u00aa", "numPhotos": 17, "floor": "1", "price": 255000.0, "propertyType": "flat", "operation": "sale", "size": 63.0, "exterior": true, "rooms": 2, "bathrooms": 2, "address": "Avenida Carrilet , 216", "province": "Barcelona", "municipality": "Hospitalet de Llobregat", "district": "Centre", "country": "es", "neighborhood": "Sant Josep", "latitude": 41.3611163, "longitude": 2.1108313, "showAddress": true, "url": "https://www.idealista.com/obra-nueva/92866104/", "distance": "2724", "hasVideo": false, "status": "newdevelopment", "newDevelopment": true, "hasLift": true, "newDevelopmentFinished": false, "priceByArea": 4048.0, "detailedType": {"typology": "flat"}, "suggestedTexts": {"subtitle": "Sant Josep, Hospitalet de Llobregat", "title": "Piso en Avenida Carrilet , 216"}, "hasPlan": true, "has3DTour": false, "has360": false, "hasStaging": false, "topNewDevelopment": false}, {"propertyCode": "92760377", "thumbnail": "https://img3.idealista.com/blur/WEB_LISTING/0/id.pro.es.image.master/7b/d6/60/847488602.jpg", "externalReference": "3891", "numPhotos": 20, "price": 255000.0, "propertyType": "flat", "operation": "sale", "size": 97.0, "exterior": true, "rooms": 2, "bathrooms": 2, "address": "Calle girona, 118", "province": "Barcelona", "municipality": "El Prat de Llobregat", "district": "Eixample", "country": "es", "latitude": 41.3235747, "longitude": 2.1010447, "showAddress": true, "url": "https://www.idealista.com/obra-nueva/92760377/", "distance": "1532", "hasVideo": false, "status": "newdevelopment", "newDevelopment": true, "hasLift": true, "newDevelopmentFinished": false, "priceByArea": 2629.0, "detailedType": {"typology": "flat"}, "suggestedTexts": {"subtitle": "Eixample, El Prat de Llobregat", "title": "Piso en Calle girona, 118"}, "hasPlan": true, "has3DTour": false, "has360": false, "hasStaging": false, "topNewDevelopment": false}, {"propertyCode": "92760398", "thumbnail": "https://img3.idealista.com/blur/WEB_LISTING/0/id.pro.es.image.master/a1/e5/37/847488623.jpg", "externalReference": "3893", "numPhotos": 20, "price": 170000.0, "propertyType": "flat", "operation": "sale", "size": 67.0, "exterior": true, "rooms": 1, "bathrooms": 1, "address": "Calle girona, 118", "province": "Barcelona", "municipality": "El Prat de Llobregat", "district": "Eixample", "country": "es", "latitude": 41.3235747, "longitude": 2.1010447, "showAddress": true, "url": "https://www.idealista.com/obra-nueva/92760398/", "distance": "1532", "hasVideo": false, "status": "newdevelopment", "newDevelopment": true, "hasLift": true, "newDevelopmentFinished": false, "priceByArea": 2537.0, "detailedType": {"typology": "flat"}, "suggestedTexts": {"subtitle": "Eixample, El Prat de Llobregat", "title": "Piso en Calle girona, 118"}, "hasPlan": true, "has3DTour": false, "has360": false, "hasStaging": false, "topNewDevelopment": false}, {"propertyCode": "92760361", "thumbnail": "https://img3.idealista.com/blur/WEB_LISTING/0/id.pro.es.image.master/20/8a/cc/847488621.jpg", "externalReference": "3899", "numPhotos": 20, "price": 370000.0, "propertyType": "duplex", "operation": "sale", "size": 137.0, "exterior": true, "rooms": 2, "bathrooms": 2, "address": "Calle girona, 118", "province": "Barcelona", "municipality": "El Prat de Llobregat", "district": "Eixample", "country": "es", "latitude": 41.3235747, "longitude": 2.1010447, "showAddress": true, "url": "https://www.idealista.com/obra-nueva/92760361/", "distance": "1532", "hasVideo": false, "status": "newdevelopment", "newDevelopment": true, "hasLift": true, "newDevelopmentFinished": false, "priceByArea": 2701.0, "detailedType": {"typology": "flat", "subTypology": "duplex"}, "suggestedTexts": {"subtitle": "Eixample, El Prat de Llobregat", "title": "D\u00faplex en Calle girona, 118"}, "hasPlan": true, "has3DTour": false, "has360": false, "hasStaging": false, "topNewDevelopment": false}, {"propertyCode": "92756570", "thumbnail": "https://img3.idealista.com/blur/WEB_LISTING/0/id.pro.es.image.master/df/e9/df/847392348.jpg", "externalReference": "HOSPITALET CENTRO PROV", "numPhotos": 25, "floor": "4", "price": 167000.0, "propertyType": "flat", "operation": "sale", "size": 108.0, "exterior": true, "rooms": 4, "bathrooms": 1, "address": "Proven\u00e7a s/n", "province": "Barcelona", "municipality": "Hospitalet de Llobregat", "district": "Centre", "country": "es", "neighborhood": "Centre", "latitude": 41.3579208, "longitude": 2.0993527, "showAddress": true, "url": "https://www.idealista.com/inmueble/92756570/", "distance": "2388", "hasVideo": true, "status": "renew", "newDevelopment": false, "hasLift": false, "priceByArea": 1546.0, "detailedType": {"typology": "flat"}, "suggestedTexts": {"subtitle": "Centre, Hospitalet de Llobregat", "title": "Piso en Proven\u00e7a s/n"}, "hasPlan": true, "has3DTour": false, "has360": false, "hasStaging": false, "topNewDevelopment": false}, {"propertyCode": "93170580", "thumbnail": "https://img3.idealista.com/blur/WEB_LISTING/0/id.pro.es.image.master/a8/89/ee/856071759.jpg", "externalReference": "00292", "numPhotos": 34, "floor": "2", "price": 226000.0, "propertyType": "flat", "operation": "sale", "size": 95.0, "exterior": true, "rooms": 3, "bathrooms": 1, "address": "Avenida Pau Casals", "province": "Barcelona", "municipality": "Hospitalet de Llobregat", "district": "Centre", "country": "es", "neighborhood": "Centre", "latitude": 41.3615204, "longitude": 2.1061162, "showAddress": false, "url": "https://www.idealista.com/inmueble/93170580/", "distance": "2733", "hasVideo": false, "status": "good", "newDevelopment": false, "hasLift": true, "priceByArea": 2379.0, "detailedType": {"typology": "flat"}, "suggestedTexts": {"subtitle": "Centre, Hospitalet de Llobregat", "title": "Piso en Avenida Pau Casals"}, "hasPlan": false, "has3DTour": false, "has360": false, "hasStaging": false, "topNewDevelopment": false}, {"propertyCode": "91379390", "thumbnail": "https://img3.idealista.com/blur/WEB_LISTING/0/id.pro.es.image.master/8f/f1/6c/813192480.jpg", "externalReference": "SANT JOSEP", "numPhotos": 21, "floor": "4", "price": 230000.0, "propertyType": "flat", "operation": "sale", "size": 73.0, "exterior": true, "rooms": 4, "bathrooms": 1, "address": "rodes s/n", "province": "Barcelona", "municipality": "Hospitalet de Llobregat", "district": "Centre", "country": "es", "neighborhood": "Sant Josep", "latitude": 41.3619074, "longitude": 2.107706, "showAddress": true, "url": "https://www.idealista.com/inmueble/91379390/", "distance": "2781", "hasVideo": true, "status": "good", "newDevelopment": false, "hasLift": true, "priceByArea": 3151.0, "detailedType": {"typology": "flat"}, "suggestedTexts": {"subtitle": "Sant Josep, Hospitalet de Llobregat", "title": "Piso en rodes s/n"}, "hasPlan": true, "has3DTour": false, "has360": false, "hasStaging": false, "topNewDevelopment": false}, {"propertyCode": "91379117", "thumbnail": "https://img3.idealista.com/blur/WEB_LISTING/0/id.pro.es.image.master/b9/d9/e7/813187562.jpg", "externalReference": "SANT JOSEP", "numPhotos": 23, "floor": "5", "price": 225000.0, "propertyType": "flat", "operation": "sale", "size": 70.0, "exterior": true, "rooms": 3, "bathrooms": 1, "address": "RODES s/n", "province": "Barcelona", "municipality": "Hospitalet de Llobregat", "district": "Centre", "country": "es", "neighborhood": "Sant Josep", "latitude": 41.3619074, "longitude": 2.107706, "showAddress": true, "url": "https://www.idealista.com/inmueble/91379117/", "distance": "2781", "hasVideo": true, "status": "good", "newDevelopment": false, "hasLift": true, "priceByArea": 3214.0, "detailedType": {"typology": "flat"}, "suggestedTexts": {"subtitle": "Sant Josep, Hospitalet de Llobregat", "title": "Piso en RODES s/n"}, "hasPlan": true, "has3DTour": false, "has360": false, "hasStaging": false, "topNewDevelopment": false}, {"propertyCode": "91250774", "thumbnail": "https://img3.idealista.com/blur/WEB_LISTING/0/id.pro.es.image.master/e6/e3/35/810225045.jpg", "externalReference": "SANT JOSEP", "numPhotos": 29, "floor": "en", "price": 184000.0, "propertyType": "flat", "operation": "sale", "size": 65.0, "exterior": true, "rooms": 3, "bathrooms": 1, "address": "ALMADEN s/n", "province": "Barcelona", "municipality": "Hospitalet de Llobregat", "district": "Centre", "country": "es", "neighborhood": "Sant Josep", "latitude": 41.3644461, "longitude": 2.1055984, "showAddress": true, "url": "https://www.idealista.com/inmueble/91250774/", "distance": "3058", "hasVideo": true, "status": "good", "newDevelopment": false, "hasLift": true, "priceByArea": 2831.0, "detailedType": {"typology": "flat"}, "suggestedTexts": {"subtitle": "Sant Josep, Hospitalet de Llobregat", "title": "Piso en ALMADEN s/n"}, "hasPlan": true, "has3DTour": false, "has360": false, "hasStaging": false, "topNewDevelopment": false}, {"propertyCode": "92962027", "thumbnail": "https://img3.idealista.com/blur/WEB_LISTING/0/id.pro.es.image.master/5a/0a/a2/753710552.jpg", "externalReference": "A41", "numPhotos": 13, "price": 328000.0, "propertyType": "flat", "operation": "sale", "size": 102.0, "exterior": true, "rooms": 3, "bathrooms": 2, "address": "Avenida Josep Tarradellas i Joan, 99", "province": "Barcelona", "municipality": "Hospitalet de Llobregat", "district": "Centre", "country": "es", "neighborhood": "Sant Josep", "latitude": 41.3642835, "longitude": 2.1094186, "showAddress": true, "url": "https://www.idealista.com/obra-nueva/92962027/", "distance": "3057", "hasVideo": false, "status": "newdevelopment", "newDevelopment": true, "hasLift": true, "parkingSpace": {"hasParkingSpace": true, "isParkingSpaceIncludedInPrice": true}, "newDevelopmentFinished": false, "priceByArea": 3216.0, "detailedType": {"typology": "flat"}, "suggestedTexts": {"subtitle": "Sant Josep, Hospitalet de Llobregat", "title": "Piso en Avenida Josep Tarradellas i Joan, 99"}, "hasPlan": true, "has3DTour": false, "has360": false, "hasStaging": false, "topNewDevelopment": false}, {"propertyCode": "92961993", "thumbnail": "https://img3.idealista.com/blur/WEB_LISTING/0/id.pro.es.image.master/9c/b4/bf/753710513.jpg", "externalReference": "B41", "numPhotos": 13, "price": 309000.0, "propertyType": "flat", "operation": "sale", "size": 102.0, "exterior": true, "rooms": 3, "bathrooms": 2, "address": "Avenida Josep Tarradellas i Joan, 99", "province": "Barcelona", "municipality": "Hospitalet de Llobregat", "district": "Centre", "country": "es", "neighborhood": "Sant Josep", "latitude": 41.3642835, "longitude": 2.1094186, "showAddress": true, "url": "https://www.idealista.com/obra-nueva/92961993/", "distance": "3057", "hasVideo": false, "status": "newdevelopment", "newDevelopment": true, "hasLift": true, "newDevelopmentFinished": false, "priceByArea": 3029.0, "detailedType": {"typology": "flat"}, "suggestedTexts": {"subtitle": "Sant Josep, Hospitalet de Llobregat", "title": "Piso en Avenida Josep Tarradellas i Joan, 99"}, "hasPlan": true, "has3DTour": false, "has360": false, "hasStaging": false, "topNewDevelopment": false}, {"propertyCode": "92905289", "thumbnail": "https://img3.idealista.com/blur/WEB_LISTING/0/id.pro.es.image.master/87/a8/52/850728128.jpg", "externalReference": "12A", "numPhotos": 26, "floor": "1", "price": 150000.0, "propertyType": "flat", "operation": "sale", "size": 70.0, "exterior": false, "rooms": 3, "bathrooms": 1, "address": "sant jeroni", "province": "Barcelona", "municipality": "Cornell\u00e0 de Llobregat", "district": "Riera", "country": "es", "latitude": 41.3519491, "longitude": 2.0755154, "showAddress": false, "url": "https://www.idealista.com/inmueble/92905289/", "distance": "3009", "hasVideo": true, "status": "good", "newDevelopment": false, "hasLift": false, "priceByArea": 2143.0, "detailedType": {"typology": "flat"}, "suggestedTexts": {"subtitle": "Riera, Cornell\u00e0 de Llobregat", "title": "Piso en sant jeroni"}, "hasPlan": false, "has3DTour": false, "has360": false, "hasStaging": false, "topNewDevelopment": false}]